feature,rank_perm,rank_shap,consenso_score,iteration
0_Absolute energy,10.75,7.25,18.0,1
0_Autocorrelation,10.5,9.5,20.0,1
0_ECDF Percentile_0,15.25,12.0,27.25,1
0_ECDF Percentile_1,19.75,25.75,45.5,1
0_Entropy,16.25,17.75,34.0,1
0_Fundamental frequency,27.25,15.5,42.75,1
0_Histogram mode,23.0,20.25,43.25,1
0_Interquartile range,11.5,12.0,23.5,1
0_LPCC_0,12.5,14.25,26.75,1
0_LPCC_1,28.75,29.5,58.25,1
0_LPCC_5,34.5,34.75,69.25,1
0_LPCC_6,29.5,32.0,61.5,1
0_MFCC_0,17.0,20.75,37.75,1
0_MFCC_10,26.5,20.75,47.25,1
0_MFCC_11,11.0,10.75,21.75,1
0_MFCC_4,23.0,22.25,45.25,1
0_MFCC_5,15.5,17.25,32.75,1
0_MFCC_8,24.75,18.75,43.5,1
0_MFCC_9,16.75,17.0,33.75,1
0_Max,13.5,17.5,31.0,1
0_Maximum frequency,29.75,22.25,52.0,1
0_Mean,24.5,26.5,51.0,1
0_Mean diff,11.25,16.5,27.75,1
0_Median,16.5,20.5,37.0,1
0_Median absolute diff,40.0,38.25,78.25,1
0_Median diff,28.25,36.0,64.25,1
0_Median frequency,30.5,25.0,55.5,1
0_Negative turning points,39.25,33.25,72.5,1
0_Neighbourhood peaks,35.5,37.25,72.75,1
0_Peak to peak distance,1.0,4.25,5.25,1
0_Power bandwidth,29.75,30.0,59.75,1
0_Slope,10.75,19.75,30.5,1
0_Spectral decrease,15.75,16.75,32.5,1
0_Spectral entropy,6.75,9.75,16.5,1
0_Spectral positive turning points,32.25,30.25,62.5,1
0_Spectral roll-on,31.75,31.75,63.5,1
0_Spectral variation,7.0,10.0,17.0,1
0_Wavelet absolute mean_125000000.0Hz,20.5,21.5,42.0,1
0_Wavelet absolute mean_27777777.78Hz,13.75,21.25,35.0,1
0_Wavelet energy_125000000.0Hz,23.25,19.75,43.0,1
0_Wavelet entropy,31.5,25.0,56.5,1
0_Zero crossing rate,36.0,32.0,68.0,1
0_Absolute energy,13.0,8.5,21.5,2
0_Autocorrelation,10.75,10.0,20.75,2
0_ECDF Percentile_0,14.5,14.875,29.375,2
0_ECDF Percentile_1,20.5,24.25,44.75,2
0_Entropy,17.125,18.625,35.75,2
0_Fundamental frequency,28.125,17.625,45.75,2
0_Histogram mode,24.25,19.375,43.625,2
0_Interquartile range,11.25,10.625,21.875,2
0_LPCC_0,12.75,15.25,28.0,2
0_LPCC_1,29.625,30.375,60.0,2
0_LPCC_5,33.375,32.5,65.875,2
0_LPCC_6,29.125,30.625,59.75,2
0_MFCC_0,17.625,20.0,37.625,2
0_MFCC_10,24.125,20.375,44.5,2
0_MFCC_11,11.0,10.375,21.375,2
0_MFCC_4,21.625,23.625,45.25,2
0_MFCC_5,17.625,17.125,34.75,2
0_MFCC_8,22.875,19.375,42.25,2
0_MFCC_9,20.375,16.75,37.125,2
0_Max,13.625,17.5,31.125,2
0_Maximum frequency,29.375,19.625,49.0,2
0_Mean,23.25,26.125,49.375,2
0_Mean diff,12.25,16.625,28.875,2
0_Median,20.125,21.375,41.5,2
0_Median absolute diff,34.875,36.5,71.375,2
0_Median diff,32.875,37.75,70.625,2
0_Median frequency,30.0,25.125,55.125,2
0_Negative turning points,38.5,33.25,71.75,2
0_Neighbourhood peaks,37.375,37.0,74.375,2
0_Peak to peak distance,1.125,4.375,5.5,2
0_Power bandwidth,30.75,30.25,61.0,2
0_Slope,11.75,19.875,31.625,2
0_Spectral decrease,18.25,18.625,36.875,2
0_Spectral entropy,6.125,9.5,15.625,2
0_Spectral positive turning points,31.5,29.375,60.875,2
0_Spectral roll-on,32.25,31.5,63.75,2
0_Spectral variation,7.5,9.875,17.375,2
0_Wavelet absolute mean_125000000.0Hz,19.875,22.25,42.125,2
0_Wavelet absolute mean_27777777.78Hz,15.125,20.875,36.0,2
0_Wavelet energy_125000000.0Hz,18.25,18.5,36.75,2
0_Wavelet entropy,25.75,24.0,49.75,2
0_Zero crossing rate,32.875,32.875,65.75,2
0_Absolute energy,14.083333333333334,8.166666666666666,22.25,3
0_Autocorrelation,10.333333333333334,9.916666666666666,20.25,3
0_ECDF Percentile_0,15.5,14.416666666666666,29.916666666666664,3
0_ECDF Percentile_1,20.916666666666668,24.833333333333332,45.75,3
0_Entropy,17.916666666666668,18.5,36.41666666666667,3
0_Fundamental frequency,27.083333333333332,17.0,44.08333333333333,3
0_Histogram mode,23.083333333333332,19.25,42.33333333333333,3
0_Interquartile range,10.583333333333334,10.583333333333334,21.166666666666668,3
0_LPCC_0,12.0,15.083333333333334,27.083333333333336,3
0_LPCC_1,30.083333333333332,29.75,59.83333333333333,3
0_LPCC_5,31.5,32.583333333333336,64.08333333333334,3
0_LPCC_6,29.75,31.75,61.5,3
0_MFCC_0,18.75,19.0,37.75,3
0_MFCC_10,25.916666666666668,19.916666666666668,45.833333333333336,3
0_MFCC_11,11.833333333333334,10.583333333333334,22.416666666666668,3
0_MFCC_4,21.583333333333332,23.5,45.08333333333333,3
0_MFCC_5,20.666666666666668,16.583333333333332,37.25,3
0_MFCC_8,21.333333333333332,19.25,40.58333333333333,3
0_MFCC_9,18.583333333333332,17.916666666666668,36.5,3
0_Max,14.416666666666666,17.666666666666668,32.083333333333336,3
0_Maximum frequency,28.333333333333332,19.833333333333332,48.166666666666664,3
0_Mean,23.916666666666668,25.583333333333332,49.5,3
0_Mean diff,12.916666666666666,17.416666666666668,30.333333333333336,3
0_Median,18.666666666666668,21.416666666666668,40.083333333333336,3
0_Median absolute diff,32.083333333333336,36.25,68.33333333333334,3
0_Median diff,33.75,38.166666666666664,71.91666666666666,3
0_Median frequency,29.416666666666668,24.333333333333332,53.75,3
0_Negative turning points,37.0,34.083333333333336,71.08333333333334,3
0_Neighbourhood peaks,35.833333333333336,36.583333333333336,72.41666666666667,3
0_Peak to peak distance,1.5,4.666666666666667,6.166666666666667,3
0_Power bandwidth,31.166666666666668,30.25,61.41666666666667,3
0_Slope,11.25,20.416666666666668,31.666666666666668,3
0_Spectral decrease,17.5,18.583333333333332,36.08333333333333,3
0_Spectral entropy,6.166666666666667,9.333333333333334,15.5,3
0_Spectral positive turning points,33.583333333333336,30.0,63.583333333333336,3
0_Spectral roll-on,31.25,30.166666666666668,61.41666666666667,3
0_Spectral variation,7.916666666666667,10.25,18.166666666666668,3
0_Wavelet absolute mean_125000000.0Hz,20.083333333333332,20.75,40.83333333333333,3
0_Wavelet absolute mean_27777777.78Hz,15.916666666666666,20.916666666666668,36.833333333333336,3
0_Wavelet energy_125000000.0Hz,20.666666666666668,20.833333333333332,41.5,3
0_Wavelet entropy,26.166666666666668,23.916666666666668,50.083333333333336,3
0_Zero crossing rate,32.0,33.0,65.0,3
0_Absolute energy,14.1875,8.75,22.9375,4
0_Autocorrelation,10.25,9.625,19.875,4
0_ECDF Percentile_0,15.5,13.9375,29.4375,4
0_ECDF Percentile_1,20.9375,24.9375,45.875,4
0_Entropy,17.5625,18.3125,35.875,4
0_Fundamental frequency,27.0625,16.75,43.8125,4
0_Histogram mode,22.875,19.1875,42.0625,4
0_Interquartile range,10.5625,10.6875,21.25,4
0_LPCC_0,13.875,15.375,29.25,4
0_LPCC_1,29.125,30.0,59.125,4
0_LPCC_5,32.1875,32.5625,64.75,4
0_LPCC_6,30.6875,31.5,62.1875,4
0_MFCC_0,18.3125,19.1875,37.5,4
0_MFCC_10,25.5625,19.5625,45.125,4
0_MFCC_11,11.5,10.6875,22.1875,4
0_MFCC_4,23.3125,23.4375,46.75,4
0_MFCC_5,19.375,16.75,36.125,4
0_MFCC_8,20.1875,19.6875,39.875,4
0_MFCC_9,17.9375,18.25,36.1875,4
0_Max,14.1875,18.3125,32.5,4
0_Maximum frequency,28.875,21.1875,50.0625,4
0_Mean,23.9375,25.625,49.5625,4
0_Mean diff,12.6875,16.9375,29.625,4
0_Median,18.0625,21.1875,39.25,4
0_Median absolute diff,32.375,36.75,69.125,4
0_Median diff,32.3125,37.75,70.0625,4
0_Median frequency,29.4375,23.25,52.6875,4
0_Negative turning points,37.25,33.8125,71.0625,4
0_Neighbourhood peaks,35.3125,36.625,71.9375,4
0_Peak to peak distance,1.4375,4.625,6.0625,4
0_Power bandwidth,30.875,30.4375,61.3125,4
0_Slope,12.9375,19.6875,32.625,4
0_Spectral decrease,17.5625,18.5625,36.125,4
0_Spectral entropy,6.0,9.0,15.0,4
0_Spectral positive turning points,33.3125,29.4375,62.75,4
0_Spectral roll-on,30.875,30.375,61.25,4
0_Spectral variation,8.75,10.6875,19.4375,4
0_Wavelet absolute mean_125000000.0Hz,20.8125,20.5,41.3125,4
0_Wavelet absolute mean_27777777.78Hz,16.125,21.375,37.5,4
0_Wavelet energy_125000000.0Hz,19.0625,20.6875,39.75,4
0_Wavelet entropy,27.625,23.625,51.25,4
0_Zero crossing rate,32.1875,33.375,65.5625,4
0_Absolute energy,13.7,8.7,22.4,5
0_Autocorrelation,10.15,9.75,19.9,5
0_ECDF Percentile_0,15.35,14.15,29.5,5
0_ECDF Percentile_1,21.05,24.6,45.650000000000006,5
0_Entropy,17.15,18.2,35.349999999999994,5
0_Fundamental frequency,26.35,16.35,42.7,5
0_Histogram mode,22.6,19.3,41.900000000000006,5
0_Interquartile range,10.95,11.1,22.049999999999997,5
0_LPCC_0,13.35,15.3,28.65,5
0_LPCC_1,29.9,30.45,60.349999999999994,5
0_LPCC_5,32.15,31.8,63.95,5
0_LPCC_6,30.45,31.25,61.7,5
0_MFCC_0,19.05,19.9,38.95,5
0_MFCC_10,25.2,19.45,44.65,5
0_MFCC_11,11.4,10.8,22.200000000000003,5
0_MFCC_4,22.85,23.4,46.25,5
0_MFCC_5,18.5,16.95,35.45,5
0_MFCC_8,20.55,19.55,40.1,5
0_MFCC_9,18.6,18.2,36.8,5
0_Max,14.1,18.5,32.6,5
0_Maximum frequency,29.15,20.85,50.0,5
0_Mean,23.25,25.45,48.7,5
0_Mean diff,12.7,16.85,29.55,5
0_Median,17.95,21.05,39.0,5
0_Median absolute diff,32.9,36.95,69.85,5
0_Median diff,33.55,38.15,71.69999999999999,5
0_Median frequency,29.15,23.1,52.25,5
0_Negative turning points,37.2,33.8,71.0,5
0_Neighbourhood peaks,35.15,36.45,71.6,5
0_Peak to peak distance,1.45,4.7,6.15,5
0_Power bandwidth,31.05,30.4,61.45,5
0_Slope,12.95,19.85,32.8,5
0_Spectral decrease,17.35,18.5,35.85,5
0_Spectral entropy,6.4,9.15,15.55,5
0_Spectral positive turning points,33.1,29.9,63.0,5
0_Spectral roll-on,31.6,30.6,62.2,5
0_Spectral variation,8.7,10.35,19.049999999999997,5
0_Wavelet absolute mean_125000000.0Hz,21.6,20.6,42.2,5
0_Wavelet absolute mean_27777777.78Hz,17.05,21.2,38.25,5
0_Wavelet energy_125000000.0Hz,18.5,20.15,38.65,5
0_Wavelet entropy,26.45,23.9,50.349999999999994,5
0_Zero crossing rate,32.4,33.35,65.75,5
0_Absolute energy,12.916666666666666,8.291666666666666,21.208333333333332,6
0_Autocorrelation,10.291666666666666,9.75,20.041666666666664,6
0_ECDF Percentile_0,14.333333333333334,13.916666666666666,28.25,6
0_ECDF Percentile_1,20.541666666666668,23.708333333333332,44.25,6
0_Entropy,16.916666666666668,18.125,35.04166666666667,6
0_Fundamental frequency,25.833333333333332,16.0,41.83333333333333,6
0_Histogram mode,22.791666666666668,19.708333333333332,42.5,6
0_Interquartile range,10.333333333333334,10.708333333333334,21.041666666666668,6
0_LPCC_0,13.375,16.291666666666668,29.666666666666668,6
0_LPCC_1,29.5,30.541666666666668,60.04166666666667,6
0_LPCC_5,32.208333333333336,31.5,63.708333333333336,6
0_LPCC_6,30.791666666666668,31.5,62.29166666666667,6
0_MFCC_0,19.25,19.708333333333332,38.95833333333333,6
0_MFCC_10,24.958333333333332,19.875,44.83333333333333,6
0_MFCC_11,11.791666666666666,11.083333333333334,22.875,6
0_MFCC_4,22.958333333333332,23.708333333333332,46.666666666666664,6
0_MFCC_5,17.833333333333332,16.458333333333332,34.291666666666664,6
0_MFCC_8,20.375,19.458333333333332,39.83333333333333,6
0_MFCC_9,19.208333333333332,17.541666666666668,36.75,6
0_Max,14.083333333333334,18.416666666666668,32.5,6
0_Maximum frequency,28.875,20.833333333333332,49.70833333333333,6
0_Mean,22.625,25.416666666666668,48.04166666666667,6
0_Mean diff,13.333333333333334,17.083333333333332,30.416666666666664,6
0_Median,18.25,21.375,39.625,6
0_Median absolute diff,33.333333333333336,37.041666666666664,70.375,6
0_Median diff,34.333333333333336,38.375,72.70833333333334,6
0_Median frequency,29.875,23.541666666666668,53.41666666666667,6
0_Negative turning points,36.833333333333336,33.75,70.58333333333334,6
0_Neighbourhood peaks,35.416666666666664,36.666666666666664,72.08333333333333,6
0_Peak to peak distance,1.375,4.625,6.0,6
0_Power bandwidth,31.375,30.375,61.75,6
0_Slope,12.916666666666666,19.916666666666668,32.833333333333336,6
0_Spectral decrease,17.958333333333332,18.416666666666668,36.375,6
0_Spectral entropy,6.583333333333333,9.208333333333334,15.791666666666668,6
0_Spectral positive turning points,32.75,29.916666666666668,62.66666666666667,6
0_Spectral roll-on,32.083333333333336,30.833333333333332,62.91666666666667,6
0_Spectral variation,9.0,10.458333333333334,19.458333333333336,6
0_Wavelet absolute mean_125000000.0Hz,20.75,20.666666666666668,41.41666666666667,6
0_Wavelet absolute mean_27777777.78Hz,16.583333333333332,20.583333333333332,37.166666666666664,6
0_Wavelet energy_125000000.0Hz,19.208333333333332,20.708333333333332,39.916666666666664,6
0_Wavelet entropy,27.125,23.708333333333332,50.83333333333333,6
0_Zero crossing rate,32.125,33.208333333333336,65.33333333333334,6
0_Absolute energy,12.928571428571429,8.107142857142858,21.035714285714285,7
0_Autocorrelation,10.392857142857142,9.964285714285714,20.357142857142854,7
0_ECDF Percentile_0,14.642857142857142,13.75,28.392857142857142,7
0_ECDF Percentile_1,21.357142857142858,24.357142857142858,45.714285714285715,7
0_Entropy,16.857142857142858,18.214285714285715,35.07142857142857,7
0_Fundamental frequency,26.178571428571427,15.964285714285714,42.14285714285714,7
0_Histogram mode,22.678571428571427,19.821428571428573,42.5,7
0_Interquartile range,10.714285714285714,10.821428571428571,21.535714285714285,7
0_LPCC_0,13.5,15.964285714285714,29.464285714285715,7
0_LPCC_1,29.035714285714285,30.464285714285715,59.5,7
0_LPCC_5,31.892857142857142,31.214285714285715,63.10714285714286,7
0_LPCC_6,31.642857142857142,31.75,63.39285714285714,7
0_MFCC_0,19.071428571428573,19.928571428571427,39.0,7
0_MFCC_10,25.0,20.0,45.0,7
0_MFCC_11,12.071428571428571,11.428571428571429,23.5,7
0_MFCC_4,23.285714285714285,23.464285714285715,46.75,7
0_MFCC_5,17.642857142857142,16.357142857142858,34.0,7
0_MFCC_8,20.178571428571427,19.75,39.92857142857143,7
0_MFCC_9,18.285714285714285,17.464285714285715,35.75,7
0_Max,14.714285714285714,18.464285714285715,33.17857142857143,7
0_Maximum frequency,28.892857142857142,20.678571428571427,49.57142857142857,7
0_Mean,21.892857142857142,25.464285714285715,47.35714285714286,7
0_Mean diff,13.392857142857142,17.25,30.642857142857142,7
0_Median,18.25,21.357142857142858,39.60714285714286,7
0_Median absolute diff,33.07142857142857,37.214285714285715,70.28571428571428,7
0_Median diff,33.75,38.107142857142854,71.85714285714286,7
0_Median frequency,30.392857142857142,23.928571428571427,54.32142857142857,7
0_Negative turning points,36.714285714285715,33.57142857142857,70.28571428571428,7
0_Neighbourhood peaks,35.464285714285715,36.964285714285715,72.42857142857143,7
0_Peak to peak distance,1.3571428571428572,4.607142857142857,5.9642857142857135,7
0_Power bandwidth,31.464285714285715,30.428571428571427,61.89285714285714,7
0_Slope,12.571428571428571,19.892857142857142,32.464285714285715,7
0_Spectral decrease,17.357142857142858,18.357142857142858,35.714285714285715,7
0_Spectral entropy,6.642857142857143,9.214285714285714,15.857142857142858,7
0_Spectral positive turning points,33.142857142857146,29.821428571428573,62.96428571428572,7
0_Spectral roll-on,32.035714285714285,30.535714285714285,62.57142857142857,7
0_Spectral variation,9.0,10.571428571428571,19.57142857142857,7
0_Wavelet absolute mean_125000000.0Hz,20.357142857142858,20.571428571428573,40.92857142857143,7
0_Wavelet absolute mean_27777777.78Hz,16.785714285714285,20.428571428571427,37.21428571428571,7
0_Wavelet energy_125000000.0Hz,19.964285714285715,20.464285714285715,40.42857142857143,7
0_Wavelet entropy,26.464285714285715,23.25,49.714285714285715,7
0_Zero crossing rate,31.964285714285715,33.07142857142857,65.03571428571428,7
0_Absolute energy,12.8125,8.15625,20.96875,8
0_Autocorrelation,10.53125,9.9375,20.46875,8
0_ECDF Percentile_0,13.84375,13.59375,27.4375,8
0_ECDF Percentile_1,20.8125,23.84375,44.65625,8
0_Entropy,16.9375,18.1875,35.125,8
0_Fundamental frequency,26.625,15.90625,42.53125,8
0_Histogram mode,22.59375,19.84375,42.4375,8
0_Interquartile range,10.71875,10.6875,21.40625,8
0_LPCC_0,14.0625,16.15625,30.21875,8
0_LPCC_1,28.71875,30.4375,59.15625,8
0_LPCC_5,32.0,31.21875,63.21875,8
0_LPCC_6,32.21875,31.71875,63.9375,8
0_MFCC_0,18.71875,19.46875,38.1875,8
0_MFCC_10,24.59375,20.125,44.71875,8
0_MFCC_11,11.96875,11.65625,23.625,8
0_MFCC_4,23.46875,23.5,46.96875,8
0_MFCC_5,17.40625,16.34375,33.75,8
0_MFCC_8,20.1875,20.25,40.4375,8
0_MFCC_9,18.40625,17.8125,36.21875,8
0_Max,14.6875,18.59375,33.28125,8
0_Maximum frequency,29.0625,20.75,49.8125,8
0_Mean,22.0,25.53125,47.53125,8
0_Mean diff,13.28125,17.40625,30.6875,8
0_Median,18.0,20.90625,38.90625,8
0_Median absolute diff,33.78125,37.28125,71.0625,8
0_Median diff,33.3125,38.3125,71.625,8
0_Median frequency,30.28125,24.0,54.28125,8
0_Negative turning points,36.625,33.3125,69.9375,8
0_Neighbourhood peaks,35.65625,36.96875,72.625,8
0_Peak to peak distance,1.34375,4.59375,5.9375,8
0_Power bandwidth,31.53125,30.5,62.03125,8
0_Slope,12.4375,20.0625,32.5,8
0_Spectral decrease,17.34375,18.40625,35.75,8
0_Spectral entropy,6.5,9.09375,15.59375,8
0_Spectral positive turning points,32.625,29.5625,62.1875,8
0_Spectral roll-on,32.15625,30.6875,62.84375,8
0_Spectral variation,9.03125,10.4375,19.46875,8
0_Wavelet absolute mean_125000000.0Hz,20.71875,20.625,41.34375,8
0_Wavelet absolute mean_27777777.78Hz,17.4375,20.28125,37.71875,8
0_Wavelet energy_125000000.0Hz,19.34375,20.3125,39.65625,8
0_Wavelet entropy,27.0,23.53125,50.53125,8
0_Zero crossing rate,32.21875,33.0,65.21875,8
0_Absolute energy,12.61111111111111,8.13888888888889,20.75,9
0_Autocorrelation,10.694444444444445,10.0,20.694444444444443,9
0_ECDF Percentile_0,14.055555555555555,13.972222222222221,28.02777777777778,9
0_ECDF Percentile_1,20.86111111111111,23.944444444444443,44.80555555555556,9
0_Entropy,16.86111111111111,18.22222222222222,35.08333333333333,9
0_Fundamental frequency,26.694444444444443,15.777777777777779,42.47222222222222,9
0_Histogram mode,22.666666666666668,19.694444444444443,42.361111111111114,9
0_Interquartile range,10.805555555555555,10.583333333333334,21.38888888888889,9
0_LPCC_0,14.805555555555555,16.22222222222222,31.02777777777778,9
0_LPCC_1,28.27777777777778,30.27777777777778,58.55555555555556,9
0_LPCC_5,32.05555555555556,31.38888888888889,63.44444444444444,9
0_LPCC_6,32.30555555555556,31.944444444444443,64.25,9
0_MFCC_0,18.77777777777778,19.25,38.02777777777778,9
0_MFCC_10,24.333333333333332,20.194444444444443,44.52777777777777,9
0_MFCC_11,12.027777777777779,11.722222222222221,23.75,9
0_MFCC_4,23.75,23.416666666666668,47.16666666666667,9
0_MFCC_5,17.416666666666668,16.694444444444443,34.111111111111114,9
0_MFCC_8,20.13888888888889,20.444444444444443,40.58333333333333,9
0_MFCC_9,17.805555555555557,17.72222222222222,35.52777777777778,9
0_Max,14.583333333333334,18.444444444444443,33.02777777777778,9
0_Maximum frequency,29.444444444444443,20.61111111111111,50.05555555555556,9
0_Mean,22.13888888888889,25.555555555555557,47.69444444444444,9
0_Mean diff,13.13888888888889,17.416666666666668,30.555555555555557,9
0_Median,18.13888888888889,20.916666666666668,39.05555555555556,9
0_Median absolute diff,33.611111111111114,37.02777777777778,70.63888888888889,9
0_Median diff,33.861111111111114,38.47222222222222,72.33333333333334,9
0_Median frequency,30.61111111111111,23.944444444444443,54.55555555555556,9
0_Negative turning points,36.361111111111114,33.416666666666664,69.77777777777777,9
0_Neighbourhood peaks,36.05555555555556,36.916666666666664,72.97222222222223,9
0_Peak to peak distance,1.3611111111111112,4.611111111111111,5.972222222222221,9
0_Power bandwidth,31.805555555555557,30.555555555555557,62.361111111111114,9
0_Slope,12.5,20.333333333333332,32.83333333333333,9
0_Spectral decrease,17.22222222222222,18.166666666666668,35.388888888888886,9
0_Spectral entropy,6.611111111111111,9.277777777777779,15.88888888888889,9
0_Spectral positive turning points,32.47222222222222,29.666666666666668,62.138888888888886,9
0_Spectral roll-on,32.361111111111114,30.77777777777778,63.13888888888889,9
0_Spectral variation,9.11111111111111,10.38888888888889,19.5,9
0_Wavelet absolute mean_125000000.0Hz,20.13888888888889,20.38888888888889,40.52777777777778,9
0_Wavelet absolute mean_27777777.78Hz,17.72222222222222,19.944444444444443,37.666666666666664,9
0_Wavelet energy_125000000.0Hz,18.63888888888889,20.02777777777778,38.66666666666667,9
0_Wavelet entropy,26.055555555555557,23.61111111111111,49.66666666666667,9
0_Zero crossing rate,32.111111111111114,32.916666666666664,65.02777777777777,9
0_Absolute energy,12.375,8.35,20.725,10
0_Autocorrelation,10.7,10.0,20.7,10
0_ECDF Percentile_0,13.875,14.275,28.15,10
0_ECDF Percentile_1,20.525,23.425,43.95,10
0_Entropy,16.775,18.2,34.974999999999994,10
0_Fundamental frequency,26.55,16.025,42.575,10
0_Histogram mode,22.575,19.475,42.05,10
0_Interquartile range,10.85,10.4,21.25,10
0_LPCC_0,14.925,16.25,31.175,10
0_LPCC_1,28.375,30.375,58.75,10
0_LPCC_5,31.925,31.525,63.45,10
0_LPCC_6,31.825,31.95,63.775,10
0_MFCC_0,18.825,18.975,37.8,10
0_MFCC_10,23.95,20.05,44.0,10
0_MFCC_11,12.225,11.85,24.075,10
0_MFCC_4,24.125,23.35,47.475,10
0_MFCC_5,17.3,17.0,34.3,10
0_MFCC_8,20.4,20.475,40.875,10
0_MFCC_9,17.325,17.3,34.625,10
0_Max,14.425,18.2,32.625,10
0_Maximum frequency,29.575,20.6,50.175,10
0_Mean,22.225,25.55,47.775000000000006,10
0_Mean diff,13.1,17.475,30.575000000000003,10
0_Median,18.55,20.85,39.400000000000006,10
0_Median absolute diff,33.575,37.075,70.65,10
0_Median diff,34.45,38.575,73.025,10
0_Median frequency,30.925,24.3,55.225,10
0_Negative turning points,36.35,33.525,69.875,10
0_Neighbourhood peaks,36.15,36.9,73.05,10
0_Peak to peak distance,1.325,4.575,5.9,10
0_Power bandwidth,31.75,30.5,62.25,10
0_Slope,12.35,20.225,32.575,10
0_Spectral decrease,17.675,18.3,35.975,10
0_Spectral entropy,6.6,9.325,15.924999999999999,10
0_Spectral positive turning points,32.25,29.475,61.725,10
0_Spectral roll-on,32.65,30.55,63.2,10
0_Spectral variation,9.1,10.325,19.424999999999997,10
0_Wavelet absolute mean_125000000.0Hz,20.5,20.6,41.1,10
0_Wavelet absolute mean_27777777.78Hz,17.825,20.0,37.825,10
0_Wavelet energy_125000000.0Hz,18.525,20.35,38.875,10
0_Wavelet entropy,25.4,23.5,48.9,10
0_Zero crossing rate,32.3,32.975,65.275,10
0_Absolute energy,12.090909090909092,8.204545454545455,20.295454545454547,11
0_Autocorrelation,10.613636363636363,9.977272727272727,20.59090909090909,11
0_ECDF Percentile_0,13.840909090909092,14.363636363636363,28.204545454545453,11
0_ECDF Percentile_1,21.0,23.204545454545453,44.20454545454545,11
0_Entropy,16.568181818181817,18.181818181818183,34.75,11
0_Fundamental frequency,26.454545454545453,15.977272727272727,42.43181818181818,11
0_Histogram mode,22.59090909090909,19.59090909090909,42.18181818181818,11
0_Interquartile range,11.204545454545455,10.340909090909092,21.545454545454547,11
0_LPCC_0,15.5,16.454545454545453,31.954545454545453,11
0_LPCC_1,28.795454545454547,30.295454545454547,59.09090909090909,11
0_LPCC_5,31.681818181818183,31.613636363636363,63.29545454545455,11
0_LPCC_6,32.22727272727273,31.90909090909091,64.13636363636364,11
0_MFCC_0,19.75,19.113636363636363,38.86363636363636,11
0_MFCC_10,24.272727272727273,19.886363636363637,44.15909090909091,11
0_MFCC_11,12.204545454545455,12.0,24.204545454545453,11
0_MFCC_4,23.90909090909091,23.09090909090909,47.0,11
0_MFCC_5,17.431818181818183,16.954545454545453,34.38636363636364,11
0_MFCC_8,20.40909090909091,20.522727272727273,40.93181818181819,11
0_MFCC_9,17.09090909090909,17.181818181818183,34.27272727272727,11
0_Max,14.727272727272727,18.0,32.72727272727273,11
0_Maximum frequency,29.068181818181817,20.568181818181817,49.63636363636363,11
0_Mean,21.681818181818183,25.522727272727273,47.20454545454545,11
0_Mean diff,13.136363636363637,17.5,30.636363636363637,11
0_Median,18.477272727272727,20.863636363636363,39.34090909090909,11
0_Median absolute diff,33.31818181818182,37.06818181818182,70.38636363636364,11
0_Median diff,34.68181818181818,38.68181818181818,73.36363636363636,11
0_Median frequency,30.863636363636363,24.386363636363637,55.25,11
0_Negative turning points,36.11363636363637,33.36363636363637,69.47727272727273,11
0_Neighbourhood peaks,36.11363636363637,36.61363636363637,72.72727272727273,11
0_Peak to peak distance,1.3636363636363635,4.545454545454546,5.909090909090909,11
0_Power bandwidth,31.727272727272727,30.431818181818183,62.15909090909091,11
0_Slope,12.318181818181818,20.40909090909091,32.72727272727273,11
0_Spectral decrease,17.977272727272727,18.568181818181817,36.54545454545455,11
0_Spectral entropy,6.454545454545454,9.272727272727273,15.727272727272727,11
0_Spectral positive turning points,32.09090909090909,29.522727272727273,61.61363636363637,11
0_Spectral roll-on,32.70454545454545,30.65909090909091,63.36363636363636,11
0_Spectral variation,9.181818181818182,10.409090909090908,19.59090909090909,11
0_Wavelet absolute mean_125000000.0Hz,20.181818181818183,20.477272727272727,40.65909090909091,11
0_Wavelet absolute mean_27777777.78Hz,17.795454545454547,20.25,38.04545454545455,11
0_Wavelet energy_125000000.0Hz,18.318181818181817,20.318181818181817,38.63636363636363,11
0_Wavelet entropy,25.068181818181817,23.636363636363637,48.70454545454545,11
0_Zero crossing rate,32.0,33.06818181818182,65.06818181818181,11
0_Absolute energy,11.916666666666666,8.270833333333334,20.1875,12
0_Autocorrelation,10.729166666666666,9.958333333333334,20.6875,12
0_ECDF Percentile_0,13.583333333333334,14.354166666666666,27.9375,12
0_ECDF Percentile_1,20.708333333333332,23.125,43.83333333333333,12
0_Entropy,16.708333333333332,18.208333333333332,34.916666666666664,12
0_Fundamental frequency,26.5,15.916666666666666,42.416666666666664,12
0_Histogram mode,22.458333333333332,19.520833333333332,41.979166666666664,12
0_Interquartile range,10.916666666666666,10.208333333333334,21.125,12
0_LPCC_0,15.8125,16.8125,32.625,12
0_LPCC_1,28.916666666666668,30.479166666666668,59.395833333333336,12
0_LPCC_5,31.916666666666668,31.604166666666668,63.520833333333336,12
0_LPCC_6,32.0,31.916666666666668,63.91666666666667,12
0_MFCC_0,19.6875,19.270833333333332,38.95833333333333,12
0_MFCC_10,24.1875,19.645833333333332,43.83333333333333,12
0_MFCC_11,12.208333333333334,11.8125,24.020833333333336,12
0_MFCC_4,23.875,22.708333333333332,46.58333333333333,12
0_MFCC_5,17.145833333333332,17.104166666666668,34.25,12
0_MFCC_8,20.333333333333332,20.583333333333332,40.916666666666664,12
0_MFCC_9,17.125,17.0,34.125,12
0_Max,14.604166666666666,17.979166666666668,32.583333333333336,12
0_Maximum frequency,29.020833333333332,20.770833333333332,49.791666666666664,12
0_Mean,22.125,25.5625,47.6875,12
0_Mean diff,12.979166666666666,17.395833333333332,30.375,12
0_Median,18.708333333333332,20.708333333333332,39.416666666666664,12
0_Median absolute diff,33.479166666666664,37.125,70.60416666666666,12
0_Median diff,34.145833333333336,38.458333333333336,72.60416666666667,12
0_Median frequency,30.854166666666668,24.208333333333332,55.0625,12
0_Negative turning points,36.0,33.416666666666664,69.41666666666666,12
0_Neighbourhood peaks,35.958333333333336,36.541666666666664,72.5,12
0_Peak to peak distance,1.4166666666666667,4.625,6.041666666666667,12
0_Power bandwidth,31.770833333333332,30.458333333333332,62.229166666666664,12
0_Slope,12.833333333333334,20.5,33.333333333333336,12
0_Spectral decrease,18.166666666666668,18.708333333333332,36.875,12
0_Spectral entropy,6.520833333333333,9.354166666666666,15.875,12
0_Spectral positive turning points,31.9375,29.395833333333332,61.33333333333333,12
0_Spectral roll-on,32.75,30.395833333333332,63.14583333333333,12
0_Spectral variation,9.479166666666666,10.3125,19.791666666666664,12
0_Wavelet absolute mean_125000000.0Hz,20.395833333333332,20.375,40.77083333333333,12
0_Wavelet absolute mean_27777777.78Hz,18.041666666666668,20.354166666666668,38.395833333333336,12
0_Wavelet energy_125000000.0Hz,18.020833333333332,20.333333333333332,38.354166666666664,12
0_Wavelet entropy,24.770833333333332,24.229166666666668,49.0,12
0_Zero crossing rate,32.291666666666664,33.291666666666664,65.58333333333333,12
0_Absolute energy,12.038461538461538,8.23076923076923,20.269230769230766,13
0_Autocorrelation,10.807692307692308,10.038461538461538,20.846153846153847,13
0_ECDF Percentile_0,13.01923076923077,14.01923076923077,27.03846153846154,13
0_ECDF Percentile_1,21.326923076923077,23.307692307692307,44.63461538461539,13
0_Entropy,16.615384615384617,18.134615384615383,34.75,13
0_Fundamental frequency,26.5,15.942307692307692,42.44230769230769,13
0_Histogram mode,22.557692307692307,19.51923076923077,42.07692307692308,13
0_Interquartile range,11.0,10.26923076923077,21.26923076923077,13
0_LPCC_0,15.75,16.846153846153847,32.59615384615385,13
0_LPCC_1,28.423076923076923,30.365384615384617,58.78846153846154,13
0_LPCC_5,31.98076923076923,31.326923076923077,63.30769230769231,13
0_LPCC_6,31.846153846153847,31.942307692307693,63.78846153846154,13
0_MFCC_0,19.884615384615383,19.28846153846154,39.17307692307692,13
0_MFCC_10,24.115384615384617,19.48076923076923,43.59615384615385,13
0_MFCC_11,12.653846153846153,12.0,24.653846153846153,13
0_MFCC_4,23.78846153846154,23.096153846153847,46.88461538461539,13
0_MFCC_5,16.98076923076923,17.21153846153846,34.19230769230769,13
0_MFCC_8,20.653846153846153,20.673076923076923,41.32692307692308,13
0_MFCC_9,17.53846153846154,17.03846153846154,34.57692307692308,13
0_Max,14.615384615384615,18.076923076923077,32.69230769230769,13
0_Maximum frequency,28.596153846153847,20.75,49.34615384615385,13
0_Mean,22.403846153846153,25.557692307692307,47.96153846153846,13
0_Mean diff,12.76923076923077,17.384615384615383,30.153846153846153,13
0_Median,18.653846153846153,20.73076923076923,39.38461538461539,13
0_Median absolute diff,33.73076923076923,37.21153846153846,70.9423076923077,13
0_Median diff,33.67307692307692,38.25,71.92307692307692,13
0_Median frequency,30.826923076923077,24.365384615384617,55.19230769230769,13
0_Negative turning points,36.23076923076923,33.19230769230769,69.42307692307693,13
0_Neighbourhood peaks,35.78846153846154,36.48076923076923,72.26923076923077,13
0_Peak to peak distance,1.3846153846153846,4.596153846153846,5.98076923076923,13
0_Power bandwidth,31.615384615384617,30.192307692307693,61.80769230769231,13
0_Slope,12.73076923076923,20.51923076923077,33.25,13
0_Spectral decrease,18.71153846153846,18.73076923076923,37.44230769230769,13
0_Spectral entropy,6.538461538461538,9.48076923076923,16.019230769230766,13
0_Spectral positive turning points,32.17307692307692,29.23076923076923,61.403846153846146,13
0_Spectral roll-on,32.86538461538461,30.48076923076923,63.34615384615384,13
0_Spectral variation,9.423076923076923,10.26923076923077,19.692307692307693,13
0_Wavelet absolute mean_125000000.0Hz,20.23076923076923,20.403846153846153,40.63461538461539,13
0_Wavelet absolute mean_27777777.78Hz,17.846153846153847,20.25,38.09615384615385,13
0_Wavelet energy_125000000.0Hz,17.942307692307693,20.28846153846154,38.23076923076923,13
0_Wavelet entropy,24.75,24.46153846153846,49.21153846153846,13
0_Zero crossing rate,32.01923076923077,33.36538461538461,65.38461538461539,13
0_Absolute energy,11.892857142857142,8.196428571428571,20.089285714285715,14
0_Autocorrelation,10.839285714285714,10.035714285714286,20.875,14
0_ECDF Percentile_0,13.375,14.053571428571429,27.42857142857143,14
0_ECDF Percentile_1,21.446428571428573,23.446428571428573,44.892857142857146,14
0_Entropy,16.660714285714285,18.25,34.910714285714285,14
0_Fundamental frequency,26.642857142857142,15.946428571428571,42.589285714285715,14
0_Histogram mode,22.607142857142858,19.392857142857142,42.0,14
0_Interquartile range,11.053571428571429,10.321428571428571,21.375,14
0_LPCC_0,16.071428571428573,16.946428571428573,33.017857142857146,14
0_LPCC_1,28.107142857142858,30.232142857142858,58.339285714285715,14
0_LPCC_5,32.017857142857146,31.214285714285715,63.23214285714286,14
0_LPCC_6,32.339285714285715,31.928571428571427,64.26785714285714,14
0_MFCC_0,19.875,19.142857142857142,39.01785714285714,14
0_MFCC_10,23.946428571428573,19.464285714285715,43.41071428571429,14
0_MFCC_11,12.464285714285714,12.017857142857142,24.482142857142854,14
0_MFCC_4,23.464285714285715,23.053571428571427,46.51785714285714,14
0_MFCC_5,16.767857142857142,17.232142857142858,34.0,14
0_MFCC_8,20.464285714285715,20.482142857142858,40.94642857142857,14
0_MFCC_9,17.142857142857142,16.946428571428573,34.089285714285715,14
0_Max,14.696428571428571,18.053571428571427,32.75,14
0_Maximum frequency,28.696428571428573,20.767857142857142,49.464285714285715,14
0_Mean,22.285714285714285,25.857142857142858,48.14285714285714,14
0_Mean diff,12.75,17.303571428571427,30.053571428571427,14
0_Median,18.625,20.803571428571427,39.42857142857143,14
0_Median absolute diff,33.982142857142854,37.142857142857146,71.125,14
0_Median diff,33.482142857142854,38.392857142857146,71.875,14
0_Median frequency,31.035714285714285,24.571428571428573,55.60714285714286,14
0_Negative turning points,36.142857142857146,33.32142857142857,69.46428571428572,14
0_Neighbourhood peaks,36.089285714285715,36.357142857142854,72.44642857142857,14
0_Peak to peak distance,1.375,4.571428571428571,5.946428571428571,14
0_Power bandwidth,31.821428571428573,30.035714285714285,61.85714285714286,14
0_Slope,12.946428571428571,20.821428571428573,33.767857142857146,14
0_Spectral decrease,18.660714285714285,18.839285714285715,37.5,14
0_Spectral entropy,6.482142857142857,9.410714285714286,15.892857142857142,14
0_Spectral positive turning points,32.017857142857146,29.375,61.392857142857146,14
0_Spectral roll-on,33.0,30.303571428571427,63.30357142857143,14
0_Spectral variation,9.5,10.267857142857142,19.767857142857142,14
0_Wavelet absolute mean_125000000.0Hz,20.142857142857142,20.339285714285715,40.48214285714286,14
0_Wavelet absolute mean_27777777.78Hz,17.892857142857142,20.178571428571427,38.07142857142857,14
0_Wavelet energy_125000000.0Hz,17.982142857142858,20.339285714285715,38.32142857142857,14
0_Wavelet entropy,24.428571428571427,24.375,48.80357142857143,14
0_Zero crossing rate,31.785714285714285,33.267857142857146,65.05357142857143,14
0_Absolute energy,12.366666666666667,8.133333333333333,20.5,15
0_Autocorrelation,10.783333333333333,10.0,20.78333333333333,15
0_ECDF Percentile_0,13.866666666666667,13.95,27.816666666666666,15
0_ECDF Percentile_1,21.566666666666666,23.65,45.21666666666667,15
0_Entropy,16.783333333333335,18.233333333333334,35.016666666666666,15
0_Fundamental frequency,26.566666666666666,16.0,42.56666666666666,15
0_Histogram mode,22.766666666666666,19.466666666666665,42.233333333333334,15
0_Interquartile range,11.1,10.366666666666667,21.46666666666667,15
0_LPCC_0,15.9,16.783333333333335,32.68333333333334,15
0_LPCC_1,27.783333333333335,30.166666666666668,57.95,15
0_LPCC_5,31.95,31.083333333333332,63.03333333333333,15
0_LPCC_6,32.28333333333333,31.9,64.18333333333334,15
0_MFCC_0,20.133333333333333,19.166666666666668,39.3,15
0_MFCC_10,24.2,19.633333333333333,43.83333333333333,15
0_MFCC_11,12.266666666666667,11.95,24.21666666666667,15
0_MFCC_4,23.116666666666667,22.833333333333332,45.95,15
0_MFCC_5,16.716666666666665,17.4,34.11666666666666,15
0_MFCC_8,20.116666666666667,20.566666666666666,40.68333333333334,15
0_MFCC_9,16.9,17.05,33.95,15
0_Max,14.983333333333333,18.183333333333334,33.166666666666664,15
0_Maximum frequency,28.666666666666668,20.866666666666667,49.53333333333333,15
0_Mean,22.083333333333332,25.95,48.03333333333333,15
0_Mean diff,12.683333333333334,17.4,30.083333333333332,15
0_Median,18.5,20.866666666666667,39.36666666666667,15
0_Median absolute diff,34.1,37.2,71.30000000000001,15
0_Median diff,33.71666666666667,38.46666666666667,72.18333333333334,15
0_Median frequency,31.15,24.566666666666666,55.71666666666667,15
0_Negative turning points,35.8,33.28333333333333,69.08333333333333,15
0_Neighbourhood peaks,36.15,36.38333333333333,72.53333333333333,15
0_Peak to peak distance,1.3833333333333333,4.533333333333333,5.916666666666666,15
0_Power bandwidth,31.766666666666666,30.066666666666666,61.83333333333333,15
0_Slope,12.766666666666667,20.7,33.46666666666667,15
0_Spectral decrease,18.816666666666666,18.966666666666665,37.78333333333333,15
0_Spectral entropy,6.4,9.366666666666667,15.766666666666667,15
0_Spectral positive turning points,31.95,28.916666666666668,60.86666666666667,15
0_Spectral roll-on,32.916666666666664,30.2,63.11666666666666,15
0_Spectral variation,9.416666666666666,10.233333333333333,19.65,15
0_Wavelet absolute mean_125000000.0Hz,20.433333333333334,20.3,40.733333333333334,15
0_Wavelet absolute mean_27777777.78Hz,17.85,20.233333333333334,38.083333333333336,15
0_Wavelet energy_125000000.0Hz,18.05,20.45,38.5,15
0_Wavelet entropy,24.65,24.25,48.9,15
0_Zero crossing rate,31.6,33.28333333333333,64.88333333333333,15
0_Absolute energy,12.3125,8.09375,20.40625,16
0_Autocorrelation,10.765625,10.046875,20.8125,16
0_ECDF Percentile_0,13.546875,14.015625,27.5625,16
0_ECDF Percentile_1,21.515625,23.359375,44.875,16
0_Entropy,16.765625,18.171875,34.9375,16
0_Fundamental frequency,26.59375,15.96875,42.5625,16
0_Histogram mode,22.71875,19.484375,42.203125,16
0_Interquartile range,10.9375,10.296875,21.234375,16
0_LPCC_0,15.890625,16.828125,32.71875,16
0_LPCC_1,28.203125,30.15625,58.359375,16
0_LPCC_5,32.03125,31.078125,63.109375,16
0_LPCC_6,32.15625,31.921875,64.078125,16
0_MFCC_0,20.359375,19.171875,39.53125,16
0_MFCC_10,24.3125,19.640625,43.953125,16
0_MFCC_11,12.21875,11.953125,24.171875,16
0_MFCC_4,22.953125,22.96875,45.921875,16
0_MFCC_5,16.921875,17.34375,34.265625,16
0_MFCC_8,20.203125,20.578125,40.78125,16
0_MFCC_9,16.796875,16.890625,33.6875,16
0_Max,14.8125,18.046875,32.859375,16
0_Maximum frequency,28.640625,20.9375,49.578125,16
0_Mean,21.90625,25.9375,47.84375,16
0_Mean diff,12.734375,17.546875,30.28125,16
0_Median,18.421875,21.015625,39.4375,16
0_Median absolute diff,33.828125,37.171875,71.0,16
0_Median diff,33.53125,38.359375,71.890625,16
0_Median frequency,31.046875,24.5625,55.609375,16
0_Negative turning points,35.84375,33.375,69.21875,16
0_Neighbourhood peaks,36.25,36.234375,72.484375,16
0_Peak to peak distance,1.390625,4.546875,5.9375,16
0_Power bandwidth,32.015625,30.046875,62.0625,16
0_Slope,12.703125,20.765625,33.46875,16
0_Spectral decrease,18.484375,18.96875,37.453125,16
0_Spectral entropy,6.734375,9.578125,16.3125,16
0_Spectral positive turning points,32.296875,28.953125,61.25,16
0_Spectral roll-on,32.875,30.046875,62.921875,16
0_Spectral variation,9.234375,10.265625,19.5,16
0_Wavelet absolute mean_125000000.0Hz,20.171875,20.09375,40.265625,16
0_Wavelet absolute mean_27777777.78Hz,18.03125,20.171875,38.203125,16
0_Wavelet energy_125000000.0Hz,18.234375,20.6875,38.921875,16
0_Wavelet entropy,24.734375,24.328125,49.0625,16
0_Zero crossing rate,31.875,33.390625,65.265625,16
0_Absolute energy,12.205882352941176,8.073529411764707,20.279411764705884,17
0_Autocorrelation,10.794117647058824,10.058823529411764,20.852941176470587,17
0_ECDF Percentile_0,13.470588235294118,13.985294117647058,27.455882352941174,17
0_ECDF Percentile_1,21.441176470588236,23.41176470588235,44.85294117647059,17
0_Entropy,16.720588235294116,18.235294117647058,34.955882352941174,17
0_Fundamental frequency,26.676470588235293,16.08823529411765,42.76470588235294,17
0_Histogram mode,22.83823529411765,19.573529411764707,42.411764705882355,17
0_Interquartile range,10.911764705882353,10.294117647058824,21.205882352941178,17
0_LPCC_0,15.676470588235293,16.83823529411765,32.51470588235294,17
0_LPCC_1,28.25,30.16176470588235,58.41176470588235,17
0_LPCC_5,32.0735294117647,31.16176470588235,63.23529411764706,17
0_LPCC_6,32.36764705882353,31.970588235294116,64.33823529411765,17
0_MFCC_0,20.323529411764707,19.073529411764707,39.39705882352941,17
0_MFCC_10,24.485294117647058,19.75,44.23529411764706,17
0_MFCC_11,12.161764705882353,11.897058823529411,24.058823529411764,17
0_MFCC_4,23.014705882352942,22.83823529411765,45.852941176470594,17
0_MFCC_5,17.08823529411765,17.58823529411765,34.6764705882353,17
0_MFCC_8,20.279411764705884,20.58823529411765,40.867647058823536,17
0_MFCC_9,16.573529411764707,16.720588235294116,33.294117647058826,17
0_Max,14.779411764705882,17.941176470588236,32.720588235294116,17
0_Maximum frequency,28.720588235294116,20.897058823529413,49.61764705882353,17
0_Mean,21.75,25.88235294117647,47.63235294117647,17
0_Mean diff,12.823529411764707,17.455882352941178,30.279411764705884,17
0_Median,18.441176470588236,21.058823529411764,39.5,17
0_Median absolute diff,33.75,37.0,70.75,17
0_Median diff,33.26470588235294,38.4264705882353,71.69117647058823,17
0_Median frequency,31.102941176470587,24.676470588235293,55.779411764705884,17
0_Negative turning points,35.88235294117647,33.30882352941177,69.19117647058823,17
0_Neighbourhood peaks,36.44117647058823,36.279411764705884,72.72058823529412,17
0_Peak to peak distance,1.3676470588235294,4.529411764705882,5.897058823529411,17
0_Power bandwidth,32.161764705882355,30.08823529411765,62.25,17
0_Slope,12.647058823529411,20.691176470588236,33.338235294117645,17
0_Spectral decrease,18.308823529411764,18.970588235294116,37.279411764705884,17
0_Spectral entropy,6.764705882352941,9.647058823529411,16.41176470588235,17
0_Spectral positive turning points,32.205882352941174,28.941176470588236,61.147058823529406,17
0_Spectral roll-on,33.0,30.147058823529413,63.14705882352941,17
0_Spectral variation,9.132352941176471,10.235294117647058,19.36764705882353,17
0_Wavelet absolute mean_125000000.0Hz,20.176470588235293,20.11764705882353,40.294117647058826,17
0_Wavelet absolute mean_27777777.78Hz,18.38235294117647,19.86764705882353,38.25,17
0_Wavelet energy_125000000.0Hz,18.16176470588235,20.647058823529413,38.80882352941177,17
0_Wavelet entropy,24.397058823529413,24.5,48.89705882352941,17
0_Zero crossing rate,31.985294117647058,33.38235294117647,65.36764705882354,17
0_Absolute energy,12.194444444444445,8.027777777777779,20.22222222222222,18
0_Autocorrelation,10.75,10.055555555555555,20.805555555555557,18
0_ECDF Percentile_0,13.583333333333334,13.930555555555555,27.51388888888889,18
0_ECDF Percentile_1,21.569444444444443,23.51388888888889,45.08333333333333,18
0_Entropy,16.805555555555557,18.291666666666668,35.09722222222223,18
0_Fundamental frequency,26.73611111111111,16.27777777777778,43.013888888888886,18
0_Histogram mode,22.916666666666668,19.625,42.54166666666667,18
0_Interquartile range,10.944444444444445,10.319444444444445,21.26388888888889,18
0_LPCC_0,15.430555555555555,16.833333333333332,32.263888888888886,18
0_LPCC_1,28.23611111111111,30.125,58.361111111111114,18
0_LPCC_5,31.944444444444443,31.27777777777778,63.22222222222222,18
0_LPCC_6,32.013888888888886,32.02777777777778,64.04166666666666,18
0_MFCC_0,20.47222222222222,19.25,39.72222222222222,18
0_MFCC_10,24.416666666666668,19.791666666666668,44.208333333333336,18
0_MFCC_11,12.194444444444445,11.777777777777779,23.97222222222222,18
0_MFCC_4,22.875,22.77777777777778,45.65277777777778,18
0_MFCC_5,17.11111111111111,17.694444444444443,34.80555555555556,18
0_MFCC_8,20.125,20.34722222222222,40.47222222222222,18
0_MFCC_9,16.791666666666668,16.805555555555557,33.59722222222223,18
0_Max,14.527777777777779,17.98611111111111,32.513888888888886,18
0_Maximum frequency,28.98611111111111,20.930555555555557,49.91666666666667,18
0_Mean,21.51388888888889,25.86111111111111,47.375,18
0_Mean diff,13.069444444444445,17.48611111111111,30.555555555555557,18
0_Median,18.47222222222222,21.194444444444443,39.666666666666664,18
0_Median absolute diff,33.65277777777778,37.06944444444444,70.72222222222223,18
0_Median diff,33.041666666666664,38.31944444444444,71.36111111111111,18
0_Median frequency,31.13888888888889,24.555555555555557,55.69444444444444,18
0_Negative turning points,36.05555555555556,33.19444444444444,69.25,18
0_Neighbourhood peaks,36.361111111111114,36.166666666666664,72.52777777777777,18
0_Peak to peak distance,1.3472222222222223,4.513888888888889,5.861111111111112,18
0_Power bandwidth,32.06944444444444,29.944444444444443,62.013888888888886,18
0_Slope,12.680555555555555,20.680555555555557,33.361111111111114,18
0_Spectral decrease,18.23611111111111,19.02777777777778,37.263888888888886,18
0_Spectral entropy,6.736111111111111,9.597222222222221,16.333333333333332,18
0_Spectral positive turning points,32.34722222222222,29.01388888888889,61.361111111111114,18
0_Spectral roll-on,33.111111111111114,30.22222222222222,63.333333333333336,18
0_Spectral variation,9.027777777777779,10.23611111111111,19.26388888888889,18
0_Wavelet absolute mean_125000000.0Hz,20.22222222222222,20.01388888888889,40.236111111111114,18
0_Wavelet absolute mean_27777777.78Hz,18.34722222222222,19.98611111111111,38.33333333333333,18
0_Wavelet energy_125000000.0Hz,18.458333333333332,20.555555555555557,39.013888888888886,18
0_Wavelet entropy,24.444444444444443,24.375,48.81944444444444,18
0_Zero crossing rate,32.041666666666664,33.31944444444444,65.36111111111111,18
0_Absolute energy,12.157894736842104,8.0,20.157894736842103,19
0_Autocorrelation,10.657894736842104,10.026315789473685,20.684210526315788,19
0_ECDF Percentile_0,13.973684210526315,14.0,27.973684210526315,19
0_ECDF Percentile_1,21.342105263157894,23.25,44.59210526315789,19
0_Entropy,17.644736842105264,18.263157894736842,35.90789473684211,19
0_Fundamental frequency,26.67105263157895,16.223684210526315,42.89473684210526,19
0_Histogram mode,23.407894736842106,19.605263157894736,43.01315789473684,19
0_Interquartile range,10.868421052631579,10.210526315789474,21.078947368421055,19
0_LPCC_0,15.513157894736842,17.07894736842105,32.59210526315789,19
0_LPCC_1,28.36842105263158,30.18421052631579,58.55263157894737,19
0_LPCC_5,31.657894736842106,31.11842105263158,62.776315789473685,19
0_LPCC_6,31.93421052631579,31.82894736842105,63.76315789473684,19
0_MFCC_0,20.43421052631579,19.19736842105263,39.631578947368425,19
0_MFCC_10,24.592105263157894,19.763157894736842,44.35526315789474,19
0_MFCC_11,12.171052631578947,11.855263157894736,24.026315789473685,19
0_MFCC_4,22.973684210526315,22.973684210526315,45.94736842105263,19
0_MFCC_5,17.355263157894736,17.63157894736842,34.98684210526316,19
0_MFCC_8,20.013157894736842,20.460526315789473,40.473684210526315,19
0_MFCC_9,16.56578947368421,16.907894736842106,33.473684210526315,19
0_Max,14.723684210526315,18.07894736842105,32.80263157894737,19
0_Maximum frequency,29.11842105263158,20.81578947368421,49.93421052631579,19
0_Mean,21.36842105263158,25.93421052631579,47.30263157894737,19
0_Mean diff,12.986842105263158,17.5,30.486842105263158,19
0_Median,18.407894736842106,21.342105263157894,39.75,19
0_Median absolute diff,33.30263157894737,37.01315789473684,70.31578947368422,19
0_Median diff,33.25,38.38157894736842,71.63157894736841,19
0_Median frequency,30.69736842105263,24.486842105263158,55.18421052631579,19
0_Negative turning points,35.93421052631579,33.25,69.18421052631578,19
0_Neighbourhood peaks,36.26315789473684,36.21052631578947,72.47368421052632,19
0_Peak to peak distance,1.381578947368421,4.5394736842105265,5.921052631578948,19
0_Power bandwidth,31.960526315789473,29.986842105263158,61.94736842105263,19
0_Slope,12.618421052631579,20.61842105263158,33.23684210526316,19
0_Spectral decrease,18.25,19.223684210526315,37.473684210526315,19
0_Spectral entropy,6.75,9.552631578947368,16.30263157894737,19
0_Spectral positive turning points,32.44736842105263,28.92105263157895,61.368421052631575,19
0_Spectral roll-on,33.13157894736842,30.11842105263158,63.25,19
0_Spectral variation,9.052631578947368,10.236842105263158,19.289473684210527,19
0_Wavelet absolute mean_125000000.0Hz,19.986842105263158,19.94736842105263,39.93421052631579,19
0_Wavelet absolute mean_27777777.78Hz,18.407894736842106,20.0,38.40789473684211,19
0_Wavelet energy_125000000.0Hz,18.276315789473685,20.486842105263158,38.76315789473684,19
0_Wavelet entropy,24.57894736842105,24.43421052631579,49.01315789473684,19
0_Zero crossing rate,31.80263157894737,33.3421052631579,65.14473684210526,19
0_Absolute energy,12.3375,7.925,20.2625,20
0_Autocorrelation,10.6375,10.0,20.6375,20
0_ECDF Percentile_0,14.0,13.9875,27.9875,20
0_ECDF Percentile_1,21.325,23.275,44.599999999999994,20
0_Entropy,17.5125,18.225,35.7375,20
0_Fundamental frequency,26.625,16.2125,42.8375,20
0_Histogram mode,23.3125,19.65,42.9625,20
0_Interquartile range,10.8125,10.2125,21.025,20
0_LPCC_0,15.525,17.0875,32.6125,20
0_LPCC_1,28.575,30.075,58.65,20
0_LPCC_5,31.55,31.15,62.7,20
0_LPCC_6,32.0,31.8125,63.8125,20
0_MFCC_0,20.4625,19.375,39.8375,20
0_MFCC_10,24.6875,19.7625,44.45,20
0_MFCC_11,12.025,11.875,23.9,20
0_MFCC_4,22.925,22.95,45.875,20
0_MFCC_5,17.2125,17.5125,34.724999999999994,20
0_MFCC_8,20.075,20.5375,40.6125,20
0_MFCC_9,16.525,16.875,33.4,20
0_Max,14.825,18.125,32.95,20
0_Maximum frequency,29.2125,20.825,50.037499999999994,20
0_Mean,21.4,25.975,47.375,20
0_Mean diff,12.9625,17.425,30.387500000000003,20
0_Median,18.2,21.2375,39.4375,20
0_Median absolute diff,33.3125,37.0625,70.375,20
0_Median diff,33.375,38.4,71.775,20
0_Median frequency,30.675,24.4375,55.1125,20
0_Negative turning points,36.0375,33.225,69.2625,20
0_Neighbourhood peaks,36.25,36.2125,72.4625,20
0_Peak to peak distance,1.3875,4.5375,5.925,20
0_Power bandwidth,31.8625,30.025,61.8875,20
0_Slope,12.575,20.575,33.15,20
0_Spectral decrease,18.125,19.2125,37.3375,20
0_Spectral entropy,6.6625,9.475,16.1375,20
0_Spectral positive turning points,32.45,28.975,61.425000000000004,20
0_Spectral roll-on,33.2,30.1625,63.362500000000004,20
0_Spectral variation,9.0625,10.25,19.3125,20
0_Wavelet absolute mean_125000000.0Hz,19.95,20.0625,40.0125,20
0_Wavelet absolute mean_27777777.78Hz,18.225,20.0875,38.3125,20
0_Wavelet energy_125000000.0Hz,18.225,20.4375,38.6625,20
0_Wavelet entropy,25.0125,24.35,49.3625,20
0_Zero crossing rate,31.8875,33.425,65.3125,20
0_Absolute energy,12.345238095238095,8.011904761904763,20.357142857142858,21
0_Autocorrelation,10.642857142857142,10.0,20.642857142857142,21
0_ECDF Percentile_0,13.845238095238095,14.130952380952381,27.976190476190474,21
0_ECDF Percentile_1,21.178571428571427,23.142857142857142,44.32142857142857,21
0_Entropy,17.583333333333332,18.238095238095237,35.82142857142857,21
0_Fundamental frequency,26.607142857142858,16.25,42.85714285714286,21
0_Histogram mode,23.30952380952381,19.642857142857142,42.95238095238095,21
0_Interquartile range,10.761904761904763,10.154761904761905,20.916666666666668,21
0_LPCC_0,15.380952380952381,16.94047619047619,32.32142857142857,21
0_LPCC_1,28.714285714285715,30.095238095238095,58.80952380952381,21
0_LPCC_5,31.488095238095237,31.154761904761905,62.64285714285714,21
0_LPCC_6,32.083333333333336,31.714285714285715,63.79761904761905,21
0_MFCC_0,20.333333333333332,19.404761904761905,39.73809523809524,21
0_MFCC_10,24.61904761904762,19.761904761904763,44.38095238095238,21
0_MFCC_11,11.952380952380953,11.785714285714286,23.73809523809524,21
0_MFCC_4,22.821428571428573,22.80952380952381,45.63095238095238,21
0_MFCC_5,17.142857142857142,17.678571428571427,34.82142857142857,21
0_MFCC_8,20.202380952380953,20.5,40.70238095238095,21
0_MFCC_9,16.607142857142858,16.833333333333332,33.44047619047619,21
0_Max,14.738095238095237,18.083333333333332,32.82142857142857,21
0_Maximum frequency,29.261904761904763,20.678571428571427,49.94047619047619,21
0_Mean,21.404761904761905,25.976190476190474,47.38095238095238,21
0_Mean diff,13.071428571428571,17.428571428571427,30.5,21
0_Median,18.345238095238095,21.297619047619047,39.64285714285714,21
0_Median absolute diff,33.45238095238095,37.083333333333336,70.53571428571428,21
0_Median diff,33.69047619047619,38.464285714285715,72.1547619047619,21
0_Median frequency,30.773809523809526,24.5,55.273809523809526,21
0_Negative turning points,36.11904761904762,33.30952380952381,69.42857142857143,21
0_Neighbourhood peaks,36.30952380952381,36.26190476190476,72.57142857142857,21
0_Peak to peak distance,1.4047619047619047,4.559523809523809,5.9642857142857135,21
0_Power bandwidth,31.892857142857142,30.05952380952381,61.95238095238095,21
0_Slope,12.547619047619047,20.61904761904762,33.16666666666667,21
0_Spectral decrease,18.13095238095238,19.214285714285715,37.345238095238095,21
0_Spectral entropy,6.642857142857143,9.488095238095237,16.13095238095238,21
0_Spectral positive turning points,32.273809523809526,28.892857142857142,61.16666666666667,21
0_Spectral roll-on,33.29761904761905,30.226190476190474,63.523809523809526,21
0_Spectral variation,9.047619047619047,10.214285714285714,19.26190476190476,21
0_Wavelet absolute mean_125000000.0Hz,19.714285714285715,20.023809523809526,39.73809523809524,21
0_Wavelet absolute mean_27777777.78Hz,18.285714285714285,20.011904761904763,38.29761904761905,21
0_Wavelet energy_125000000.0Hz,18.154761904761905,20.511904761904763,38.66666666666667,21
0_Wavelet entropy,24.797619047619047,24.357142857142858,49.154761904761905,21
0_Zero crossing rate,32.023809523809526,33.48809523809524,65.51190476190476,21
0_Absolute energy,12.704545454545455,8.090909090909092,20.795454545454547,22
0_Autocorrelation,10.647727272727273,10.011363636363637,20.65909090909091,22
0_ECDF Percentile_0,13.704545454545455,14.034090909090908,27.738636363636363,22
0_ECDF Percentile_1,21.238636363636363,23.25,44.48863636363636,22
0_Entropy,17.943181818181817,18.181818181818183,36.125,22
0_Fundamental frequency,26.727272727272727,16.318181818181817,43.04545454545455,22
0_Histogram mode,23.227272727272727,19.625,42.85227272727273,22
0_Interquartile range,10.761363636363637,10.159090909090908,20.920454545454547,22
0_LPCC_0,15.295454545454545,16.886363636363637,32.18181818181818,22
0_LPCC_1,28.545454545454547,30.045454545454547,58.59090909090909,22
0_LPCC_5,31.568181818181817,31.204545454545453,62.772727272727266,22
0_LPCC_6,31.818181818181817,31.818181818181817,63.63636363636363,22
0_MFCC_0,20.193181818181817,19.454545454545453,39.647727272727266,22
0_MFCC_10,24.511363636363637,19.78409090909091,44.29545454545455,22
0_MFCC_11,11.931818181818182,11.909090909090908,23.84090909090909,22
0_MFCC_4,22.795454545454547,22.875,45.67045454545455,22
0_MFCC_5,17.079545454545453,17.78409090909091,34.86363636363636,22
0_MFCC_8,20.329545454545453,20.34090909090909,40.67045454545455,22
0_MFCC_9,16.5,16.738636363636363,33.23863636363636,22
0_Max,14.727272727272727,18.022727272727273,32.75,22
0_Maximum frequency,28.943181818181817,20.647727272727273,49.59090909090909,22
0_Mean,21.295454545454547,25.988636363636363,47.28409090909091,22
0_Mean diff,13.125,17.454545454545453,30.579545454545453,22
0_Median,18.443181818181817,21.21590909090909,39.65909090909091,22
0_Median absolute diff,33.59090909090909,37.11363636363637,70.70454545454547,22
0_Median diff,33.77272727272727,38.51136363636363,72.2840909090909,22
0_Median frequency,30.806818181818183,24.579545454545453,55.38636363636364,22
0_Negative turning points,36.26136363636363,33.13636363636363,69.39772727272727,22
0_Neighbourhood peaks,36.11363636363637,36.28409090909091,72.39772727272728,22
0_Peak to peak distance,1.4090909090909092,4.556818181818182,5.965909090909091,22
0_Power bandwidth,31.852272727272727,30.068181818181817,61.92045454545455,22
0_Slope,12.431818181818182,20.647727272727273,33.07954545454545,22
0_Spectral decrease,18.25,19.261363636363637,37.51136363636364,22
0_Spectral entropy,6.579545454545454,9.420454545454545,16.0,22
0_Spectral positive turning points,32.06818181818182,28.78409090909091,60.852272727272734,22
0_Spectral roll-on,33.22727272727273,30.306818181818183,63.53409090909091,22
0_Spectral variation,9.090909090909092,10.272727272727273,19.363636363636367,22
0_Wavelet absolute mean_125000000.0Hz,19.75,19.988636363636363,39.73863636363636,22
0_Wavelet absolute mean_27777777.78Hz,18.238636363636363,20.09090909090909,38.32954545454545,22
0_Wavelet energy_125000000.0Hz,18.397727272727273,20.443181818181817,38.84090909090909,22
0_Wavelet entropy,25.181818181818183,24.227272727272727,49.40909090909091,22
0_Zero crossing rate,31.920454545454547,33.46590909090909,65.38636363636364,22
0_Absolute energy,12.58695652173913,8.152173913043478,20.73913043478261,23
0_Autocorrelation,10.673913043478262,10.021739130434783,20.695652173913047,23
0_ECDF Percentile_0,13.75,14.130434782608695,27.880434782608695,23
0_ECDF Percentile_1,21.42391304347826,23.293478260869566,44.71739130434783,23
0_Entropy,17.869565217391305,18.195652173913043,36.065217391304344,23
0_Fundamental frequency,26.76086956521739,16.32608695652174,43.086956521739125,23
0_Histogram mode,23.22826086956522,19.67391304347826,42.902173913043484,23
0_Interquartile range,10.73913043478261,10.16304347826087,20.902173913043477,23
0_LPCC_0,15.282608695652174,16.880434782608695,32.16304347826087,23
0_LPCC_1,28.717391304347824,29.97826086956522,58.69565217391305,23
0_LPCC_5,31.467391304347824,31.054347826086957,62.52173913043478,23
0_LPCC_6,31.83695652173913,31.945652173913043,63.78260869565217,23
0_MFCC_0,20.282608695652176,19.467391304347824,39.75,23
0_MFCC_10,24.641304347826086,19.76086956521739,44.40217391304348,23
0_MFCC_11,11.869565217391305,11.815217391304348,23.684782608695652,23
0_MFCC_4,22.82608695652174,22.869565217391305,45.69565217391305,23
0_MFCC_5,17.108695652173914,17.782608695652176,34.89130434782609,23
0_MFCC_8,20.217391304347824,20.48913043478261,40.70652173913044,23
0_MFCC_9,16.41304347826087,16.57608695652174,32.98913043478261,23
0_Max,14.695652173913043,17.98913043478261,32.684782608695656,23
0_Maximum frequency,29.02173913043478,20.52173913043478,49.54347826086956,23
0_Mean,21.48913043478261,26.054347826086957,47.54347826086956,23
0_Mean diff,13.315217391304348,17.47826086956522,30.793478260869566,23
0_Median,18.33695652173913,21.22826086956522,39.565217391304344,23
0_Median absolute diff,33.68478260869565,37.19565217391305,70.88043478260869,23
0_Median diff,33.59782608695652,38.42391304347826,72.02173913043478,23
0_Median frequency,30.75,24.48913043478261,55.23913043478261,23
0_Negative turning points,36.31521739130435,33.07608695652174,69.3913043478261,23
0_Neighbourhood peaks,36.04347826086956,36.28260869565217,72.32608695652173,23
0_Peak to peak distance,1.391304347826087,4.543478260869565,5.934782608695652,23
0_Power bandwidth,31.82608695652174,30.07608695652174,61.90217391304348,23
0_Slope,12.48913043478261,20.717391304347824,33.20652173913044,23
0_Spectral decrease,18.217391304347824,19.23913043478261,37.45652173913044,23
0_Spectral entropy,6.576086956521739,9.445652173913043,16.02173913043478,23
0_Spectral positive turning points,32.02173913043478,28.76086956521739,60.78260869565217,23
0_Spectral roll-on,33.09782608695652,30.17391304347826,63.27173913043478,23
0_Spectral variation,9.097826086956522,10.26086956521739,19.358695652173914,23
0_Wavelet absolute mean_125000000.0Hz,19.684782608695652,20.0,39.684782608695656,23
0_Wavelet absolute mean_27777777.78Hz,18.152173913043477,20.02173913043478,38.17391304347826,23
0_Wavelet energy_125000000.0Hz,18.41304347826087,20.467391304347824,38.880434782608695,23
0_Wavelet entropy,25.152173913043477,24.42391304347826,49.576086956521735,23
0_Zero crossing rate,31.934782608695652,33.55434782608695,65.48913043478261,23
0_Absolute energy,12.416666666666666,8.072916666666666,20.489583333333332,24
0_Autocorrelation,10.625,10.0,20.625,24
0_ECDF Percentile_0,13.854166666666666,14.208333333333334,28.0625,24
0_ECDF Percentile_1,21.5625,23.40625,44.96875,24
0_Entropy,17.90625,18.15625,36.0625,24
0_Fundamental frequency,26.833333333333332,16.302083333333332,43.135416666666664,24
0_Histogram mode,23.21875,19.697916666666668,42.91666666666667,24
0_Interquartile range,10.697916666666666,10.15625,20.854166666666664,24
0_LPCC_0,15.375,16.9375,32.3125,24
0_LPCC_1,28.760416666666668,30.052083333333332,58.8125,24
0_LPCC_5,31.5625,31.020833333333332,62.58333333333333,24
0_LPCC_6,31.760416666666668,31.895833333333332,63.65625,24
0_MFCC_0,20.552083333333332,19.375,39.92708333333333,24
0_MFCC_10,24.645833333333332,19.791666666666668,44.4375,24
0_MFCC_11,12.114583333333334,11.958333333333334,24.072916666666668,24
0_MFCC_4,22.8125,22.96875,45.78125,24
0_MFCC_5,17.166666666666668,17.666666666666668,34.833333333333336,24
0_MFCC_8,20.1875,20.604166666666668,40.79166666666667,24
0_MFCC_9,16.270833333333332,16.5,32.77083333333333,24
0_Max,14.6875,18.0,32.6875,24
0_Maximum frequency,29.020833333333332,20.510416666666668,49.53125,24
0_Mean,21.572916666666668,26.083333333333332,47.65625,24
0_Mean diff,13.291666666666666,17.541666666666668,30.833333333333336,24
0_Median,18.354166666666668,21.208333333333332,39.5625,24
0_Median absolute diff,33.583333333333336,37.21875,70.80208333333334,24
0_Median diff,33.479166666666664,38.354166666666664,71.83333333333333,24
0_Median frequency,30.697916666666668,24.458333333333332,55.15625,24
0_Negative turning points,36.125,33.114583333333336,69.23958333333334,24
0_Neighbourhood peaks,36.0,36.322916666666664,72.32291666666666,24
0_Peak to peak distance,1.3958333333333333,4.5625,5.958333333333333,24
0_Power bandwidth,31.875,30.104166666666668,61.97916666666667,24
0_Slope,12.416666666666666,20.760416666666668,33.177083333333336,24
0_Spectral decrease,18.0625,19.239583333333332,37.30208333333333,24
0_Spectral entropy,6.572916666666667,9.40625,15.979166666666668,24
0_Spectral positive turning points,32.0,28.770833333333332,60.77083333333333,24
0_Spectral roll-on,33.072916666666664,30.083333333333332,63.15625,24
0_Spectral variation,9.114583333333334,10.3125,19.427083333333336,24
0_Wavelet absolute mean_125000000.0Hz,19.791666666666668,19.958333333333332,39.75,24
0_Wavelet absolute mean_27777777.78Hz,18.09375,19.96875,38.0625,24
0_Wavelet energy_125000000.0Hz,18.5,20.40625,38.90625,24
0_Wavelet entropy,25.15625,24.458333333333332,49.61458333333333,24
0_Zero crossing rate,31.8125,33.385416666666664,65.19791666666666,24
0_Absolute energy,12.44,8.16,20.6,25
0_Autocorrelation,10.68,9.99,20.67,25
0_ECDF Percentile_0,13.71,14.19,27.9,25
0_ECDF Percentile_1,21.48,23.4,44.879999999999995,25
0_Entropy,17.8,18.17,35.97,25
0_Fundamental frequency,26.92,16.27,43.19,25
0_Histogram mode,23.16,19.77,42.93,25
0_Interquartile range,10.66,10.13,20.79,25
0_LPCC_0,15.54,16.88,32.42,25
0_LPCC_1,28.85,29.99,58.84,25
0_LPCC_5,31.55,30.95,62.5,25
0_LPCC_6,31.95,31.79,63.739999999999995,25
0_MFCC_0,20.62,19.42,40.040000000000006,25
0_MFCC_10,24.52,19.76,44.28,25
0_MFCC_11,12.07,11.9,23.97,25
0_MFCC_4,22.8,22.99,45.79,25
0_MFCC_5,17.08,17.7,34.78,25
0_MFCC_8,20.22,20.71,40.93,25
0_MFCC_9,16.26,16.42,32.68000000000001,25
0_Max,14.56,17.98,32.54,25
0_Maximum frequency,28.94,20.47,49.41,25
0_Mean,21.55,26.04,47.59,25
0_Mean diff,13.24,17.53,30.770000000000003,25
0_Median,18.41,21.29,39.7,25
0_Median absolute diff,33.57,37.21,70.78,25
0_Median diff,33.68,38.41,72.09,25
0_Median frequency,30.63,24.43,55.06,25
0_Negative turning points,36.1,33.24,69.34,25
0_Neighbourhood peaks,36.08,36.29,72.37,25
0_Peak to peak distance,1.38,4.56,5.9399999999999995,25
0_Power bandwidth,31.92,30.14,62.06,25
0_Slope,12.51,20.86,33.37,25
0_Spectral decrease,18.2,19.26,37.46,25
0_Spectral entropy,6.53,9.33,15.86,25
0_Spectral positive turning points,31.91,28.78,60.69,25
0_Spectral roll-on,33.04,30.11,63.15,25
0_Spectral variation,9.35,10.36,19.71,25
0_Wavelet absolute mean_125000000.0Hz,19.7,19.96,39.66,25
0_Wavelet absolute mean_27777777.78Hz,18.19,19.99,38.18,25
0_Wavelet energy_125000000.0Hz,18.33,20.41,38.739999999999995,25
0_Wavelet entropy,24.89,24.4,49.29,25
0_Zero crossing rate,31.98,33.36,65.34,25
0_Absolute energy,12.346153846153847,8.153846153846153,20.5,26
0_Autocorrelation,10.663461538461538,9.971153846153847,20.634615384615387,26
0_ECDF Percentile_0,13.73076923076923,14.25,27.98076923076923,26
0_ECDF Percentile_1,21.576923076923077,23.442307692307693,45.019230769230774,26
0_Entropy,17.807692307692307,18.201923076923077,36.00961538461539,26
0_Fundamental frequency,26.98076923076923,16.173076923076923,43.15384615384615,26
0_Histogram mode,23.076923076923077,19.75,42.82692307692308,26
0_Interquartile range,10.615384615384615,10.115384615384615,20.73076923076923,26
0_LPCC_0,15.596153846153847,16.903846153846153,32.5,26
0_LPCC_1,28.826923076923077,29.923076923076923,58.75,26
0_LPCC_5,31.625,31.028846153846153,62.65384615384615,26
0_LPCC_6,31.884615384615383,31.740384615384617,63.625,26
0_MFCC_0,20.5,19.39423076923077,39.894230769230774,26
0_MFCC_10,24.817307692307693,19.701923076923077,44.519230769230774,26
0_MFCC_11,12.028846153846153,11.875,23.903846153846153,26
0_MFCC_4,22.692307692307693,23.0,45.69230769230769,26
0_MFCC_5,17.115384615384617,17.75,34.86538461538461,26
0_MFCC_8,20.10576923076923,20.817307692307693,40.92307692307692,26
0_MFCC_9,16.153846153846153,16.41346153846154,32.56730769230769,26
0_Max,14.653846153846153,18.009615384615383,32.66346153846153,26
0_Maximum frequency,28.91346153846154,20.51923076923077,49.43269230769231,26
0_Mean,21.35576923076923,26.0,47.355769230769226,26
0_Mean diff,13.201923076923077,17.53846153846154,30.740384615384617,26
0_Median,18.403846153846153,21.16346153846154,39.56730769230769,26
0_Median absolute diff,33.5,37.18269230769231,70.6826923076923,26
0_Median diff,33.88461538461539,38.46153846153846,72.34615384615384,26
0_Median frequency,30.76923076923077,24.490384615384617,55.25961538461539,26
0_Negative turning points,36.07692307692308,33.26923076923077,69.34615384615384,26
0_Neighbourhood peaks,36.125,36.15384615384615,72.27884615384616,26
0_Peak to peak distance,1.3846153846153846,4.548076923076923,5.932692307692308,26
0_Power bandwidth,31.990384615384617,30.14423076923077,62.13461538461539,26
0_Slope,12.451923076923077,20.826923076923077,33.27884615384615,26
0_Spectral decrease,18.096153846153847,19.134615384615383,37.230769230769226,26
0_Spectral entropy,6.5,9.307692307692308,15.807692307692308,26
0_Spectral positive turning points,31.91346153846154,28.85576923076923,60.769230769230774,26
0_Spectral roll-on,33.125,30.153846153846153,63.27884615384615,26
0_Spectral variation,9.461538461538462,10.365384615384615,19.826923076923077,26
0_Wavelet absolute mean_125000000.0Hz,19.58653846153846,19.903846153846153,39.49038461538461,26
0_Wavelet absolute mean_27777777.78Hz,18.28846153846154,19.942307692307693,38.23076923076923,26
0_Wavelet energy_125000000.0Hz,18.326923076923077,20.471153846153847,38.79807692307692,26
0_Wavelet entropy,25.0,24.60576923076923,49.605769230769226,26
0_Zero crossing rate,31.846153846153847,33.34615384615385,65.1923076923077,26
0_Absolute energy,12.398148148148149,8.12037037037037,20.51851851851852,27
0_Autocorrelation,10.657407407407407,9.981481481481481,20.638888888888886,27
0_ECDF Percentile_0,13.87037037037037,14.25925925925926,28.12962962962963,27
0_ECDF Percentile_1,21.65740740740741,23.47222222222222,45.12962962962963,27
0_Entropy,17.84259259259259,18.13888888888889,35.98148148148148,27
0_Fundamental frequency,27.0,16.15740740740741,43.157407407407405,27
0_Histogram mode,23.11111111111111,19.73148148148148,42.842592592592595,27
0_Interquartile range,10.564814814814815,10.101851851851851,20.666666666666664,27
0_LPCC_0,15.38888888888889,16.824074074074073,32.21296296296296,27
0_LPCC_1,28.916666666666668,29.89814814814815,58.81481481481482,27
0_LPCC_5,31.52777777777778,30.97222222222222,62.5,27
0_LPCC_6,31.787037037037038,31.75,63.53703703703704,27
0_MFCC_0,20.52777777777778,19.416666666666668,39.94444444444444,27
0_MFCC_10,24.72222222222222,19.666666666666668,44.388888888888886,27
0_MFCC_11,12.018518518518519,11.944444444444445,23.962962962962962,27
0_MFCC_4,22.694444444444443,23.13888888888889,45.83333333333333,27
0_MFCC_5,17.12037037037037,17.685185185185187,34.80555555555556,27
0_MFCC_8,20.055555555555557,20.805555555555557,40.861111111111114,27
0_MFCC_9,16.02777777777778,16.462962962962962,32.49074074074074,27
0_Max,14.592592592592593,17.97222222222222,32.56481481481482,27
0_Maximum frequency,28.88888888888889,20.564814814814813,49.4537037037037,27
0_Mean,21.38888888888889,26.074074074074073,47.46296296296296,27
0_Mean diff,13.212962962962964,17.59259259259259,30.805555555555557,27
0_Median,18.324074074074073,21.13888888888889,39.46296296296296,27
0_Median absolute diff,33.47222222222222,37.23148148148148,70.7037037037037,27
0_Median diff,34.05555555555556,38.49074074074074,72.5462962962963,27
0_Median frequency,30.88888888888889,24.50925925925926,55.39814814814815,27
0_Negative turning points,36.0462962962963,33.324074074074076,69.37037037037038,27
0_Neighbourhood peaks,36.148148148148145,36.19444444444444,72.34259259259258,27
0_Peak to peak distance,1.3981481481481481,4.555555555555555,5.953703703703703,27
0_Power bandwidth,32.00925925925926,30.194444444444443,62.2037037037037,27
0_Slope,12.425925925925926,20.87037037037037,33.2962962962963,27
0_Spectral decrease,17.97222222222222,19.15740740740741,37.12962962962963,27
0_Spectral entropy,6.518518518518518,9.287037037037036,15.805555555555554,27
0_Spectral positive turning points,31.944444444444443,28.73148148148148,60.675925925925924,27
0_Spectral roll-on,33.074074074074076,30.01851851851852,63.092592592592595,27
0_Spectral variation,9.462962962962964,10.37962962962963,19.842592592592595,27
0_Wavelet absolute mean_125000000.0Hz,19.675925925925927,19.824074074074073,39.5,27
0_Wavelet absolute mean_27777777.78Hz,18.25,20.0,38.25,27
0_Wavelet energy_125000000.0Hz,18.453703703703702,20.555555555555557,39.00925925925926,27
0_Wavelet entropy,25.11111111111111,24.50925925925926,49.62037037037037,27
0_Zero crossing rate,31.796296296296298,33.2962962962963,65.0925925925926,27
0_Absolute energy,12.383928571428571,8.125,20.50892857142857,28
0_Autocorrelation,10.625,9.982142857142858,20.607142857142858,28
0_ECDF Percentile_0,13.714285714285714,14.294642857142858,28.00892857142857,28
0_ECDF Percentile_1,21.553571428571427,23.285714285714285,44.83928571428571,28
0_Entropy,17.767857142857142,18.125,35.89285714285714,28
0_Fundamental frequency,27.008928571428573,16.098214285714285,43.10714285714286,28
0_Histogram mode,23.0625,19.741071428571427,42.80357142857143,28
0_Interquartile range,10.607142857142858,10.142857142857142,20.75,28
0_LPCC_0,15.330357142857142,16.785714285714285,32.11607142857143,28
0_LPCC_1,28.982142857142858,29.973214285714285,58.95535714285714,28
0_LPCC_5,31.366071428571427,30.991071428571427,62.357142857142854,28
0_LPCC_6,31.723214285714285,31.660714285714285,63.38392857142857,28
0_MFCC_0,20.651785714285715,19.401785714285715,40.05357142857143,28
0_MFCC_10,24.741071428571427,19.714285714285715,44.45535714285714,28
0_MFCC_11,12.232142857142858,11.928571428571429,24.160714285714285,28
0_MFCC_4,22.875,23.232142857142858,46.10714285714286,28
0_MFCC_5,17.348214285714285,17.6875,35.035714285714285,28
0_MFCC_8,20.214285714285715,20.910714285714285,41.125,28
0_MFCC_9,16.0,16.5,32.5,28
0_Max,14.482142857142858,17.928571428571427,32.410714285714285,28
0_Maximum frequency,28.776785714285715,20.616071428571427,49.39285714285714,28
0_Mean,21.455357142857142,26.008928571428573,47.464285714285715,28
0_Mean diff,13.258928571428571,17.705357142857142,30.964285714285715,28
0_Median,18.446428571428573,21.080357142857142,39.526785714285715,28
0_Median absolute diff,33.30357142857143,37.17857142857143,70.48214285714286,28
0_Median diff,34.17857142857143,38.5,72.67857142857143,28
0_Median frequency,30.741071428571427,24.491071428571427,55.232142857142854,28
0_Negative turning points,36.035714285714285,33.339285714285715,69.375,28
0_Neighbourhood peaks,36.089285714285715,36.25,72.33928571428572,28
0_Peak to peak distance,1.3928571428571428,4.5625,5.955357142857142,28
0_Power bandwidth,32.026785714285715,30.223214285714285,62.25,28
0_Slope,12.366071428571429,20.901785714285715,33.267857142857146,28
0_Spectral decrease,18.169642857142858,19.169642857142858,37.339285714285715,28
0_Spectral entropy,6.544642857142857,9.303571428571429,15.848214285714285,28
0_Spectral positive turning points,32.0,28.758928571428573,60.75892857142857,28
0_Spectral roll-on,33.107142857142854,30.044642857142858,63.15178571428571,28
0_Spectral variation,9.383928571428571,10.321428571428571,19.705357142857142,28
0_Wavelet absolute mean_125000000.0Hz,19.508928571428573,19.723214285714285,39.23214285714286,28
0_Wavelet absolute mean_27777777.78Hz,18.401785714285715,19.821428571428573,38.22321428571429,28
0_Wavelet energy_125000000.0Hz,18.401785714285715,20.598214285714285,39.0,28
0_Wavelet entropy,25.053571428571427,24.482142857142858,49.535714285714285,28
0_Zero crossing rate,31.6875,33.410714285714285,65.09821428571428,28
0_Absolute energy,12.362068965517242,8.163793103448276,20.525862068965516,29
0_Autocorrelation,10.594827586206897,9.96551724137931,20.560344827586206,29
0_ECDF Percentile_0,13.594827586206897,14.310344827586206,27.905172413793103,29
0_ECDF Percentile_1,21.53448275862069,23.275862068965516,44.810344827586206,29
0_Entropy,17.75,18.146551724137932,35.896551724137936,29
0_Fundamental frequency,26.896551724137932,16.103448275862068,43.0,29
0_Histogram mode,22.99137931034483,19.655172413793103,42.646551724137936,29
0_Interquartile range,10.560344827586206,10.10344827586207,20.663793103448278,29
0_LPCC_0,15.327586206896552,16.810344827586206,32.13793103448276,29
0_LPCC_1,29.060344827586206,29.95689655172414,59.01724137931035,29
0_LPCC_5,31.525862068965516,30.974137931034484,62.5,29
0_LPCC_6,31.767241379310345,31.68103448275862,63.44827586206897,29
0_MFCC_0,20.594827586206897,19.344827586206897,39.939655172413794,29
0_MFCC_10,24.95689655172414,19.70689655172414,44.66379310344828,29
0_MFCC_11,12.21551724137931,11.922413793103448,24.137931034482758,29
0_MFCC_4,22.81896551724138,23.25862068965517,46.077586206896555,29
0_MFCC_5,17.405172413793103,17.79310344827586,35.19827586206897,29
0_MFCC_8,20.129310344827587,20.99137931034483,41.12068965517241,29
0_MFCC_9,16.0,16.46551724137931,32.46551724137931,29
0_Max,14.431034482758621,17.913793103448278,32.3448275862069,29
0_Maximum frequency,28.862068965517242,20.517241379310345,49.37931034482759,29
0_Mean,21.43103448275862,25.905172413793103,47.33620689655172,29
0_Mean diff,13.301724137931034,17.655172413793103,30.956896551724135,29
0_Median,18.586206896551722,21.086206896551722,39.672413793103445,29
0_Median absolute diff,33.310344827586206,37.14655172413793,70.45689655172413,29
0_Median diff,34.3448275862069,38.525862068965516,72.87068965517241,29
0_Median frequency,30.70689655172414,24.42241379310345,55.12931034482759,29
0_Negative turning points,36.008620689655174,33.4051724137931,69.41379310344828,29
0_Neighbourhood peaks,36.12931034482759,36.25,72.37931034482759,29
0_Peak to peak distance,1.3879310344827587,4.551724137931035,5.939655172413794,29
0_Power bandwidth,32.16379310344828,30.25,62.41379310344828,29
0_Slope,12.362068965517242,20.870689655172413,33.23275862068965,29
0_Spectral decrease,18.103448275862068,19.155172413793103,37.258620689655174,29
0_Spectral entropy,6.543103448275862,9.310344827586206,15.853448275862068,29
0_Spectral positive turning points,31.982758620689655,28.775862068965516,60.758620689655174,29
0_Spectral roll-on,33.19827586206897,30.094827586206897,63.293103448275865,29
0_Spectral variation,9.39655172413793,10.370689655172415,19.767241379310345,29
0_Wavelet absolute mean_125000000.0Hz,19.50862068965517,19.896551724137932,39.4051724137931,29
0_Wavelet absolute mean_27777777.78Hz,18.32758620689655,19.862068965517242,38.189655172413794,29
0_Wavelet energy_125000000.0Hz,18.28448275862069,20.49137931034483,38.77586206896552,29
0_Wavelet entropy,24.870689655172413,24.482758620689655,49.353448275862064,29
0_Zero crossing rate,31.67241379310345,33.43103448275862,65.10344827586206,29
0_Absolute energy,12.325,8.283333333333333,20.608333333333334,30
0_Autocorrelation,10.566666666666666,9.95,20.516666666666666,30
0_ECDF Percentile_0,13.458333333333334,14.275,27.733333333333334,30
0_ECDF Percentile_1,21.475,23.283333333333335,44.75833333333334,30
0_Entropy,17.708333333333332,18.191666666666666,35.9,30
0_Fundamental frequency,26.783333333333335,16.066666666666666,42.85,30
0_Histogram mode,22.958333333333332,19.65,42.608333333333334,30
0_Interquartile range,10.516666666666667,10.066666666666666,20.583333333333336,30
0_LPCC_0,15.458333333333334,16.891666666666666,32.35,30
0_LPCC_1,29.15,29.983333333333334,59.13333333333333,30
0_LPCC_5,31.55,31.15,62.7,30
0_LPCC_6,31.991666666666667,31.591666666666665,63.58333333333333,30
0_MFCC_0,20.591666666666665,19.266666666666666,39.858333333333334,30
0_MFCC_10,24.816666666666666,19.675,44.49166666666667,30
0_MFCC_11,12.25,11.983333333333333,24.233333333333334,30
0_MFCC_4,22.933333333333334,23.2,46.13333333333333,30
0_MFCC_5,17.55,17.991666666666667,35.54166666666667,30
0_MFCC_8,20.216666666666665,21.025,41.24166666666666,30
0_MFCC_9,15.958333333333334,16.383333333333333,32.34166666666667,30
0_Max,14.416666666666666,17.9,32.31666666666666,30
0_Maximum frequency,28.841666666666665,20.416666666666668,49.25833333333333,30
0_Mean,21.4,25.85,47.25,30
0_Mean diff,13.3,17.675,30.975,30
0_Median,18.658333333333335,21.091666666666665,39.75,30
0_Median absolute diff,33.275,37.06666666666667,70.34166666666667,30
0_Median diff,34.44166666666667,38.55,72.99166666666667,30
0_Median frequency,30.6,24.391666666666666,54.99166666666667,30
0_Negative turning points,35.975,33.358333333333334,69.33333333333334,30
0_Neighbourhood peaks,36.15833333333333,36.30833333333333,72.46666666666667,30
0_Peak to peak distance,1.3916666666666666,4.541666666666667,5.933333333333334,30
0_Power bandwidth,32.075,30.258333333333333,62.333333333333336,30
0_Slope,12.583333333333334,20.991666666666667,33.575,30
0_Spectral decrease,18.2,19.158333333333335,37.358333333333334,30
0_Spectral entropy,6.516666666666667,9.316666666666666,15.833333333333332,30
0_Spectral positive turning points,31.891666666666666,28.666666666666668,60.55833333333334,30
0_Spectral roll-on,33.21666666666667,30.125,63.34166666666667,30
0_Spectral variation,9.358333333333333,10.35,19.708333333333332,30
0_Wavelet absolute mean_125000000.0Hz,19.416666666666668,19.875,39.29166666666667,30
0_Wavelet absolute mean_27777777.78Hz,18.375,19.875,38.25,30
0_Wavelet energy_125000000.0Hz,18.15,20.441666666666666,38.59166666666667,30
0_Wavelet entropy,24.75,24.425,49.175,30
0_Zero crossing rate,31.75,33.458333333333336,65.20833333333334,30
0_Absolute energy,12.629032258064516,8.362903225806452,20.991935483870968,31
0_Autocorrelation,10.524193548387096,9.919354838709678,20.443548387096776,31
0_ECDF Percentile_0,13.5,14.233870967741936,27.733870967741936,31
0_ECDF Percentile_1,21.491935483870968,23.379032258064516,44.87096774193549,31
0_Entropy,17.782258064516128,18.14516129032258,35.927419354838705,31
0_Fundamental frequency,26.741935483870968,16.088709677419356,42.83064516129032,31
0_Histogram mode,22.991935483870968,19.60483870967742,42.596774193548384,31
0_Interquartile range,10.475806451612904,10.040322580645162,20.516129032258064,31
0_LPCC_0,15.483870967741936,16.830645161290324,32.314516129032256,31
0_LPCC_1,28.991935483870968,29.870967741935484,58.86290322580645,31
0_LPCC_5,31.387096774193548,31.153225806451612,62.54032258064516,31
0_LPCC_6,31.911290322580644,31.56451612903226,63.475806451612904,31
0_MFCC_0,20.451612903225808,19.18548387096774,39.63709677419355,31
0_MFCC_10,24.629032258064516,19.725806451612904,44.35483870967742,31
0_MFCC_11,12.225806451612904,11.935483870967742,24.161290322580648,31
0_MFCC_4,23.20967741935484,23.225806451612904,46.435483870967744,31
0_MFCC_5,17.56451612903226,18.032258064516128,35.596774193548384,31
0_MFCC_8,20.298387096774192,21.080645161290324,41.37903225806451,31
0_MFCC_9,15.911290322580646,16.31451612903226,32.225806451612904,31
0_Max,14.370967741935484,17.79032258064516,32.16129032258064,31
0_Maximum frequency,28.862903225806452,20.370967741935484,49.233870967741936,31
0_Mean,21.43548387096774,25.782258064516128,47.21774193548387,31
0_Mean diff,13.274193548387096,17.620967741935484,30.89516129032258,31
0_Median,18.60483870967742,21.120967741935484,39.725806451612904,31
0_Median absolute diff,33.33064516129032,37.056451612903224,70.38709677419354,31
0_Median diff,34.564516129032256,38.58064516129032,73.14516129032258,31
0_Median frequency,30.56451612903226,24.387096774193548,54.95161290322581,31
0_Negative turning points,35.975806451612904,33.33870967741935,69.31451612903226,31
0_Neighbourhood peaks,36.064516129032256,36.25,72.31451612903226,31
0_Peak to peak distance,1.3951612903225807,4.532258064516129,5.92741935483871,31
0_Power bandwidth,31.983870967741936,30.266129032258064,62.25,31
0_Slope,12.71774193548387,21.04032258064516,33.75806451612903,31
0_Spectral decrease,18.18548387096774,19.201612903225808,37.38709677419355,31
0_Spectral entropy,6.459677419354839,9.266129032258064,15.725806451612904,31
0_Spectral positive turning points,31.70967741935484,28.758064516129032,60.46774193548387,31
0_Spectral roll-on,33.24193548387097,30.177419354838708,63.41935483870968,31
0_Spectral variation,9.443548387096774,10.508064516129032,19.951612903225808,31
0_Wavelet absolute mean_125000000.0Hz,19.39516129032258,20.04032258064516,39.435483870967744,31
0_Wavelet absolute mean_27777777.78Hz,18.322580645161292,19.822580645161292,38.145161290322584,31
0_Wavelet energy_125000000.0Hz,18.258064516129032,20.467741935483872,38.725806451612904,31
0_Wavelet entropy,24.903225806451612,24.451612903225808,49.35483870967742,31
0_Zero crossing rate,31.733870967741936,33.475806451612904,65.20967741935485,31
0_Absolute energy,12.6015625,8.34375,20.9453125,32
0_Autocorrelation,10.5234375,9.8828125,20.40625,32
0_ECDF Percentile_0,13.546875,14.1953125,27.7421875,32
0_ECDF Percentile_1,21.609375,23.515625,45.125,32
0_Entropy,17.8125,18.1328125,35.9453125,32
0_Fundamental frequency,26.734375,15.9765625,42.7109375,32
0_Histogram mode,23.0234375,19.6484375,42.671875,32
0_Interquartile range,10.46875,10.0078125,20.4765625,32
0_LPCC_0,15.3828125,16.796875,32.1796875,32
0_LPCC_1,28.953125,29.9765625,58.9296875,32
0_LPCC_5,31.34375,31.21875,62.5625,32
0_LPCC_6,31.9140625,31.5859375,63.5,32
0_MFCC_0,20.3828125,19.1328125,39.515625,32
0_MFCC_10,24.6328125,19.7421875,44.375,32
0_MFCC_11,12.1640625,11.953125,24.1171875,32
0_MFCC_4,23.0625,23.25,46.3125,32
0_MFCC_5,17.6015625,17.9296875,35.53125,32
0_MFCC_8,20.3125,21.15625,41.46875,32
0_MFCC_9,16.0,16.34375,32.34375,32
0_Max,14.4375,17.7734375,32.2109375,32
0_Maximum frequency,28.75,20.34375,49.09375,32
0_Mean,21.53125,25.84375,47.375,32
0_Mean diff,13.2421875,17.640625,30.8828125,32
0_Median,18.6953125,21.1875,39.8828125,32
0_Median absolute diff,33.1953125,37.0546875,70.25,32
0_Median diff,34.3828125,38.4921875,72.875,32
0_Median frequency,30.578125,24.453125,55.03125,32
0_Negative turning points,35.921875,33.1796875,69.1015625,32
0_Neighbourhood peaks,36.03125,36.296875,72.328125,32
0_Peak to peak distance,1.421875,4.5625,5.984375,32
0_Power bandwidth,32.0078125,30.1640625,62.171875,32
0_Slope,12.8203125,21.125,33.9453125,32
0_Spectral decrease,18.234375,19.1484375,37.3828125,32
0_Spectral entropy,6.484375,9.25,15.734375,32
0_Spectral positive turning points,31.640625,28.7578125,60.3984375,32
0_Spectral roll-on,33.359375,30.21875,63.578125,32
0_Spectral variation,9.3984375,10.515625,19.9140625,32
0_Wavelet absolute mean_125000000.0Hz,19.390625,20.078125,39.46875,32
0_Wavelet absolute mean_27777777.78Hz,18.296875,19.90625,38.203125,32
0_Wavelet energy_125000000.0Hz,18.375,20.4140625,38.7890625,32
0_Wavelet entropy,25.1171875,24.3828125,49.5,32
0_Zero crossing rate,31.6171875,33.421875,65.0390625,32
0_Absolute energy,12.5,8.325757575757576,20.825757575757578,33
0_Autocorrelation,10.515151515151516,9.886363636363637,20.401515151515152,33
0_ECDF Percentile_0,13.659090909090908,14.181818181818182,27.84090909090909,33
0_ECDF Percentile_1,21.810606060606062,23.37121212121212,45.18181818181819,33
0_Entropy,18.083333333333332,18.143939393939394,36.22727272727273,33
0_Fundamental frequency,26.651515151515152,15.977272727272727,42.628787878787875,33
0_Histogram mode,23.053030303030305,19.696969696969695,42.75,33
0_Interquartile range,10.462121212121213,9.969696969696969,20.43181818181818,33
0_LPCC_0,15.303030303030303,16.803030303030305,32.10606060606061,33
0_LPCC_1,28.893939393939394,29.946969696969695,58.84090909090909,33
0_LPCC_5,31.272727272727273,31.28787878787879,62.56060606060606,33
0_LPCC_6,31.96969696969697,31.636363636363637,63.60606060606061,33
0_MFCC_0,20.28787878787879,19.03030303030303,39.31818181818182,33
0_MFCC_10,24.606060606060606,19.689393939393938,44.29545454545455,33
0_MFCC_11,12.333333333333334,12.015151515151516,24.34848484848485,33
0_MFCC_4,22.863636363636363,23.227272727272727,46.09090909090909,33
0_MFCC_5,17.71212121212121,17.803030303030305,35.515151515151516,33
0_MFCC_8,20.234848484848484,21.204545454545453,41.43939393939394,33
0_MFCC_9,15.969696969696969,16.333333333333332,32.3030303030303,33
0_Max,14.477272727272727,17.727272727272727,32.20454545454545,33
0_Maximum frequency,28.803030303030305,20.325757575757574,49.128787878787875,33
0_Mean,21.401515151515152,25.87878787878788,47.28030303030303,33
0_Mean diff,13.325757575757576,17.704545454545453,31.03030303030303,33
0_Median,18.75,21.272727272727273,40.02272727272727,33
0_Median absolute diff,33.196969696969695,37.015151515151516,70.21212121212122,33
0_Median diff,34.17424242424242,38.43939393939394,72.61363636363636,33
0_Median frequency,30.545454545454547,24.446969696969695,54.99242424242424,33
0_Negative turning points,35.86363636363637,33.128787878787875,68.99242424242425,33
0_Neighbourhood peaks,36.015151515151516,36.31818181818182,72.33333333333334,33
0_Peak to peak distance,1.4166666666666667,4.553030303030303,5.96969696969697,33
0_Power bandwidth,31.992424242424242,30.15909090909091,62.151515151515156,33
0_Slope,12.75,21.12121212121212,33.871212121212125,33
0_Spectral decrease,18.295454545454547,19.196969696969695,37.49242424242424,33
0_Spectral entropy,6.446969696969697,9.227272727272727,15.674242424242424,33
0_Spectral positive turning points,31.674242424242426,28.848484848484848,60.52272727272727,33
0_Spectral roll-on,33.39393939393939,30.265151515151516,63.65909090909091,33
0_Spectral variation,9.401515151515152,10.507575757575758,19.90909090909091,33
0_Wavelet absolute mean_125000000.0Hz,19.348484848484848,20.03787878787879,39.38636363636364,33
0_Wavelet absolute mean_27777777.78Hz,18.424242424242426,19.90909090909091,38.333333333333336,33
0_Wavelet energy_125000000.0Hz,18.46212121212121,20.492424242424242,38.95454545454545,33
0_Wavelet entropy,25.075757575757574,24.40909090909091,49.484848484848484,33
0_Zero crossing rate,31.583333333333332,33.484848484848484,65.06818181818181,33
0_Absolute energy,12.551470588235293,8.389705882352942,20.941176470588236,34
0_Autocorrelation,10.522058823529411,9.889705882352942,20.411764705882355,34
0_ECDF Percentile_0,13.617647058823529,14.213235294117647,27.830882352941174,34
0_ECDF Percentile_1,21.720588235294116,23.345588235294116,45.06617647058823,34
0_Entropy,18.044117647058822,18.110294117647058,36.154411764705884,34
0_Fundamental frequency,26.63235294117647,15.955882352941176,42.588235294117645,34
0_Histogram mode,22.99264705882353,19.639705882352942,42.63235294117647,34
0_Interquartile range,10.448529411764707,9.963235294117647,20.411764705882355,34
0_LPCC_0,15.227941176470589,16.75,31.977941176470587,34
0_LPCC_1,28.919117647058822,29.875,58.794117647058826,34
0_LPCC_5,31.24264705882353,31.323529411764707,62.56617647058823,34
0_LPCC_6,32.00735294117647,31.61764705882353,63.625,34
0_MFCC_0,20.345588235294116,19.022058823529413,39.36764705882353,34
0_MFCC_10,24.485294117647058,19.676470588235293,44.16176470588235,34
0_MFCC_11,12.367647058823529,12.051470588235293,24.419117647058822,34
0_MFCC_4,22.875,23.25,46.125,34
0_MFCC_5,17.808823529411764,17.735294117647058,35.544117647058826,34
0_MFCC_8,20.21323529411765,21.220588235294116,41.43382352941177,34
0_MFCC_9,15.985294117647058,16.316176470588236,32.30147058823529,34
0_Max,14.455882352941176,17.71323529411765,32.169117647058826,34
0_Maximum frequency,28.86764705882353,20.360294117647058,49.22794117647059,34
0_Mean,21.404411764705884,25.875,47.279411764705884,34
0_Mean diff,13.441176470588236,17.705882352941178,31.147058823529413,34
0_Median,18.683823529411764,21.272058823529413,39.955882352941174,34
0_Median absolute diff,33.095588235294116,36.98529411764706,70.08088235294117,34
0_Median diff,34.01470588235294,38.4485294117647,72.46323529411765,34
0_Median frequency,30.602941176470587,24.397058823529413,55.0,34
0_Negative turning points,36.01470588235294,33.1764705882353,69.19117647058823,34
0_Neighbourhood peaks,36.01470588235294,36.35294117647059,72.36764705882354,34
0_Peak to peak distance,1.411764705882353,4.551470588235294,5.963235294117648,34
0_Power bandwidth,32.05882352941177,30.176470588235293,62.23529411764706,34
0_Slope,12.705882352941176,21.044117647058822,33.75,34
0_Spectral decrease,18.345588235294116,19.220588235294116,37.56617647058823,34
0_Spectral entropy,6.463235294117647,9.242647058823529,15.705882352941176,34
0_Spectral positive turning points,31.830882352941178,28.830882352941178,60.661764705882355,34
0_Spectral roll-on,33.47794117647059,30.301470588235293,63.779411764705884,34
0_Spectral variation,9.352941176470589,10.477941176470589,19.830882352941178,34
0_Wavelet absolute mean_125000000.0Hz,19.477941176470587,20.220588235294116,39.6985294117647,34
0_Wavelet absolute mean_27777777.78Hz,18.352941176470587,19.919117647058822,38.272058823529406,34
0_Wavelet energy_125000000.0Hz,18.330882352941178,20.46323529411765,38.794117647058826,34
0_Wavelet entropy,24.91176470588235,24.426470588235293,49.338235294117645,34
0_Zero crossing rate,31.676470588235293,33.49264705882353,65.16911764705883,34
0_Absolute energy,12.378571428571428,8.35,20.728571428571428,35
0_Autocorrelation,10.678571428571429,9.928571428571429,20.607142857142858,35
0_ECDF Percentile_0,13.707142857142857,14.185714285714285,27.892857142857142,35
0_ECDF Percentile_1,21.821428571428573,23.364285714285714,45.18571428571428,35
0_Entropy,18.0,18.12857142857143,36.12857142857143,35
0_Fundamental frequency,26.65714285714286,15.942857142857143,42.6,35
0_Histogram mode,22.914285714285715,19.642857142857142,42.55714285714286,35
0_Interquartile range,10.521428571428572,9.907142857142857,20.42857142857143,35
0_LPCC_0,15.278571428571428,16.857142857142858,32.135714285714286,35
0_LPCC_1,28.87857142857143,29.935714285714287,58.81428571428572,35
0_LPCC_5,31.142857142857142,31.32857142857143,62.471428571428575,35
0_LPCC_6,31.87142857142857,31.55,63.42142857142857,35
0_MFCC_0,20.292857142857144,19.007142857142856,39.3,35
0_MFCC_10,24.35,19.692857142857143,44.042857142857144,35
0_MFCC_11,12.357142857142858,12.035714285714286,24.392857142857146,35
0_MFCC_4,22.985714285714284,23.27857142857143,46.26428571428571,35
0_MFCC_5,17.821428571428573,17.785714285714285,35.60714285714286,35
0_MFCC_8,20.4,21.285714285714285,41.68571428571428,35
0_MFCC_9,16.0,16.335714285714285,32.33571428571429,35
0_Max,14.4,17.707142857142856,32.107142857142854,35
0_Maximum frequency,28.735714285714284,20.385714285714286,49.12142857142857,35
0_Mean,21.428571428571427,25.90714285714286,47.33571428571429,35
0_Mean diff,13.414285714285715,17.664285714285715,31.07857142857143,35
0_Median,18.65714285714286,21.271428571428572,39.92857142857143,35
0_Median absolute diff,33.18571428571428,36.97142857142857,70.15714285714284,35
0_Median diff,33.871428571428574,38.385714285714286,72.25714285714287,35
0_Median frequency,30.65714285714286,24.4,55.05714285714286,35
0_Negative turning points,35.957142857142856,33.2,69.15714285714286,35
0_Neighbourhood peaks,35.95,36.27142857142857,72.22142857142858,35
0_Peak to peak distance,1.4071428571428573,4.55,5.957142857142857,35
0_Power bandwidth,32.114285714285714,30.185714285714287,62.3,35
0_Slope,12.657142857142857,20.97142857142857,33.628571428571426,35
0_Spectral decrease,18.3,19.25,37.55,35
0_Spectral entropy,6.464285714285714,9.207142857142857,15.67142857142857,35
0_Spectral positive turning points,31.757142857142856,28.864285714285714,60.62142857142857,35
0_Spectral roll-on,33.47857142857143,30.32857142857143,63.80714285714286,35
0_Spectral variation,9.485714285714286,10.478571428571428,19.964285714285715,35
0_Wavelet absolute mean_125000000.0Hz,19.55,20.27857142857143,39.82857142857143,35
0_Wavelet absolute mean_27777777.78Hz,18.42142857142857,19.857142857142858,38.278571428571425,35
0_Wavelet energy_125000000.0Hz,18.37857142857143,20.40714285714286,38.78571428571429,35
0_Wavelet entropy,24.87857142857143,24.37142857142857,49.25,35
0_Zero crossing rate,31.792857142857144,33.542857142857144,65.33571428571429,35
0_Absolute energy,12.305555555555555,8.3125,20.618055555555557,36
0_Autocorrelation,10.67361111111111,9.930555555555555,20.604166666666664,36
0_ECDF Percentile_0,13.756944444444445,14.229166666666666,27.98611111111111,36
0_ECDF Percentile_1,21.75,23.375,45.125,36
0_Entropy,18.006944444444443,18.131944444444443,36.138888888888886,36
0_Fundamental frequency,26.54861111111111,15.88888888888889,42.4375,36
0_Histogram mode,22.958333333333332,19.65277777777778,42.611111111111114,36
0_Interquartile range,10.416666666666666,9.854166666666666,20.270833333333332,36
0_LPCC_0,15.215277777777779,16.88888888888889,32.10416666666667,36
0_LPCC_1,28.854166666666668,29.95138888888889,58.80555555555556,36
0_LPCC_5,31.131944444444443,31.375,62.50694444444444,36
0_LPCC_6,31.868055555555557,31.45138888888889,63.31944444444444,36
0_MFCC_0,20.34027777777778,18.993055555555557,39.333333333333336,36
0_MFCC_10,24.38888888888889,19.70138888888889,44.09027777777778,36
0_MFCC_11,12.291666666666666,11.993055555555555,24.28472222222222,36
0_MFCC_4,22.993055555555557,23.34722222222222,46.34027777777778,36
0_MFCC_5,17.708333333333332,17.73611111111111,35.44444444444444,36
0_MFCC_8,20.381944444444443,21.34027777777778,41.72222222222222,36
0_MFCC_9,15.9375,16.32638888888889,32.263888888888886,36
0_Max,14.409722222222221,17.770833333333332,32.18055555555556,36
0_Maximum frequency,28.84722222222222,20.40277777777778,49.25,36
0_Mean,21.53472222222222,25.92361111111111,47.45833333333333,36
0_Mean diff,13.368055555555555,17.631944444444443,31.0,36
0_Median,18.67361111111111,21.32638888888889,40.0,36
0_Median absolute diff,33.173611111111114,36.90972222222222,70.08333333333334,36
0_Median diff,34.02777777777778,38.40972222222222,72.4375,36
0_Median frequency,30.65972222222222,24.381944444444443,55.041666666666664,36
0_Negative turning points,35.93055555555556,33.236111111111114,69.16666666666667,36
0_Neighbourhood peaks,36.020833333333336,36.291666666666664,72.3125,36
0_Peak to peak distance,1.4166666666666667,4.548611111111111,5.965277777777778,36
0_Power bandwidth,32.1875,30.194444444444443,62.38194444444444,36
0_Slope,12.75,21.006944444444443,33.75694444444444,36
0_Spectral decrease,18.229166666666668,19.131944444444443,37.361111111111114,36
0_Spectral entropy,6.520833333333333,9.23611111111111,15.756944444444443,36
0_Spectral positive turning points,31.90277777777778,28.916666666666668,60.81944444444444,36
0_Spectral roll-on,33.5,30.34722222222222,63.84722222222222,36
0_Spectral variation,9.506944444444445,10.5,20.006944444444443,36
0_Wavelet absolute mean_125000000.0Hz,19.493055555555557,20.194444444444443,39.6875,36
0_Wavelet absolute mean_27777777.78Hz,18.47222222222222,19.868055555555557,38.34027777777778,36
0_Wavelet energy_125000000.0Hz,18.34027777777778,20.381944444444443,38.72222222222222,36
0_Wavelet entropy,24.708333333333332,24.34722222222222,49.05555555555556,36
0_Zero crossing rate,31.79861111111111,33.5625,65.36111111111111,36
0_Absolute energy,12.29054054054054,8.29054054054054,20.58108108108108,37
0_Autocorrelation,10.66891891891892,9.932432432432432,20.60135135135135,37
0_ECDF Percentile_0,13.702702702702704,14.243243243243244,27.945945945945947,37
0_ECDF Percentile_1,21.72972972972973,23.405405405405407,45.13513513513514,37
0_Entropy,17.986486486486488,18.135135135135137,36.12162162162163,37
0_Fundamental frequency,26.60810810810811,15.95945945945946,42.567567567567565,37
0_Histogram mode,23.0,19.716216216216218,42.71621621621622,37
0_Interquartile range,10.391891891891891,9.824324324324325,20.216216216216218,37
0_LPCC_0,15.08108108108108,16.81081081081081,31.89189189189189,37
0_LPCC_1,28.85135135135135,29.986486486486488,58.83783783783784,37
0_LPCC_5,31.06081081081081,31.31756756756757,62.37837837837838,37
0_LPCC_6,31.864864864864863,31.45945945945946,63.32432432432432,37
0_MFCC_0,20.27027027027027,19.027027027027028,39.2972972972973,37
0_MFCC_10,24.33108108108108,19.70945945945946,44.04054054054054,37
0_MFCC_11,12.236486486486486,11.912162162162161,24.148648648648646,37
0_MFCC_4,22.93918918918919,23.33783783783784,46.27702702702703,37
0_MFCC_5,17.675675675675677,17.72972972972973,35.4054054054054,37
0_MFCC_8,20.31756756756757,21.29054054054054,41.60810810810811,37
0_MFCC_9,15.93918918918919,16.33783783783784,32.27702702702703,37
0_Max,14.391891891891891,17.79054054054054,32.182432432432435,37
0_Maximum frequency,28.736486486486488,20.405405405405407,49.141891891891895,37
0_Mean,21.56081081081081,25.945945945945947,47.50675675675676,37
0_Mean diff,13.304054054054054,17.58783783783784,30.891891891891895,37
0_Median,18.722972972972972,21.31081081081081,40.03378378378378,37
0_Median absolute diff,33.16891891891892,36.939189189189186,70.1081081081081,37
0_Median diff,34.17567567567568,38.445945945945944,72.62162162162161,37
0_Median frequency,30.64189189189189,24.39864864864865,55.04054054054054,37
0_Negative turning points,36.0,33.29054054054054,69.29054054054055,37
0_Neighbourhood peaks,36.060810810810814,36.2972972972973,72.35810810810811,37
0_Peak to peak distance,1.4391891891891893,4.587837837837838,6.027027027027027,37
0_Power bandwidth,32.195945945945944,30.135135135135137,62.33108108108108,37
0_Slope,12.702702702702704,20.972972972972972,33.67567567567568,37
0_Spectral decrease,18.33783783783784,19.12837837837838,37.46621621621622,37
0_Spectral entropy,6.554054054054054,9.277027027027026,15.83108108108108,37
0_Spectral positive turning points,32.054054054054056,28.804054054054053,60.85810810810811,37
0_Spectral roll-on,33.560810810810814,30.385135135135137,63.94594594594595,37
0_Spectral variation,9.466216216216216,10.5,19.966216216216218,37
0_Wavelet absolute mean_125000000.0Hz,19.533783783783782,20.277027027027028,39.81081081081081,37
0_Wavelet absolute mean_27777777.78Hz,18.5472972972973,19.81756756756757,38.36486486486487,37
0_Wavelet energy_125000000.0Hz,18.256756756756758,20.35135135135135,38.60810810810811,37
0_Wavelet entropy,24.79054054054054,24.37162162162162,49.16216216216216,37
0_Zero crossing rate,31.85135135135135,33.554054054054056,65.4054054054054,37
0_Absolute energy,12.263157894736842,8.335526315789474,20.598684210526315,38
0_Autocorrelation,10.657894736842104,9.93421052631579,20.592105263157894,38
0_ECDF Percentile_0,13.625,14.289473684210526,27.914473684210527,38
0_ECDF Percentile_1,21.651315789473685,23.394736842105264,45.046052631578945,38
0_Entropy,17.914473684210527,18.098684210526315,36.01315789473684,38
0_Fundamental frequency,26.611842105263158,15.94078947368421,42.55263157894737,38
0_Histogram mode,23.0,19.723684210526315,42.723684210526315,38
0_Interquartile range,10.421052631578947,9.842105263157896,20.263157894736842,38
0_LPCC_0,15.032894736842104,16.79605263157895,31.828947368421055,38
0_LPCC_1,28.81578947368421,30.039473684210527,58.85526315789474,38
0_LPCC_5,31.125,31.236842105263158,62.36184210526316,38
0_LPCC_6,31.74342105263158,31.473684210526315,63.21710526315789,38
0_MFCC_0,20.236842105263158,18.99342105263158,39.23026315789474,38
0_MFCC_10,24.375,19.81578947368421,44.190789473684205,38
0_MFCC_11,12.421052631578947,11.914473684210526,24.335526315789473,38
0_MFCC_4,22.973684210526315,23.282894736842106,46.256578947368425,38
0_MFCC_5,17.75,17.789473684210527,35.53947368421053,38
0_MFCC_8,20.30921052631579,21.29605263157895,41.60526315789474,38
0_MFCC_9,15.914473684210526,16.407894736842106,32.32236842105263,38
0_Max,14.322368421052632,17.789473684210527,32.11184210526316,38
0_Maximum frequency,28.638157894736842,20.38157894736842,49.01973684210526,38
0_Mean,21.625,25.980263157894736,47.60526315789474,38
0_Mean diff,13.342105263157896,17.625,30.967105263157897,38
0_Median,18.736842105263158,21.269736842105264,40.006578947368425,38
0_Median absolute diff,33.2171052631579,36.9671052631579,70.1842105263158,38
0_Median diff,34.25657894736842,38.48026315789474,72.73684210526315,38
0_Median frequency,30.611842105263158,24.348684210526315,54.96052631578947,38
0_Negative turning points,36.078947368421055,33.30921052631579,69.38815789473685,38
0_Neighbourhood peaks,36.046052631578945,36.30921052631579,72.35526315789474,38
0_Peak to peak distance,1.4276315789473684,4.578947368421052,6.00657894736842,38
0_Power bandwidth,32.19736842105263,30.07894736842105,62.276315789473685,38
0_Slope,12.664473684210526,20.973684210526315,33.63815789473684,38
0_Spectral decrease,18.355263157894736,19.13157894736842,37.48684210526316,38
0_Spectral entropy,6.592105263157895,9.30921052631579,15.901315789473685,38
0_Spectral positive turning points,32.05921052631579,28.88157894736842,60.940789473684205,38
0_Spectral roll-on,33.51315789473684,30.42105263157895,63.934210526315795,38
0_Spectral variation,9.473684210526315,10.526315789473685,20.0,38
0_Wavelet absolute mean_125000000.0Hz,19.585526315789473,20.263157894736842,39.848684210526315,38
0_Wavelet absolute mean_27777777.78Hz,18.54605263157895,19.717105263157894,38.26315789473684,38
0_Wavelet energy_125000000.0Hz,18.24342105263158,20.342105263157894,38.58552631578947,38
0_Wavelet entropy,24.736842105263158,24.32236842105263,49.05921052631579,38
0_Zero crossing rate,31.888157894736842,33.38815789473684,65.27631578947368,38
0_Absolute energy,12.307692307692308,8.346153846153847,20.653846153846153,39
0_Autocorrelation,10.673076923076923,9.955128205128204,20.628205128205128,39
0_ECDF Percentile_0,13.557692307692308,14.320512820512821,27.87820512820513,39
0_ECDF Percentile_1,21.596153846153847,23.435897435897434,45.032051282051285,39
0_Entropy,17.858974358974358,18.128205128205128,35.98717948717949,39
0_Fundamental frequency,26.69871794871795,16.012820512820515,42.71153846153847,39
0_Histogram mode,22.974358974358974,19.76923076923077,42.743589743589745,39
0_Interquartile range,10.320512820512821,9.801282051282051,20.121794871794872,39
0_LPCC_0,15.070512820512821,16.807692307692307,31.878205128205128,39
0_LPCC_1,28.75,30.01923076923077,58.769230769230774,39
0_LPCC_5,31.16025641025641,31.294871794871796,62.455128205128204,39
0_LPCC_6,31.91025641025641,31.493589743589745,63.40384615384615,39
0_MFCC_0,20.237179487179485,19.03846153846154,39.27564102564102,39
0_MFCC_10,24.326923076923077,19.78846153846154,44.11538461538461,39
0_MFCC_11,12.365384615384615,11.85897435897436,24.224358974358974,39
0_MFCC_4,23.08974358974359,23.237179487179485,46.32692307692308,39
0_MFCC_5,17.67948717948718,17.80128205128205,35.480769230769226,39
0_MFCC_8,20.326923076923077,21.294871794871796,41.621794871794876,39
0_MFCC_9,15.83974358974359,16.352564102564102,32.19230769230769,39
0_Max,14.320512820512821,17.76923076923077,32.08974358974359,39
0_Maximum frequency,28.583333333333332,20.378205128205128,48.96153846153846,39
0_Mean,21.673076923076923,25.871794871794872,47.544871794871796,39
0_Mean diff,13.288461538461538,17.58974358974359,30.87820512820513,39
0_Median,18.78846153846154,21.33974358974359,40.12820512820513,39
0_Median absolute diff,33.294871794871796,36.87820512820513,70.17307692307693,39
0_Median diff,34.416666666666664,38.506410256410255,72.92307692307692,39
0_Median frequency,30.596153846153847,24.275641025641026,54.871794871794876,39
0_Negative turning points,36.044871794871796,33.27564102564103,69.32051282051282,39
0_Neighbourhood peaks,36.09615384615385,36.32051282051282,72.41666666666666,39
0_Peak to peak distance,1.4294871794871795,4.57051282051282,6.0,39
0_Power bandwidth,32.256410256410255,30.115384615384617,62.371794871794876,39
0_Slope,12.724358974358974,21.057692307692307,33.782051282051285,39
0_Spectral decrease,18.391025641025642,19.173076923076923,37.56410256410257,39
0_Spectral entropy,6.57051282051282,9.282051282051283,15.852564102564102,39
0_Spectral positive turning points,32.06410256410256,28.878205128205128,60.94230769230769,39
0_Spectral roll-on,33.5,30.435897435897434,63.93589743589743,39
0_Spectral variation,9.48076923076923,10.538461538461538,20.019230769230766,39
0_Wavelet absolute mean_125000000.0Hz,19.557692307692307,20.326923076923077,39.88461538461539,39
0_Wavelet absolute mean_27777777.78Hz,18.51923076923077,19.71794871794872,38.23717948717949,39
0_Wavelet energy_125000000.0Hz,18.17948717948718,20.275641025641026,38.455128205128204,39
0_Wavelet entropy,24.53846153846154,24.26923076923077,48.80769230769231,39
0_Zero crossing rate,31.942307692307693,33.3974358974359,65.33974358974359,39
0_Absolute energy,12.56875,8.375,20.94375,40
0_Autocorrelation,10.63125,9.9375,20.56875,40
0_ECDF Percentile_0,13.5875,14.2375,27.825000000000003,40
0_ECDF Percentile_1,21.53125,23.4625,44.99375,40
0_Entropy,18.0625,18.14375,36.20625,40
0_Fundamental frequency,26.65625,16.00625,42.6625,40
0_Histogram mode,23.00625,19.74375,42.75,40
0_Interquartile range,10.33125,9.825,20.15625,40
0_LPCC_0,15.0625,16.80625,31.86875,40
0_LPCC_1,28.7,29.95,58.65,40
0_LPCC_5,31.23125,31.375,62.60625,40
0_LPCC_6,31.91875,31.54375,63.4625,40
0_MFCC_0,20.3125,19.1,39.4125,40
0_MFCC_10,24.2875,19.83125,44.118750000000006,40
0_MFCC_11,12.325,11.8625,24.1875,40
0_MFCC_4,23.11875,23.2375,46.35625,40
0_MFCC_5,17.60625,17.75625,35.3625,40
0_MFCC_8,20.24375,21.31875,41.5625,40
0_MFCC_9,15.85,16.34375,32.19375,40
0_Max,14.33125,17.79375,32.125,40
0_Maximum frequency,28.675,20.3,48.975,40
0_Mean,21.65,25.8375,47.4875,40
0_Mean diff,13.3375,17.60625,30.94375,40
0_Median,18.85,21.325,40.175,40
0_Median absolute diff,33.2625,36.90625,70.16875,40
0_Median diff,34.3,38.53125,72.83125,40
0_Median frequency,30.60625,24.31875,54.925,40
0_Negative turning points,35.9875,33.34375,69.33125,40
0_Neighbourhood peaks,36.04375,36.3125,72.35625,40
0_Peak to peak distance,1.44375,4.5875,6.03125,40
0_Power bandwidth,32.2625,30.11875,62.38125,40
0_Slope,12.66875,21.08125,33.75,40
0_Spectral decrease,18.45,19.23125,37.68125,40
0_Spectral entropy,6.53125,9.2625,15.79375,40
0_Spectral positive turning points,32.05625,28.8125,60.86875,40
0_Spectral roll-on,33.44375,30.3875,63.83125,40
0_Spectral variation,9.425,10.5125,19.9375,40
0_Wavelet absolute mean_125000000.0Hz,19.65,20.3625,40.0125,40
0_Wavelet absolute mean_27777777.78Hz,18.4125,19.6625,38.075,40
0_Wavelet energy_125000000.0Hz,18.1,20.26875,38.368750000000006,40
0_Wavelet entropy,24.5875,24.3,48.8875,40
0_Zero crossing rate,31.89375,33.28125,65.175,40
0_Absolute energy,12.725609756097562,8.439024390243903,21.164634146341463,41
0_Autocorrelation,10.640243902439025,9.926829268292684,20.56707317073171,41
0_ECDF Percentile_0,13.542682926829269,14.310975609756097,27.853658536585364,41
0_ECDF Percentile_1,21.45731707317073,23.463414634146343,44.920731707317074,41
0_Entropy,18.048780487804876,18.152439024390244,36.201219512195124,41
0_Fundamental frequency,26.71951219512195,15.963414634146341,42.68292682926829,41
0_Histogram mode,22.98170731707317,19.73170731707317,42.71341463414634,41
0_Interquartile range,10.268292682926829,9.810975609756097,20.079268292682926,41
0_LPCC_0,15.121951219512194,16.859756097560975,31.98170731707317,41
0_LPCC_1,28.676829268292682,30.01829268292683,58.69512195121951,41
0_LPCC_5,31.225609756097562,31.298780487804876,62.52439024390244,41
0_LPCC_6,32.03658536585366,31.54268292682927,63.579268292682926,41
0_MFCC_0,20.25609756097561,19.079268292682926,39.33536585365854,41
0_MFCC_10,24.353658536585368,19.823170731707318,44.176829268292686,41
0_MFCC_11,12.298780487804878,11.835365853658537,24.134146341463413,41
0_MFCC_4,23.1890243902439,23.21951219512195,46.40853658536585,41
0_MFCC_5,17.567073170731707,17.76829268292683,35.33536585365854,41
0_MFCC_8,20.20731707317073,21.353658536585368,41.5609756097561,41
0_MFCC_9,15.804878048780488,16.317073170731707,32.1219512195122,41
0_Max,14.341463414634147,17.786585365853657,32.1280487804878,41
0_Maximum frequency,28.74390243902439,20.304878048780488,49.048780487804876,41
0_Mean,21.70731707317073,25.841463414634145,47.548780487804876,41
0_Mean diff,13.292682926829269,17.615853658536587,30.908536585365855,41
0_Median,18.865853658536587,21.323170731707318,40.1890243902439,41
0_Median absolute diff,33.31707317073171,36.9390243902439,70.2560975609756,41
0_Median diff,34.170731707317074,38.542682926829265,72.71341463414635,41
0_Median frequency,30.676829268292682,24.359756097560975,55.036585365853654,41
0_Negative turning points,35.97560975609756,33.41463414634146,69.39024390243902,41
0_Neighbourhood peaks,36.09146341463415,36.36585365853659,72.45731707317074,41
0_Peak to peak distance,1.451219512195122,4.591463414634147,6.0426829268292686,41
0_Power bandwidth,32.329268292682926,30.134146341463413,62.46341463414634,41
0_Slope,12.774390243902438,21.170731707317074,33.94512195121951,41
0_Spectral decrease,18.329268292682926,19.158536585365855,37.48780487804878,41
0_Spectral entropy,6.512195121951219,9.25,15.762195121951219,41
0_Spectral positive turning points,32.042682926829265,28.79268292682927,60.83536585365853,41
0_Spectral roll-on,33.457317073170735,30.335365853658537,63.79268292682927,41
0_Spectral variation,9.445121951219512,10.50609756097561,19.951219512195124,41
0_Wavelet absolute mean_125000000.0Hz,19.591463414634145,20.341463414634145,39.93292682926829,41
0_Wavelet absolute mean_27777777.78Hz,18.402439024390244,19.615853658536587,38.01829268292683,41
0_Wavelet energy_125000000.0Hz,18.024390243902438,20.24390243902439,38.26829268292683,41
0_Wavelet entropy,24.426829268292682,24.23780487804878,48.66463414634146,41
0_Zero crossing rate,31.908536585365855,33.21341463414634,65.1219512195122,41
0_Absolute energy,12.696428571428571,8.392857142857142,21.089285714285715,42
0_Autocorrelation,10.625,9.922619047619047,20.547619047619047,42
0_ECDF Percentile_0,13.398809523809524,14.291666666666666,27.69047619047619,42
0_ECDF Percentile_1,21.482142857142858,23.38095238095238,44.86309523809524,42
0_Entropy,17.99404761904762,18.142857142857142,36.13690476190476,42
0_Fundamental frequency,26.666666666666668,15.946428571428571,42.61309523809524,42
0_Histogram mode,23.00595238095238,19.75,42.75595238095238,42
0_Interquartile range,10.214285714285714,9.785714285714286,20.0,42
0_LPCC_0,15.095238095238095,16.857142857142858,31.952380952380953,42
0_LPCC_1,28.642857142857142,30.047619047619047,58.69047619047619,42
0_LPCC_5,31.214285714285715,31.31547619047619,62.529761904761905,42
0_LPCC_6,32.05952380952381,31.488095238095237,63.54761904761905,42
0_MFCC_0,20.339285714285715,19.172619047619047,39.51190476190476,42
0_MFCC_10,24.410714285714285,19.797619047619047,44.20833333333333,42
0_MFCC_11,12.363095238095237,11.880952380952381,24.24404761904762,42
0_MFCC_4,23.053571428571427,23.125,46.17857142857143,42
0_MFCC_5,17.529761904761905,17.678571428571427,35.20833333333333,42
0_MFCC_8,20.166666666666668,21.31547619047619,41.48214285714286,42
0_MFCC_9,15.833333333333334,16.285714285714285,32.11904761904762,42
0_Max,14.297619047619047,17.761904761904763,32.05952380952381,42
0_Maximum frequency,28.75595238095238,20.333333333333332,49.08928571428571,42
0_Mean,21.613095238095237,25.779761904761905,47.39285714285714,42
0_Mean diff,13.321428571428571,17.660714285714285,30.982142857142854,42
0_Median,18.898809523809526,21.351190476190474,40.25,42
0_Median absolute diff,33.267857142857146,36.892857142857146,70.16071428571429,42
0_Median diff,34.25,38.56547619047619,72.81547619047619,42
0_Median frequency,30.726190476190474,24.386904761904763,55.11309523809524,42
0_Negative turning points,36.07142857142857,33.44047619047619,69.51190476190476,42
0_Neighbourhood peaks,36.083333333333336,36.36904761904762,72.45238095238096,42
0_Peak to peak distance,1.494047619047619,4.630952380952381,6.125,42
0_Power bandwidth,32.32142857142857,30.154761904761905,62.476190476190474,42
0_Slope,12.773809523809524,21.166666666666668,33.94047619047619,42
0_Spectral decrease,18.392857142857142,19.214285714285715,37.60714285714286,42
0_Spectral entropy,6.541666666666667,9.273809523809524,15.81547619047619,42
0_Spectral positive turning points,32.13690476190476,28.821428571428573,60.95833333333333,42
0_Spectral roll-on,33.44642857142857,30.363095238095237,63.80952380952381,42
0_Spectral variation,9.392857142857142,10.476190476190476,19.86904761904762,42
0_Wavelet absolute mean_125000000.0Hz,19.607142857142858,20.31547619047619,39.92261904761905,42
0_Wavelet absolute mean_27777777.78Hz,18.404761904761905,19.654761904761905,38.05952380952381,42
0_Wavelet energy_125000000.0Hz,17.99404761904762,20.261904761904763,38.25595238095238,42
0_Wavelet entropy,24.523809523809526,24.285714285714285,48.80952380952381,42
0_Zero crossing rate,31.892857142857142,33.26190476190476,65.1547619047619,42
0_Absolute energy,12.744186046511627,8.366279069767442,21.11046511627907,43
0_Autocorrelation,10.604651162790697,9.918604651162791,20.52325581395349,43
0_ECDF Percentile_0,13.453488372093023,14.232558139534884,27.686046511627907,43
0_ECDF Percentile_1,21.552325581395348,23.406976744186046,44.95930232558139,43
0_Entropy,18.11627906976744,18.11627906976744,36.23255813953488,43
0_Fundamental frequency,26.63372093023256,15.906976744186046,42.54069767441861,43
0_Histogram mode,23.040697674418606,19.674418604651162,42.71511627906977,43
0_Interquartile range,10.238372093023257,9.796511627906977,20.03488372093023,43
0_LPCC_0,15.087209302325581,16.86046511627907,31.94767441860465,43
0_LPCC_1,28.540697674418606,29.947674418604652,58.48837209302326,43
0_LPCC_5,31.174418604651162,31.25,62.424418604651166,43
0_LPCC_6,32.02325581395349,31.476744186046513,63.5,43
0_MFCC_0,20.238372093023255,19.093023255813954,39.331395348837205,43
0_MFCC_10,24.36627906976744,19.872093023255815,44.23837209302326,43
0_MFCC_11,12.354651162790697,11.953488372093023,24.308139534883722,43
0_MFCC_4,23.1046511627907,23.151162790697676,46.25581395348837,43
0_MFCC_5,17.651162790697676,17.74418604651163,35.395348837209305,43
0_MFCC_8,20.1046511627907,21.290697674418606,41.395348837209305,43
0_MFCC_9,15.86046511627907,16.33139534883721,32.19186046511628,43
0_Max,14.55232558139535,17.819767441860463,32.372093023255815,43
0_Maximum frequency,28.74418604651163,20.441860465116278,49.18604651162791,43
0_Mean,21.53488372093023,25.75,47.28488372093023,43
0_Mean diff,13.354651162790697,17.674418604651162,31.02906976744186,43
0_Median,18.796511627906977,21.302325581395348,40.098837209302324,43
0_Median absolute diff,33.41860465116279,36.83139534883721,70.25,43
0_Median diff,34.116279069767444,38.50581395348837,72.62209302325581,43
0_Median frequency,30.656976744186046,24.406976744186046,55.06395348837209,43
0_Negative turning points,36.06976744186046,33.44186046511628,69.51162790697674,43
0_Neighbourhood peaks,35.99418604651163,36.383720930232556,72.37790697674419,43
0_Peak to peak distance,1.4883720930232558,4.622093023255814,6.1104651162790695,43
0_Power bandwidth,32.23255813953488,30.16860465116279,62.40116279069767,43
0_Slope,12.720930232558139,21.098837209302324,33.81976744186046,43
0_Spectral decrease,18.372093023255815,19.267441860465116,37.63953488372093,43
0_Spectral entropy,6.511627906976744,9.296511627906977,15.808139534883722,43
0_Spectral positive turning points,32.075581395348834,28.83139534883721,60.90697674418604,43
0_Spectral roll-on,33.377906976744185,30.3953488372093,63.77325581395348,43
0_Spectral variation,9.377906976744185,10.517441860465116,19.8953488372093,43
0_Wavelet absolute mean_125000000.0Hz,19.61627906976744,20.38372093023256,40.0,43
0_Wavelet absolute mean_27777777.78Hz,18.441860465116278,19.71511627906977,38.156976744186046,43
0_Wavelet energy_125000000.0Hz,18.052325581395348,20.290697674418606,38.343023255813954,43
0_Wavelet entropy,24.790697674418606,24.290697674418606,49.08139534883721,43
0_Zero crossing rate,31.813953488372093,33.174418604651166,64.98837209302326,43
0_Absolute energy,12.744318181818182,8.397727272727273,21.142045454545453,44
0_Autocorrelation,10.636363636363637,9.920454545454545,20.55681818181818,44
0_ECDF Percentile_0,13.375,14.204545454545455,27.579545454545453,44
0_ECDF Percentile_1,21.539772727272727,23.488636363636363,45.02840909090909,44
0_Entropy,18.125,18.130681818181817,36.25568181818181,44
0_Fundamental frequency,26.732954545454547,15.965909090909092,42.69886363636364,44
0_Histogram mode,22.994318181818183,19.681818181818183,42.67613636363637,44
0_Interquartile range,10.318181818181818,9.784090909090908,20.102272727272727,44
0_LPCC_0,15.073863636363637,16.875,31.948863636363637,44
0_LPCC_1,28.65340909090909,29.954545454545453,58.60795454545455,44
0_LPCC_5,31.1875,31.227272727272727,62.41477272727273,44
0_LPCC_6,32.0,31.53409090909091,63.53409090909091,44
0_MFCC_0,20.210227272727273,19.03409090909091,39.24431818181819,44
0_MFCC_10,24.363636363636363,19.84659090909091,44.21022727272727,44
0_MFCC_11,12.443181818181818,12.039772727272727,24.482954545454547,44
0_MFCC_4,23.227272727272727,23.09659090909091,46.32386363636364,44
0_MFCC_5,17.72159090909091,17.755681818181817,35.47727272727273,44
0_MFCC_8,20.085227272727273,21.255681818181817,41.34090909090909,44
0_MFCC_9,15.806818181818182,16.244318181818183,32.05113636363637,44
0_Max,14.511363636363637,17.823863636363637,32.33522727272727,44
0_Maximum frequency,28.72159090909091,20.460227272727273,49.18181818181819,44
0_Mean,21.625,25.710227272727273,47.33522727272727,44
0_Mean diff,13.375,17.681818181818183,31.056818181818183,44
0_Median,18.823863636363637,21.27840909090909,40.10227272727273,44
0_Median absolute diff,33.40909090909091,36.84659090909091,70.25568181818181,44
0_Median diff,34.01704545454545,38.53409090909091,72.55113636363636,44
0_Median frequency,30.676136363636363,24.443181818181817,55.11931818181818,44
0_Negative turning points,36.08522727272727,33.46022727272727,69.54545454545455,44
0_Neighbourhood peaks,36.02840909090909,36.35795454545455,72.38636363636364,44
0_Peak to peak distance,1.4943181818181819,4.619318181818182,6.113636363636363,44
0_Power bandwidth,32.21022727272727,30.181818181818183,62.39204545454545,44
0_Slope,12.710227272727273,21.170454545454547,33.88068181818182,44
0_Spectral decrease,18.414772727272727,19.28409090909091,37.69886363636364,44
0_Spectral entropy,6.488636363636363,9.301136363636363,15.789772727272727,44
0_Spectral positive turning points,31.994318181818183,28.823863636363637,60.81818181818182,44
0_Spectral roll-on,33.36363636363637,30.335227272727273,63.69886363636364,44
0_Spectral variation,9.369318181818182,10.5,19.86931818181818,44
0_Wavelet absolute mean_125000000.0Hz,19.551136363636363,20.352272727272727,39.90340909090909,44
0_Wavelet absolute mean_27777777.78Hz,18.511363636363637,19.698863636363637,38.21022727272727,44
0_Wavelet energy_125000000.0Hz,17.948863636363637,20.255681818181817,38.20454545454545,44
0_Wavelet entropy,24.642045454545453,24.25,48.89204545454545,44
0_Zero crossing rate,31.789772727272727,33.19318181818182,64.98295454545455,44
0_Absolute energy,12.705555555555556,8.383333333333333,21.08888888888889,45
0_Autocorrelation,10.655555555555555,9.938888888888888,20.59444444444444,45
0_ECDF Percentile_0,13.377777777777778,14.233333333333333,27.61111111111111,45
0_ECDF Percentile_1,21.61111111111111,23.444444444444443,45.05555555555556,45
0_Entropy,18.133333333333333,18.144444444444446,36.27777777777778,45
0_Fundamental frequency,26.8,15.944444444444445,42.74444444444445,45
0_Histogram mode,23.016666666666666,19.694444444444443,42.71111111111111,45
0_Interquartile range,10.28888888888889,9.783333333333333,20.072222222222223,45
0_LPCC_0,15.03888888888889,16.872222222222224,31.91111111111111,45
0_LPCC_1,28.57777777777778,29.927777777777777,58.50555555555556,45
0_LPCC_5,31.2,31.244444444444444,62.44444444444444,45
0_LPCC_6,32.06666666666667,31.544444444444444,63.611111111111114,45
0_MFCC_0,20.144444444444446,19.066666666666666,39.21111111111111,45
0_MFCC_10,24.266666666666666,19.788888888888888,44.05555555555556,45
0_MFCC_11,12.433333333333334,12.077777777777778,24.511111111111113,45
0_MFCC_4,23.16111111111111,23.07777777777778,46.238888888888894,45
0_MFCC_5,17.772222222222222,17.711111111111112,35.483333333333334,45
0_MFCC_8,20.133333333333333,21.35,41.483333333333334,45
0_MFCC_9,15.805555555555555,16.305555555555557,32.111111111111114,45
0_Max,14.516666666666667,17.85,32.36666666666667,45
0_Maximum frequency,28.68888888888889,20.461111111111112,49.150000000000006,45
0_Mean,21.655555555555555,25.733333333333334,47.388888888888886,45
0_Mean diff,13.45,17.633333333333333,31.083333333333332,45
0_Median,18.833333333333332,21.255555555555556,40.08888888888889,45
0_Median absolute diff,33.36666666666667,36.83888888888889,70.20555555555555,45
0_Median diff,33.922222222222224,38.49444444444445,72.41666666666667,45
0_Median frequency,30.644444444444446,24.488888888888887,55.13333333333333,45
0_Negative turning points,36.111111111111114,33.5,69.61111111111111,45
0_Neighbourhood peaks,36.03888888888889,36.394444444444446,72.43333333333334,45
0_Peak to peak distance,1.5,4.611111111111111,6.111111111111111,45
0_Power bandwidth,32.28888888888889,30.17222222222222,62.46111111111111,45
0_Slope,12.644444444444444,21.07777777777778,33.72222222222222,45
0_Spectral decrease,18.56111111111111,19.377777777777776,37.93888888888888,45
0_Spectral entropy,6.461111111111111,9.3,15.761111111111113,45
0_Spectral positive turning points,32.05555555555556,28.81111111111111,60.86666666666667,45
0_Spectral roll-on,33.4,30.36111111111111,63.761111111111106,45
0_Spectral variation,9.383333333333333,10.505555555555556,19.88888888888889,45
0_Wavelet absolute mean_125000000.0Hz,19.505555555555556,20.283333333333335,39.78888888888889,45
0_Wavelet absolute mean_27777777.78Hz,18.544444444444444,19.63888888888889,38.18333333333334,45
0_Wavelet energy_125000000.0Hz,17.955555555555556,20.288888888888888,38.24444444444444,45
0_Wavelet entropy,24.533333333333335,24.205555555555556,48.738888888888894,45
0_Zero crossing rate,31.75,33.18333333333333,64.93333333333334,45
0_Absolute energy,12.777173913043478,8.375,21.152173913043477,46
0_Autocorrelation,10.641304347826088,9.918478260869565,20.559782608695652,46
0_ECDF Percentile_0,13.320652173913043,14.293478260869565,27.61413043478261,46
0_ECDF Percentile_1,21.559782608695652,23.39673913043478,44.95652173913044,46
0_Entropy,18.081521739130434,18.16304347826087,36.244565217391305,46
0_Fundamental frequency,26.717391304347824,15.929347826086957,42.64673913043478,46
0_Histogram mode,22.983695652173914,19.684782608695652,42.66847826086956,46
0_Interquartile range,10.266304347826088,9.777173913043478,20.043478260869566,46
0_LPCC_0,14.940217391304348,16.86413043478261,31.804347826086957,46
0_LPCC_1,28.527173913043477,29.902173913043477,58.42934782608695,46
0_LPCC_5,31.26086956521739,31.27173913043478,62.53260869565217,46
0_LPCC_6,32.07065217391305,31.53804347826087,63.60869565217392,46
0_MFCC_0,20.29891304347826,19.168478260869566,39.46739130434783,46
0_MFCC_10,24.347826086956523,19.755434782608695,44.10326086956522,46
0_MFCC_11,12.407608695652174,12.097826086956522,24.505434782608695,46
0_MFCC_4,23.054347826086957,23.119565217391305,46.173913043478265,46
0_MFCC_5,17.766304347826086,17.717391304347824,35.48369565217391,46
0_MFCC_8,20.08695652173913,21.277173913043477,41.36413043478261,46
0_MFCC_9,15.755434782608695,16.315217391304348,32.07065217391305,46
0_Max,14.505434782608695,17.86413043478261,32.369565217391305,46
0_Maximum frequency,28.63586956521739,20.440217391304348,49.076086956521735,46
0_Mean,21.695652173913043,25.782608695652176,47.47826086956522,46
0_Mean diff,13.494565217391305,17.66304347826087,31.157608695652176,46
0_Median,18.847826086956523,21.28804347826087,40.13586956521739,46
0_Median absolute diff,33.23913043478261,36.79891304347826,70.03804347826087,46
0_Median diff,34.016304347826086,38.52173913043478,72.53804347826087,46
0_Median frequency,30.581521739130434,24.456521739130434,55.03804347826087,46
0_Negative turning points,36.108695652173914,33.483695652173914,69.59239130434783,46
0_Neighbourhood peaks,36.07065217391305,36.38586956521739,72.45652173913044,46
0_Peak to peak distance,1.4945652173913044,4.608695652173913,6.103260869565218,46
0_Power bandwidth,32.30978260869565,30.190217391304348,62.5,46
0_Slope,12.630434782608695,21.065217391304348,33.69565217391305,46
0_Spectral decrease,18.472826086956523,19.35326086956522,37.82608695652174,46
0_Spectral entropy,6.5271739130434785,9.320652173913043,15.847826086956522,46
0_Spectral positive turning points,32.07608695652174,28.82608695652174,60.902173913043484,46
0_Spectral roll-on,33.41304347826087,30.358695652173914,63.77173913043478,46
0_Spectral variation,9.33695652173913,10.505434782608695,19.842391304347828,46
0_Wavelet absolute mean_125000000.0Hz,19.706521739130434,20.25,39.95652173913044,46
0_Wavelet absolute mean_27777777.78Hz,18.54891304347826,19.554347826086957,38.10326086956522,46
0_Wavelet energy_125000000.0Hz,18.059782608695652,20.277173913043477,38.336956521739125,46
0_Wavelet entropy,24.54891304347826,24.244565217391305,48.79347826086956,46
0_Zero crossing rate,31.815217391304348,33.19565217391305,65.01086956521739,46
0_Absolute energy,12.792553191489361,8.404255319148936,21.1968085106383,47
0_Autocorrelation,10.627659574468085,9.920212765957446,20.54787234042553,47
0_ECDF Percentile_0,13.292553191489361,14.356382978723405,27.648936170212764,47
0_ECDF Percentile_1,21.585106382978722,23.4468085106383,45.03191489361702,47
0_Entropy,18.069148936170212,18.180851063829788,36.25,47
0_Fundamental frequency,26.6968085106383,15.96808510638298,42.66489361702128,47
0_Histogram mode,22.9468085106383,19.664893617021278,42.611702127659576,47
0_Interquartile range,10.28191489361702,9.792553191489361,20.074468085106382,47
0_LPCC_0,15.037234042553191,16.8031914893617,31.840425531914892,47
0_LPCC_1,28.53723404255319,29.893617021276597,58.43085106382979,47
0_LPCC_5,31.154255319148938,31.22340425531915,62.37765957446808,47
0_LPCC_6,32.11702127659574,31.48404255319149,63.601063829787236,47
0_MFCC_0,20.26595744680851,19.180851063829788,39.4468085106383,47
0_MFCC_10,24.361702127659573,19.78723404255319,44.148936170212764,47
0_MFCC_11,12.404255319148936,12.085106382978724,24.48936170212766,47
0_MFCC_4,23.0531914893617,23.111702127659573,46.16489361702128,47
0_MFCC_5,17.824468085106382,17.8031914893617,35.62765957446808,47
0_MFCC_8,20.20212765957447,21.27659574468085,41.47872340425532,47
0_MFCC_9,15.888297872340425,16.28191489361702,32.170212765957444,47
0_Max,14.462765957446809,17.851063829787233,32.31382978723404,47
0_Maximum frequency,28.73936170212766,20.425531914893618,49.16489361702128,47
0_Mean,21.73404255319149,25.76063829787234,47.49468085106383,47
0_Mean diff,13.46808510638298,17.69148936170213,31.159574468085108,47
0_Median,18.819148936170212,21.28723404255319,40.1063829787234,47
0_Median absolute diff,33.223404255319146,36.808510638297875,70.03191489361703,47
0_Median diff,34.090425531914896,38.54255319148936,72.63297872340425,47
0_Median frequency,30.601063829787233,24.48936170212766,55.09042553191489,47
0_Negative turning points,36.1063829787234,33.494680851063826,69.60106382978722,47
0_Neighbourhood peaks,36.069148936170215,36.409574468085104,72.47872340425532,47
0_Peak to peak distance,1.5053191489361701,4.611702127659575,6.117021276595745,47
0_Power bandwidth,32.265957446808514,30.180851063829788,62.446808510638306,47
0_Slope,12.611702127659575,21.074468085106382,33.68617021276596,47
0_Spectral decrease,18.420212765957448,19.29787234042553,37.71808510638298,47
0_Spectral entropy,6.537234042553192,9.345744680851064,15.882978723404257,47
0_Spectral positive turning points,32.01063829787234,28.819148936170212,60.829787234042556,47
0_Spectral roll-on,33.40425531914894,30.3031914893617,63.70744680851064,47
0_Spectral variation,9.329787234042554,10.48936170212766,19.819148936170215,47
0_Wavelet absolute mean_125000000.0Hz,19.76063829787234,20.27659574468085,40.037234042553195,47
0_Wavelet absolute mean_27777777.78Hz,18.47872340425532,19.49468085106383,37.97340425531915,47
0_Wavelet energy_125000000.0Hz,18.0,20.24468085106383,38.24468085106383,47
0_Wavelet entropy,24.45744680851064,24.26595744680851,48.72340425531915,47
0_Zero crossing rate,31.76595744680851,33.170212765957444,64.93617021276596,47
0_Absolute energy,12.838541666666666,8.395833333333334,21.234375,48
0_Autocorrelation,10.630208333333334,9.9375,20.567708333333336,48
0_ECDF Percentile_0,13.234375,14.359375,27.59375,48
0_ECDF Percentile_1,21.604166666666668,23.505208333333332,45.109375,48
0_Entropy,18.0,18.15625,36.15625,48
0_Fundamental frequency,26.692708333333332,15.979166666666666,42.671875,48
0_Histogram mode,23.057291666666668,19.677083333333332,42.734375,48
0_Interquartile range,10.276041666666666,9.838541666666666,20.114583333333332,48
0_LPCC_0,15.0,16.776041666666668,31.776041666666668,48
0_LPCC_1,28.578125,29.921875,58.5,48
0_LPCC_5,31.234375,31.15625,62.390625,48
0_LPCC_6,32.083333333333336,31.53125,63.614583333333336,48
0_MFCC_0,20.34375,19.255208333333332,39.59895833333333,48
0_MFCC_10,24.411458333333332,19.78125,44.19270833333333,48
0_MFCC_11,12.348958333333334,12.083333333333334,24.432291666666668,48
0_MFCC_4,22.994791666666668,23.09375,46.08854166666667,48
0_MFCC_5,17.739583333333332,17.786458333333332,35.526041666666664,48
0_MFCC_8,20.166666666666668,21.260416666666668,41.427083333333336,48
0_MFCC_9,15.963541666666666,16.328125,32.291666666666664,48
0_Max,14.526041666666666,17.875,32.401041666666664,48
0_Maximum frequency,28.729166666666668,20.40625,49.13541666666667,48
0_Mean,21.739583333333332,25.786458333333332,47.526041666666664,48
0_Mean diff,13.447916666666666,17.677083333333332,31.125,48
0_Median,18.822916666666668,21.286458333333332,40.109375,48
0_Median absolute diff,33.328125,36.838541666666664,70.16666666666666,48
0_Median diff,33.973958333333336,38.505208333333336,72.47916666666667,48
0_Median frequency,30.598958333333332,24.484375,55.08333333333333,48
0_Negative turning points,36.177083333333336,33.489583333333336,69.66666666666667,48
0_Neighbourhood peaks,35.994791666666664,36.411458333333336,72.40625,48
0_Peak to peak distance,1.5,4.614583333333333,6.114583333333333,48
0_Power bandwidth,32.197916666666664,30.197916666666668,62.39583333333333,48
0_Slope,12.572916666666666,21.005208333333332,33.578125,48
0_Spectral decrease,18.364583333333332,19.260416666666668,37.625,48
0_Spectral entropy,6.515625,9.322916666666666,15.838541666666666,48
0_Spectral positive turning points,31.958333333333332,28.817708333333332,60.776041666666664,48
0_Spectral roll-on,33.34375,30.333333333333332,63.67708333333333,48
0_Spectral variation,9.354166666666666,10.5,19.854166666666664,48
0_Wavelet absolute mean_125000000.0Hz,19.848958333333332,20.25,40.09895833333333,48
0_Wavelet absolute mean_27777777.78Hz,18.463541666666668,19.546875,38.01041666666667,48
0_Wavelet energy_125000000.0Hz,18.09375,20.208333333333332,38.30208333333333,48
0_Wavelet entropy,24.578125,24.270833333333332,48.84895833333333,48
0_Zero crossing rate,31.671875,33.088541666666664,64.76041666666666,48
0_Absolute energy,12.78061224489796,8.357142857142858,21.137755102040817,49
0_Autocorrelation,10.591836734693878,9.923469387755102,20.51530612244898,49
0_ECDF Percentile_0,13.311224489795919,14.35204081632653,27.663265306122447,49
0_ECDF Percentile_1,21.5,23.403061224489797,44.9030612244898,49
0_Entropy,17.964285714285715,18.158163265306122,36.12244897959184,49
0_Fundamental frequency,26.744897959183675,15.98469387755102,42.7295918367347,49
0_Histogram mode,23.107142857142858,19.714285714285715,42.82142857142857,49
0_Interquartile range,10.229591836734693,9.816326530612244,20.045918367346935,49
0_LPCC_0,15.005102040816327,16.785714285714285,31.79081632653061,49
0_LPCC_1,28.71938775510204,29.96938775510204,58.68877551020408,49
0_LPCC_5,31.285714285714285,31.18877551020408,62.474489795918366,49
0_LPCC_6,32.04081632653061,31.53061224489796,63.57142857142857,49
0_MFCC_0,20.306122448979593,19.1734693877551,39.4795918367347,49
0_MFCC_10,24.387755102040817,19.760204081632654,44.14795918367347,49
0_MFCC_11,12.311224489795919,12.08673469387755,24.39795918367347,49
0_MFCC_4,23.071428571428573,23.178571428571427,46.25,49
0_MFCC_5,17.739795918367346,17.729591836734695,35.46938775510204,49
0_MFCC_8,20.147959183673468,21.214285714285715,41.36224489795919,49
0_MFCC_9,15.96938775510204,16.352040816326532,32.32142857142857,49
0_Max,14.58673469387755,17.877551020408163,32.464285714285715,49
0_Maximum frequency,28.790816326530614,20.448979591836736,49.23979591836735,49
0_Mean,21.75,25.846938775510203,47.5969387755102,49
0_Mean diff,13.454081632653061,17.709183673469386,31.163265306122447,49
0_Median,18.857142857142858,21.26530612244898,40.12244897959184,49
0_Median absolute diff,33.295918367346935,36.84183673469388,70.13775510204081,49
0_Median diff,33.88775510204081,38.53061224489796,72.41836734693877,49
0_Median frequency,30.596938775510203,24.5,55.0969387755102,49
0_Negative turning points,36.20918367346939,33.423469387755105,69.63265306122449,49
0_Neighbourhood peaks,36.066326530612244,36.392857142857146,72.4591836734694,49
0_Peak to peak distance,1.5,4.607142857142857,6.107142857142857,49
0_Power bandwidth,32.15816326530612,30.163265306122447,62.32142857142857,49
0_Slope,12.545918367346939,21.035714285714285,33.58163265306122,49
0_Spectral decrease,18.331632653061224,19.301020408163264,37.63265306122449,49
0_Spectral entropy,6.474489795918367,9.301020408163266,15.775510204081634,49
0_Spectral positive turning points,31.93877551020408,28.852040816326532,60.79081632653062,49
0_Spectral roll-on,33.326530612244895,30.357142857142858,63.683673469387756,49
0_Spectral variation,9.372448979591837,10.525510204081632,19.89795918367347,49
0_Wavelet absolute mean_125000000.0Hz,19.831632653061224,20.275510204081634,40.10714285714286,49
0_Wavelet absolute mean_27777777.78Hz,18.403061224489797,19.56122448979592,37.964285714285715,49
0_Wavelet energy_125000000.0Hz,18.040816326530614,20.153061224489797,38.19387755102041,49
0_Wavelet entropy,24.693877551020407,24.275510204081634,48.96938775510204,49
0_Zero crossing rate,31.6734693877551,33.076530612244895,64.75,49
0_Absolute energy,12.73,8.37,21.1,50
0_Autocorrelation,10.6,9.92,20.52,50
0_ECDF Percentile_0,13.255,14.34,27.595,50
0_ECDF Percentile_1,21.54,23.4,44.94,50
0_Entropy,17.98,18.155,36.135000000000005,50
0_Fundamental frequency,26.735,15.975,42.71,50
0_Histogram mode,23.125,19.675,42.8,50
0_Interquartile range,10.195,9.81,20.005000000000003,50
0_LPCC_0,14.97,16.775,31.744999999999997,50
0_LPCC_1,28.665,30.0,58.665,50
0_LPCC_5,31.36,31.195,62.555,50
0_LPCC_6,32.035,31.515,63.55,50
0_MFCC_0,20.185,19.085,39.269999999999996,50
0_MFCC_10,24.285,19.785,44.07,50
0_MFCC_11,12.36,12.15,24.509999999999998,50
0_MFCC_4,23.12,23.22,46.34,50
0_MFCC_5,17.785,17.775,35.56,50
0_MFCC_8,20.145,21.19,41.335,50
0_MFCC_9,15.955,16.315,32.27,50
0_Max,14.565,17.885,32.45,50
0_Maximum frequency,28.725,20.4,49.125,50
0_Mean,21.84,25.85,47.69,50
0_Mean diff,13.45,17.72,31.169999999999998,50
0_Median,18.92,21.295,40.215,50
0_Median absolute diff,33.265,36.835,70.1,50
0_Median diff,33.965,38.555,72.52000000000001,50
0_Median frequency,30.615,24.51,55.125,50
0_Negative turning points,36.205,33.46,69.66499999999999,50
0_Neighbourhood peaks,36.11,36.345,72.455,50
0_Peak to peak distance,1.495,4.6,6.095,50
0_Power bandwidth,32.185,30.17,62.355000000000004,50
0_Slope,12.52,21.025,33.545,50
0_Spectral decrease,18.41,19.225,37.635000000000005,50
0_Spectral entropy,6.49,9.335,15.825000000000001,50
0_Spectral positive turning points,31.89,28.825,60.715,50
0_Spectral roll-on,33.315,30.385,63.7,50
0_Spectral variation,9.35,10.535,19.884999999999998,50
0_Wavelet absolute mean_125000000.0Hz,19.84,20.265,40.105000000000004,50
0_Wavelet absolute mean_27777777.78Hz,18.43,19.58,38.01,50
0_Wavelet energy_125000000.0Hz,18.035,20.17,38.205,50
0_Wavelet entropy,24.66,24.275,48.935,50
0_Zero crossing rate,31.695,33.105,64.8,50
0_Absolute energy,12.71078431372549,8.348039215686274,21.058823529411764,51
0_Autocorrelation,10.593137254901961,9.916666666666666,20.509803921568626,51
0_ECDF Percentile_0,13.32843137254902,14.28921568627451,27.61764705882353,51
0_ECDF Percentile_1,21.558823529411764,23.475490196078432,45.03431372549019,51
0_Entropy,17.965686274509803,18.17156862745098,36.13725490196079,51
0_Fundamental frequency,26.764705882352942,15.965686274509803,42.73039215686275,51
0_Histogram mode,23.15686274509804,19.666666666666668,42.82352941176471,51
0_Interquartile range,10.22549019607843,9.823529411764707,20.049019607843135,51
0_LPCC_0,14.946078431372548,16.774509803921568,31.720588235294116,51
0_LPCC_1,28.715686274509803,29.99019607843137,58.705882352941174,51
0_LPCC_5,31.387254901960784,31.166666666666668,62.55392156862745,51
0_LPCC_6,31.965686274509803,31.495098039215687,63.46078431372549,51
0_MFCC_0,20.13235294117647,19.098039215686274,39.23039215686275,51
0_MFCC_10,24.205882352941178,19.848039215686274,44.05392156862745,51
0_MFCC_11,12.352941176470589,12.142156862745098,24.495098039215687,51
0_MFCC_4,23.16176470588235,23.225490196078432,46.38725490196079,51
0_MFCC_5,17.82843137254902,17.764705882352942,35.59313725490196,51
0_MFCC_8,20.07843137254902,21.142156862745097,41.220588235294116,51
0_MFCC_9,15.901960784313726,16.34313725490196,32.24509803921569,51
0_Max,14.588235294117647,17.887254901960784,32.47549019607843,51
0_Maximum frequency,28.813725490196077,20.401960784313726,49.21568627450981,51
0_Mean,21.82843137254902,25.857843137254903,47.68627450980392,51
0_Mean diff,13.446078431372548,17.715686274509803,31.16176470588235,51
0_Median,18.88235294117647,21.323529411764707,40.205882352941174,51
0_Median absolute diff,33.32843137254902,36.84803921568628,70.1764705882353,51
0_Median diff,33.8921568627451,38.583333333333336,72.47549019607843,51
0_Median frequency,30.66176470588235,24.5,55.16176470588235,51
0_Negative turning points,36.220588235294116,33.48529411764706,69.70588235294117,51
0_Neighbourhood peaks,36.09313725490196,36.34803921568628,72.44117647058823,51
0_Peak to peak distance,1.4901960784313726,4.5931372549019605,6.083333333333333,51
0_Power bandwidth,32.14705882352941,30.181372549019606,62.32843137254902,51
0_Slope,12.480392156862745,21.004901960784313,33.48529411764706,51
0_Spectral decrease,18.352941176470587,19.137254901960784,37.49019607843137,51
0_Spectral entropy,6.46078431372549,9.32843137254902,15.78921568627451,51
0_Spectral positive turning points,31.96078431372549,28.852941176470587,60.81372549019608,51
0_Spectral roll-on,33.333333333333336,30.40686274509804,63.740196078431374,51
0_Spectral variation,9.357843137254902,10.549019607843137,19.90686274509804,51
0_Wavelet absolute mean_125000000.0Hz,19.833333333333332,20.25980392156863,40.09313725490196,51
0_Wavelet absolute mean_27777777.78Hz,18.42156862745098,19.647058823529413,38.068627450980394,51
0_Wavelet energy_125000000.0Hz,18.04901960784314,20.166666666666668,38.21568627450981,51
0_Wavelet entropy,24.691176470588236,24.32843137254902,49.01960784313725,51
0_Zero crossing rate,31.686274509803923,32.94607843137255,64.63235294117646,51
0_Absolute energy,12.70673076923077,8.336538461538462,21.043269230769234,52
0_Autocorrelation,10.576923076923077,9.908653846153847,20.485576923076923,52
0_ECDF Percentile_0,13.302884615384615,14.307692307692308,27.610576923076923,52
0_ECDF Percentile_1,21.576923076923077,23.528846153846153,45.105769230769226,52
0_Entropy,17.96153846153846,18.158653846153847,36.12019230769231,52
0_Fundamental frequency,26.778846153846153,15.932692307692308,42.71153846153846,52
0_Histogram mode,23.240384615384617,19.673076923076923,42.91346153846154,52
0_Interquartile range,10.225961538461538,9.836538461538462,20.0625,52
0_LPCC_0,14.95673076923077,16.798076923076923,31.754807692307693,52
0_LPCC_1,28.6875,29.985576923076923,58.67307692307692,52
0_LPCC_5,31.389423076923077,31.125,62.51442307692308,52
0_LPCC_6,32.03846153846154,31.504807692307693,63.54326923076923,52
0_MFCC_0,20.221153846153847,19.125,39.34615384615385,52
0_MFCC_10,24.120192307692307,19.85576923076923,43.97596153846153,52
0_MFCC_11,12.379807692307692,12.192307692307692,24.572115384615383,52
0_MFCC_4,23.20673076923077,23.264423076923077,46.47115384615385,52
0_MFCC_5,17.8125,17.783653846153847,35.59615384615385,52
0_MFCC_8,20.096153846153847,21.14423076923077,41.24038461538461,52
0_MFCC_9,15.841346153846153,16.346153846153847,32.1875,52
0_Max,14.5625,17.875,32.4375,52
0_Maximum frequency,28.798076923076923,20.39423076923077,49.19230769230769,52
0_Mean,21.70673076923077,25.79326923076923,47.5,52
0_Mean diff,13.509615384615385,17.716346153846153,31.22596153846154,52
0_Median,18.89423076923077,21.322115384615383,40.21634615384615,52
0_Median absolute diff,33.3125,36.85096153846154,70.16346153846155,52
0_Median diff,34.0,38.57692307692308,72.57692307692308,52
0_Median frequency,30.697115384615383,24.5,55.19711538461539,52
0_Negative turning points,36.23557692307692,33.50961538461539,69.7451923076923,52
0_Neighbourhood peaks,36.09134615384615,36.33173076923077,72.42307692307692,52
0_Peak to peak distance,1.4855769230769231,4.596153846153846,6.081730769230769,52
0_Power bandwidth,32.14423076923077,30.173076923076923,62.31730769230769,52
0_Slope,12.45673076923077,20.971153846153847,33.42788461538461,52
0_Spectral decrease,18.26923076923077,19.129807692307693,37.39903846153847,52
0_Spectral entropy,6.485576923076923,9.33173076923077,15.817307692307693,52
0_Spectral positive turning points,31.927884615384617,28.846153846153847,60.77403846153847,52
0_Spectral roll-on,33.40384615384615,30.4375,63.84134615384615,52
0_Spectral variation,9.35576923076923,10.533653846153847,19.889423076923077,52
0_Wavelet absolute mean_125000000.0Hz,19.841346153846153,20.22596153846154,40.06730769230769,52
0_Wavelet absolute mean_27777777.78Hz,18.423076923076923,19.653846153846153,38.07692307692308,52
0_Wavelet energy_125000000.0Hz,18.052884615384617,20.120192307692307,38.17307692307692,52
0_Wavelet entropy,24.54326923076923,24.35576923076923,48.89903846153846,52
0_Zero crossing rate,31.682692307692307,32.94711538461539,64.6298076923077,52
0_Absolute energy,12.679245283018869,8.320754716981131,21.0,53
0_Autocorrelation,10.575471698113208,9.919811320754716,20.495283018867923,53
0_ECDF Percentile_0,13.372641509433961,14.235849056603774,27.608490566037737,53
0_ECDF Percentile_1,21.62264150943396,23.566037735849058,45.18867924528302,53
0_Entropy,18.12264150943396,18.14622641509434,36.2688679245283,53
0_Fundamental frequency,26.74056603773585,15.877358490566039,42.617924528301884,53
0_Histogram mode,23.235849056603772,19.735849056603772,42.971698113207545,53
0_Interquartile range,10.25943396226415,9.858490566037736,20.117924528301884,53
0_LPCC_0,14.933962264150944,16.80188679245283,31.735849056603776,53
0_LPCC_1,28.78301886792453,30.014150943396228,58.79716981132076,53
0_LPCC_5,31.330188679245282,31.11320754716981,62.44339622641509,53
0_LPCC_6,31.995283018867923,31.49056603773585,63.48584905660377,53
0_MFCC_0,20.20754716981132,19.17452830188679,39.382075471698116,53
0_MFCC_10,24.12735849056604,19.84433962264151,43.97169811320755,53
0_MFCC_11,12.334905660377359,12.202830188679245,24.537735849056602,53
0_MFCC_4,23.12735849056604,23.31132075471698,46.43867924528302,53
0_MFCC_5,17.867924528301888,17.79245283018868,35.660377358490564,53
0_MFCC_8,20.02358490566038,21.07547169811321,41.09905660377359,53
0_MFCC_9,15.773584905660377,16.367924528301888,32.14150943396226,53
0_Max,14.650943396226415,17.891509433962263,32.54245283018868,53
0_Maximum frequency,28.7688679245283,20.45754716981132,49.22641509433962,53
0_Mean,21.66509433962264,25.816037735849058,47.4811320754717,53
0_Mean diff,13.476415094339623,17.702830188679247,31.179245283018872,53
0_Median,18.89622641509434,21.37264150943396,40.2688679245283,53
0_Median absolute diff,33.41509433962264,36.89150943396226,70.3066037735849,53
0_Median diff,34.0377358490566,38.570754716981135,72.60849056603774,53
0_Median frequency,30.7311320754717,24.537735849056602,55.2688679245283,53
0_Negative turning points,36.18867924528302,33.34905660377358,69.5377358490566,53
0_Neighbourhood peaks,36.070754716981135,36.29245283018868,72.36320754716982,53
0_Peak to peak distance,1.490566037735849,4.599056603773585,6.089622641509434,53
0_Power bandwidth,32.070754716981135,30.18867924528302,62.259433962264154,53
0_Slope,12.466981132075471,20.962264150943398,33.42924528301887,53
0_Spectral decrease,18.221698113207548,19.13679245283019,37.35849056603774,53
0_Spectral entropy,6.466981132075472,9.316037735849056,15.783018867924529,53
0_Spectral positive turning points,31.933962264150942,28.867924528301888,60.801886792452834,53
0_Spectral roll-on,33.429245283018865,30.46698113207547,63.89622641509433,53
0_Spectral variation,9.382075471698114,10.56132075471698,19.943396226415096,53
0_Wavelet absolute mean_125000000.0Hz,19.74056603773585,20.183962264150942,39.924528301886795,53
0_Wavelet absolute mean_27777777.78Hz,18.44811320754717,19.641509433962263,38.089622641509436,53
0_Wavelet energy_125000000.0Hz,18.07075471698113,20.099056603773583,38.16981132075472,53
0_Wavelet entropy,24.63679245283019,24.37264150943396,49.009433962264154,53
0_Zero crossing rate,31.62735849056604,32.87264150943396,64.5,53
0_Absolute energy,12.63888888888889,8.305555555555555,20.944444444444443,54
0_Autocorrelation,10.555555555555555,9.921296296296296,20.47685185185185,54
0_ECDF Percentile_0,13.430555555555555,14.217592592592593,27.64814814814815,54
0_ECDF Percentile_1,21.72685185185185,23.537037037037038,45.263888888888886,54
0_Entropy,18.15277777777778,18.15740740740741,36.31018518518519,54
0_Fundamental frequency,26.76388888888889,15.935185185185185,42.699074074074076,54
0_Histogram mode,23.300925925925927,19.72685185185185,43.02777777777778,54
0_Interquartile range,10.310185185185185,9.875,20.185185185185183,54
0_LPCC_0,14.898148148148149,16.85185185185185,31.75,54
0_LPCC_1,28.787037037037038,30.0,58.78703703703704,54
0_LPCC_5,31.337962962962962,31.189814814814813,62.52777777777777,54
0_LPCC_6,31.90277777777778,31.49074074074074,63.39351851851852,54
0_MFCC_0,20.11574074074074,19.11574074074074,39.23148148148148,54
0_MFCC_10,24.15740740740741,19.837962962962962,43.99537037037037,54
0_MFCC_11,12.333333333333334,12.25925925925926,24.592592592592595,54
0_MFCC_4,23.10648148148148,23.310185185185187,46.41666666666667,54
0_MFCC_5,18.046296296296298,17.787037037037038,35.833333333333336,54
0_MFCC_8,19.99537037037037,21.069444444444443,41.06481481481481,54
0_MFCC_9,15.73611111111111,16.35185185185185,32.08796296296296,54
0_Max,14.597222222222221,17.85648148148148,32.4537037037037,54
0_Maximum frequency,28.694444444444443,20.47685185185185,49.17129629629629,54
0_Mean,21.60648148148148,25.810185185185187,47.41666666666667,54
0_Mean diff,13.476851851851851,17.72685185185185,31.203703703703702,54
0_Median,18.953703703703702,21.40277777777778,40.35648148148148,54
0_Median absolute diff,33.48148148148148,36.898148148148145,70.37962962962962,54
0_Median diff,34.074074074074076,38.5787037037037,72.65277777777777,54
0_Median frequency,30.73148148148148,24.587962962962962,55.31944444444444,54
0_Negative turning points,36.18518518518518,33.291666666666664,69.47685185185185,54
0_Neighbourhood peaks,36.004629629629626,36.31018518518518,72.31481481481481,54
0_Peak to peak distance,1.4907407407407407,4.592592592592593,6.083333333333333,54
0_Power bandwidth,32.041666666666664,30.180555555555557,62.22222222222222,54
0_Slope,12.472222222222221,20.939814814814813,33.41203703703704,54
0_Spectral decrease,18.24537037037037,19.055555555555557,37.300925925925924,54
0_Spectral entropy,6.462962962962963,9.314814814814815,15.777777777777779,54
0_Spectral positive turning points,32.023148148148145,28.85185185185185,60.875,54
0_Spectral roll-on,33.407407407407405,30.40740740740741,63.81481481481481,54
0_Spectral variation,9.356481481481481,10.555555555555555,19.912037037037038,54
0_Wavelet absolute mean_125000000.0Hz,19.61111111111111,20.171296296296298,39.782407407407405,54
0_Wavelet absolute mean_27777777.78Hz,18.550925925925927,19.59722222222222,38.14814814814815,54
0_Wavelet energy_125000000.0Hz,18.078703703703702,20.14814814814815,38.22685185185185,54
0_Wavelet entropy,24.62037037037037,24.416666666666668,49.03703703703704,54
0_Zero crossing rate,31.537037037037038,32.888888888888886,64.42592592592592,54
0_Absolute energy,12.590909090909092,8.272727272727273,20.863636363636367,55
0_Autocorrelation,10.531818181818181,9.913636363636364,20.445454545454545,55
0_ECDF Percentile_0,13.459090909090909,14.236363636363636,27.695454545454545,55
0_ECDF Percentile_1,21.681818181818183,23.472727272727273,45.154545454545456,55
0_Entropy,18.113636363636363,18.145454545454545,36.25909090909091,55
0_Fundamental frequency,26.759090909090908,15.931818181818182,42.69090909090909,55
0_Histogram mode,23.34090909090909,19.727272727272727,43.06818181818181,55
0_Interquartile range,10.272727272727273,9.85909090909091,20.131818181818183,55
0_LPCC_0,14.89090909090909,16.854545454545455,31.745454545454546,55
0_LPCC_1,28.7,29.95,58.65,55
0_LPCC_5,31.327272727272728,31.222727272727273,62.55,55
0_LPCC_6,31.87727272727273,31.5,63.377272727272725,55
0_MFCC_0,20.095454545454544,19.131818181818183,39.22727272727273,55
0_MFCC_10,24.204545454545453,19.804545454545455,44.00909090909091,55
0_MFCC_11,12.368181818181819,12.345454545454546,24.713636363636365,55
0_MFCC_4,23.095454545454544,23.327272727272728,46.42272727272727,55
0_MFCC_5,18.045454545454547,17.8,35.845454545454544,55
0_MFCC_8,19.945454545454545,21.022727272727273,40.96818181818182,55
0_MFCC_9,15.668181818181818,16.304545454545455,31.972727272727273,55
0_Max,14.604545454545455,17.836363636363636,32.44090909090909,55
0_Maximum frequency,28.65909090909091,20.495454545454546,49.154545454545456,55
0_Mean,21.636363636363637,25.827272727272728,47.46363636363637,55
0_Mean diff,13.522727272727273,17.745454545454546,31.26818181818182,55
0_Median,18.936363636363637,21.418181818181818,40.35454545454546,55
0_Median absolute diff,33.486363636363635,36.88181818181818,70.36818181818182,55
0_Median diff,34.163636363636364,38.6,72.76363636363637,55
0_Median frequency,30.804545454545455,24.572727272727274,55.377272727272725,55
0_Negative turning points,36.22727272727273,33.28181818181818,69.5090909090909,55
0_Neighbourhood peaks,36.0,36.31818181818182,72.31818181818181,55
0_Peak to peak distance,1.481818181818182,4.586363636363636,6.068181818181818,55
0_Power bandwidth,32.018181818181816,30.204545454545453,62.22272727272727,55
0_Slope,12.463636363636363,20.94090909090909,33.404545454545456,55
0_Spectral decrease,18.26818181818182,19.077272727272728,37.345454545454544,55
0_Spectral entropy,6.45,9.3,15.75,55
0_Spectral positive turning points,31.98181818181818,28.85,60.83181818181818,55
0_Spectral roll-on,33.43181818181818,30.422727272727272,63.85454545454545,55
0_Spectral variation,9.377272727272727,10.568181818181818,19.945454545454545,55
0_Wavelet absolute mean_125000000.0Hz,19.613636363636363,20.21818181818182,39.83181818181818,55
0_Wavelet absolute mean_27777777.78Hz,18.62727272727273,19.522727272727273,38.150000000000006,55
0_Wavelet energy_125000000.0Hz,18.131818181818183,20.15,38.28181818181818,55
0_Wavelet entropy,24.581818181818182,24.44090909090909,49.02272727272727,55
0_Zero crossing rate,31.563636363636363,32.91818181818182,64.48181818181818,55
0_Absolute energy,12.611607142857142,8.272321428571429,20.88392857142857,56
0_Autocorrelation,10.53125,9.910714285714286,20.441964285714285,56
0_ECDF Percentile_0,13.446428571428571,14.258928571428571,27.705357142857142,56
0_ECDF Percentile_1,21.625,23.441964285714285,45.066964285714285,56
0_Entropy,18.098214285714285,18.138392857142858,36.23660714285714,56
0_Fundamental frequency,26.799107142857142,15.919642857142858,42.71875,56
0_Histogram mode,23.316964285714285,19.754464285714285,43.07142857142857,56
0_Interquartile range,10.245535714285714,9.875,20.120535714285715,56
0_LPCC_0,14.839285714285714,16.830357142857142,31.669642857142854,56
0_LPCC_1,28.754464285714285,29.959821428571427,58.71428571428571,56
0_LPCC_5,31.339285714285715,31.209821428571427,62.54910714285714,56
0_LPCC_6,31.986607142857142,31.46875,63.45535714285714,56
0_MFCC_0,20.075892857142858,19.1875,39.26339285714286,56
0_MFCC_10,24.178571428571427,19.785714285714285,43.96428571428571,56
0_MFCC_11,12.325892857142858,12.321428571428571,24.64732142857143,56
0_MFCC_4,23.107142857142858,23.361607142857142,46.46875,56
0_MFCC_5,18.0,17.772321428571427,35.77232142857143,56
0_MFCC_8,19.959821428571427,21.026785714285715,40.98660714285714,56
0_MFCC_9,15.732142857142858,16.339285714285715,32.07142857142857,56
0_Max,14.602678571428571,17.834821428571427,32.4375,56
0_Maximum frequency,28.620535714285715,20.513392857142858,49.13392857142857,56
0_Mean,21.65625,25.834821428571427,47.49107142857143,56
0_Mean diff,13.482142857142858,17.727678571428573,31.20982142857143,56
0_Median,18.964285714285715,21.424107142857142,40.38839285714286,56
0_Median absolute diff,33.50892857142857,36.875,70.38392857142857,56
0_Median diff,34.02232142857143,38.54017857142857,72.5625,56
0_Median frequency,30.830357142857142,24.584821428571427,55.41517857142857,56
0_Negative turning points,36.29017857142857,33.21875,69.50892857142857,56
0_Neighbourhood peaks,36.07142857142857,36.339285714285715,72.41071428571428,56
0_Peak to peak distance,1.4776785714285714,4.584821428571429,6.0625,56
0_Power bandwidth,32.026785714285715,30.21875,62.245535714285715,56
0_Slope,12.450892857142858,20.919642857142858,33.370535714285715,56
0_Spectral decrease,18.285714285714285,19.066964285714285,37.35267857142857,56
0_Spectral entropy,6.455357142857143,9.299107142857142,15.754464285714285,56
0_Spectral positive turning points,31.946428571428573,28.879464285714285,60.82589285714286,56
0_Spectral roll-on,33.455357142857146,30.446428571428573,63.90178571428572,56
0_Spectral variation,9.379464285714286,10.558035714285714,19.9375,56
0_Wavelet absolute mean_125000000.0Hz,19.633928571428573,20.245535714285715,39.87946428571429,56
0_Wavelet absolute mean_27777777.78Hz,18.5625,19.508928571428573,38.07142857142857,56
0_Wavelet energy_125000000.0Hz,18.102678571428573,20.174107142857142,38.276785714285715,56
0_Wavelet entropy,24.580357142857142,24.419642857142858,49.0,56
0_Zero crossing rate,31.620535714285715,32.950892857142854,64.57142857142857,56
0_Absolute energy,12.609649122807017,8.232456140350877,20.842105263157894,57
0_Autocorrelation,10.521929824561404,9.912280701754385,20.434210526315788,57
0_ECDF Percentile_0,13.43421052631579,14.258771929824562,27.69298245614035,57
0_ECDF Percentile_1,21.600877192982455,23.469298245614034,45.07017543859649,57
0_Entropy,18.083333333333332,18.135964912280702,36.219298245614034,57
0_Fundamental frequency,26.789473684210527,15.921052631578947,42.71052631578947,57
0_Histogram mode,23.32017543859649,19.763157894736842,43.08333333333333,57
0_Interquartile range,10.219298245614034,9.894736842105264,20.114035087719298,57
0_LPCC_0,14.785087719298245,16.82456140350877,31.609649122807014,57
0_LPCC_1,28.69736842105263,29.912280701754387,58.609649122807014,57
0_LPCC_5,31.29385964912281,31.232456140350877,62.526315789473685,57
0_LPCC_6,31.982456140350877,31.50877192982456,63.49122807017544,57
0_MFCC_0,20.20175438596491,19.17982456140351,39.381578947368425,57
0_MFCC_10,24.157894736842106,19.82017543859649,43.978070175438596,57
0_MFCC_11,12.302631578947368,12.280701754385966,24.583333333333336,57
0_MFCC_4,23.24122807017544,23.333333333333332,46.57456140350877,57
0_MFCC_5,17.94298245614035,17.736842105263158,35.67982456140351,57
0_MFCC_8,20.0,21.07894736842105,41.078947368421055,57
0_MFCC_9,15.697368421052632,16.342105263157894,32.03947368421053,57
0_Max,14.530701754385966,17.79824561403509,32.328947368421055,57
0_Maximum frequency,28.55263157894737,20.54385964912281,49.09649122807018,57
0_Mean,21.583333333333332,25.81140350877193,47.39473684210526,57
0_Mean diff,13.600877192982455,17.714912280701753,31.31578947368421,57
0_Median,18.87719298245614,21.394736842105264,40.271929824561404,57
0_Median absolute diff,33.59649122807018,36.91228070175438,70.50877192982456,57
0_Median diff,34.078947368421055,38.54824561403509,72.62719298245614,57
0_Median frequency,30.885964912280702,24.609649122807017,55.49561403508772,57
0_Negative turning points,36.25877192982456,33.24122807017544,69.5,57
0_Neighbourhood peaks,36.08771929824562,36.34649122807018,72.4342105263158,57
0_Peak to peak distance,1.4824561403508771,4.578947368421052,6.06140350877193,57
0_Power bandwidth,31.969298245614034,30.166666666666668,62.1359649122807,57
0_Slope,12.513157894736842,20.94298245614035,33.45614035087719,57
0_Spectral decrease,18.31140350877193,19.092105263157894,37.40350877192982,57
0_Spectral entropy,6.447368421052632,9.289473684210526,15.736842105263158,57
0_Spectral positive turning points,31.907894736842106,28.912280701754387,60.82017543859649,57
0_Spectral roll-on,33.425438596491226,30.469298245614034,63.89473684210526,57
0_Spectral variation,9.394736842105264,10.574561403508772,19.969298245614034,57
0_Wavelet absolute mean_125000000.0Hz,19.666666666666668,20.20175438596491,39.868421052631575,57
0_Wavelet absolute mean_27777777.78Hz,18.600877192982455,19.57456140350877,38.175438596491226,57
0_Wavelet energy_125000000.0Hz,18.18421052631579,20.17982456140351,38.3640350877193,57
0_Wavelet entropy,24.605263157894736,24.416666666666668,49.021929824561404,57
0_Zero crossing rate,31.55701754385965,32.8421052631579,64.39912280701755,57
0_Absolute energy,12.625,8.280172413793103,20.905172413793103,58
0_Autocorrelation,10.530172413793103,9.922413793103448,20.45258620689655,58
0_ECDF Percentile_0,13.474137931034482,14.232758620689655,27.706896551724135,58
0_ECDF Percentile_1,21.530172413793103,23.40948275862069,44.939655172413794,58
0_Entropy,18.051724137931036,18.129310344827587,36.18103448275862,58
0_Fundamental frequency,26.775862068965516,15.948275862068966,42.724137931034484,58
0_Histogram mode,23.314655172413794,19.754310344827587,43.06896551724138,58
0_Interquartile range,10.193965517241379,9.870689655172415,20.064655172413794,58
0_LPCC_0,14.793103448275861,16.82758620689655,31.620689655172413,58
0_LPCC_1,28.663793103448278,29.836206896551722,58.5,58
0_LPCC_5,31.280172413793103,31.211206896551722,62.491379310344826,58
0_LPCC_6,32.0,31.512931034482758,63.51293103448276,58
0_MFCC_0,20.280172413793103,19.224137931034484,39.50431034482759,58
0_MFCC_10,24.112068965517242,19.775862068965516,43.88793103448276,58
0_MFCC_11,12.28448275862069,12.258620689655173,24.543103448275865,58
0_MFCC_4,23.185344827586206,23.34051724137931,46.525862068965516,58
0_MFCC_5,18.08189655172414,17.719827586206897,35.80172413793103,58
0_MFCC_8,19.95689655172414,21.107758620689655,41.064655172413794,58
0_MFCC_9,15.719827586206897,16.387931034482758,32.10775862068965,58
0_Max,14.530172413793103,17.788793103448278,32.31896551724138,58
0_Maximum frequency,28.50862068965517,20.560344827586206,49.06896551724138,58
0_Mean,21.56896551724138,25.84051724137931,47.40948275862069,58
0_Mean diff,13.642241379310345,17.719827586206897,31.362068965517242,58
0_Median,18.892241379310345,21.392241379310345,40.28448275862069,58
0_Median absolute diff,33.599137931034484,36.922413793103445,70.52155172413794,58
0_Median diff,34.150862068965516,38.55603448275862,72.70689655172413,58
0_Median frequency,30.896551724137932,24.56896551724138,55.46551724137932,58
0_Negative turning points,36.224137931034484,33.27155172413793,69.49568965517241,58
0_Neighbourhood peaks,36.125,36.27155172413793,72.39655172413794,58
0_Peak to peak distance,1.4870689655172413,4.586206896551724,6.073275862068965,58
0_Power bandwidth,32.008620689655174,30.176724137931036,62.185344827586206,58
0_Slope,12.5,20.94396551724138,33.44396551724138,58
0_Spectral decrease,18.28448275862069,19.099137931034484,37.383620689655174,58
0_Spectral entropy,6.4655172413793105,9.288793103448276,15.754310344827587,58
0_Spectral positive turning points,31.93103448275862,28.974137931034484,60.9051724137931,58
0_Spectral roll-on,33.456896551724135,30.41810344827586,63.875,58
0_Spectral variation,9.392241379310345,10.586206896551724,19.97844827586207,58
0_Wavelet absolute mean_125000000.0Hz,19.67241379310345,20.25,39.922413793103445,58
0_Wavelet absolute mean_27777777.78Hz,18.538793103448278,19.57758620689655,38.116379310344826,58
0_Wavelet energy_125000000.0Hz,18.11637931034483,20.16810344827586,38.28448275862069,58
0_Wavelet entropy,24.517241379310345,24.42241379310345,48.939655172413794,58
0_Zero crossing rate,31.637931034482758,32.866379310344826,64.50431034482759,58
0_Absolute energy,12.572033898305085,8.271186440677965,20.843220338983052,59
0_Autocorrelation,10.559322033898304,9.927966101694915,20.487288135593218,59
0_ECDF Percentile_0,13.508474576271187,14.228813559322035,27.73728813559322,59
0_ECDF Percentile_1,21.5,23.360169491525422,44.860169491525426,59
0_Entropy,18.033898305084747,18.14406779661017,36.17796610169492,59
0_Fundamental frequency,26.78813559322034,15.966101694915254,42.75423728813559,59
0_Histogram mode,23.283898305084747,19.73728813559322,43.021186440677965,59
0_Interquartile range,10.23728813559322,9.90677966101695,20.14406779661017,59
0_LPCC_0,14.809322033898304,16.864406779661017,31.673728813559322,59
0_LPCC_1,28.635593220338983,29.860169491525422,58.4957627118644,59
0_LPCC_5,31.39406779661017,31.21186440677966,62.60593220338983,59
0_LPCC_6,31.953389830508474,31.50423728813559,63.45762711864407,59
0_MFCC_0,20.338983050847457,19.20762711864407,39.54661016949153,59
0_MFCC_10,24.11864406779661,19.771186440677965,43.889830508474574,59
0_MFCC_11,12.254237288135593,12.254237288135593,24.508474576271187,59
0_MFCC_4,23.173728813559322,23.31779661016949,46.49152542372882,59
0_MFCC_5,18.04237288135593,17.73728813559322,35.77966101694915,59
0_MFCC_8,19.96186440677966,21.046610169491526,41.00847457627118,59
0_MFCC_9,15.65677966101695,16.364406779661017,32.021186440677965,59
0_Max,14.567796610169491,17.771186440677965,32.33898305084746,59
0_Maximum frequency,28.466101694915253,20.572033898305083,49.03813559322033,59
0_Mean,21.483050847457626,25.81779661016949,47.300847457627114,59
0_Mean diff,13.588983050847459,17.694915254237287,31.283898305084747,59
0_Median,18.838983050847457,21.377118644067796,40.21610169491525,59
0_Median absolute diff,33.70338983050848,36.940677966101696,70.64406779661017,59
0_Median diff,34.1228813559322,38.52542372881356,72.64830508474576,59
0_Median frequency,30.902542372881356,24.593220338983052,55.49576271186441,59
0_Negative turning points,36.186440677966104,33.28813559322034,69.47457627118644,59
0_Neighbourhood peaks,36.16101694915254,36.24152542372882,72.40254237288136,59
0_Peak to peak distance,1.4830508474576272,4.584745762711864,6.067796610169491,59
0_Power bandwidth,32.04237288135593,30.16949152542373,62.21186440677966,59
0_Slope,12.495762711864407,20.9364406779661,33.432203389830505,59
0_Spectral decrease,18.271186440677965,19.13135593220339,37.402542372881356,59
0_Spectral entropy,6.4491525423728815,9.26271186440678,15.711864406779661,59
0_Spectral positive turning points,31.9364406779661,29.008474576271187,60.94491525423729,59
0_Spectral roll-on,33.49152542372882,30.43220338983051,63.92372881355932,59
0_Spectral variation,9.402542372881356,10.588983050847459,19.991525423728817,59
0_Wavelet absolute mean_125000000.0Hz,19.593220338983052,20.22457627118644,39.817796610169495,59
0_Wavelet absolute mean_27777777.78Hz,18.60593220338983,19.572033898305083,38.17796610169491,59
0_Wavelet energy_125000000.0Hz,18.20762711864407,20.190677966101696,38.398305084745765,59
0_Wavelet entropy,24.47457627118644,24.54237288135593,49.01694915254237,59
0_Zero crossing rate,31.703389830508474,32.851694915254235,64.55508474576271,59
0_Absolute energy,12.6125,8.245833333333334,20.858333333333334,60
0_Autocorrelation,10.5625,9.945833333333333,20.508333333333333,60
0_ECDF Percentile_0,13.454166666666667,14.2375,27.69166666666667,60
0_ECDF Percentile_1,21.533333333333335,23.295833333333334,44.829166666666666,60
0_Entropy,18.0,18.1375,36.1375,60
0_Fundamental frequency,26.804166666666667,15.966666666666667,42.770833333333336,60
0_Histogram mode,23.233333333333334,19.720833333333335,42.954166666666666,60
0_Interquartile range,10.229166666666666,9.908333333333333,20.1375,60
0_LPCC_0,14.720833333333333,16.820833333333333,31.541666666666664,60
0_LPCC_1,28.729166666666668,29.870833333333334,58.6,60
0_LPCC_5,31.345833333333335,31.170833333333334,62.516666666666666,60
0_LPCC_6,31.9,31.516666666666666,63.416666666666664,60
0_MFCC_0,20.416666666666668,19.208333333333332,39.625,60
0_MFCC_10,24.154166666666665,19.7875,43.94166666666666,60
0_MFCC_11,12.3,12.241666666666667,24.541666666666668,60
0_MFCC_4,23.1875,23.341666666666665,46.52916666666667,60
0_MFCC_5,18.0625,17.829166666666666,35.891666666666666,60
0_MFCC_8,20.016666666666666,21.095833333333335,41.1125,60
0_MFCC_9,15.6875,16.379166666666666,32.06666666666666,60
0_Max,14.604166666666666,17.754166666666666,32.358333333333334,60
0_Maximum frequency,28.379166666666666,20.570833333333333,48.95,60
0_Mean,21.475,25.816666666666666,47.29166666666667,60
0_Mean diff,13.6375,17.716666666666665,31.354166666666664,60
0_Median,18.854166666666668,21.3625,40.21666666666667,60
0_Median absolute diff,33.56666666666667,36.875,70.44166666666666,60
0_Median diff,34.05,38.541666666666664,72.59166666666667,60
0_Median frequency,30.858333333333334,24.6125,55.47083333333333,60
0_Negative turning points,36.18333333333333,33.325,69.50833333333333,60
0_Neighbourhood peaks,36.1875,36.2375,72.425,60
0_Peak to peak distance,1.4833333333333334,4.583333333333333,6.066666666666666,60
0_Power bandwidth,32.12083333333333,30.191666666666666,62.3125,60
0_Slope,12.466666666666667,20.920833333333334,33.3875,60
0_Spectral decrease,18.216666666666665,19.066666666666666,37.28333333333333,60
0_Spectral entropy,6.5,9.295833333333333,15.795833333333333,60
0_Spectral positive turning points,32.016666666666666,29.008333333333333,61.025,60
0_Spectral roll-on,33.5,30.3875,63.8875,60
0_Spectral variation,9.354166666666666,10.579166666666667,19.933333333333334,60
0_Wavelet absolute mean_125000000.0Hz,19.591666666666665,20.225,39.81666666666666,60
0_Wavelet absolute mean_27777777.78Hz,18.595833333333335,19.6,38.19583333333334,60
0_Wavelet energy_125000000.0Hz,18.204166666666666,20.191666666666666,38.39583333333333,60
0_Wavelet entropy,24.483333333333334,24.558333333333334,49.04166666666667,60
0_Zero crossing rate,31.720833333333335,32.858333333333334,64.57916666666667,60
0_Absolute energy,12.602459016393443,8.237704918032787,20.84016393442623,61
0_Autocorrelation,10.53688524590164,9.94672131147541,20.48360655737705,61
0_ECDF Percentile_0,13.360655737704919,14.221311475409836,27.581967213114755,61
0_ECDF Percentile_1,21.40983606557377,23.188524590163933,44.59836065573771,61
0_Entropy,17.975409836065573,18.139344262295083,36.114754098360656,61
0_Fundamental frequency,26.74590163934426,15.96311475409836,42.709016393442624,61
0_Histogram mode,23.25409836065574,19.69672131147541,42.950819672131146,61
0_Interquartile range,10.19672131147541,9.897540983606557,20.09426229508197,61
0_LPCC_0,14.795081967213115,16.852459016393443,31.647540983606557,61
0_LPCC_1,28.67622950819672,29.868852459016395,58.545081967213115,61
0_LPCC_5,31.278688524590162,31.114754098360656,62.393442622950815,61
0_LPCC_6,31.91393442622951,31.545081967213115,63.459016393442624,61
0_MFCC_0,20.401639344262296,19.168032786885245,39.56967213114754,61
0_MFCC_10,24.15983606557377,19.84426229508197,44.00409836065574,61
0_MFCC_11,12.26639344262295,12.21311475409836,24.479508196721312,61
0_MFCC_4,23.21311475409836,23.37704918032787,46.59016393442623,61
0_MFCC_5,18.012295081967213,17.831967213114755,35.84426229508197,61
0_MFCC_8,19.991803278688526,21.07377049180328,41.06557377049181,61
0_MFCC_9,15.745901639344263,16.422131147540984,32.16803278688525,61
0_Max,14.614754098360656,17.799180327868854,32.41393442622951,61
0_Maximum frequency,28.401639344262296,20.577868852459016,48.97950819672131,61
0_Mean,21.524590163934427,25.811475409836067,47.3360655737705,61
0_Mean diff,13.704918032786885,17.725409836065573,31.43032786885246,61
0_Median,18.82377049180328,21.32377049180328,40.14754098360656,61
0_Median absolute diff,33.614754098360656,36.877049180327866,70.49180327868852,61
0_Median diff,34.131147540983605,38.5655737704918,72.69672131147541,61
0_Median frequency,30.868852459016395,24.618852459016395,55.48770491803279,61
0_Negative turning points,36.18852459016394,33.32377049180328,69.51229508196721,61
0_Neighbourhood peaks,36.217213114754095,36.23360655737705,72.45081967213115,61
0_Peak to peak distance,1.4836065573770492,4.60655737704918,6.090163934426229,61
0_Power bandwidth,32.13934426229508,30.204918032786885,62.34426229508197,61
0_Slope,12.491803278688524,20.90573770491803,33.397540983606554,61
0_Spectral decrease,18.221311475409838,19.077868852459016,37.299180327868854,61
0_Spectral entropy,6.520491803278689,9.319672131147541,15.84016393442623,61
0_Spectral positive turning points,32.01229508196721,29.057377049180328,61.06967213114754,61
0_Spectral roll-on,33.50819672131148,30.401639344262296,63.90983606557377,61
0_Spectral variation,9.368852459016393,10.561475409836065,19.93032786885246,61
0_Wavelet absolute mean_125000000.0Hz,19.59016393442623,20.21311475409836,39.803278688524586,61
0_Wavelet absolute mean_27777777.78Hz,18.614754098360656,19.565573770491802,38.18032786885246,61
0_Wavelet energy_125000000.0Hz,18.188524590163933,20.204918032786885,38.393442622950815,61
0_Wavelet entropy,24.50409836065574,24.59016393442623,49.09426229508197,61
0_Zero crossing rate,31.729508196721312,32.83196721311475,64.56147540983606,61
0_Absolute energy,12.55241935483871,8.221774193548388,20.774193548387096,62
0_Autocorrelation,10.524193548387096,9.931451612903226,20.45564516129032,62
0_ECDF Percentile_0,13.310483870967742,14.189516129032258,27.5,62
0_ECDF Percentile_1,21.330645161290324,23.201612903225808,44.53225806451613,62
0_Entropy,17.987903225806452,18.129032258064516,36.11693548387097,62
0_Fundamental frequency,26.681451612903224,15.971774193548388,42.653225806451616,62
0_Histogram mode,23.241935483870968,19.681451612903224,42.92338709677419,62
0_Interquartile range,10.14516129032258,9.883064516129032,20.028225806451612,62
0_LPCC_0,14.810483870967742,16.879032258064516,31.689516129032256,62
0_LPCC_1,28.68951612903226,29.907258064516128,58.596774193548384,62
0_LPCC_5,31.262096774193548,31.116935483870968,62.37903225806451,62
0_LPCC_6,31.919354838709676,31.556451612903224,63.4758064516129,62
0_MFCC_0,20.379032258064516,19.177419354838708,39.556451612903224,62
0_MFCC_10,24.157258064516128,19.903225806451612,44.060483870967744,62
0_MFCC_11,12.290322580645162,12.209677419354838,24.5,62
0_MFCC_4,23.31048387096774,23.423387096774192,46.733870967741936,62
0_MFCC_5,17.947580645161292,17.81048387096774,35.75806451612903,62
0_MFCC_8,20.012096774193548,21.10483870967742,41.11693548387097,62
0_MFCC_9,15.84274193548387,16.387096774193548,32.229838709677416,62
0_Max,14.625,17.81048387096774,32.435483870967744,62
0_Maximum frequency,28.43548387096774,20.620967741935484,49.056451612903224,62
0_Mean,21.592741935483872,25.774193548387096,47.36693548387097,62
0_Mean diff,13.754032258064516,17.762096774193548,31.516129032258064,62
0_Median,18.806451612903224,21.294354838709676,40.1008064516129,62
0_Median absolute diff,33.61693548387097,36.903225806451616,70.52016129032259,62
0_Median diff,34.20967741935484,38.58064516129032,72.79032258064515,62
0_Median frequency,30.870967741935484,24.620967741935484,55.49193548387097,62
0_Negative turning points,36.189516129032256,33.266129032258064,69.45564516129032,62
0_Neighbourhood peaks,36.20564516129032,36.23790322580645,72.44354838709677,62
0_Peak to peak distance,1.4879032258064515,4.608870967741935,6.096774193548386,62
0_Power bandwidth,32.17741935483871,30.20967741935484,62.38709677419355,62
0_Slope,12.44758064516129,20.858870967741936,33.306451612903224,62
0_Spectral decrease,18.346774193548388,19.137096774193548,37.483870967741936,62
0_Spectral entropy,6.528225806451613,9.330645161290322,15.858870967741936,62
0_Spectral positive turning points,31.95967741935484,29.088709677419356,61.04838709677419,62
0_Spectral roll-on,33.528225806451616,30.43548387096774,63.96370967741936,62
0_Spectral variation,9.350806451612904,10.55241935483871,19.903225806451616,62
0_Wavelet absolute mean_125000000.0Hz,19.580645161290324,20.173387096774192,39.75403225806451,62
0_Wavelet absolute mean_27777777.78Hz,18.637096774193548,19.544354838709676,38.181451612903224,62
0_Wavelet energy_125000000.0Hz,18.181451612903224,20.217741935483872,38.399193548387096,62
0_Wavelet entropy,24.431451612903224,24.60483870967742,49.03629032258064,62
0_Zero crossing rate,31.641129032258064,32.681451612903224,64.32258064516128,62
0_Absolute energy,12.507936507936508,8.214285714285714,20.72222222222222,63
0_Autocorrelation,10.51984126984127,9.928571428571429,20.4484126984127,63
0_ECDF Percentile_0,13.206349206349206,14.194444444444445,27.400793650793652,63
0_ECDF Percentile_1,21.313492063492063,23.16269841269841,44.476190476190474,63
0_Entropy,17.964285714285715,18.13095238095238,36.095238095238095,63
0_Fundamental frequency,26.702380952380953,15.928571428571429,42.63095238095238,63
0_Histogram mode,23.317460317460316,19.686507936507937,43.00396825396825,63
0_Interquartile range,10.166666666666666,9.876984126984127,20.04365079365079,63
0_LPCC_0,14.821428571428571,16.88888888888889,31.710317460317462,63
0_LPCC_1,28.72222222222222,29.91269841269841,58.63492063492063,63
0_LPCC_5,31.345238095238095,31.126984126984127,62.47222222222222,63
0_LPCC_6,31.91269841269841,31.523809523809526,63.43650793650794,63
0_MFCC_0,20.416666666666668,19.150793650793652,39.567460317460316,63
0_MFCC_10,24.126984126984127,19.916666666666668,44.0436507936508,63
0_MFCC_11,12.281746031746032,12.198412698412698,24.480158730158728,63
0_MFCC_4,23.30952380952381,23.396825396825395,46.7063492063492,63
0_MFCC_5,17.928571428571427,17.765873015873016,35.69444444444444,63
0_MFCC_8,19.96825396825397,21.107142857142858,41.07539682539682,63
0_MFCC_9,15.90079365079365,16.416666666666668,32.317460317460316,63
0_Max,14.634920634920634,17.8015873015873,32.43650793650794,63
0_Maximum frequency,28.428571428571427,20.63095238095238,49.05952380952381,63
0_Mean,21.51984126984127,25.76984126984127,47.28968253968254,63
0_Mean diff,13.73015873015873,17.765873015873016,31.496031746031747,63
0_Median,18.86111111111111,21.325396825396826,40.18650793650794,63
0_Median absolute diff,33.62698412698413,36.92063492063492,70.54761904761904,63
0_Median diff,34.26984126984127,38.59126984126984,72.86111111111111,63
0_Median frequency,30.896825396825395,24.615079365079364,55.51190476190476,63
0_Negative turning points,36.19444444444444,33.257936507936506,69.45238095238095,63
0_Neighbourhood peaks,36.19444444444444,36.25396825396825,72.4484126984127,63
0_Peak to peak distance,1.507936507936508,4.630952380952381,6.138888888888889,63
0_Power bandwidth,32.17063492063492,30.226190476190474,62.39682539682539,63
0_Slope,12.424603174603174,20.825396825396826,33.25,63
0_Spectral decrease,18.353174603174605,19.13095238095238,37.48412698412699,63
0_Spectral entropy,6.507936507936508,9.313492063492063,15.821428571428571,63
0_Spectral positive turning points,31.956349206349206,29.091269841269842,61.04761904761905,63
0_Spectral roll-on,33.54365079365079,30.38888888888889,63.932539682539684,63
0_Spectral variation,9.365079365079366,10.583333333333334,19.9484126984127,63
0_Wavelet absolute mean_125000000.0Hz,19.53174603174603,20.19047619047619,39.72222222222222,63
0_Wavelet absolute mean_27777777.78Hz,18.646825396825395,19.53968253968254,38.18650793650794,63
0_Wavelet energy_125000000.0Hz,18.142857142857142,20.226190476190474,38.36904761904762,63
0_Wavelet entropy,24.452380952380953,24.706349206349206,49.15873015873016,63
0_Zero crossing rate,31.607142857142858,32.68650793650794,64.2936507936508,63
0_Absolute energy,12.48046875,8.19140625,20.671875,64
0_Autocorrelation,10.5234375,9.921875,20.4453125,64
0_ECDF Percentile_0,13.28515625,14.20703125,27.4921875,64
0_ECDF Percentile_1,21.3984375,23.17578125,44.57421875,64
0_Entropy,17.9921875,18.12890625,36.12109375,64
0_Fundamental frequency,26.65625,15.9140625,42.5703125,64
0_Histogram mode,23.33203125,19.6953125,43.02734375,64
0_Interquartile range,10.19140625,9.87890625,20.0703125,64
0_LPCC_0,14.83984375,16.8828125,31.72265625,64
0_LPCC_1,28.69140625,29.890625,58.58203125,64
0_LPCC_5,31.3671875,31.10546875,62.47265625,64
0_LPCC_6,31.88671875,31.5234375,63.41015625,64
0_MFCC_0,20.37109375,19.15234375,39.5234375,64
0_MFCC_10,24.18359375,19.92578125,44.109375,64
0_MFCC_11,12.2734375,12.1953125,24.46875,64
0_MFCC_4,23.23828125,23.421875,46.66015625,64
0_MFCC_5,18.03125,17.73828125,35.76953125,64
0_MFCC_8,19.89453125,21.0703125,40.96484375,64
0_MFCC_9,15.859375,16.39453125,32.25390625,64
0_Max,14.6640625,17.7578125,32.421875,64
0_Maximum frequency,28.3828125,20.62890625,49.01171875,64
0_Mean,21.46875,25.76953125,47.23828125,64
0_Mean diff,13.7109375,17.80078125,31.51171875,64
0_Median,18.8828125,21.3515625,40.234375,64
0_Median absolute diff,33.6640625,36.90234375,70.56640625,64
0_Median diff,34.3203125,38.59765625,72.91796875,64
0_Median frequency,30.8515625,24.6640625,55.515625,64
0_Negative turning points,36.140625,33.3125,69.453125,64
0_Neighbourhood peaks,36.19921875,36.24609375,72.4453125,64
0_Peak to peak distance,1.51171875,4.62890625,6.140625,64
0_Power bandwidth,32.16796875,30.23828125,62.40625,64
0_Slope,12.390625,20.81640625,33.20703125,64
0_Spectral decrease,18.32421875,19.10546875,37.4296875,64
0_Spectral entropy,6.48046875,9.31640625,15.796875,64
0_Spectral positive turning points,31.94921875,29.13671875,61.0859375,64
0_Spectral roll-on,33.5078125,30.35546875,63.86328125,64
0_Spectral variation,9.41796875,10.58984375,20.0078125,64
0_Wavelet absolute mean_125000000.0Hz,19.58984375,20.1953125,39.78515625,64
0_Wavelet absolute mean_27777777.78Hz,18.69140625,19.5078125,38.19921875,64
0_Wavelet energy_125000000.0Hz,18.1328125,20.2421875,38.375,64
0_Wavelet entropy,24.53125,24.7109375,49.2421875,64
0_Zero crossing rate,31.5234375,32.7109375,64.234375,64
0_Absolute energy,12.473076923076922,8.188461538461539,20.661538461538463,65
0_Autocorrelation,10.526923076923078,9.915384615384616,20.442307692307693,65
0_ECDF Percentile_0,13.303846153846154,14.246153846153845,27.549999999999997,65
0_ECDF Percentile_1,21.373076923076923,23.203846153846154,44.57692307692308,65
0_Entropy,18.0,18.126923076923077,36.12692307692308,65
0_Fundamental frequency,26.665384615384614,15.903846153846153,42.56923076923077,65
0_Histogram mode,23.303846153846155,19.684615384615384,42.988461538461536,65
0_Interquartile range,10.2,9.903846153846153,20.103846153846153,65
0_LPCC_0,14.95,16.876923076923077,31.826923076923077,65
0_LPCC_1,28.746153846153845,29.915384615384614,58.661538461538456,65
0_LPCC_5,31.403846153846153,31.119230769230768,62.52307692307692,65
0_LPCC_6,31.95,31.51153846153846,63.46153846153846,65
0_MFCC_0,20.415384615384614,19.196153846153845,39.61153846153846,65
0_MFCC_10,24.161538461538463,19.965384615384615,44.12692307692308,65
0_MFCC_11,12.276923076923078,12.196153846153846,24.473076923076924,65
0_MFCC_4,23.28076923076923,23.403846153846153,46.684615384615384,65
0_MFCC_5,17.98076923076923,17.746153846153845,35.72692307692307,65
0_MFCC_8,19.892307692307693,21.084615384615386,40.97692307692308,65
0_MFCC_9,15.842307692307692,16.396153846153847,32.238461538461536,65
0_Max,14.646153846153846,17.76923076923077,32.41538461538462,65
0_Maximum frequency,28.434615384615384,20.638461538461538,49.073076923076925,65
0_Mean,21.41923076923077,25.776923076923076,47.19615384615385,65
0_Mean diff,13.676923076923076,17.776923076923076,31.45384615384615,65
0_Median,18.880769230769232,21.307692307692307,40.18846153846154,65
0_Median absolute diff,33.65769230769231,36.926923076923075,70.58461538461538,65
0_Median diff,34.353846153846156,38.60769230769231,72.96153846153847,65
0_Median frequency,30.865384615384617,24.68846153846154,55.55384615384615,65
0_Negative turning points,36.103846153846156,33.30384615384615,69.40769230769232,65
0_Neighbourhood peaks,36.215384615384615,36.23461538461538,72.44999999999999,65
0_Peak to peak distance,1.5076923076923077,4.630769230769231,6.138461538461539,65
0_Power bandwidth,32.18076923076923,30.234615384615385,62.41538461538461,65
0_Slope,12.396153846153846,20.803846153846155,33.2,65
0_Spectral decrease,18.303846153846155,19.084615384615386,37.38846153846154,65
0_Spectral entropy,6.469230769230769,9.323076923076924,15.792307692307693,65
0_Spectral positive turning points,31.96923076923077,29.123076923076923,61.09230769230769,65
0_Spectral roll-on,33.503846153846155,30.307692307692307,63.81153846153846,65
0_Spectral variation,9.403846153846153,10.576923076923077,19.98076923076923,65
0_Wavelet absolute mean_125000000.0Hz,19.584615384615386,20.23846153846154,39.823076923076925,65
0_Wavelet absolute mean_27777777.78Hz,18.603846153846153,19.43846153846154,38.04230769230769,65
0_Wavelet energy_125000000.0Hz,18.073076923076922,20.203846153846154,38.276923076923076,65
0_Wavelet entropy,24.423076923076923,24.676923076923078,49.1,65
0_Zero crossing rate,31.58076923076923,32.74230769230769,64.32307692307693,65
0_Absolute energy,12.428030303030303,8.219696969696969,20.647727272727273,66
0_Autocorrelation,10.515151515151516,9.897727272727273,20.41287878787879,66
0_ECDF Percentile_0,13.287878787878787,14.272727272727273,27.560606060606062,66
0_ECDF Percentile_1,21.375,23.25378787878788,44.628787878787875,66
0_Entropy,17.988636363636363,18.147727272727273,36.13636363636364,66
0_Fundamental frequency,26.65530303030303,15.878787878787879,42.53409090909091,66
0_Histogram mode,23.295454545454547,19.66287878787879,42.958333333333336,66
0_Interquartile range,10.219696969696969,9.893939393939394,20.113636363636363,66
0_LPCC_0,14.977272727272727,16.973484848484848,31.950757575757574,66
0_LPCC_1,28.700757575757574,29.87121212121212,58.571969696969695,66
0_LPCC_5,31.484848484848484,31.132575757575758,62.61742424242424,66
0_LPCC_6,31.96590909090909,31.46590909090909,63.43181818181818,66
0_MFCC_0,20.435606060606062,19.234848484848484,39.67045454545455,66
0_MFCC_10,24.113636363636363,19.916666666666668,44.03030303030303,66
0_MFCC_11,12.303030303030303,12.162878787878787,24.46590909090909,66
0_MFCC_4,23.25,23.401515151515152,46.651515151515156,66
0_MFCC_5,17.943181818181817,17.74621212121212,35.68939393939394,66
0_MFCC_8,19.973484848484848,21.075757575757574,41.04924242424242,66
0_MFCC_9,15.901515151515152,16.446969696969695,32.348484848484844,66
0_Max,14.625,17.776515151515152,32.401515151515156,66
0_Maximum frequency,28.390151515151516,20.564393939393938,48.95454545454545,66
0_Mean,21.46969696969697,25.74621212121212,47.21590909090909,66
0_Mean diff,13.666666666666666,17.78030303030303,31.446969696969695,66
0_Median,18.935606060606062,21.333333333333332,40.26893939393939,66
0_Median absolute diff,33.640151515151516,36.94318181818182,70.58333333333334,66
0_Median diff,34.291666666666664,38.625,72.91666666666666,66
0_Median frequency,30.863636363636363,24.681818181818183,55.54545454545455,66
0_Negative turning points,36.109848484848484,33.21969696969697,69.32954545454545,66
0_Neighbourhood peaks,36.25,36.21212121212121,72.46212121212122,66
0_Peak to peak distance,1.5113636363636365,4.632575757575758,6.1439393939393945,66
0_Power bandwidth,32.196969696969695,30.234848484848484,62.43181818181818,66
0_Slope,12.371212121212121,20.829545454545453,33.20075757575758,66
0_Spectral decrease,18.401515151515152,19.109848484848484,37.51136363636364,66
0_Spectral entropy,6.443181818181818,9.318181818181818,15.761363636363637,66
0_Spectral positive turning points,31.901515151515152,29.106060606060606,61.00757575757576,66
0_Spectral roll-on,33.515151515151516,30.329545454545453,63.84469696969697,66
0_Spectral variation,9.401515151515152,10.575757575757576,19.977272727272727,66
0_Wavelet absolute mean_125000000.0Hz,19.617424242424242,20.291666666666668,39.90909090909091,66
0_Wavelet absolute mean_27777777.78Hz,18.556818181818183,19.386363636363637,37.94318181818182,66
0_Wavelet energy_125000000.0Hz,18.015151515151516,20.174242424242426,38.18939393939394,66
0_Wavelet entropy,24.363636363636363,24.693181818181817,49.05681818181818,66
0_Zero crossing rate,31.647727272727273,32.78030303030303,64.42803030303031,66
0_Absolute energy,12.402985074626866,8.23134328358209,20.634328358208954,67
0_Autocorrelation,10.537313432835822,9.91044776119403,20.44776119402985,67
0_ECDF Percentile_0,13.223880597014926,14.23134328358209,27.455223880597018,67
0_ECDF Percentile_1,21.388059701492537,23.20149253731343,44.589552238805965,67
0_Entropy,17.940298507462686,18.14179104477612,36.082089552238806,67
0_Fundamental frequency,26.690298507462686,15.921641791044776,42.61194029850746,67
0_Histogram mode,23.22761194029851,19.649253731343283,42.876865671641795,67
0_Interquartile range,10.208955223880597,9.888059701492537,20.097014925373134,67
0_LPCC_0,14.936567164179104,16.932835820895523,31.86940298507463,67
0_LPCC_1,28.682835820895523,29.87313432835821,58.55597014925373,67
0_LPCC_5,31.470149253731343,31.130597014925375,62.60074626865672,67
0_LPCC_6,32.0,31.44776119402985,63.44776119402985,67
0_MFCC_0,20.354477611940297,19.17910447761194,39.53358208955224,67
0_MFCC_10,24.115671641791046,19.955223880597014,44.07089552238806,67
0_MFCC_11,12.332089552238806,12.138059701492537,24.470149253731343,67
0_MFCC_4,23.26865671641791,23.399253731343283,46.667910447761194,67
0_MFCC_5,17.884328358208954,17.71268656716418,35.59701492537313,67
0_MFCC_8,19.958955223880597,21.100746268656717,41.059701492537314,67
0_MFCC_9,15.936567164179104,16.440298507462686,32.37686567164179,67
0_Max,14.623134328358208,17.832089552238806,32.45522388059702,67
0_Maximum frequency,28.380597014925375,20.567164179104477,48.94776119402985,67
0_Mean,21.488805970149254,25.75,47.23880597014926,67
0_Mean diff,13.652985074626866,17.78358208955224,31.436567164179106,67
0_Median,18.921641791044777,21.30223880597015,40.223880597014926,67
0_Median absolute diff,33.67537313432836,36.951492537313435,70.6268656716418,67
0_Median diff,34.332089552238806,38.64179104477612,72.97388059701493,67
0_Median frequency,30.869402985074625,24.690298507462686,55.559701492537314,67
0_Negative turning points,36.100746268656714,33.149253731343286,69.25,67
0_Neighbourhood peaks,36.27985074626866,36.208955223880594,72.48880597014926,67
0_Peak to peak distance,1.5037313432835822,4.630597014925373,6.134328358208955,67
0_Power bandwidth,32.19402985074627,30.220149253731343,62.41417910447761,67
0_Slope,12.347014925373134,20.824626865671643,33.17164179104478,67
0_Spectral decrease,18.46641791044776,19.100746268656717,37.56716417910448,67
0_Spectral entropy,6.447761194029851,9.328358208955224,15.776119402985074,67
0_Spectral positive turning points,31.90671641791045,29.09328358208955,61.0,67
0_Spectral roll-on,33.5,30.347014925373134,63.84701492537313,67
0_Spectral variation,9.432835820895523,10.58955223880597,20.02238805970149,67
0_Wavelet absolute mean_125000000.0Hz,19.645522388059703,20.35820895522388,40.00373134328358,67
0_Wavelet absolute mean_27777777.78Hz,18.604477611940297,19.369402985074625,37.973880597014926,67
0_Wavelet energy_125000000.0Hz,18.01865671641791,20.291044776119403,38.309701492537314,67
0_Wavelet entropy,24.354477611940297,24.686567164179106,49.041044776119406,67
0_Zero crossing rate,31.69402985074627,32.798507462686565,64.49253731343283,67
0_Absolute energy,12.393382352941176,8.257352941176471,20.650735294117645,68
0_Autocorrelation,10.522058823529411,9.908088235294118,20.43014705882353,68
0_ECDF Percentile_0,13.202205882352942,14.238970588235293,27.441176470588236,68
0_ECDF Percentile_1,21.3125,23.15073529411765,44.46323529411765,68
0_Entropy,17.91176470588235,18.143382352941178,36.05514705882353,68
0_Fundamental frequency,26.647058823529413,15.9375,42.58455882352941,68
0_Histogram mode,23.1875,19.63235294117647,42.81985294117647,68
0_Interquartile range,10.238970588235293,9.926470588235293,20.165441176470587,68
0_LPCC_0,14.941176470588236,16.93014705882353,31.871323529411764,68
0_LPCC_1,28.672794117647058,29.886029411764707,58.55882352941177,68
0_LPCC_5,31.518382352941178,31.13235294117647,62.65073529411765,68
0_LPCC_6,31.97426470588235,31.44485294117647,63.419117647058826,68
0_MFCC_0,20.34926470588235,19.176470588235293,39.525735294117645,68
0_MFCC_10,24.110294117647058,19.93014705882353,44.04044117647059,68
0_MFCC_11,12.341911764705882,12.150735294117647,24.49264705882353,68
0_MFCC_4,23.283088235294116,23.397058823529413,46.68014705882353,68
0_MFCC_5,17.91176470588235,17.691176470588236,35.60294117647059,68
0_MFCC_8,19.93014705882353,21.091911764705884,41.02205882352941,68
0_MFCC_9,15.944852941176471,16.455882352941178,32.40073529411765,68
0_Max,14.584558823529411,17.8125,32.39705882352941,68
0_Maximum frequency,28.452205882352942,20.584558823529413,49.036764705882355,68
0_Mean,21.53676470588235,25.720588235294116,47.257352941176464,68
0_Mean diff,13.6875,17.794117647058822,31.481617647058822,68
0_Median,18.922794117647058,21.345588235294116,40.268382352941174,68
0_Median absolute diff,33.69117647058823,36.95955882352941,70.65073529411765,68
0_Median diff,34.393382352941174,38.64705882352941,73.04044117647058,68
0_Median frequency,30.823529411764707,24.65073529411765,55.474264705882355,68
0_Negative turning points,36.14705882352941,33.12132352941177,69.26838235294119,68
0_Neighbourhood peaks,36.3014705882353,36.216911764705884,72.51838235294119,68
0_Peak to peak distance,1.4963235294117647,4.625,6.1213235294117645,68
0_Power bandwidth,32.20955882352941,30.227941176470587,62.4375,68
0_Slope,12.349264705882353,20.8125,33.161764705882355,68
0_Spectral decrease,18.49264705882353,19.139705882352942,37.63235294117647,68
0_Spectral entropy,6.470588235294118,9.330882352941176,15.801470588235293,68
0_Spectral positive turning points,31.860294117647058,29.125,60.98529411764706,68
0_Spectral roll-on,33.481617647058826,30.352941176470587,63.83455882352941,68
0_Spectral variation,9.400735294117647,10.5625,19.963235294117645,68
0_Wavelet absolute mean_125000000.0Hz,19.58823529411765,20.360294117647058,39.94852941176471,68
0_Wavelet absolute mean_27777777.78Hz,18.621323529411764,19.33823529411765,37.95955882352941,68
0_Wavelet energy_125000000.0Hz,17.966911764705884,20.27573529411765,38.242647058823536,68
0_Wavelet entropy,24.408088235294116,24.676470588235293,49.084558823529406,68
0_Zero crossing rate,31.720588235294116,32.838235294117645,64.55882352941177,68
0_Absolute energy,12.340579710144928,8.257246376811594,20.597826086956523,69
0_Autocorrelation,10.532608695652174,9.902173913043478,20.434782608695652,69
0_ECDF Percentile_0,13.13768115942029,14.235507246376812,27.3731884057971,69
0_ECDF Percentile_1,21.30072463768116,23.14855072463768,44.44927536231884,69
0_Entropy,17.902173913043477,18.166666666666668,36.06884057971014,69
0_Fundamental frequency,26.64855072463768,15.927536231884059,42.576086956521735,69
0_Histogram mode,23.192028985507246,19.63768115942029,42.82971014492753,69
0_Interquartile range,10.242753623188406,9.91304347826087,20.155797101449274,69
0_LPCC_0,14.945652173913043,16.905797101449274,31.851449275362317,69
0_LPCC_1,28.69927536231884,29.89855072463768,58.597826086956516,69
0_LPCC_5,31.52173913043478,31.166666666666668,62.68840579710145,69
0_LPCC_6,32.03260869565217,31.442028985507246,63.47463768115942,69
0_MFCC_0,20.31159420289855,19.170289855072465,39.481884057971016,69
0_MFCC_10,24.119565217391305,19.93840579710145,44.05797101449275,69
0_MFCC_11,12.31159420289855,12.148550724637682,24.460144927536234,69
0_MFCC_4,23.318840579710145,23.402173913043477,46.721014492753625,69
0_MFCC_5,17.884057971014492,17.706521739130434,35.59057971014492,69
0_MFCC_8,19.894927536231883,21.05072463768116,40.94565217391305,69
0_MFCC_9,15.927536231884059,16.42391304347826,32.35144927536232,69
0_Max,14.576086956521738,17.82608695652174,32.40217391304348,69
0_Maximum frequency,28.445652173913043,20.6231884057971,49.06884057971014,69
0_Mean,21.543478260869566,25.706521739130434,47.25,69
0_Mean diff,13.644927536231885,17.804347826086957,31.449275362318843,69
0_Median,18.98913043478261,21.380434782608695,40.369565217391305,69
0_Median absolute diff,33.7463768115942,36.95289855072464,70.69927536231884,69
0_Median diff,34.471014492753625,38.66304347826087,73.1340579710145,69
0_Median frequency,30.829710144927535,24.659420289855074,55.48913043478261,69
0_Negative turning points,36.15942028985507,33.17391304347826,69.33333333333333,69
0_Neighbourhood peaks,36.31521739130435,36.20652173913044,72.52173913043478,69
0_Peak to peak distance,1.5036231884057971,4.644927536231884,6.148550724637681,69
0_Power bandwidth,32.18840579710145,30.235507246376812,62.423913043478265,69
0_Slope,12.344202898550725,20.815217391304348,33.15942028985507,69
0_Spectral decrease,18.51086956521739,19.105072463768117,37.61594202898551,69
0_Spectral entropy,6.4601449275362315,9.33695652173913,15.797101449275363,69
0_Spectral positive turning points,31.86231884057971,29.06159420289855,60.923913043478265,69
0_Spectral roll-on,33.492753623188406,30.365942028985508,63.858695652173914,69
0_Spectral variation,9.452898550724637,10.55072463768116,20.003623188405797,69
0_Wavelet absolute mean_125000000.0Hz,19.554347826086957,20.358695652173914,39.913043478260875,69
0_Wavelet absolute mean_27777777.78Hz,18.579710144927535,19.32608695652174,37.905797101449274,69
0_Wavelet energy_125000000.0Hz,17.942028985507246,20.278985507246375,38.221014492753625,69
0_Wavelet entropy,24.3731884057971,24.67753623188406,49.05072463768116,69
0_Zero crossing rate,31.75,32.80434782608695,64.55434782608695,69
0_Absolute energy,12.325,8.275,20.6,70
0_Autocorrelation,10.517857142857142,9.892857142857142,20.410714285714285,70
0_ECDF Percentile_0,13.089285714285714,14.2,27.28928571428571,70
0_ECDF Percentile_1,21.332142857142856,23.142857142857142,44.474999999999994,70
0_Entropy,17.87142857142857,18.164285714285715,36.035714285714285,70
0_Fundamental frequency,26.639285714285716,15.95357142857143,42.59285714285714,70
0_Histogram mode,23.185714285714287,19.65,42.83571428571429,70
0_Interquartile range,10.253571428571428,9.92142857142857,20.174999999999997,70
0_LPCC_0,14.975,16.90357142857143,31.878571428571426,70
0_LPCC_1,28.667857142857144,29.9,58.56785714285714,70
0_LPCC_5,31.535714285714285,31.135714285714286,62.67142857142857,70
0_LPCC_6,32.107142857142854,31.425,63.53214285714286,70
0_MFCC_0,20.310714285714287,19.15,39.46071428571429,70
0_MFCC_10,24.067857142857143,19.917857142857144,43.98571428571429,70
0_MFCC_11,12.3,12.139285714285714,24.439285714285717,70
0_MFCC_4,23.325,23.417857142857144,46.74285714285715,70
0_MFCC_5,17.889285714285716,17.710714285714285,35.6,70
0_MFCC_8,19.925,21.053571428571427,40.97857142857143,70
0_MFCC_9,15.896428571428572,16.389285714285716,32.28571428571429,70
0_Max,14.553571428571429,17.814285714285713,32.36785714285714,70
0_Maximum frequency,28.40714285714286,20.642857142857142,49.05,70
0_Mean,21.54642857142857,25.710714285714285,47.25714285714285,70
0_Mean diff,13.632142857142858,17.814285714285713,31.44642857142857,70
0_Median,18.95357142857143,21.360714285714284,40.31428571428572,70
0_Median absolute diff,33.80357142857143,36.957142857142856,70.76071428571429,70
0_Median diff,34.54642857142857,38.675,73.22142857142856,70
0_Median frequency,30.835714285714285,24.664285714285715,55.5,70
0_Negative turning points,36.167857142857144,33.19285714285714,69.3607142857143,70
0_Neighbourhood peaks,36.34642857142857,36.24285714285714,72.58928571428571,70
0_Peak to peak distance,1.5035714285714286,4.646428571428571,6.15,70
0_Power bandwidth,32.19642857142857,30.232142857142858,62.42857142857143,70
0_Slope,12.364285714285714,20.875,33.239285714285714,70
0_Spectral decrease,18.525,19.132142857142856,37.65714285714286,70
0_Spectral entropy,6.460714285714285,9.335714285714285,15.79642857142857,70
0_Spectral positive turning points,31.90714285714286,29.053571428571427,60.96071428571429,70
0_Spectral roll-on,33.535714285714285,30.332142857142856,63.86785714285714,70
0_Spectral variation,9.471428571428572,10.542857142857143,20.014285714285712,70
0_Wavelet absolute mean_125000000.0Hz,19.489285714285714,20.321428571428573,39.81071428571428,70
0_Wavelet absolute mean_27777777.78Hz,18.535714285714285,19.335714285714285,37.87142857142857,70
0_Wavelet energy_125000000.0Hz,17.90357142857143,20.27857142857143,38.18214285714286,70
0_Wavelet entropy,24.325,24.667857142857144,48.99285714285715,70
0_Zero crossing rate,31.775,32.82857142857143,64.60357142857143,70
0_Absolute energy,12.29225352112676,8.28169014084507,20.573943661971832,71
0_Autocorrelation,10.52112676056338,9.904929577464788,20.426056338028168,71
0_ECDF Percentile_0,13.04225352112676,14.211267605633802,27.25352112676056,71
0_ECDF Percentile_1,21.327464788732396,23.1443661971831,44.471830985915496,71
0_Entropy,17.890845070422536,18.158450704225352,36.04929577464789,71
0_Fundamental frequency,26.633802816901408,15.929577464788732,42.563380281690144,71
0_Histogram mode,23.225352112676056,19.661971830985916,42.88732394366197,71
0_Interquartile range,10.242957746478874,9.919014084507042,20.161971830985916,71
0_LPCC_0,14.94718309859155,16.89788732394366,31.84507042253521,71
0_LPCC_1,28.633802816901408,29.89788732394366,58.53169014084507,71
0_LPCC_5,31.566901408450704,31.1443661971831,62.71126760563381,71
0_LPCC_6,32.15845070422535,31.433098591549296,63.59154929577465,71
0_MFCC_0,20.341549295774648,19.172535211267604,39.514084507042256,71
0_MFCC_10,24.133802816901408,19.904929577464788,44.03873239436619,71
0_MFCC_11,12.27112676056338,12.137323943661972,24.408450704225352,71
0_MFCC_4,23.288732394366196,23.43661971830986,46.725352112676056,71
0_MFCC_5,17.869718309859156,17.72887323943662,35.598591549295776,71
0_MFCC_8,19.89788732394366,21.070422535211268,40.96830985915493,71
0_MFCC_9,15.873239436619718,16.404929577464788,32.278169014084504,71
0_Max,14.55281690140845,17.823943661971832,32.37676056338028,71
0_Maximum frequency,28.37676056338028,20.637323943661972,49.014084507042256,71
0_Mean,21.454225352112676,25.672535211267604,47.12676056338028,71
0_Mean diff,13.616197183098592,17.79225352112676,31.408450704225352,71
0_Median,19.007042253521128,21.35211267605634,40.35915492957747,71
0_Median absolute diff,33.83098591549296,36.936619718309856,70.76760563380282,71
0_Median diff,34.45774647887324,38.644366197183096,73.10211267605634,71
0_Median frequency,30.89788732394366,24.693661971830984,55.59154929577464,71
0_Negative turning points,36.15845070422535,33.20070422535211,69.35915492957747,71
0_Neighbourhood peaks,36.36971830985915,36.25704225352113,72.62676056338029,71
0_Peak to peak distance,1.5,4.644366197183099,6.144366197183099,71
0_Power bandwidth,32.19718309859155,30.242957746478872,62.440140845070424,71
0_Slope,12.355633802816902,20.848591549295776,33.20422535211268,71
0_Spectral decrease,18.566901408450704,19.151408450704224,37.71830985915493,71
0_Spectral entropy,6.450704225352113,9.32394366197183,15.774647887323944,71
0_Spectral positive turning points,31.922535211267604,29.049295774647888,60.97183098591549,71
0_Spectral roll-on,33.563380281690144,30.302816901408452,63.86619718309859,71
0_Spectral variation,9.496478873239436,10.549295774647888,20.045774647887324,71
0_Wavelet absolute mean_125000000.0Hz,19.461267605633804,20.295774647887324,39.75704225352113,71
0_Wavelet absolute mean_27777777.78Hz,18.588028169014084,19.37323943661972,37.96126760563381,71
0_Wavelet energy_125000000.0Hz,17.89788732394366,20.260563380281692,38.15845070422535,71
0_Wavelet entropy,24.306338028169016,24.658450704225352,48.96478873239437,71
0_Zero crossing rate,31.81338028169014,32.848591549295776,64.66197183098592,71
0_Absolute energy,12.246527777777779,8.274305555555555,20.520833333333336,72
0_Autocorrelation,10.534722222222221,9.913194444444445,20.447916666666664,72
0_ECDF Percentile_0,13.072916666666666,14.20486111111111,27.27777777777778,72
0_ECDF Percentile_1,21.354166666666668,23.166666666666668,44.520833333333336,72
0_Entropy,17.84027777777778,18.17013888888889,36.01041666666667,72
0_Fundamental frequency,26.635416666666668,15.95138888888889,42.58680555555556,72
0_Histogram mode,23.211805555555557,19.635416666666668,42.84722222222223,72
0_Interquartile range,10.229166666666666,9.90625,20.135416666666664,72
0_LPCC_0,14.993055555555555,16.899305555555557,31.892361111111114,72
0_LPCC_1,28.635416666666668,29.88888888888889,58.52430555555556,72
0_LPCC_5,31.604166666666668,31.149305555555557,62.75347222222223,72
0_LPCC_6,32.12847222222222,31.42361111111111,63.55208333333333,72
0_MFCC_0,20.288194444444443,19.145833333333332,39.43402777777777,72
0_MFCC_10,24.13888888888889,19.92361111111111,44.0625,72
0_MFCC_11,12.253472222222221,12.14236111111111,24.395833333333332,72
0_MFCC_4,23.29861111111111,23.39236111111111,46.69097222222222,72
0_MFCC_5,17.86111111111111,17.770833333333332,35.63194444444444,72
0_MFCC_8,19.88888888888889,21.09027777777778,40.97916666666667,72
0_MFCC_9,15.86111111111111,16.40277777777778,32.263888888888886,72
0_Max,14.572916666666666,17.805555555555557,32.37847222222222,72
0_Maximum frequency,28.336805555555557,20.645833333333332,48.982638888888886,72
0_Mean,21.44097222222222,25.6875,47.12847222222222,72
0_Mean diff,13.583333333333334,17.76388888888889,31.34722222222222,72
0_Median,18.989583333333332,21.364583333333332,40.354166666666664,72
0_Median absolute diff,33.84375,36.88194444444444,70.72569444444444,72
0_Median diff,34.39930555555556,38.635416666666664,73.03472222222223,72
0_Median frequency,30.86111111111111,24.65625,55.517361111111114,72
0_Negative turning points,36.15277777777778,33.22222222222222,69.375,72
0_Neighbourhood peaks,36.37847222222222,36.260416666666664,72.63888888888889,72
0_Peak to peak distance,1.4965277777777777,4.638888888888889,6.135416666666667,72
0_Power bandwidth,32.25,30.25,62.5,72
0_Slope,12.340277777777779,20.822916666666668,33.16319444444444,72
0_Spectral decrease,18.538194444444443,19.166666666666668,37.704861111111114,72
0_Spectral entropy,6.4375,9.305555555555555,15.743055555555555,72
0_Spectral positive turning points,31.930555555555557,29.09722222222222,61.02777777777778,72
0_Spectral roll-on,33.60069444444444,30.31597222222222,63.916666666666664,72
0_Spectral variation,9.559027777777779,10.559027777777779,20.118055555555557,72
0_Wavelet absolute mean_125000000.0Hz,19.51736111111111,20.270833333333332,39.78819444444444,72
0_Wavelet absolute mean_27777777.78Hz,18.631944444444443,19.40625,38.03819444444444,72
0_Wavelet energy_125000000.0Hz,17.958333333333332,20.270833333333332,38.229166666666664,72
0_Wavelet entropy,24.288194444444443,24.67361111111111,48.96180555555556,72
0_Zero crossing rate,31.81597222222222,32.84722222222222,64.66319444444444,72
0_Absolute energy,12.246575342465754,8.315068493150685,20.561643835616437,73
0_Autocorrelation,10.520547945205479,9.907534246575343,20.428082191780824,73
0_ECDF Percentile_0,13.102739726027398,14.212328767123287,27.315068493150683,73
0_ECDF Percentile_1,21.363013698630137,23.184931506849313,44.54794520547945,73
0_Entropy,17.825342465753426,18.154109589041095,35.97945205479452,73
0_Fundamental frequency,26.606164383561644,15.924657534246576,42.53082191780822,73
0_Histogram mode,23.198630136986303,19.613013698630137,42.81164383561644,73
0_Interquartile range,10.215753424657533,9.900684931506849,20.11643835616438,73
0_LPCC_0,15.006849315068493,16.897260273972602,31.904109589041095,73
0_LPCC_1,28.561643835616437,29.886986301369863,58.448630136986296,73
0_LPCC_5,31.589041095890412,31.13013698630137,62.71917808219178,73
0_LPCC_6,32.113013698630134,31.45205479452055,63.56506849315068,73
0_MFCC_0,20.291095890410958,19.143835616438356,39.43493150684931,73
0_MFCC_10,24.198630136986303,19.893835616438356,44.09246575342466,73
0_MFCC_11,12.263698630136986,12.154109589041095,24.41780821917808,73
0_MFCC_4,23.28767123287671,23.363013698630137,46.650684931506845,73
0_MFCC_5,17.893835616438356,17.763698630136986,35.65753424657534,73
0_MFCC_8,19.95205479452055,21.136986301369863,41.08904109589041,73
0_MFCC_9,15.842465753424657,16.39041095890411,32.23287671232877,73
0_Max,14.571917808219178,17.791095890410958,32.363013698630134,73
0_Maximum frequency,28.339041095890412,20.633561643835616,48.97260273972603,73
0_Mean,21.438356164383563,25.688356164383563,47.12671232876713,73
0_Mean diff,13.530821917808218,17.746575342465754,31.277397260273972,73
0_Median,19.0,21.373287671232877,40.37328767123287,73
0_Median absolute diff,33.82876712328767,36.89041095890411,70.71917808219177,73
0_Median diff,34.4486301369863,38.65068493150685,73.09931506849315,73
0_Median frequency,30.90753424657534,24.69178082191781,55.599315068493155,73
0_Negative turning points,36.13356164383562,33.17123287671233,69.30479452054794,73
0_Neighbourhood peaks,36.35616438356164,36.273972602739725,72.63013698630137,73
0_Peak to peak distance,1.5,4.6438356164383565,6.1438356164383565,73
0_Power bandwidth,32.28082191780822,30.253424657534246,62.534246575342465,73
0_Slope,12.32876712328767,20.828767123287673,33.157534246575345,73
0_Spectral decrease,18.55821917808219,19.19178082191781,37.75,73
0_Spectral entropy,6.438356164383562,9.297945205479452,15.736301369863014,73
0_Spectral positive turning points,31.904109589041095,29.10958904109589,61.013698630136986,73
0_Spectral roll-on,33.62328767123287,30.33219178082192,63.95547945205479,73
0_Spectral variation,9.565068493150685,10.558219178082192,20.123287671232877,73
0_Wavelet absolute mean_125000000.0Hz,19.541095890410958,20.33219178082192,39.87328767123287,73
0_Wavelet absolute mean_27777777.78Hz,18.726027397260275,19.373287671232877,38.099315068493155,73
0_Wavelet energy_125000000.0Hz,17.89041095890411,20.243150684931507,38.13356164383562,73
0_Wavelet entropy,24.226027397260275,24.647260273972602,48.87328767123287,73
0_Zero crossing rate,31.784246575342465,32.852739726027394,64.63698630136986,73
0_Absolute energy,12.202702702702704,8.31081081081081,20.513513513513516,74
0_Autocorrelation,10.527027027027026,9.905405405405405,20.43243243243243,74
0_ECDF Percentile_0,13.131756756756756,14.18581081081081,27.317567567567565,74
0_ECDF Percentile_1,21.2972972972973,23.155405405405407,44.45270270270271,74
0_Entropy,17.7972972972973,18.155405405405407,35.95270270270271,74
0_Fundamental frequency,26.574324324324323,15.908783783783784,42.483108108108105,74
0_Histogram mode,23.18243243243243,19.614864864864863,42.79729729729729,74
0_Interquartile range,10.172297297297296,9.875,20.0472972972973,74
0_LPCC_0,15.027027027027026,16.91891891891892,31.945945945945944,74
0_LPCC_1,28.530405405405407,29.908783783783782,58.43918918918919,74
0_LPCC_5,31.631756756756758,31.091216216216218,62.722972972972975,74
0_LPCC_6,32.12837837837838,31.4527027027027,63.58108108108108,74
0_MFCC_0,20.375,19.16891891891892,39.54391891891892,74
0_MFCC_10,24.18581081081081,19.87162162162162,44.057432432432435,74
0_MFCC_11,12.317567567567568,12.162162162162161,24.47972972972973,74
0_MFCC_4,23.347972972972972,23.37837837837838,46.726351351351354,74
0_MFCC_5,17.91554054054054,17.80743243243243,35.72297297297297,74
0_MFCC_8,20.02364864864865,21.18243243243243,41.20608108108108,74
0_MFCC_9,15.85135135135135,16.408783783783782,32.26013513513513,74
0_Max,14.574324324324325,17.80743243243243,32.38175675675676,74
0_Maximum frequency,28.361486486486488,20.631756756756758,48.99324324324324,74
0_Mean,21.45945945945946,25.66554054054054,47.125,74
0_Mean diff,13.567567567567568,17.75337837837838,31.320945945945947,74
0_Median,18.95945945945946,21.33445945945946,40.29391891891892,74
0_Median absolute diff,33.766891891891895,36.8445945945946,70.61148648648648,74
0_Median diff,34.51013513513514,38.63513513513514,73.14527027027027,74
0_Median frequency,30.89527027027027,24.7027027027027,55.59797297297297,74
0_Negative turning points,36.13513513513514,33.189189189189186,69.32432432432432,74
0_Neighbourhood peaks,36.33445945945946,36.29391891891892,72.62837837837839,74
0_Peak to peak distance,1.5067567567567568,4.648648648648648,6.155405405405405,74
0_Power bandwidth,32.307432432432435,30.260135135135137,62.56756756756757,74
0_Slope,12.307432432432432,20.81756756756757,33.125,74
0_Spectral decrease,18.550675675675677,19.20945945945946,37.76013513513514,74
0_Spectral entropy,6.466216216216216,9.31418918918919,15.780405405405405,74
0_Spectral positive turning points,31.91216216216216,29.111486486486488,61.023648648648646,74
0_Spectral roll-on,33.638513513513516,30.35135135135135,63.98986486486487,74
0_Spectral variation,9.554054054054054,10.554054054054054,20.10810810810811,74
0_Wavelet absolute mean_125000000.0Hz,19.472972972972972,20.300675675675677,39.773648648648646,74
0_Wavelet absolute mean_27777777.78Hz,18.69256756756757,19.375,38.067567567567565,74
0_Wavelet energy_125000000.0Hz,17.847972972972972,20.222972972972972,38.070945945945944,74
0_Wavelet entropy,24.12162162162162,24.62162162162162,48.74324324324324,74
0_Zero crossing rate,31.83783783783784,32.891891891891895,64.72972972972974,74
0_Absolute energy,12.17,8.296666666666667,20.46666666666667,75
0_Autocorrelation,10.54,9.906666666666666,20.446666666666665,75
0_ECDF Percentile_0,13.09,14.193333333333333,27.28333333333333,75
0_ECDF Percentile_1,21.343333333333334,23.14,44.483333333333334,75
0_Entropy,17.746666666666666,18.166666666666668,35.913333333333334,75
0_Fundamental frequency,26.566666666666666,15.886666666666667,42.45333333333333,75
0_Histogram mode,23.176666666666666,19.633333333333333,42.81,75
0_Interquartile range,10.163333333333334,9.873333333333333,20.03666666666667,75
0_LPCC_0,14.983333333333333,16.916666666666668,31.9,75
0_LPCC_1,28.51,29.953333333333333,58.46333333333334,75
0_LPCC_5,31.62,31.05666666666667,62.67666666666667,75
0_LPCC_6,32.126666666666665,31.493333333333332,63.62,75
0_MFCC_0,20.376666666666665,19.163333333333334,39.54,75
0_MFCC_10,24.136666666666667,19.89666666666667,44.03333333333333,75
0_MFCC_11,12.41,12.163333333333334,24.573333333333334,75
0_MFCC_4,23.356666666666666,23.35333333333333,46.709999999999994,75
0_MFCC_5,17.903333333333332,17.793333333333333,35.696666666666665,75
0_MFCC_8,20.053333333333335,21.19333333333333,41.24666666666667,75
0_MFCC_9,15.853333333333333,16.39666666666667,32.25,75
0_Max,14.576666666666666,17.8,32.376666666666665,75
0_Maximum frequency,28.343333333333334,20.666666666666668,49.010000000000005,75
0_Mean,21.52,25.633333333333333,47.153333333333336,75
0_Mean diff,13.566666666666666,17.77,31.336666666666666,75
0_Median,18.986666666666668,21.35,40.33666666666667,75
0_Median absolute diff,33.71,36.833333333333336,70.54333333333334,75
0_Median diff,34.42666666666667,38.6,73.02666666666667,75
0_Median frequency,30.856666666666666,24.706666666666667,55.56333333333333,75
0_Negative turning points,36.153333333333336,33.17333333333333,69.32666666666667,75
0_Neighbourhood peaks,36.35666666666667,36.31333333333333,72.67,75
0_Peak to peak distance,1.5033333333333334,4.6466666666666665,6.15,75
0_Power bandwidth,32.32666666666667,30.256666666666668,62.583333333333336,75
0_Slope,12.286666666666667,20.80666666666667,33.093333333333334,75
0_Spectral decrease,18.63,19.19,37.82,75
0_Spectral entropy,6.493333333333333,9.336666666666666,15.829999999999998,75
0_Spectral positive turning points,31.93,29.123333333333335,61.053333333333335,75
0_Spectral roll-on,33.65,30.32,63.97,75
0_Spectral variation,9.54,10.54,20.08,75
0_Wavelet absolute mean_125000000.0Hz,19.48,20.30666666666667,39.78666666666667,75
0_Wavelet absolute mean_27777777.78Hz,18.716666666666665,19.346666666666668,38.06333333333333,75
0_Wavelet energy_125000000.0Hz,17.873333333333335,20.24,38.11333333333333,75
0_Wavelet entropy,24.106666666666666,24.663333333333334,48.769999999999996,75
0_Zero crossing rate,31.84,32.9,64.74,75
0_Absolute energy,12.151315789473685,8.269736842105264,20.42105263157895,76
0_Autocorrelation,10.532894736842104,9.901315789473685,20.434210526315788,76
0_ECDF Percentile_0,13.111842105263158,14.203947368421053,27.315789473684212,76
0_ECDF Percentile_1,21.342105263157894,23.164473684210527,44.506578947368425,76
0_Entropy,17.773026315789473,18.154605263157894,35.92763157894737,76
0_Fundamental frequency,26.51644736842105,15.861842105263158,42.378289473684205,76
0_Histogram mode,23.157894736842106,19.61513157894737,42.77302631578948,76
0_Interquartile range,10.111842105263158,9.861842105263158,19.973684210526315,76
0_LPCC_0,15.039473684210526,16.894736842105264,31.934210526315788,76
0_LPCC_1,28.49342105263158,29.907894736842106,58.401315789473685,76
0_LPCC_5,31.67763157894737,31.042763157894736,62.72039473684211,76
0_LPCC_6,32.1875,31.486842105263158,63.67434210526316,76
0_MFCC_0,20.398026315789473,19.20394736842105,39.60197368421052,76
0_MFCC_10,24.161184210526315,19.875,44.036184210526315,76
0_MFCC_11,12.394736842105264,12.167763157894736,24.5625,76
0_MFCC_4,23.32894736842105,23.32894736842105,46.6578947368421,76
0_MFCC_5,17.875,17.76644736842105,35.641447368421055,76
0_MFCC_8,20.049342105263158,21.19078947368421,41.24013157894737,76
0_MFCC_9,15.875,16.411184210526315,32.286184210526315,76
0_Max,14.592105263157896,17.8125,32.4046052631579,76
0_Maximum frequency,28.348684210526315,20.664473684210527,49.01315789473684,76
0_Mean,21.50657894736842,25.63486842105263,47.141447368421055,76
0_Mean diff,13.585526315789474,17.80921052631579,31.394736842105267,76
0_Median,18.963815789473685,21.35855263157895,40.32236842105263,76
0_Median absolute diff,33.7203947368421,36.85526315789474,70.57565789473685,76
0_Median diff,34.48684210526316,38.60526315789474,73.09210526315789,76
0_Median frequency,30.80921052631579,24.717105263157894,55.526315789473685,76
0_Negative turning points,36.1546052631579,33.1578947368421,69.3125,76
0_Neighbourhood peaks,36.375,36.32236842105263,72.69736842105263,76
0_Peak to peak distance,1.506578947368421,4.6480263157894735,6.154605263157895,76
0_Power bandwidth,32.358552631578945,30.269736842105264,62.628289473684205,76
0_Slope,12.266447368421053,20.81907894736842,33.08552631578947,76
0_Spectral decrease,18.588815789473685,19.207236842105264,37.796052631578945,76
0_Spectral entropy,6.5,9.332236842105264,15.832236842105264,76
0_Spectral positive turning points,31.898026315789473,29.167763157894736,61.065789473684205,76
0_Spectral roll-on,33.6546052631579,30.286184210526315,63.94078947368421,76
0_Spectral variation,9.542763157894736,10.56578947368421,20.108552631578945,76
0_Wavelet absolute mean_125000000.0Hz,19.4375,20.29605263157895,39.733552631578945,76
0_Wavelet absolute mean_27777777.78Hz,18.707236842105264,19.37828947368421,38.08552631578947,76
0_Wavelet energy_125000000.0Hz,17.861842105263158,20.226973684210527,38.088815789473685,76
0_Wavelet entropy,24.157894736842106,24.63486842105263,48.79276315789474,76
0_Zero crossing rate,31.799342105263158,32.921052631578945,64.72039473684211,76
0_Absolute energy,12.159090909090908,8.305194805194805,20.464285714285715,77
0_Autocorrelation,10.542207792207792,9.915584415584416,20.45779220779221,77
0_ECDF Percentile_0,13.081168831168831,14.21103896103896,27.29220779220779,77
0_ECDF Percentile_1,21.34090909090909,23.175324675324674,44.51623376623377,77
0_Entropy,17.753246753246753,18.149350649350648,35.9025974025974,77
0_Fundamental frequency,26.52922077922078,15.892857142857142,42.42207792207792,77
0_Histogram mode,23.16883116883117,19.613636363636363,42.782467532467535,77
0_Interquartile range,10.094155844155845,9.87012987012987,19.964285714285715,77
0_LPCC_0,15.025974025974026,16.873376623376622,31.899350649350648,77
0_LPCC_1,28.5,29.90909090909091,58.40909090909091,77
0_LPCC_5,31.694805194805195,31.016233766233768,62.711038961038966,77
0_LPCC_6,32.29220779220779,31.48701298701299,63.77922077922078,77
0_MFCC_0,20.392857142857142,19.207792207792206,39.60064935064935,77
0_MFCC_10,24.155844155844157,19.863636363636363,44.019480519480524,77
0_MFCC_11,12.39935064935065,12.162337662337663,24.561688311688314,77
0_MFCC_4,23.357142857142858,23.337662337662337,46.6948051948052,77
0_MFCC_5,17.88961038961039,17.788961038961038,35.67857142857143,77
0_MFCC_8,20.038961038961038,21.217532467532468,41.256493506493506,77
0_MFCC_9,15.857142857142858,16.357142857142858,32.214285714285715,77
0_Max,14.564935064935066,17.808441558441558,32.37337662337662,77
0_Maximum frequency,28.344155844155843,20.613636363636363,48.95779220779221,77
0_Mean,21.51948051948052,25.636363636363637,47.15584415584416,77
0_Mean diff,13.581168831168831,17.818181818181817,31.399350649350648,77
0_Median,18.941558441558442,21.363636363636363,40.3051948051948,77
0_Median absolute diff,33.73051948051948,36.86038961038961,70.5909090909091,77
0_Median diff,34.438311688311686,38.62012987012987,73.05844155844156,77
0_Median frequency,30.82792207792208,24.743506493506494,55.57142857142857,77
0_Negative turning points,36.15584415584416,33.16558441558441,69.32142857142857,77
0_Neighbourhood peaks,36.41558441558441,36.253246753246756,72.66883116883116,77
0_Peak to peak distance,1.5064935064935066,4.646103896103896,6.152597402597403,77
0_Power bandwidth,32.392857142857146,30.275974025974026,62.668831168831176,77
0_Slope,12.253246753246753,20.821428571428573,33.074675324675326,77
0_Spectral decrease,18.59090909090909,19.227272727272727,37.81818181818181,77
0_Spectral entropy,6.496753246753247,9.331168831168831,15.827922077922079,77
0_Spectral positive turning points,31.87987012987013,29.18831168831169,61.06818181818182,77
0_Spectral roll-on,33.65584415584416,30.308441558441558,63.964285714285715,77
0_Spectral variation,9.555194805194805,10.561688311688311,20.116883116883116,77
0_Wavelet absolute mean_125000000.0Hz,19.43831168831169,20.32792207792208,39.76623376623377,77
0_Wavelet absolute mean_27777777.78Hz,18.685064935064936,19.383116883116884,38.06818181818182,77
0_Wavelet energy_125000000.0Hz,17.844155844155843,20.211038961038962,38.0551948051948,77
0_Wavelet entropy,24.12012987012987,24.607142857142858,48.72727272727273,77
0_Zero crossing rate,31.788961038961038,32.87337662337662,64.66233766233766,77
0_Absolute energy,12.157051282051283,8.294871794871796,20.45192307692308,78
0_Autocorrelation,10.548076923076923,9.929487179487179,20.477564102564102,78
0_ECDF Percentile_0,13.041666666666666,14.224358974358974,27.266025641025642,78
0_ECDF Percentile_1,21.28525641025641,23.125,44.41025641025641,78
0_Entropy,17.75,18.137820512820515,35.88782051282051,78
0_Fundamental frequency,26.516025641025642,15.903846153846153,42.419871794871796,78
0_Histogram mode,23.17628205128205,19.631410256410255,42.80769230769231,78
0_Interquartile range,10.076923076923077,9.868589743589743,19.945512820512818,78
0_LPCC_0,15.012820512820513,16.85576923076923,31.868589743589745,78
0_LPCC_1,28.5,29.919871794871796,58.419871794871796,78
0_LPCC_5,31.727564102564102,31.012820512820515,62.74038461538461,78
0_LPCC_6,32.294871794871796,31.477564102564102,63.7724358974359,78
0_MFCC_0,20.471153846153847,19.192307692307693,39.66346153846154,78
0_MFCC_10,24.169871794871796,19.903846153846153,44.07371794871795,78
0_MFCC_11,12.384615384615385,12.147435897435898,24.532051282051285,78
0_MFCC_4,23.346153846153847,23.358974358974358,46.705128205128204,78
0_MFCC_5,17.996794871794872,17.794871794871796,35.79166666666667,78
0_MFCC_8,20.076923076923077,21.237179487179485,41.31410256410256,78
0_MFCC_9,15.823717948717949,16.349358974358974,32.17307692307692,78
0_Max,14.53525641025641,17.798076923076923,32.333333333333336,78
0_Maximum frequency,28.272435897435898,20.60576923076923,48.878205128205124,78
0_Mean,21.557692307692307,25.66346153846154,47.22115384615385,78
0_Mean diff,13.625,17.84294871794872,31.46794871794872,78
0_Median,18.871794871794872,21.346153846153847,40.217948717948715,78
0_Median absolute diff,33.76602564102564,36.830128205128204,70.59615384615384,78
0_Median diff,34.467948717948715,38.62179487179487,73.08974358974359,78
0_Median frequency,30.833333333333332,24.71153846153846,55.544871794871796,78
0_Negative turning points,36.13461538461539,33.19230769230769,69.32692307692308,78
0_Neighbourhood peaks,36.41025641025641,36.256410256410255,72.66666666666666,78
0_Peak to peak distance,1.5032051282051282,4.644230769230769,6.147435897435898,78
0_Power bandwidth,32.41346153846154,30.26923076923077,62.68269230769231,78
0_Slope,12.282051282051283,20.852564102564102,33.13461538461539,78
0_Spectral decrease,18.58974358974359,19.243589743589745,37.833333333333336,78
0_Spectral entropy,6.532051282051282,9.349358974358974,15.881410256410255,78
0_Spectral positive turning points,31.871794871794872,29.17948717948718,61.05128205128205,78
0_Spectral roll-on,33.631410256410255,30.32371794871795,63.955128205128204,78
0_Spectral variation,9.532051282051283,10.564102564102564,20.096153846153847,78
0_Wavelet absolute mean_125000000.0Hz,19.387820512820515,20.298076923076923,39.68589743589744,78
0_Wavelet absolute mean_27777777.78Hz,18.692307692307693,19.33974358974359,38.032051282051285,78
0_Wavelet energy_125000000.0Hz,17.90705128205128,20.201923076923077,38.10897435897436,78
0_Wavelet entropy,24.064102564102566,24.599358974358974,48.66346153846154,78
0_Zero crossing rate,31.762820512820515,32.90064102564103,64.66346153846155,78
0_Absolute energy,12.145569620253164,8.29746835443038,20.443037974683545,79
0_Autocorrelation,10.550632911392405,9.924050632911392,20.474683544303797,79
0_ECDF Percentile_0,12.955696202531646,14.177215189873417,27.132911392405063,79
0_ECDF Percentile_1,21.29746835443038,23.117088607594937,44.414556962025316,79
0_Entropy,17.71518987341772,18.13607594936709,35.85126582278481,79
0_Fundamental frequency,26.49367088607595,15.889240506329115,42.38291139240506,79
0_Histogram mode,23.158227848101266,19.645569620253166,42.80379746835443,79
0_Interquartile range,10.079113924050633,9.873417721518987,19.95253164556962,79
0_LPCC_0,15.018987341772151,16.85759493670886,31.87658227848101,79
0_LPCC_1,28.496835443037973,29.92721518987342,58.42405063291139,79
0_LPCC_5,31.75,31.015822784810126,62.765822784810126,79
0_LPCC_6,32.35443037974684,31.4873417721519,63.84177215189874,79
0_MFCC_0,20.484177215189874,19.240506329113924,39.7246835443038,79
0_MFCC_10,24.151898734177216,19.889240506329113,44.041139240506325,79
0_MFCC_11,12.363924050632912,12.129746835443038,24.49367088607595,79
0_MFCC_4,23.354430379746834,23.354430379746834,46.70886075949367,79
0_MFCC_5,17.955696202531644,17.79746835443038,35.75316455696202,79
0_MFCC_8,20.110759493670887,21.227848101265824,41.33860759493671,79
0_MFCC_9,15.91139240506329,16.335443037974684,32.24683544303797,79
0_Max,14.528481012658228,17.794303797468356,32.322784810126585,79
0_Maximum frequency,28.294303797468356,20.604430379746834,48.89873417721519,79
0_Mean,21.57278481012658,25.661392405063292,47.234177215189874,79
0_Mean diff,13.664556962025317,17.854430379746834,31.518987341772153,79
0_Median,18.832278481012658,21.31645569620253,40.14873417721519,79
0_Median absolute diff,33.7246835443038,36.84177215189873,70.56645569620252,79
0_Median diff,34.50632911392405,38.610759493670884,73.11708860759494,79
0_Median frequency,30.819620253164558,24.746835443037973,55.56645569620253,79
0_Negative turning points,36.14556962025316,33.18354430379747,69.32911392405063,79
0_Neighbourhood peaks,36.39556962025316,36.25316455696203,72.64873417721519,79
0_Peak to peak distance,1.5126582278481013,4.655063291139241,6.167721518987342,79
0_Power bandwidth,32.38291139240506,30.24367088607595,62.62658227848101,79
0_Slope,12.287974683544304,20.85759493670886,33.14556962025316,79
0_Spectral decrease,18.639240506329113,19.272151898734176,37.91139240506329,79
0_Spectral entropy,6.534810126582278,9.35126582278481,15.88607594936709,79
0_Spectral positive turning points,31.914556962025316,29.189873417721518,61.10443037974683,79
0_Spectral roll-on,33.674050632911396,30.338607594936708,64.0126582278481,79
0_Spectral variation,9.528481012658228,10.556962025316455,20.085443037974684,79
0_Wavelet absolute mean_125000000.0Hz,19.338607594936708,20.325949367088608,39.664556962025316,79
0_Wavelet absolute mean_27777777.78Hz,18.64240506329114,19.303797468354432,37.94620253164557,79
0_Wavelet energy_125000000.0Hz,17.870253164556964,20.199367088607595,38.06962025316456,79
0_Wavelet entropy,24.079113924050635,24.60759493670886,48.686708860759495,79
0_Zero crossing rate,31.7626582278481,32.90822784810127,64.67088607594937,79
0_Absolute energy,12.246875,8.35625,20.603125,80
0_Autocorrelation,10.55,9.934375,20.484375,80
0_ECDF Percentile_0,12.909375,14.184375,27.09375,80
0_ECDF Percentile_1,21.28125,23.146875,44.428125,80
0_Entropy,17.715625,18.146875,35.8625,80
0_Fundamental frequency,26.4875,15.86875,42.35625,80
0_Histogram mode,23.134375,19.640625,42.775,80
0_Interquartile range,10.090625,9.875,19.965625,80
0_LPCC_0,15.003125,16.91875,31.921875,80
0_LPCC_1,28.559375,29.91875,58.478125,80
0_LPCC_5,31.7125,30.996875,62.709374999999994,80
0_LPCC_6,32.365625,31.521875,63.8875,80
0_MFCC_0,20.571875,19.265625,39.8375,80
0_MFCC_10,24.121875,19.89375,44.015625,80
0_MFCC_11,12.384375,12.15,24.534375,80
0_MFCC_4,23.284375,23.33125,46.615625,80
0_MFCC_5,18.025,17.775,35.8,80
0_MFCC_8,20.103125,21.20625,41.309375,80
0_MFCC_9,15.884375,16.33125,32.215625,80
0_Max,14.496875,17.7625,32.259375,80
0_Maximum frequency,28.31875,20.553125,48.871875,80
0_Mean,21.625,25.6375,47.2625,80
0_Mean diff,13.665625,17.853125,31.518749999999997,80
0_Median,18.84375,21.33125,40.175,80
0_Median absolute diff,33.609375,36.821875,70.43125,80
0_Median diff,34.475,38.59375,73.06875,80
0_Median frequency,30.81875,24.715625,55.534375,80
0_Negative turning points,36.146875,33.209375,69.35625,80
0_Neighbourhood peaks,36.39375,36.253125,72.646875,80
0_Peak to peak distance,1.5125,4.65625,6.16875,80
0_Power bandwidth,32.39375,30.25625,62.65,80
0_Slope,12.309375,20.878125,33.1875,80
0_Spectral decrease,18.696875,19.29375,37.990624999999994,80
0_Spectral entropy,6.51875,9.3375,15.85625,80
0_Spectral positive turning points,31.90625,29.184375,61.090625,80
0_Spectral roll-on,33.665625,30.34375,64.009375,80
0_Spectral variation,9.540625,10.559375,20.1,80
0_Wavelet absolute mean_125000000.0Hz,19.3625,20.321875,39.684375,80
0_Wavelet absolute mean_27777777.78Hz,18.621875,19.296875,37.91875,80
0_Wavelet energy_125000000.0Hz,17.86875,20.18125,38.05,80
0_Wavelet entropy,24.015625,24.59375,48.609375,80
0_Zero crossing rate,31.7625,32.903125,64.665625,80
0_Absolute energy,12.228395061728396,8.354938271604938,20.583333333333336,81
0_Autocorrelation,10.555555555555555,9.941358024691358,20.49691358024691,81
0_ECDF Percentile_0,12.885802469135802,14.219135802469136,27.104938271604937,81
0_ECDF Percentile_1,21.280864197530864,23.141975308641975,44.422839506172835,81
0_Entropy,17.700617283950617,18.151234567901234,35.85185185185185,81
0_Fundamental frequency,26.5,15.867283950617283,42.367283950617285,81
0_Histogram mode,23.10185185185185,19.62962962962963,42.73148148148148,81
0_Interquartile range,10.101851851851851,9.86111111111111,19.962962962962962,81
0_LPCC_0,15.0,16.969135802469136,31.969135802469136,81
0_LPCC_1,28.561728395061728,29.910493827160494,58.47222222222222,81
0_LPCC_5,31.753086419753085,31.0,62.75308641975309,81
0_LPCC_6,32.339506172839506,31.51851851851852,63.858024691358025,81
0_MFCC_0,20.60185185185185,19.330246913580247,39.9320987654321,81
0_MFCC_10,24.141975308641975,19.876543209876544,44.01851851851852,81
0_MFCC_11,12.401234567901234,12.145061728395062,24.546296296296298,81
0_MFCC_4,23.308641975308642,23.320987654320987,46.62962962962963,81
0_MFCC_5,17.978395061728396,17.762345679012345,35.74074074074074,81
0_MFCC_8,20.15432098765432,21.22222222222222,41.376543209876544,81
0_MFCC_9,15.901234567901234,16.317901234567902,32.21913580246914,81
0_Max,14.481481481481481,17.77777777777778,32.25925925925926,81
0_Maximum frequency,28.287037037037038,20.55246913580247,48.839506172839506,81
0_Mean,21.632716049382715,25.623456790123456,47.25617283950617,81
0_Mean diff,13.660493827160494,17.839506172839506,31.5,81
0_Median,18.919753086419753,21.305555555555557,40.22530864197531,81
0_Median absolute diff,33.583333333333336,36.842592592592595,70.42592592592592,81
0_Median diff,34.416666666666664,38.5679012345679,72.98456790123456,81
0_Median frequency,30.762345679012345,24.728395061728396,55.49074074074074,81
0_Negative turning points,36.17283950617284,33.22222222222222,69.39506172839506,81
0_Neighbourhood peaks,36.39506172839506,36.25925925925926,72.65432098765433,81
0_Peak to peak distance,1.5185185185185186,4.657407407407407,6.175925925925926,81
0_Power bandwidth,32.410493827160494,30.253086419753085,62.66358024691358,81
0_Slope,12.311728395061728,20.848765432098766,33.160493827160494,81
0_Spectral decrease,18.780864197530864,19.29320987654321,38.074074074074076,81
0_Spectral entropy,6.503086419753086,9.330246913580247,15.833333333333332,81
0_Spectral positive turning points,31.910493827160494,29.19753086419753,61.108024691358025,81
0_Spectral roll-on,33.65432098765432,30.320987654320987,63.97530864197531,81
0_Spectral variation,9.521604938271604,10.567901234567902,20.089506172839506,81
0_Wavelet absolute mean_125000000.0Hz,19.39814814814815,20.34259259259259,39.74074074074074,81
0_Wavelet absolute mean_27777777.78Hz,18.60185185185185,19.290123456790123,37.891975308641975,81
0_Wavelet energy_125000000.0Hz,17.82716049382716,20.15432098765432,37.98148148148148,81
0_Wavelet entropy,23.98148148148148,24.59567901234568,48.577160493827165,81
0_Zero crossing rate,31.771604938271604,32.888888888888886,64.6604938271605,81
0_Absolute energy,12.228658536585366,8.350609756097562,20.579268292682926,82
0_Autocorrelation,10.545731707317072,9.939024390243903,20.484756097560975,82
0_ECDF Percentile_0,12.902439024390244,14.246951219512194,27.149390243902438,82
0_ECDF Percentile_1,21.222560975609756,23.100609756097562,44.32317073170732,82
0_Entropy,17.713414634146343,18.158536585365855,35.8719512195122,82
0_Fundamental frequency,26.50609756097561,15.862804878048781,42.368902439024396,82
0_Histogram mode,23.091463414634145,19.63109756097561,42.72256097560975,82
0_Interquartile range,10.079268292682928,9.853658536585366,19.932926829268293,82
0_LPCC_0,15.00609756097561,16.978658536585368,31.984756097560975,82
0_LPCC_1,28.5609756097561,29.911585365853657,58.47256097560975,82
0_LPCC_5,31.783536585365855,31.0,62.78353658536585,82
0_LPCC_6,32.38719512195122,31.51219512195122,63.899390243902445,82
0_MFCC_0,20.60670731707317,19.341463414634145,39.948170731707314,82
0_MFCC_10,24.134146341463413,19.878048780487806,44.01219512195122,82
0_MFCC_11,12.396341463414634,12.140243902439025,24.53658536585366,82
0_MFCC_4,23.338414634146343,23.335365853658537,46.673780487804876,82
0_MFCC_5,17.945121951219512,17.740853658536587,35.6859756097561,82
0_MFCC_8,20.161585365853657,21.213414634146343,41.375,82
0_MFCC_9,15.929878048780488,16.350609756097562,32.28048780487805,82
0_Max,14.509146341463415,17.783536585365855,32.29268292682927,82
0_Maximum frequency,28.26829268292683,20.59451219512195,48.86280487804878,82
0_Mean,21.625,25.61280487804878,47.23780487804878,82
0_Mean diff,13.637195121951219,17.838414634146343,31.475609756097562,82
0_Median,18.875,21.301829268292682,40.17682926829268,82
0_Median absolute diff,33.52743902439025,36.826219512195124,70.35365853658537,82
0_Median diff,34.39329268292683,38.545731707317074,72.9390243902439,82
0_Median frequency,30.734756097560975,24.673780487804876,55.40853658536585,82
0_Negative turning points,36.176829268292686,33.24390243902439,69.42073170731707,82
0_Neighbourhood peaks,36.417682926829265,36.271341463414636,72.6890243902439,82
0_Peak to peak distance,1.524390243902439,4.6676829268292686,6.192073170731708,82
0_Power bandwidth,32.44207317073171,30.253048780487806,62.69512195121952,82
0_Slope,12.307926829268293,20.83231707317073,33.140243902439025,82
0_Spectral decrease,18.786585365853657,19.295731707317074,38.08231707317073,82
0_Spectral entropy,6.5060975609756095,9.335365853658537,15.841463414634147,82
0_Spectral positive turning points,31.98780487804878,29.20731707317073,61.19512195121951,82
0_Spectral roll-on,33.66463414634146,30.329268292682926,63.99390243902439,82
0_Spectral variation,9.50609756097561,10.545731707317072,20.051829268292682,82
0_Wavelet absolute mean_125000000.0Hz,19.350609756097562,20.317073170731707,39.66768292682927,82
0_Wavelet absolute mean_27777777.78Hz,18.609756097560975,19.3140243902439,37.923780487804876,82
0_Wavelet energy_125000000.0Hz,17.875,20.161585365853657,38.036585365853654,82
0_Wavelet entropy,23.929878048780488,24.60670731707317,48.536585365853654,82
0_Zero crossing rate,31.804878048780488,32.896341463414636,64.70121951219512,82
0_Absolute energy,12.201807228915662,8.352409638554217,20.55421686746988,83
0_Autocorrelation,10.548192771084338,9.94578313253012,20.49397590361446,83
0_ECDF Percentile_0,13.02710843373494,14.228915662650602,27.25602409638554,83
0_ECDF Percentile_1,21.289156626506024,23.05421686746988,44.3433734939759,83
0_Entropy,17.77409638554217,18.147590361445783,35.92168674698795,83
0_Fundamental frequency,26.509036144578314,15.837349397590362,42.346385542168676,83
0_Histogram mode,23.096385542168676,19.6144578313253,42.71084337349397,83
0_Interquartile range,10.108433734939759,9.858433734939759,19.966867469879517,83
0_LPCC_0,14.978915662650602,16.954819277108435,31.933734939759034,83
0_LPCC_1,28.53012048192771,29.906626506024097,58.43674698795181,83
0_LPCC_5,31.768072289156628,30.990963855421686,62.75903614457832,83
0_LPCC_6,32.32831325301205,31.52409638554217,63.85240963855422,83
0_MFCC_0,20.569277108433734,19.352409638554217,39.92168674698795,83
0_MFCC_10,24.1355421686747,19.867469879518072,44.00301204819277,83
0_MFCC_11,12.457831325301205,12.16566265060241,24.623493975903614,83
0_MFCC_4,23.283132530120483,23.349397590361445,46.63253012048193,83
0_MFCC_5,18.033132530120483,17.707831325301203,35.74096385542168,83
0_MFCC_8,20.150602409638555,21.262048192771083,41.41265060240964,83
0_MFCC_9,15.900602409638553,16.33433734939759,32.234939759036145,83
0_Max,14.512048192771084,17.77409638554217,32.286144578313255,83
0_Maximum frequency,28.313253012048193,20.602409638554217,48.915662650602414,83
0_Mean,21.563253012048193,25.61144578313253,47.174698795180724,83
0_Mean diff,13.641566265060241,17.879518072289155,31.521084337349397,83
0_Median,18.8644578313253,21.319277108433734,40.183734939759034,83
0_Median absolute diff,33.52710843373494,36.79216867469879,70.31927710843374,83
0_Median diff,34.28012048192771,38.56325301204819,72.8433734939759,83
0_Median frequency,30.731927710843372,24.65963855421687,55.39156626506024,83
0_Negative turning points,36.144578313253014,33.26204819277108,69.4066265060241,83
0_Neighbourhood peaks,36.41265060240964,36.30722891566265,72.71987951807229,83
0_Peak to peak distance,1.5240963855421688,4.662650602409639,6.186746987951808,83
0_Power bandwidth,32.40060240963855,30.259036144578314,62.65963855421687,83
0_Slope,12.28012048192771,20.82831325301205,33.10843373493976,83
0_Spectral decrease,18.789156626506024,19.289156626506024,38.07831325301205,83
0_Spectral entropy,6.481927710843373,9.325301204819278,15.807228915662652,83
0_Spectral positive turning points,31.987951807228917,29.237951807228917,61.225903614457835,83
0_Spectral roll-on,33.65963855421687,30.33132530120482,63.99096385542169,83
0_Spectral variation,9.536144578313253,10.569277108433734,20.105421686746986,83
0_Wavelet absolute mean_125000000.0Hz,19.322289156626507,20.28012048192771,39.60240963855422,83
0_Wavelet absolute mean_27777777.78Hz,18.683734939759034,19.28012048192771,37.963855421686745,83
0_Wavelet energy_125000000.0Hz,17.897590361445783,20.198795180722893,38.096385542168676,83
0_Wavelet entropy,24.018072289156628,24.61144578313253,48.62951807228916,83
0_Zero crossing rate,31.737951807228917,32.90060240963855,64.63855421686748,83
0_Absolute energy,12.1875,8.380952380952381,20.56845238095238,84
0_Autocorrelation,10.5625,9.94047619047619,20.50297619047619,84
0_ECDF Percentile_0,12.982142857142858,14.25,27.232142857142858,84
0_ECDF Percentile_1,21.25595238095238,23.038690476190474,44.294642857142854,84
0_Entropy,17.794642857142858,18.145833333333332,35.94047619047619,84
0_Fundamental frequency,26.523809523809526,15.833333333333334,42.35714285714286,84
0_Histogram mode,23.05654761904762,19.592261904761905,42.648809523809526,84
0_Interquartile range,10.080357142857142,9.842261904761905,19.922619047619047,84
0_LPCC_0,15.00297619047619,16.93452380952381,31.9375,84
0_LPCC_1,28.610119047619047,29.895833333333332,58.50595238095238,84
0_LPCC_5,31.761904761904763,31.00297619047619,62.76488095238095,84
0_LPCC_6,32.30654761904762,31.485119047619047,63.79166666666667,84
0_MFCC_0,20.5625,19.345238095238095,39.907738095238095,84
0_MFCC_10,24.11904761904762,19.889880952380953,44.00892857142857,84
0_MFCC_11,12.467261904761905,12.163690476190476,24.63095238095238,84
0_MFCC_4,23.294642857142858,23.351190476190474,46.64583333333333,84
0_MFCC_5,18.044642857142858,17.75297619047619,35.79761904761905,84
0_MFCC_8,20.133928571428573,21.270833333333332,41.404761904761905,84
0_MFCC_9,15.87202380952381,16.303571428571427,32.17559523809524,84
0_Max,14.488095238095237,17.764880952380953,32.25297619047619,84
0_Maximum frequency,28.345238095238095,20.583333333333332,48.92857142857143,84
0_Mean,21.607142857142858,25.610119047619047,47.217261904761905,84
0_Mean diff,13.636904761904763,17.889880952380953,31.526785714285715,84
0_Median,18.87202380952381,21.333333333333332,40.20535714285714,84
0_Median absolute diff,33.5625,36.80952380952381,70.37202380952381,84
0_Median diff,34.20238095238095,38.57440476190476,72.77678571428571,84
0_Median frequency,30.717261904761905,24.651785714285715,55.36904761904762,84
0_Negative turning points,36.12202380952381,33.30059523809524,69.42261904761905,84
0_Neighbourhood peaks,36.43154761904762,36.30654761904762,72.73809523809524,84
0_Peak to peak distance,1.5327380952380953,4.666666666666667,6.199404761904763,84
0_Power bandwidth,32.4375,30.25595238095238,62.69345238095238,84
0_Slope,12.321428571428571,20.86904761904762,33.19047619047619,84
0_Spectral decrease,18.735119047619047,19.24702380952381,37.98214285714286,84
0_Spectral entropy,6.476190476190476,9.321428571428571,15.797619047619047,84
0_Spectral positive turning points,31.979166666666668,29.229166666666668,61.208333333333336,84
0_Spectral roll-on,33.68154761904762,30.345238095238095,64.02678571428572,84
0_Spectral variation,9.589285714285714,10.568452380952381,20.157738095238095,84
0_Wavelet absolute mean_125000000.0Hz,19.345238095238095,20.279761904761905,39.625,84
0_Wavelet absolute mean_27777777.78Hz,18.678571428571427,19.285714285714285,37.96428571428571,84
0_Wavelet energy_125000000.0Hz,17.863095238095237,20.166666666666668,38.029761904761905,84
0_Wavelet entropy,23.961309523809526,24.604166666666668,48.56547619047619,84
0_Zero crossing rate,31.794642857142858,32.916666666666664,64.71130952380952,84
0_Absolute energy,12.16470588235294,8.4,20.56470588235294,85
0_Autocorrelation,10.56764705882353,9.935294117647059,20.50294117647059,85
0_ECDF Percentile_0,13.005882352941176,14.273529411764706,27.279411764705884,85
0_ECDF Percentile_1,21.258823529411764,23.05,44.30882352941177,85
0_Entropy,17.805882352941175,18.15,35.955882352941174,85
0_Fundamental frequency,26.53529411764706,15.873529411764705,42.40882352941176,85
0_Histogram mode,23.058823529411764,19.573529411764707,42.63235294117647,85
0_Interquartile range,10.064705882352941,9.844117647058823,19.908823529411762,85
0_LPCC_0,14.985294117647058,16.902941176470588,31.888235294117646,85
0_LPCC_1,28.6,29.91764705882353,58.51764705882353,85
0_LPCC_5,31.75294117647059,30.991176470588236,62.74411764705883,85
0_LPCC_6,32.30882352941177,31.473529411764705,63.78235294117647,85
0_MFCC_0,20.514705882352942,19.305882352941175,39.82058823529412,85
0_MFCC_10,24.129411764705882,19.894117647058824,44.023529411764706,85
0_MFCC_11,12.473529411764705,12.144117647058824,24.61764705882353,85
0_MFCC_4,23.29705882352941,23.326470588235296,46.62352941176471,85
0_MFCC_5,18.038235294117648,17.78235294117647,35.82058823529412,85
0_MFCC_8,20.11470588235294,21.264705882352942,41.37941176470588,85
0_MFCC_9,15.861764705882353,16.291176470588237,32.15294117647059,85
0_Max,14.458823529411765,17.761764705882353,32.220588235294116,85
0_Maximum frequency,28.376470588235293,20.58529411764706,48.96176470588235,85
0_Mean,21.641176470588235,25.61764705882353,47.258823529411764,85
0_Mean diff,13.602941176470589,17.879411764705882,31.482352941176472,85
0_Median,18.91470588235294,21.36764705882353,40.28235294117647,85
0_Median absolute diff,33.55,36.78823529411765,70.33823529411765,85
0_Median diff,34.26470588235294,38.59117647058824,72.85588235294118,85
0_Median frequency,30.74705882352941,24.644117647058824,55.391176470588235,85
0_Negative turning points,36.120588235294115,33.27647058823529,69.3970588235294,85
0_Neighbourhood peaks,36.42058823529412,36.30882352941177,72.72941176470589,85
0_Peak to peak distance,1.5382352941176471,4.673529411764706,6.211764705882353,85
0_Power bandwidth,32.46176470588235,30.25588235294118,62.71764705882353,85
0_Slope,12.361764705882353,20.891176470588235,33.252941176470586,85
0_Spectral decrease,18.776470588235295,19.25294117647059,38.029411764705884,85
0_Spectral entropy,6.458823529411765,9.314705882352941,15.773529411764706,85
0_Spectral positive turning points,31.94705882352941,29.24411764705882,61.19117647058823,85
0_Spectral roll-on,33.688235294117646,30.31764705882353,64.00588235294117,85
0_Spectral variation,9.6,10.558823529411764,20.158823529411762,85
0_Wavelet absolute mean_125000000.0Hz,19.311764705882354,20.273529411764706,39.58529411764706,85
0_Wavelet absolute mean_27777777.78Hz,18.66764705882353,19.3,37.96764705882353,85
0_Wavelet energy_125000000.0Hz,17.841176470588234,20.16470588235294,38.00588235294117,85
0_Wavelet entropy,23.9,24.594117647058823,48.49411764705882,85
0_Zero crossing rate,31.811764705882354,32.944117647058825,64.75588235294117,85
0_Absolute energy,12.122093023255815,8.380813953488373,20.502906976744185,86
0_Autocorrelation,10.563953488372093,9.930232558139535,20.49418604651163,86
0_ECDF Percentile_0,12.94767441860465,14.26453488372093,27.212209302325583,86
0_ECDF Percentile_1,21.226744186046513,23.01453488372093,44.241279069767444,86
0_Entropy,17.776162790697676,18.13372093023256,35.90988372093024,86
0_Fundamental frequency,26.561046511627907,15.880813953488373,42.44186046511628,86
0_Histogram mode,23.069767441860463,19.584302325581394,42.654069767441854,86
0_Interquartile range,10.101744186046512,9.869186046511627,19.97093023255814,86
0_LPCC_0,15.005813953488373,16.927325581395348,31.933139534883722,86
0_LPCC_1,28.61918604651163,29.924418604651162,58.543604651162795,86
0_LPCC_5,31.732558139534884,30.99418604651163,62.72674418604652,86
0_LPCC_6,32.30232558139535,31.444767441860463,63.747093023255815,86
0_MFCC_0,20.511627906976745,19.337209302325583,39.84883720930233,86
0_MFCC_10,24.197674418604652,19.892441860465116,44.09011627906977,86
0_MFCC_11,12.459302325581396,12.127906976744185,24.587209302325583,86
0_MFCC_4,23.287790697674417,23.375,46.66279069767442,86
0_MFCC_5,18.026162790697676,17.787790697674417,35.81395348837209,86
0_MFCC_8,20.1046511627907,21.261627906976745,41.366279069767444,86
0_MFCC_9,15.904069767441861,16.319767441860463,32.223837209302324,86
0_Max,14.438953488372093,17.75,32.18895348837209,86
0_Maximum frequency,28.401162790697676,20.598837209302324,49.0,86
0_Mean,21.677325581395348,25.63372093023256,47.31104651162791,86
0_Mean diff,13.622093023255815,17.86627906976744,31.488372093023255,86
0_Median,18.930232558139537,21.351744186046513,40.28197674418605,86
0_Median absolute diff,33.52906976744186,36.79360465116279,70.32267441860465,86
0_Median diff,34.18604651162791,38.59593023255814,72.78197674418604,86
0_Median frequency,30.75,24.656976744186046,55.406976744186046,86
0_Negative turning points,36.13662790697674,33.27906976744186,69.4156976744186,86
0_Neighbourhood peaks,36.424418604651166,36.31686046511628,72.74127906976744,86
0_Peak to peak distance,1.5319767441860466,4.6686046511627906,6.200581395348837,86
0_Power bandwidth,32.45639534883721,30.25,62.70639534883721,86
0_Slope,12.340116279069768,20.8546511627907,33.19476744186046,86
0_Spectral decrease,18.816860465116278,19.261627906976745,38.07848837209302,86
0_Spectral entropy,6.468023255813954,9.313953488372093,15.781976744186046,86
0_Spectral positive turning points,31.91860465116279,29.2296511627907,61.14825581395349,86
0_Spectral roll-on,33.68313953488372,30.28488372093023,63.968023255813954,86
0_Spectral variation,9.593023255813954,10.563953488372093,20.156976744186046,86
0_Wavelet absolute mean_125000000.0Hz,19.26453488372093,20.25581395348837,39.5203488372093,86
0_Wavelet absolute mean_27777777.78Hz,18.680232558139537,19.28488372093023,37.96511627906977,86
0_Wavelet energy_125000000.0Hz,17.892441860465116,20.180232558139537,38.07267441860465,86
0_Wavelet entropy,23.915697674418606,24.598837209302324,48.51453488372093,86
0_Zero crossing rate,31.822674418604652,32.9593023255814,64.78197674418605,86
0_Absolute energy,12.129310344827585,8.39080459770115,20.520114942528735,87
0_Autocorrelation,10.574712643678161,9.942528735632184,20.517241379310345,87
0_ECDF Percentile_0,12.864942528735632,14.201149425287356,27.066091954022987,87
0_ECDF Percentile_1,21.275862068965516,22.96551724137931,44.241379310344826,87
0_Entropy,17.833333333333332,18.149425287356323,35.98275862068965,87
0_Fundamental frequency,26.554597701149426,15.870689655172415,42.42528735632184,87
0_Histogram mode,23.04310344827586,19.56896551724138,42.61206896551724,87
0_Interquartile range,10.097701149425287,9.876436781609195,19.974137931034484,87
0_LPCC_0,14.979885057471265,16.910919540229884,31.89080459770115,87
0_LPCC_1,28.626436781609197,29.92241379310345,58.548850574712645,87
0_LPCC_5,31.67241379310345,30.99712643678161,62.66954022988506,87
0_LPCC_6,32.293103448275865,31.448275862068964,63.741379310344826,87
0_MFCC_0,20.448275862068964,19.29022988505747,39.73850574712644,87
0_MFCC_10,24.183908045977013,19.89367816091954,44.077586206896555,87
0_MFCC_11,12.49712643678161,12.149425287356323,24.646551724137932,87
0_MFCC_4,23.307471264367816,23.39367816091954,46.701149425287355,87
0_MFCC_5,18.07183908045977,17.78735632183908,35.85919540229885,87
0_MFCC_8,20.089080459770116,21.24137931034483,41.33045977011494,87
0_MFCC_9,15.948275862068966,16.32758620689655,32.275862068965516,87
0_Max,14.439655172413794,17.75,32.189655172413794,87
0_Maximum frequency,28.370689655172413,20.589080459770116,48.95977011494253,87
0_Mean,21.70689655172414,25.635057471264368,47.3419540229885,87
0_Mean diff,13.626436781609195,17.885057471264368,31.51149425287356,87
0_Median,18.882183908045977,21.32758620689655,40.20977011494253,87
0_Median absolute diff,33.525862068965516,36.810344827586206,70.33620689655172,87
0_Median diff,34.201149425287355,38.58045977011494,72.7816091954023,87
0_Median frequency,30.70977011494253,24.646551724137932,55.356321839080465,87
0_Negative turning points,36.18103448275862,33.27873563218391,69.45977011494253,87
0_Neighbourhood peaks,36.38505747126437,36.30747126436781,72.69252873563218,87
0_Peak to peak distance,1.5373563218390804,4.666666666666667,6.204022988505748,87
0_Power bandwidth,32.4051724137931,30.264367816091955,62.66954022988506,87
0_Slope,12.318965517241379,20.853448275862068,33.172413793103445,87
0_Spectral decrease,18.867816091954023,19.275862068965516,38.143678160919535,87
0_Spectral entropy,6.471264367816092,9.316091954022989,15.78735632183908,87
0_Spectral positive turning points,31.974137931034484,29.20977011494253,61.18390804597701,87
0_Spectral roll-on,33.660919540229884,30.301724137931036,63.962643678160916,87
0_Spectral variation,9.583333333333334,10.560344827586206,20.143678160919542,87
0_Wavelet absolute mean_125000000.0Hz,19.25,20.267241379310345,39.51724137931035,87
0_Wavelet absolute mean_27777777.78Hz,18.698275862068964,19.29597701149425,37.99425287356321,87
0_Wavelet energy_125000000.0Hz,17.92816091954023,20.238505747126435,38.166666666666664,87
0_Wavelet entropy,23.948275862068964,24.64080459770115,48.589080459770116,87
0_Zero crossing rate,31.836206896551722,32.97126436781609,64.80747126436782,87
0_Absolute energy,12.147727272727273,8.375,20.522727272727273,88
0_Autocorrelation,10.582386363636363,9.946022727272727,20.52840909090909,88
0_ECDF Percentile_0,12.894886363636363,14.196022727272727,27.09090909090909,88
0_ECDF Percentile_1,21.238636363636363,22.923295454545453,44.16193181818181,88
0_Entropy,17.823863636363637,18.139204545454547,35.96306818181819,88
0_Fundamental frequency,26.55965909090909,15.869318181818182,42.42897727272727,88
0_Histogram mode,23.045454545454547,19.56534090909091,42.61079545454545,88
0_Interquartile range,10.096590909090908,9.872159090909092,19.96875,88
0_LPCC_0,14.974431818181818,16.914772727272727,31.889204545454547,88
0_LPCC_1,28.639204545454547,29.914772727272727,58.55397727272727,88
0_LPCC_5,31.644886363636363,30.99715909090909,62.64204545454545,88
0_LPCC_6,32.28977272727273,31.451704545454547,63.74147727272727,88
0_MFCC_0,20.423295454545453,19.321022727272727,39.74431818181818,88
0_MFCC_10,24.244318181818183,19.914772727272727,44.15909090909091,88
0_MFCC_11,12.482954545454545,12.133522727272727,24.616477272727273,88
0_MFCC_4,23.295454545454547,23.394886363636363,46.69034090909091,88
0_MFCC_5,18.068181818181817,17.769886363636363,35.83806818181818,88
0_MFCC_8,20.107954545454547,21.255681818181817,41.36363636363636,88
0_MFCC_9,15.9375,16.329545454545453,32.26704545454545,88
0_Max,14.426136363636363,17.764204545454547,32.19034090909091,88
0_Maximum frequency,28.369318181818183,20.576704545454547,48.946022727272734,88
0_Mean,21.701704545454547,25.650568181818183,47.352272727272734,88
0_Mean diff,13.661931818181818,17.897727272727273,31.559659090909093,88
0_Median,18.928977272727273,21.31534090909091,40.24431818181819,88
0_Median absolute diff,33.51420454545455,36.82954545454545,70.34375,88
0_Median diff,34.21875,38.58522727272727,72.80397727272728,88
0_Median frequency,30.696022727272727,24.664772727272727,55.36079545454545,88
0_Negative turning points,36.21306818181818,33.28977272727273,69.5028409090909,88
0_Neighbourhood peaks,36.41477272727273,36.29261363636363,72.70738636363636,88
0_Peak to peak distance,1.5397727272727273,4.661931818181818,6.201704545454546,88
0_Power bandwidth,32.38352272727273,30.267045454545453,62.65056818181818,88
0_Slope,12.315340909090908,20.84375,33.15909090909091,88
0_Spectral decrease,18.857954545454547,19.269886363636363,38.12784090909091,88
0_Spectral entropy,6.46875,9.321022727272727,15.789772727272727,88
0_Spectral positive turning points,31.980113636363637,29.230113636363637,61.21022727272727,88
0_Spectral roll-on,33.66761363636363,30.326704545454547,63.99431818181818,88
0_Spectral variation,9.576704545454545,10.565340909090908,20.142045454545453,88
0_Wavelet absolute mean_125000000.0Hz,19.18465909090909,20.267045454545453,39.45170454545455,88
0_Wavelet absolute mean_27777777.78Hz,18.696022727272727,19.28125,37.97727272727273,88
0_Wavelet energy_125000000.0Hz,17.954545454545453,20.267045454545453,38.22159090909091,88
0_Wavelet entropy,23.923295454545453,24.62215909090909,48.54545454545455,88
0_Zero crossing rate,31.80965909090909,32.92613636363637,64.73579545454545,88
0_Absolute energy,12.132022471910112,8.365168539325843,20.497191011235955,89
0_Autocorrelation,10.592696629213483,9.94943820224719,20.54213483146067,89
0_ECDF Percentile_0,12.865168539325843,14.22752808988764,27.092696629213485,89
0_ECDF Percentile_1,21.207865168539325,22.896067415730336,44.10393258426966,89
0_Entropy,17.828651685393258,18.151685393258425,35.98033707865169,89
0_Fundamental frequency,26.570224719101123,15.865168539325843,42.43539325842697,89
0_Histogram mode,23.036516853932586,19.573033707865168,42.609550561797754,89
0_Interquartile range,10.061797752808989,9.851123595505618,19.912921348314605,89
0_LPCC_0,14.969101123595506,16.929775280898877,31.89887640449438,89
0_LPCC_1,28.665730337078653,29.941011235955056,58.60674157303371,89
0_LPCC_5,31.65449438202247,30.991573033707866,62.646067415730336,89
0_LPCC_6,32.32865168539326,31.452247191011235,63.78089887640449,89
0_MFCC_0,20.474719101123597,19.373595505617978,39.848314606741575,89
0_MFCC_10,24.18820224719101,19.89887640449438,44.08707865168539,89
0_MFCC_11,12.47191011235955,12.117977528089888,24.58988764044944,89
0_MFCC_4,23.376404494382022,23.384831460674157,46.76123595505618,89
0_MFCC_5,18.047752808988765,17.778089887640448,35.82584269662921,89
0_MFCC_8,20.171348314606742,21.28370786516854,41.45505617977528,89
0_MFCC_9,15.915730337078651,16.323033707865168,32.23876404494382,89
0_Max,14.424157303370787,17.764044943820224,32.188202247191015,89
0_Maximum frequency,28.396067415730336,20.564606741573034,48.96067415730337,89
0_Mean,21.71629213483146,25.662921348314608,47.37921348314607,89
0_Mean diff,13.679775280898877,17.901685393258425,31.581460674157302,89
0_Median,18.935393258426966,21.31179775280899,40.247191011235955,89
0_Median absolute diff,33.53932584269663,36.83988764044944,70.37921348314606,89
0_Median diff,34.16011235955056,38.56460674157304,72.7247191011236,89
0_Median frequency,30.71067415730337,24.674157303370787,55.38483146067416,89
0_Negative turning points,36.22191011235955,33.30337078651685,69.5252808988764,89
0_Neighbourhood peaks,36.438202247191015,36.311797752808985,72.75,89
0_Peak to peak distance,1.5365168539325842,4.660112359550562,6.1966292134831455,89
0_Power bandwidth,32.36797752808989,30.275280898876403,62.64325842696629,89
0_Slope,12.317415730337078,20.848314606741575,33.16573033707866,89
0_Spectral decrease,18.848314606741575,19.258426966292134,38.10674157303371,89
0_Spectral entropy,6.48876404494382,9.325842696629213,15.814606741573034,89
0_Spectral positive turning points,31.96629213483146,29.202247191011235,61.168539325842694,89
0_Spectral roll-on,33.68258426966292,30.297752808988765,63.98033707865169,89
0_Spectral variation,9.570224719101123,10.561797752808989,20.132022471910112,89
0_Wavelet absolute mean_125000000.0Hz,19.14887640449438,20.26123595505618,39.41011235955056,89
0_Wavelet absolute mean_27777777.78Hz,18.691011235955056,19.292134831460675,37.98314606741573,89
0_Wavelet energy_125000000.0Hz,17.929775280898877,20.235955056179776,38.16573033707866,89
0_Wavelet entropy,23.848314606741575,24.60112359550562,48.449438202247194,89
0_Zero crossing rate,31.823033707865168,32.92696629213483,64.75,89
0_Absolute energy,12.130555555555556,8.35,20.480555555555554,90
0_Autocorrelation,10.575,9.936111111111112,20.511111111111113,90
0_ECDF Percentile_0,12.808333333333334,14.222222222222221,27.030555555555555,90
0_ECDF Percentile_1,21.225,22.897222222222222,44.12222222222222,90
0_Entropy,17.819444444444443,18.15,35.96944444444444,90
0_Fundamental frequency,26.54722222222222,15.852777777777778,42.4,90
0_Histogram mode,23.052777777777777,19.575,42.62777777777778,90
0_Interquartile range,10.08611111111111,9.855555555555556,19.941666666666666,90
0_LPCC_0,14.96111111111111,16.941666666666666,31.90277777777778,90
0_LPCC_1,28.666666666666668,29.908333333333335,58.575,90
0_LPCC_5,31.594444444444445,30.966666666666665,62.56111111111111,90
0_LPCC_6,32.291666666666664,31.447222222222223,63.73888888888889,90
0_MFCC_0,20.45277777777778,19.386111111111113,39.83888888888889,90
0_MFCC_10,24.2,19.941666666666666,44.141666666666666,90
0_MFCC_11,12.463888888888889,12.11111111111111,24.575,90
0_MFCC_4,23.372222222222224,23.377777777777776,46.75,90
0_MFCC_5,18.086111111111112,17.766666666666666,35.852777777777774,90
0_MFCC_8,20.208333333333332,21.241666666666667,41.45,90
0_MFCC_9,15.952777777777778,16.35,32.30277777777778,90
0_Max,14.405555555555555,17.766666666666666,32.17222222222222,90
0_Maximum frequency,28.363888888888887,20.56388888888889,48.92777777777778,90
0_Mean,21.71388888888889,25.669444444444444,47.38333333333333,90
0_Mean diff,13.697222222222223,17.913888888888888,31.61111111111111,90
0_Median,18.95277777777778,21.35,40.30277777777778,90
0_Median absolute diff,33.56111111111111,36.855555555555554,70.41666666666666,90
0_Median diff,34.18888888888889,38.56944444444444,72.75833333333333,90
0_Median frequency,30.680555555555557,24.68888888888889,55.36944444444445,90
0_Negative turning points,36.25833333333333,33.272222222222226,69.53055555555557,90
0_Neighbourhood peaks,36.41111111111111,36.31388888888889,72.725,90
0_Peak to peak distance,1.538888888888889,4.661111111111111,6.2,90
0_Power bandwidth,32.33888888888889,30.280555555555555,62.61944444444444,90
0_Slope,12.344444444444445,20.844444444444445,33.18888888888889,90
0_Spectral decrease,18.855555555555554,19.255555555555556,38.111111111111114,90
0_Spectral entropy,6.475,9.325,15.799999999999999,90
0_Spectral positive turning points,31.975,29.247222222222224,61.22222222222223,90
0_Spectral roll-on,33.67777777777778,30.27777777777778,63.955555555555556,90
0_Spectral variation,9.566666666666666,10.563888888888888,20.130555555555553,90
0_Wavelet absolute mean_125000000.0Hz,19.144444444444446,20.255555555555556,39.400000000000006,90
0_Wavelet absolute mean_27777777.78Hz,18.641666666666666,19.336111111111112,37.977777777777774,90
0_Wavelet energy_125000000.0Hz,17.97222222222222,20.216666666666665,38.18888888888888,90
0_Wavelet entropy,23.905555555555555,24.586111111111112,48.49166666666667,90
0_Zero crossing rate,31.836111111111112,32.90833333333333,64.74444444444444,90
0_Absolute energy,12.145604395604396,8.365384615384615,20.51098901098901,91
0_Autocorrelation,10.565934065934066,9.934065934065934,20.5,91
0_ECDF Percentile_0,12.780219780219781,14.217032967032967,26.997252747252748,91
0_ECDF Percentile_1,21.184065934065934,22.873626373626372,44.05769230769231,91
0_Entropy,17.818681318681318,18.156593406593405,35.97527472527472,91
0_Fundamental frequency,26.554945054945055,15.901098901098901,42.456043956043956,91
0_Histogram mode,23.005494505494507,19.568681318681318,42.574175824175825,91
0_Interquartile range,10.057692307692308,9.851648351648352,19.90934065934066,91
0_LPCC_0,14.986263736263735,16.931318681318682,31.917582417582416,91
0_LPCC_1,28.667582417582416,29.88186813186813,58.54945054945055,91
0_LPCC_5,31.626373626373628,30.96978021978022,62.59615384615385,91
0_LPCC_6,32.30494505494506,31.47252747252747,63.777472527472526,91
0_MFCC_0,20.497252747252748,19.403846153846153,39.901098901098905,91
0_MFCC_10,24.233516483516482,19.964285714285715,44.1978021978022,91
0_MFCC_11,12.483516483516484,12.10989010989011,24.59340659340659,91
0_MFCC_4,23.428571428571427,23.38186813186813,46.81043956043956,91
0_MFCC_5,18.082417582417584,17.771978021978022,35.854395604395606,91
0_MFCC_8,20.184065934065934,21.25,41.434065934065934,91
0_MFCC_9,15.947802197802197,16.343406593406595,32.29120879120879,91
0_Max,14.392857142857142,17.763736263736263,32.1565934065934,91
0_Maximum frequency,28.335164835164836,20.563186813186814,48.89835164835165,91
0_Mean,21.70054945054945,25.686813186813186,47.387362637362635,91
0_Mean diff,13.667582417582418,17.89835164835165,31.565934065934066,91
0_Median,18.978021978021978,21.373626373626372,40.35164835164835,91
0_Median absolute diff,33.502747252747255,36.81043956043956,70.31318681318682,91
0_Median diff,34.120879120879124,38.54945054945055,72.67032967032966,91
0_Median frequency,30.684065934065934,24.692307692307693,55.37637362637363,91
0_Negative turning points,36.26648351648352,33.260989010989015,69.52747252747253,91
0_Neighbourhood peaks,36.45054945054945,36.31318681318681,72.76373626373626,91
0_Peak to peak distance,1.5357142857142858,4.656593406593407,6.1923076923076925,91
0_Power bandwidth,32.370879120879124,30.236263736263737,62.60714285714286,91
0_Slope,12.354395604395604,20.876373626373628,33.23076923076923,91
0_Spectral decrease,18.857142857142858,19.214285714285715,38.07142857142857,91
0_Spectral entropy,6.486263736263736,9.32967032967033,15.815934065934066,91
0_Spectral positive turning points,31.978021978021978,29.282967032967033,61.26098901098901,91
0_Spectral roll-on,33.69230769230769,30.291208791208792,63.98351648351648,91
0_Spectral variation,9.546703296703297,10.557692307692308,20.104395604395606,91
0_Wavelet absolute mean_125000000.0Hz,19.189560439560438,20.25,39.43956043956044,91
0_Wavelet absolute mean_27777777.78Hz,18.653846153846153,19.365384615384617,38.019230769230774,91
0_Wavelet energy_125000000.0Hz,17.964285714285715,20.203296703296704,38.16758241758242,91
0_Wavelet entropy,23.84065934065934,24.554945054945055,48.395604395604394,91
0_Zero crossing rate,31.876373626373628,32.92032967032967,64.7967032967033,91
0_Absolute energy,12.119565217391305,8.36413043478261,20.483695652173914,92
0_Autocorrelation,10.567934782608695,9.934782608695652,20.502717391304348,92
0_ECDF Percentile_0,12.817934782608695,14.228260869565217,27.046195652173914,92
0_ECDF Percentile_1,21.192934782608695,22.847826086956523,44.04076086956522,92
0_Entropy,17.80163043478261,18.16304347826087,35.964673913043484,92
0_Fundamental frequency,26.595108695652176,15.934782608695652,42.52989130434783,92
0_Histogram mode,23.08695652173913,19.595108695652176,42.682065217391305,92
0_Interquartile range,10.048913043478262,9.847826086956522,19.89673913043478,92
0_LPCC_0,15.02445652173913,16.967391304347824,31.991847826086953,92
0_LPCC_1,28.608695652173914,29.891304347826086,58.5,92
0_LPCC_5,31.64673913043478,30.970108695652176,62.61684782608695,92
0_LPCC_6,32.296195652173914,31.472826086956523,63.76902173913044,92
0_MFCC_0,20.543478260869566,19.467391304347824,40.01086956521739,92
0_MFCC_10,24.233695652173914,19.96195652173913,44.19565217391305,92
0_MFCC_11,12.456521739130435,12.095108695652174,24.55163043478261,92
0_MFCC_4,23.442934782608695,23.33695652173913,46.77989130434783,92
0_MFCC_5,18.092391304347824,17.807065217391305,35.899456521739125,92
0_MFCC_8,20.160326086956523,21.1875,41.34782608695652,92
0_MFCC_9,15.932065217391305,16.347826086956523,32.27989130434783,92
0_Max,14.391304347826088,17.758152173913043,32.14945652173913,92
0_Maximum frequency,28.358695652173914,20.529891304347824,48.888586956521735,92
0_Mean,21.66304347826087,25.69836956521739,47.361413043478265,92
0_Mean diff,13.67663043478261,17.89945652173913,31.57608695652174,92
0_Median,18.997282608695652,21.418478260869566,40.41576086956522,92
0_Median absolute diff,33.45923913043478,36.77989130434783,70.23913043478261,92
0_Median diff,34.14402173913044,38.5625,72.70652173913044,92
0_Median frequency,30.652173913043477,24.660326086956523,55.3125,92
0_Negative turning points,36.25271739130435,33.27989130434783,69.53260869565219,92
0_Neighbourhood peaks,36.44565217391305,36.296195652173914,72.74184782608697,92
0_Peak to peak distance,1.5326086956521738,4.6521739130434785,6.184782608695652,92
0_Power bandwidth,32.34782608695652,30.230978260869566,62.57880434782609,92
0_Slope,12.342391304347826,20.85326086956522,33.19565217391305,92
0_Spectral decrease,18.877717391304348,19.22826086956522,38.10597826086956,92
0_Spectral entropy,6.508152173913044,9.334239130434783,15.842391304347828,92
0_Spectral positive turning points,32.016304347826086,29.3125,61.328804347826086,92
0_Spectral roll-on,33.66847826086956,30.309782608695652,63.97826086956522,92
0_Spectral variation,9.516304347826088,10.540760869565217,20.057065217391305,92
0_Wavelet absolute mean_125000000.0Hz,19.206521739130434,20.23913043478261,39.44565217391305,92
0_Wavelet absolute mean_27777777.78Hz,18.595108695652176,19.342391304347824,37.9375,92
0_Wavelet energy_125000000.0Hz,17.994565217391305,20.20108695652174,38.19565217391305,92
0_Wavelet entropy,23.842391304347824,24.557065217391305,48.399456521739125,92
0_Zero crossing rate,31.842391304347824,32.89402173913044,64.73641304347827,92
0_Absolute energy,12.241935483870968,8.381720430107526,20.623655913978496,93
0_Autocorrelation,10.556451612903226,9.938172043010752,20.494623655913976,93
0_ECDF Percentile_0,12.865591397849462,14.188172043010752,27.053763440860216,93
0_ECDF Percentile_1,21.217741935483872,22.849462365591396,44.067204301075265,93
0_Entropy,17.838709677419356,18.163978494623656,36.00268817204301,93
0_Fundamental frequency,26.602150537634408,15.924731182795698,42.526881720430104,93
0_Histogram mode,23.080645161290324,19.586021505376344,42.66666666666667,93
0_Interquartile range,10.067204301075268,9.873655913978494,19.94086021505376,93
0_LPCC_0,14.973118279569892,16.943548387096776,31.916666666666668,93
0_LPCC_1,28.56451612903226,29.873655913978496,58.43817204301075,93
0_LPCC_5,31.626344086021504,30.95967741935484,62.586021505376344,93
0_LPCC_6,32.263440860215056,31.481182795698924,63.74462365591398,93
0_MFCC_0,20.532258064516128,19.497311827956988,40.02956989247312,93
0_MFCC_10,24.346774193548388,19.962365591397848,44.30913978494624,93
0_MFCC_11,12.454301075268818,12.134408602150538,24.588709677419356,93
0_MFCC_4,23.416666666666668,23.309139784946236,46.725806451612904,93
0_MFCC_5,18.129032258064516,17.827956989247312,35.956989247311824,93
0_MFCC_8,20.112903225806452,21.158602150537636,41.27150537634409,93
0_MFCC_9,15.900537634408602,16.349462365591396,32.25,93
0_Max,14.38978494623656,17.768817204301076,32.15860215053763,93
0_Maximum frequency,28.282258064516128,20.521505376344088,48.803763440860216,93
0_Mean,21.63978494623656,25.688172043010752,47.32795698924731,93
0_Mean diff,13.682795698924732,17.89516129032258,31.577956989247312,93
0_Median,19.013440860215052,21.43548387096774,40.44892473118279,93
0_Median absolute diff,33.48118279569893,36.784946236559136,70.26612903225806,93
0_Median diff,34.086021505376344,38.57258064516129,72.65860215053763,93
0_Median frequency,30.68548387096774,24.647849462365592,55.33333333333333,93
0_Negative turning points,36.236559139784944,33.25,69.48655913978494,93
0_Neighbourhood peaks,36.41129032258065,36.30913978494624,72.72043010752688,93
0_Peak to peak distance,1.532258064516129,4.647849462365591,6.18010752688172,93
0_Power bandwidth,32.303763440860216,30.233870967741936,62.53763440860215,93
0_Slope,12.333333333333334,20.881720430107528,33.215053763440864,93
0_Spectral decrease,18.846774193548388,19.25,38.096774193548384,93
0_Spectral entropy,6.494623655913978,9.325268817204302,15.81989247311828,93
0_Spectral positive turning points,32.024193548387096,29.311827956989248,61.336021505376344,93
0_Spectral roll-on,33.655913978494624,30.3252688172043,63.98118279569893,93
0_Spectral variation,9.50268817204301,10.540322580645162,20.043010752688172,93
0_Wavelet absolute mean_125000000.0Hz,19.258064516129032,20.228494623655912,39.486559139784944,93
0_Wavelet absolute mean_27777777.78Hz,18.580645161290324,19.330645161290324,37.91129032258065,93
0_Wavelet energy_125000000.0Hz,18.02956989247312,20.190860215053764,38.22043010752688,93
0_Wavelet entropy,23.927419354838708,24.572580645161292,48.5,93
0_Zero crossing rate,31.811827956989248,32.884408602150536,64.69623655913978,93
0_Absolute energy,12.25,8.417553191489361,20.66755319148936,94
0_Autocorrelation,10.563829787234043,9.938829787234043,20.502659574468087,94
0_ECDF Percentile_0,12.88563829787234,14.204787234042554,27.090425531914896,94
0_ECDF Percentile_1,21.263297872340427,22.888297872340427,44.151595744680854,94
0_Entropy,17.819148936170212,18.159574468085108,35.97872340425532,94
0_Fundamental frequency,26.60372340425532,15.928191489361701,42.53191489361702,94
0_Histogram mode,23.074468085106382,19.57712765957447,42.65159574468085,94
0_Interquartile range,10.047872340425531,9.867021276595745,19.914893617021278,94
0_LPCC_0,14.986702127659575,16.949468085106382,31.93617021276596,94
0_LPCC_1,28.569148936170212,29.875,58.44414893617021,94
0_LPCC_5,31.664893617021278,30.965425531914892,62.63031914893617,94
0_LPCC_6,32.29255319148936,31.481382978723403,63.773936170212764,94
0_MFCC_0,20.534574468085108,19.497340425531913,40.03191489361702,94
0_MFCC_10,24.31648936170213,19.96276595744681,44.27925531914894,94
0_MFCC_11,12.47340425531915,12.13563829787234,24.60904255319149,94
0_MFCC_4,23.375,23.295212765957448,46.670212765957444,94
0_MFCC_5,18.16223404255319,17.856382978723403,36.0186170212766,94
0_MFCC_8,20.09840425531915,21.143617021276597,41.24202127659575,94
0_MFCC_9,15.912234042553191,16.329787234042552,32.24202127659574,94
0_Max,14.382978723404255,17.757978723404257,32.140957446808514,94
0_Maximum frequency,28.242021276595743,20.48404255319149,48.726063829787236,94
0_Mean,21.648936170212767,25.6968085106383,47.34574468085107,94
0_Mean diff,13.638297872340425,17.875,31.513297872340424,94
0_Median,19.007978723404257,21.4468085106383,40.454787234042556,94
0_Median absolute diff,33.486702127659576,36.773936170212764,70.26063829787233,94
0_Median diff,34.0531914893617,38.5531914893617,72.6063829787234,94
0_Median frequency,30.680851063829788,24.63031914893617,55.31117021276596,94
0_Negative turning points,36.265957446808514,33.23936170212766,69.50531914893617,94
0_Neighbourhood peaks,36.433510638297875,36.31117021276596,72.74468085106383,94
0_Peak to peak distance,1.5292553191489362,4.6462765957446805,6.175531914893616,94
0_Power bandwidth,32.329787234042556,30.23936170212766,62.569148936170215,94
0_Slope,12.324468085106384,20.88563829787234,33.21010638297872,94
0_Spectral decrease,18.872340425531913,19.257978723404257,38.13031914893617,94
0_Spectral entropy,6.48404255319149,9.319148936170214,15.803191489361703,94
0_Spectral positive turning points,31.992021276595743,29.31117021276596,61.3031914893617,94
0_Spectral roll-on,33.65691489361702,30.33776595744681,63.99468085106383,94
0_Spectral variation,9.513297872340425,10.550531914893616,20.06382978723404,94
0_Wavelet absolute mean_125000000.0Hz,19.28723404255319,20.25531914893617,39.54255319148936,94
0_Wavelet absolute mean_27777777.78Hz,18.56648936170213,19.329787234042552,37.89627659574468,94
0_Wavelet energy_125000000.0Hz,18.0,20.16755319148936,38.16755319148936,94
0_Wavelet entropy,23.904255319148938,24.550531914893618,48.454787234042556,94
0_Zero crossing rate,31.805851063829788,32.90691489361702,64.7127659574468,94
0_Absolute energy,12.213157894736842,8.402631578947368,20.61578947368421,95
0_Autocorrelation,10.58157894736842,9.936842105263159,20.51842105263158,95
0_ECDF Percentile_0,12.889473684210527,14.192105263157895,27.08157894736842,95
0_ECDF Percentile_1,21.28421052631579,22.939473684210526,44.223684210526315,95
0_Entropy,17.818421052631578,18.16578947368421,35.98421052631579,95
0_Fundamental frequency,26.605263157894736,15.9,42.50526315789474,95
0_Histogram mode,23.076315789473686,19.576315789473686,42.65263157894737,95
0_Interquartile range,10.060526315789474,9.876315789473685,19.93684210526316,95
0_LPCC_0,14.994736842105263,16.936842105263157,31.931578947368422,95
0_LPCC_1,28.58421052631579,29.839473684210525,58.42368421052632,95
0_LPCC_5,31.66578947368421,30.978947368421053,62.64473684210526,95
0_LPCC_6,32.26578947368421,31.49736842105263,63.763157894736835,95
0_MFCC_0,20.50526315789474,19.486842105263158,39.992105263157896,95
0_MFCC_10,24.36315789473684,19.96578947368421,44.328947368421055,95
0_MFCC_11,12.463157894736842,12.118421052631579,24.58157894736842,95
0_MFCC_4,23.33684210526316,23.28157894736842,46.618421052631575,95
0_MFCC_5,18.144736842105264,17.852631578947367,35.99736842105263,95
0_MFCC_8,20.08157894736842,21.11315789473684,41.19473684210526,95
0_MFCC_9,15.905263157894737,16.32894736842105,32.23421052631579,95
0_Max,14.355263157894736,17.75263157894737,32.107894736842105,95
0_Maximum frequency,28.257894736842104,20.507894736842104,48.76578947368421,95
0_Mean,21.673684210526314,25.70263157894737,47.37631578947368,95
0_Mean diff,13.592105263157896,17.855263157894736,31.44736842105263,95
0_Median,18.992105263157896,21.41842105263158,40.410526315789475,95
0_Median absolute diff,33.51578947368421,36.79210526315789,70.3078947368421,95
0_Median diff,34.089473684210525,38.55263157894737,72.6421052631579,95
0_Median frequency,30.71315789473684,24.657894736842106,55.37105263157895,95
0_Negative turning points,36.29210526315789,33.21578947368421,69.5078947368421,95
0_Neighbourhood peaks,36.4,36.30789473684211,72.7078947368421,95
0_Peak to peak distance,1.5263157894736843,4.644736842105263,6.171052631578947,95
0_Power bandwidth,32.32105263157895,30.239473684210527,62.560526315789474,95
0_Slope,12.342105263157896,20.902631578947368,33.24473684210526,95
0_Spectral decrease,18.855263157894736,19.260526315789473,38.11578947368421,95
0_Spectral entropy,6.473684210526316,9.310526315789474,15.784210526315789,95
0_Spectral positive turning points,32.03157894736842,29.313157894736843,61.34473684210526,95
0_Spectral roll-on,33.65526315789474,30.360526315789475,64.01578947368421,95
0_Spectral variation,9.560526315789474,10.589473684210526,20.15,95
0_Wavelet absolute mean_125000000.0Hz,19.242105263157896,20.24473684210526,39.48684210526316,95
0_Wavelet absolute mean_27777777.78Hz,18.53421052631579,19.32894736842105,37.863157894736844,95
0_Wavelet energy_125000000.0Hz,18.00263157894737,20.207894736842107,38.21052631578948,95
0_Wavelet entropy,23.928947368421053,24.55263157894737,48.48157894736842,95
0_Zero crossing rate,31.805263157894736,32.892105263157895,64.69736842105263,95
0_Absolute energy,12.174479166666666,8.408854166666666,20.583333333333332,96
0_Autocorrelation,10.59375,9.942708333333334,20.536458333333336,96
0_ECDF Percentile_0,12.856770833333334,14.177083333333334,27.033854166666668,96
0_ECDF Percentile_1,21.302083333333332,22.942708333333332,44.244791666666664,96
0_Entropy,17.825520833333332,18.169270833333332,35.994791666666664,96
0_Fundamental frequency,26.611979166666668,15.885416666666666,42.497395833333336,96
0_Histogram mode,23.098958333333332,19.588541666666668,42.6875,96
0_Interquartile range,10.044270833333334,9.864583333333334,19.908854166666668,96
0_LPCC_0,15.0,16.942708333333332,31.942708333333332,96
0_LPCC_1,28.5546875,29.817708333333332,58.37239583333333,96
0_LPCC_5,31.658854166666668,31.0,62.65885416666667,96
0_LPCC_6,32.260416666666664,31.489583333333332,63.75,96
0_MFCC_0,20.489583333333332,19.471354166666668,39.9609375,96
0_MFCC_10,24.375,19.958333333333332,44.33333333333333,96
0_MFCC_11,12.432291666666666,12.0859375,24.518229166666664,96
0_MFCC_4,23.276041666666668,23.2734375,46.54947916666667,96
0_MFCC_5,18.174479166666668,17.875,36.04947916666667,96
0_MFCC_8,20.0625,21.127604166666668,41.19010416666667,96
0_MFCC_9,15.895833333333334,16.317708333333332,32.213541666666664,96
0_Max,14.364583333333334,17.7578125,32.122395833333336,96
0_Maximum frequency,28.28125,20.549479166666668,48.83072916666667,96
0_Mean,21.6796875,25.71875,47.3984375,96
0_Mean diff,13.591145833333334,17.846354166666668,31.4375,96
0_Median,18.981770833333332,21.3984375,40.38020833333333,96
0_Median absolute diff,33.565104166666664,36.807291666666664,70.37239583333333,96
0_Median diff,34.052083333333336,38.559895833333336,72.61197916666667,96
0_Median frequency,30.705729166666668,24.653645833333332,55.359375,96
0_Negative turning points,36.2578125,33.2578125,69.515625,96
0_Neighbourhood peaks,36.395833333333336,36.307291666666664,72.703125,96
0_Peak to peak distance,1.5286458333333333,4.645833333333333,6.174479166666666,96
0_Power bandwidth,32.328125,30.2421875,62.5703125,96
0_Slope,12.356770833333334,20.895833333333332,33.252604166666664,96
0_Spectral decrease,18.8828125,19.265625,38.1484375,96
0_Spectral entropy,6.479166666666667,9.307291666666666,15.786458333333332,96
0_Spectral positive turning points,32.0390625,29.276041666666668,61.31510416666667,96
0_Spectral roll-on,33.619791666666664,30.3203125,63.940104166666664,96
0_Spectral variation,9.609375,10.596354166666666,20.205729166666664,96
0_Wavelet absolute mean_125000000.0Hz,19.265625,20.234375,39.5,96
0_Wavelet absolute mean_27777777.78Hz,18.559895833333332,19.338541666666668,37.8984375,96
0_Wavelet energy_125000000.0Hz,18.010416666666668,20.2109375,38.22135416666667,96
0_Wavelet entropy,23.901041666666668,24.559895833333332,48.4609375,96
0_Zero crossing rate,31.856770833333332,32.911458333333336,64.76822916666667,96
0_Absolute energy,12.152061855670103,8.399484536082474,20.551546391752577,97
0_Autocorrelation,10.600515463917526,9.935567010309278,20.536082474226802,97
0_ECDF Percentile_0,12.84020618556701,14.18041237113402,27.02061855670103,97
0_ECDF Percentile_1,21.304123711340207,22.95360824742268,44.25773195876289,97
0_Entropy,17.84020618556701,18.164948453608247,36.00515463917526,97
0_Fundamental frequency,26.65721649484536,15.896907216494846,42.55412371134021,97
0_Histogram mode,23.100515463917525,19.579896907216494,42.68041237113402,97
0_Interquartile range,10.015463917525773,9.86340206185567,19.878865979381445,97
0_LPCC_0,14.992268041237113,16.920103092783506,31.912371134020617,97
0_LPCC_1,28.52319587628866,29.806701030927837,58.329896907216494,97
0_LPCC_5,31.61082474226804,30.9819587628866,62.59278350515464,97
0_LPCC_6,32.29639175257732,31.489690721649485,63.7860824742268,97
0_MFCC_0,20.47680412371134,19.448453608247423,39.925257731958766,97
0_MFCC_10,24.317010309278352,19.938144329896907,44.25515463917526,97
0_MFCC_11,12.414948453608247,12.09020618556701,24.50515463917526,97
0_MFCC_4,23.34278350515464,23.283505154639176,46.626288659793815,97
0_MFCC_5,18.146907216494846,17.855670103092784,36.00257731958763,97
0_MFCC_8,20.056701030927837,21.123711340206185,41.180412371134025,97
0_MFCC_9,15.876288659793815,16.337628865979383,32.2139175257732,97
0_Max,14.381443298969073,17.762886597938145,32.144329896907216,97
0_Maximum frequency,28.265463917525775,20.551546391752577,48.81701030927835,97
0_Mean,21.711340206185568,25.72938144329897,47.44072164948454,97
0_Mean diff,13.595360824742269,17.84536082474227,31.440721649484537,97
0_Median,18.961340206185568,21.422680412371133,40.384020618556704,97
0_Median absolute diff,33.58247422680412,36.827319587628864,70.40979381443299,97
0_Median diff,34.097938144329895,38.56443298969072,72.66237113402062,97
0_Median frequency,30.72938144329897,24.664948453608247,55.394329896907216,97
0_Negative turning points,36.24226804123711,33.26546391752577,69.50773195876289,97
0_Neighbourhood peaks,36.376288659793815,36.30670103092783,72.68298969072166,97
0_Peak to peak distance,1.5257731958762886,4.646907216494846,6.172680412371134,97
0_Power bandwidth,32.31443298969072,30.24484536082474,62.55927835051546,97
0_Slope,12.332474226804123,20.878865979381445,33.21134020618557,97
0_Spectral decrease,18.84536082474227,19.24484536082474,38.09020618556701,97
0_Spectral entropy,6.533505154639175,9.314432989690722,15.847938144329898,97
0_Spectral positive turning points,32.0541237113402,29.29639175257732,61.350515463917525,97
0_Spectral roll-on,33.618556701030926,30.29639175257732,63.91494845360825,97
0_Spectral variation,9.59020618556701,10.587628865979381,20.177835051546392,97
0_Wavelet absolute mean_125000000.0Hz,19.29639175257732,20.234536082474225,39.53092783505154,97
0_Wavelet absolute mean_27777777.78Hz,18.577319587628867,19.3479381443299,37.925257731958766,97
0_Wavelet energy_125000000.0Hz,18.036082474226806,20.24742268041237,38.28350515463917,97
0_Wavelet entropy,23.925257731958762,24.530927835051546,48.45618556701031,97
0_Zero crossing rate,31.84278350515464,32.93814432989691,64.78092783505154,97
0_Absolute energy,12.11734693877551,8.387755102040817,20.505102040816325,98
0_Autocorrelation,10.599489795918368,9.926020408163266,20.525510204081634,98
0_ECDF Percentile_0,12.801020408163266,14.176020408163266,26.977040816326532,98
0_ECDF Percentile_1,21.275510204081634,22.966836734693878,44.24234693877551,98
0_Entropy,17.836734693877553,18.163265306122447,36.0,98
0_Fundamental frequency,26.683673469387756,15.88265306122449,42.566326530612244,98
0_Histogram mode,23.102040816326532,19.5765306122449,42.67857142857143,98
0_Interquartile range,10.005102040816327,9.85204081632653,19.857142857142858,98
0_LPCC_0,15.012755102040817,16.93622448979592,31.948979591836736,98
0_LPCC_1,28.489795918367346,29.78061224489796,58.2704081632653,98
0_LPCC_5,31.650510204081634,31.017857142857142,62.66836734693878,98
0_LPCC_6,32.339285714285715,31.502551020408163,63.84183673469388,98
0_MFCC_0,20.497448979591837,19.431122448979593,39.92857142857143,98
0_MFCC_10,24.339285714285715,19.946428571428573,44.28571428571429,98
0_MFCC_11,12.40561224489796,12.089285714285714,24.494897959183675,98
0_MFCC_4,23.341836734693878,23.303571428571427,46.6454081632653,98
0_MFCC_5,18.117346938775512,17.849489795918366,35.96683673469388,98
0_MFCC_8,20.084183673469386,21.15561224489796,41.23979591836735,98
0_MFCC_9,15.877551020408163,16.336734693877553,32.214285714285715,98
0_Max,14.38265306122449,17.775510204081634,32.15816326530612,98
0_Maximum frequency,28.239795918367346,20.556122448979593,48.79591836734694,98
0_Mean,21.737244897959183,25.737244897959183,47.474489795918366,98
0_Mean diff,13.561224489795919,17.82908163265306,31.39030612244898,98
0_Median,18.98469387755102,21.45408163265306,40.43877551020408,98
0_Median absolute diff,33.59183673469388,36.829081632653065,70.42091836734694,98
0_Median diff,34.05102040816327,38.56887755102041,72.61989795918367,98
0_Median frequency,30.724489795918366,24.65561224489796,55.380102040816325,98
0_Negative turning points,36.234693877551024,33.22704081632653,69.46173469387756,98
0_Neighbourhood peaks,36.39795918367347,36.32397959183673,72.72193877551021,98
0_Peak to peak distance,1.5229591836734695,4.650510204081633,6.173469387755103,98
0_Power bandwidth,32.326530612244895,30.21938775510204,62.545918367346935,98
0_Slope,12.316326530612244,20.854591836734695,33.17091836734694,98
0_Spectral decrease,18.84438775510204,19.260204081632654,38.1045918367347,98
0_Spectral entropy,6.533163265306122,9.308673469387756,15.841836734693878,98
0_Spectral positive turning points,32.048469387755105,29.308673469387756,61.35714285714286,98
0_Spectral roll-on,33.660714285714285,30.31122448979592,63.9719387755102,98
0_Spectral variation,9.622448979591837,10.591836734693878,20.214285714285715,98
0_Wavelet absolute mean_125000000.0Hz,19.288265306122447,20.216836734693878,39.505102040816325,98
0_Wavelet absolute mean_27777777.78Hz,18.586734693877553,19.341836734693878,37.92857142857143,98
0_Wavelet energy_125000000.0Hz,18.020408163265305,20.242346938775512,38.26275510204081,98
0_Wavelet entropy,23.895408163265305,24.520408163265305,48.41581632653061,98
0_Zero crossing rate,31.852040816326532,32.93622448979592,64.78826530612245,98
0_Absolute energy,12.133838383838384,8.393939393939394,20.52777777777778,99
0_Autocorrelation,10.598484848484848,9.924242424242424,20.522727272727273,99
0_ECDF Percentile_0,12.75,14.136363636363637,26.886363636363637,99
0_ECDF Percentile_1,21.27777777777778,22.984848484848484,44.26262626262626,99
0_Entropy,17.843434343434343,18.174242424242426,36.01767676767677,99
0_Fundamental frequency,26.707070707070706,15.856060606060606,42.56313131313131,99
0_Histogram mode,23.07070707070707,19.57323232323232,42.64393939393939,99
0_Interquartile range,10.007575757575758,9.843434343434344,19.851010101010104,99
0_LPCC_0,15.032828282828282,16.94191919191919,31.974747474747474,99
0_LPCC_1,28.464646464646464,29.782828282828284,58.24747474747475,99
0_LPCC_5,31.67676767676768,31.007575757575758,62.68434343434343,99
0_LPCC_6,32.32828282828283,31.507575757575758,63.83585858585859,99
0_MFCC_0,20.44191919191919,19.40909090909091,39.851010101010104,99
0_MFCC_10,24.338383838383837,19.957070707070706,44.29545454545455,99
0_MFCC_11,12.457070707070708,12.11111111111111,24.56818181818182,99
0_MFCC_4,23.356060606060606,23.30808080808081,46.66414141414141,99
0_MFCC_5,18.116161616161616,17.83080808080808,35.946969696969695,99
0_MFCC_8,20.093434343434343,21.13131313131313,41.224747474747474,99
0_MFCC_9,15.88888888888889,16.363636363636363,32.25252525252525,99
0_Max,14.381313131313131,17.80808080808081,32.18939393939394,99
0_Maximum frequency,28.27777777777778,20.522727272727273,48.80050505050505,99
0_Mean,21.772727272727273,25.737373737373737,47.51010101010101,99
0_Mean diff,13.547979797979798,17.848484848484848,31.396464646464644,99
0_Median,18.97222222222222,21.449494949494948,40.42171717171717,99
0_Median absolute diff,33.59090909090909,36.84090909090909,70.43181818181819,99
0_Median diff,33.98989898989899,38.5479797979798,72.53787878787878,99
0_Median frequency,30.747474747474747,24.654040404040405,55.401515151515156,99
0_Negative turning points,36.26010101010101,33.234848484848484,69.4949494949495,99
0_Neighbourhood peaks,36.4040404040404,36.32070707070707,72.72474747474747,99
0_Peak to peak distance,1.52020202020202,4.651515151515151,6.171717171717171,99
0_Power bandwidth,32.313131313131315,30.22222222222222,62.535353535353536,99
0_Slope,12.287878787878787,20.838383838383837,33.12626262626262,99
0_Spectral decrease,18.88131313131313,19.295454545454547,38.17676767676768,99
0_Spectral entropy,6.5227272727272725,9.297979797979798,15.82070707070707,99
0_Spectral positive turning points,32.05050505050505,29.32070707070707,61.371212121212125,99
0_Spectral roll-on,33.67171717171717,30.325757575757574,63.99747474747474,99
0_Spectral variation,9.633838383838384,10.593434343434344,20.227272727272727,99
0_Wavelet absolute mean_125000000.0Hz,19.275252525252526,20.23989898989899,39.515151515151516,99
0_Wavelet absolute mean_27777777.78Hz,18.55808080808081,19.32323232323232,37.881313131313135,99
0_Wavelet energy_125000000.0Hz,17.984848484848484,20.242424242424242,38.22727272727273,99
0_Wavelet entropy,23.8989898989899,24.502525252525253,48.401515151515156,99
0_Zero crossing rate,31.873737373737374,32.94444444444444,64.81818181818181,99
0_Absolute energy,12.11,8.39,20.5,100
0_Autocorrelation,10.5875,9.9125,20.5,100
0_ECDF Percentile_0,12.7675,14.13,26.8975,100
0_ECDF Percentile_1,21.24,22.96,44.2,100
0_Entropy,17.8625,18.1725,36.035,100
0_Fundamental frequency,26.7,15.845,42.545,100
0_Histogram mode,23.0675,19.5625,42.629999999999995,100
0_Interquartile range,10.0225,9.86,19.8825,100
0_LPCC_0,15.04,16.945,31.985,100
0_LPCC_1,28.4625,29.7825,58.245,100
0_LPCC_5,31.6725,31.0325,62.705,100
0_LPCC_6,32.3425,31.525,63.8675,100
0_MFCC_0,20.4175,19.4025,39.82,100
0_MFCC_10,24.395,19.9575,44.3525,100
0_MFCC_11,12.475,12.1325,24.6075,100
0_MFCC_4,23.3625,23.305,46.667500000000004,100
0_MFCC_5,18.0825,17.8175,35.9,100
0_MFCC_8,20.095,21.125,41.22,100
0_MFCC_9,15.9,16.355,32.255,100
0_Max,14.39,17.8175,32.207499999999996,100
0_Maximum frequency,28.2775,20.5075,48.785,100
0_Mean,21.765,25.7325,47.4975,100
0_Mean diff,13.5125,17.8575,31.37,100
0_Median,18.965,21.435,40.4,100
0_Median absolute diff,33.5675,36.8425,70.41,100
0_Median diff,34.0275,38.55,72.5775,100
0_Median frequency,30.745,24.655,55.400000000000006,100
0_Negative turning points,36.2725,33.2375,69.50999999999999,100
0_Neighbourhood peaks,36.385,36.3475,72.73249999999999,100
0_Peak to peak distance,1.5325,4.6675,6.2,100
0_Power bandwidth,32.355,30.2125,62.567499999999995,100
0_Slope,12.28,20.8375,33.1175,100
0_Spectral decrease,18.8725,19.3,38.1725,100
0_Spectral entropy,6.5225,9.3075,15.829999999999998,100
0_Spectral positive turning points,32.0925,29.3075,61.400000000000006,100
0_Spectral roll-on,33.67,30.34,64.01,100
0_Spectral variation,9.65,10.59,20.240000000000002,100
0_Wavelet absolute mean_125000000.0Hz,19.275,20.225,39.5,100
0_Wavelet absolute mean_27777777.78Hz,18.565,19.305,37.870000000000005,100
0_Wavelet energy_125000000.0Hz,17.98,20.2775,38.2575,100
0_Wavelet entropy,23.845,24.48,48.325,100
0_Zero crossing rate,31.85,32.955,64.805,100
