0_Absolute energy,0_Autocorrelation,0_ECDF Percentile_0,0_ECDF Percentile_1,0_Entropy,0_Fundamental frequency,0_Histogram mode,0_Interquartile range,0_LPCC_0,0_LPCC_1,0_LPCC_5,0_LPCC_6,0_MFCC_0,0_MFCC_10,0_MFCC_11,0_MFCC_4,0_MFCC_5,0_MFCC_8,0_MFCC_9,0_Max,0_Maximum frequency,0_Mean,0_Mean diff,0_Median,0_Median absolute diff,0_Median diff,0_Median frequency,0_Negative turning points,0_Neighbourhood peaks,0_Peak to peak distance,0_Power bandwidth,0_Slope,0_Spectral decrease,0_Spectral entropy,0_Spectral positive turning points,0_Spectral roll-on,0_Spectral variation,0_Wavelet absolute mean_125000000.0Hz,0_Wavelet absolute mean_27777777.78Hz,0_Wavelet energy_125000000.0Hz,0_Wavelet entropy,0_Zero crossing rate,target_current
82.01865671279994,22.0,-0.6621775850262497,0.4608536863729743,0.8317394445702332,3333333.333333333,-0.7585026249714677,0.8902077151335311,0.13597286719230453,1.2317341358382885,0.5263244166111035,0.5155642263712222,-299.46376306974616,156.87350234725983,241.18050746825548,166.68789367467775,673.8221718194442,424.7691593988483,155.80433105591976,0.7073727459484136,353333333.3333333,-0.1517249105987978,0.002778683262094831,-0.2284524081259986,0.018260671079662227,0.0,10000000.0,0.0,0.0,1.543026706231454,10000000.0,0.0006500698139842628,-0.4708006524331782,0.22159578284925527,40.0,0.0,0.30813364715051395,0.004460623022935423,0.026623237762781103,0.05514381150526259,1.7876304173038886,3.0,400
79.22241525184413,22.0,-0.6713079205660807,0.30563798219584576,0.8279579545001502,10000000.0,-0.7580461081944762,0.7144487559917827,0.15113716578922998,1.248041729225646,0.5313139800300946,0.5001196529538827,-340.6701190748764,224.89292998093754,211.04958320899448,137.52907201018763,648.4700358450796,449.89552330453614,185.35070967997743,0.7165030814882447,349999999.99999994,-0.19734592558776531,-0.0027481470228311834,-0.28326866012325946,0.018260671079662227,0.0,10000000.0,0.0,0.0,1.552157041771285,10000000.0,-0.00023933605095548756,-0.7361731352964695,0.22939636503038074,53.0,0.0,0.3763725175540803,0.0041751186443582744,0.00747602696634124,0.05699043767830089,1.7884448434490103,3.0,400
79.0785759464009,22.0,-0.5800045651677699,0.5795480483907783,0.8289958411057917,10000000.0,-0.6749600547820132,0.9221638895229398,0.1210401167620562,1.2019520368764178,0.502309678845432,0.4931680959833969,-286.1401887694629,99.2179585818704,308.56778555023914,216.323475745576,644.7391214136085,390.9777580557875,155.6170831376454,0.8169367724263867,366666666.6666666,-0.05214441147378829,0.0028398702515193682,-0.12345354941794108,0.018260671079662172,0.0,13333333.333333332,0.0,0.0,1.5704177128509471,10000000.0,0.0007531976610082749,0.030975739224584357,0.2182112828683526,43.0,3333333.333333333,0.3503153521835053,0.006108815920960755,0.042590951624867944,0.061421160670319636,1.7878412916778688,5.0,400
72.66299028258034,22.0,-0.5800045651677699,0.4060716731339876,0.8190398376510043,10000000.0,-0.665829719242182,0.7144487559917827,0.12920111694291428,1.2122120778957586,0.5069306439330517,0.49454594093241755,-343.0872989258731,249.7398542758583,227.5810352419079,177.78003880320324,617.5397412941583,442.20611706197525,143.8589625661882,0.8260671079662176,359999999.99999994,-0.09645674503538004,-0.002687189055201123,-0.1873658981967587,0.0182606710796622,0.0,10000000.0,1.0,0.0,1.5704177128509471,10000000.0,-0.00018068581395559315,-0.20602796845357668,0.2272376239066559,50.0,0.0,0.40084781838430605,0.006041098205212334,0.024376737500997406,0.06282632556423592,1.7921778875737955,6.0,400
83.66575257457589,22.0,-0.6804382561059118,0.4517233508331432,0.8216243309220547,3333333.333333333,-0.7680894772882904,0.9039032184432778,0.14144244450509108,1.2341301424984652,0.5285115385123778,0.5194510649807716,-304.61212991112325,170.5670170352962,230.59471923930542,144.48657981434872,689.9073376801811,437.4353539105775,154.00765144663347,0.6891120748687515,356666666.6666666,-0.16526744274518754,0.0028702919798857794,-0.2421479114357452,0.0182606710796622,0.0,10000000.0,0.0,0.0,1.533896370691623,10000000.0,0.0007615174166420709,-0.5409526930446179,0.2163527562027857,44.0,0.0,0.3197858631966939,0.0039350279162717085,0.021870728760268604,0.05384032304365156,1.78645940960658,3.0,400
79.96724594674633,22.0,-0.6895685916457429,0.25998630449669025,0.811447836017856,3333333.333333333,-0.7676329605112988,0.6665144944076694,0.16091246554958716,1.2725699582251786,0.5423092594576979,0.5303261861695222,-339.83579010017286,217.97744116567807,212.96822885631735,133.12395925627993,650.0163342530702,451.7439151260721,190.55489508901897,0.6982424104085825,343333333.3333333,-0.2161846229932283,-0.0025954658265129366,-0.29696416343300613,0.018260671079662186,0.0,10000000.0,0.0,0.0,1.543026706231454,10000000.0,-6.398838249284532e-05,-0.8541860669343684,0.22993411828462387,50.0,0.0,0.3614510496793306,0.0041197056146468,0.0032704568284715485,0.05611384866683447,1.786040819080455,3.0,400
74.87807158159097,22.0,-0.5617438940881077,0.5521570417712851,0.8283106845156516,10000000.0,-0.6667427527961651,0.8947728829034466,0.11986397571047543,1.2020173551379112,0.4913319115852599,0.4952728605907978,-285.323956594934,105.09528962266177,297.08080824049364,214.03928909254623,643.6918418710184,384.08672931148914,159.17575777039153,0.8078064368865556,363333333.3333333,-0.047365974282888204,0.002717725294464772,-0.10975804610819445,0.018260671079662172,0.0,13333333.333333332,1.0,0.0,1.5521570417712849,10000000.0,0.0006607792712825264,0.04933900746081948,0.22064442649611518,41.0,3333333.333333333,0.3459129035897822,0.0061088158625473,0.04237766124974301,0.060963437432051855,1.7891871745091033,5.0,400
70.47776176120753,22.0,-0.5800045651677699,0.4060716731339876,0.8166035512673568,10000000.0,-0.6498516320474776,0.7030358365669938,0.13262629618160265,1.2125570675666184,0.5120079241972068,0.49069393499076286,-342.6467385845277,246.13540993377305,227.2973835356861,175.54280815544047,617.1809723841728,440.3198602054518,149.19634093075604,0.7986761013467245,363333333.3333333,-0.10062592254432016,-0.0027482615337284214,-0.1873658981967587,0.018260671079662172,0.0,10000000.0,0.0,0.0,1.5247660351517918,10000000.0,-0.00026079073150268774,-0.23267227218663075,0.23104695668282674,49.0,0.0,0.39545806278391804,0.005745340405341608,0.02383789671051872,0.06127699949252715,1.7910487853978667,5.0,400
68.51520556163207,22.0,-0.5617438940881077,0.49737502853229865,0.8244010571367949,10000000.0,-0.6434603971695959,0.812599863044967,0.12797734163508734,1.2056959811813894,0.5132207783860299,0.503067526050786,-286.4759515388498,115.92985693876872,392.90076590280546,243.29620115475998,663.0478818944713,480.61954666903137,-8.691841902392689,0.7530244236475689,363333333.3333333,-0.08020394887012096,0.002687074544303885,-0.1554097238073499,0.018260671079662172,0.0,10000000.0,1.0,0.0,1.469984021912805,6666666.666666667,0.0005845514517738467,-0.13433751476044367,0.22398652440098643,40.0,0.0,0.3159756539027653,0.005093356689514039,0.03348947190593106,0.05481422617925844,1.7837793292187483,5.0,400
65.07405989352145,22.0,-0.5800045651677699,0.333028988815339,0.8122280071664709,10000000.0,-0.6535037662634101,0.6551015749828806,0.14786871962506398,1.2324768035596034,0.5135464304898704,0.5173873736867238,-339.61528682029143,230.2984574898721,221.4029361410063,147.63405533304825,631.8134443828062,449.1618957706712,167.0473399803632,0.7256334170280758,366666666.6666666,-0.1429594460929772,-0.002778683262094831,-0.2284524081259986,0.018260671079662172,0.0,10000000.0,0.0,0.0,1.451723350833143,10000000.0,-0.00024493946354152977,-0.48532174384862303,0.23714596671490723,45.0,0.0,0.3596691001266258,0.0045762843966872515,0.013593312653048575,0.05669966245688701,1.7860614590546335,3.0,400
77.96842775077539,22.0,-0.6347865784067563,0.48824469299246753,0.8190696886241913,3333333.333333333,-0.7320246519059574,0.8902077151335313,0.13454278774379505,1.2410512859967364,0.5121664550015435,0.5172649848386102,-295.4951064113328,144.03216436878688,260.1096948622587,177.7588247927334,669.7527604263969,418.66841964623575,146.97451230121933,0.7165030814882447,353333333.3333333,-0.12789450658145016,0.0026870745443038847,-0.2010614015065053,0.018260671079662172,0.0,10000000.0,0.0,0.0,1.5247660351517918,10000000.0,0.0006496443204031739,-0.3632505608868536,0.22006726370393712,46.0,0.0,0.3142432074569683,0.004592278682782417,0.028404718366267626,0.05467909732372611,1.7861292513845644,3.0,395
75.03064301354529,22.0,-0.6530472494864186,0.30563798219584576,0.820657774267053,10000000.0,-0.7233508331431179,0.6847751654873315,0.15124290020940948,1.2461364033799573,0.5385362830390432,0.5270609112771544,-339.4803630063182,225.0756075335154,212.11636895311867,140.73851929542815,644.4393936082033,445.15618443640193,183.15869120625354,0.7165030814882447,349999999.99999994,-0.18435064292779424,-0.0025954658265129374,-0.264973750285323,0.018260671079662186,0.0,10000000.0,0.0,0.0,1.5156356996119607,10000000.0,-0.0001992660833008976,-0.6982958812512866,0.22787165190115755,51.0,0.0,0.3695791221450483,0.004397428892083267,0.009342911214234266,0.0547503589653537,1.7871366378544302,3.0,395
39.44777663955406,24.0,-0.38826751883131705,0.35128965989500116,0.7896402260817713,3333333.333333333,-0.47865784067564476,0.5866240584341473,0.15683284193761332,1.234261315822117,0.5176641231446915,0.5145430243144927,-298.0402799243825,184.7823018631016,311.0715791125657,125.69139032926272,685.4426861597417,536.9418079063526,1.1144097134450015,0.5795480483907783,376666666.6666666,-0.07377851327702956,0.0025649295872492875,-0.16454005934718097,0.009130335539831114,0.0,13333333.333333332,1.0,0.0,1.1139009358593928,10000000.0,0.0005468118886679455,-0.1886400810611125,0.25857462128873093,47.0,0.0,0.2594259842594594,0.002715291455167069,0.014356493058229891,0.04246696146594347,1.7905896468850098,3.0,395
31.238570879882683,24.0,-0.35174617667199265,0.2234649623373659,0.7662418201947416,10000000.0,-0.15955261355854822,0.41999543483223006,0.16546401830157068,1.2415165941719983,0.5133493377701065,0.5217460659787495,-325.5105268328838,211.201597994862,233.8769802483286,128.64858132672902,615.8422872773039,456.6857098935204,144.0033537085112,0.5704177128509473,373333333.3333333,-0.0892063836262649,-0.0021984947160854982,-0.16910522711709652,0.009130335539831114,0.0,10000000.0,1.0,0.0,1.1230312713992239,10000000.0,-1.815145837210979e-05,-0.3514194062121266,0.2737340872987838,48.0,0.0,0.23170202240514692,0.003273095523278337,0.012858711714112653,0.042829922800175745,1.7959781431760762,3.0,395
83.26586319301443,22.0,-0.6530472494864186,0.5247660351517919,0.8259809252712067,3333333.333333333,-0.748002739100662,0.9404245606026022,0.1243218390930867,1.225519819745121,0.5091138535428498,0.4974842177542596,-299.16062655926135,155.42191525960595,264.29252280946343,187.78451257901278,671.1238901169934,431.38034147455164,125.75512995958947,0.743894088107738,356666666.6666666,-0.11523514418321534,0.00287029197988578,-0.1873658981967587,0.018260671079662172,0.0,10000000.0,0.0,0.0,1.5704177128509473,10000000.0,0.0008303072981213646,-0.28314655948922013,0.21235976328987088,48.0,0.0,0.34086979999381783,0.0047529471674412115,0.030254683633217806,0.0574865475941757,1.7860872484633177,5.0,395
75.08286131255292,22.0,-0.6256562428669253,0.35128965989500116,0.8200699208197734,3333333.333333333,-0.7206117324811686,0.6870577493722895,0.13909680019342244,1.2396977194998342,0.5192527325749539,0.49609178603462645,-341.1594284725817,229.1538590577581,218.66144444217505,156.11443517206808,634.0027263846713,443.9171585851797,174.16505775141056,0.7712850947272312,346666666.6666666,-0.1498388876207867,-0.0023818266625646326,-0.23301757589591415,0.018260671079662227,0.0,10000000.0,0.0,0.0,1.5704177128509471,10000000.0,-2.3360595862868836e-05,-0.520189978218922,0.21615899026368401,48.0,0.0,0.4040715674710139,0.005485608058390364,0.017143141344765772,0.05895065006396553,1.7921220085274032,6.0,395
79.68568505625518,21.0,-0.6347865784067563,0.5065053640721296,0.824604168006772,10000000.0,-0.7306551015749828,0.8993380506733621,0.12464551855134523,1.214680652901385,0.5159039866401306,0.5061324411722601,-289.2011470009538,115.16236681058516,289.1321141458118,203.2167179631529,665.1441713426831,388.43715712450415,151.09639515644244,0.743894088107738,356666666.6666666,-0.11015202008673815,0.0027176107835675343,-0.1782355626569276,0.0182606710796622,0.0,10000000.0,1.0,0.0,1.552157041771285,10000000.0,0.0006610511148264828,-0.2685937927528228,0.21512896675835097,45.0,0.0,0.33075711078976033,0.005266054475865294,0.03407575632115899,0.0572793621690274,1.786379696748451,5.0,395
75.37867093570463,22.0,-0.6256562428669253,0.3695503309746633,0.8162748338365733,10000000.0,-0.7215247660351517,0.7235790915316138,0.1369095337382297,1.2398254027907252,0.5158162133613687,0.5004568313648362,-341.74430870742003,235.58972234442962,213.27139831097733,155.20584787941667,634.2521710503623,443.9685169024669,172.5536770833781,0.7530244236475689,353333333.3333333,-0.15145179943696263,-0.0026261165766738263,-0.23301757589591415,0.018260671079662172,0.0,10000000.0,0.0,0.0,1.5521570417712849,10000000.0,-0.00026810583725601233,-0.5131477559167796,0.21857227337791663,53.0,0.0,0.4109748535723423,0.00514762720411951,0.016318730939016958,0.05907324719448226,1.7899257907382726,5.0,395
71.57254756095152,23.0,-0.6713079205660807,0.01346724492125087,0.80393150539988,3333333.333333333,-0.7589591417484592,0.6208628167085141,0.16332995892966373,1.2658795055646914,0.5429599446506185,0.5251943301379739,-330.34981268746316,243.32897635714767,181.48327315947787,129.78077423955568,638.0916673375873,429.7101534784871,179.03445839346537,0.6982424104085825,193333333.3333333,-0.22370124781252376,0.0009162016888067119,-0.2421479114357452,0.018260671079662172,0.0,10000000.0,1.0,0.0,1.5338963706916229,10000000.0,0.0009929390424964998,-1.2980435392295369,0.20483804280496412,47.0,0.0,0.29998495081369214,0.0063767639392500065,0.060134087198894355,0.04692219655011388,1.7950933694410214,6.0,395
84.80326211912148,22.0,-0.6621775850262497,0.533896370691623,0.8330398250641775,3333333.333333333,0.6210910750970098,1.0157498288062086,0.1382784388259326,1.2718291137747324,0.5123670993665661,0.542094445851707,-316.98603146406094,183.4071616376681,244.77048603839006,151.38692402073679,681.6236122414698,459.67207707220444,138.70114506350856,0.6982424104085825,349999999.99999994,-0.12445723959522174,0.0027482615337284214,-0.19649623373658978,0.018260671079662227,0.0,10000000.0,0.0,0.0,1.543026706231454,10000000.0,0.0011307439620312396,-0.33438148851458993,0.20247320898565657,40.0,0.0,0.38157627323970533,0.0021661410239136687,0.011284584187789489,0.047079590333497415,1.7885943312637909,5.0,395
61.019321495297206,23.0,-0.5708742296279388,0.11390093585939287,0.8034091494597545,10000000.0,0.10431408354257032,0.620862816708514,0.1365265267139748,1.240206895030435,0.5270198886544206,0.5156668661623259,-328.4364038782809,256.97637989880997,187.3845761536882,154.72251138426103,617.56365407714,419.017327040621,153.38449409221963,0.7986761013467245,213333333.3333333,-0.11976885033858328,0.0009162016888067127,-0.14171422049760327,0.018260671079662172,0.0,10000000.0,0.0,0.0,1.543026706231454,10000000.0,0.0009500296991557271,-0.5087603541836103,0.20670239062313833,49.0,0.0,0.31259512946450185,0.0059374439403699275,0.05059189483807485,0.04597735374601873,1.7949759345465084,6.0,390
81.98225683434845,23.0,-0.5708742296279388,0.643460397169596,0.815535383286084,3333333.333333333,0.7219812828121434,1.052271170965533,0.13183041262069997,1.2718242766067835,0.5182608093208246,0.5044226722023052,-315.1029012335069,185.08757096467292,259.75545505716553,170.74433328144235,670.233546707587,456.88496991544747,118.512583114074,0.7986761013467245,356666666.6666666,-0.011180780643688628,0.0026260020657765852,-0.0732367039488701,0.018260671079662227,0.0,13333333.333333332,0.0,0.0,1.5338963706916229,10000000.0,0.0012429405800874513,0.24442559147938034,0.20396264035973338,45.0,3333333.333333333,0.4739165429485773,0.0023856155183852937,0.018602324028986057,0.04463192878631903,1.7883445962629774,5.0,390
82.47011028576793,22.0,-0.6804382561059118,0.4608536863729743,0.8284940460720973,3333333.333333333,0.5946131020314995,0.9130335539831089,0.13727117200549482,1.229966744607582,0.5304420593254157,0.5151062147637518,-305.41601437383514,163.88230620380466,228.22490941343682,145.65367908667957,691.7997287316559,414.0713033243147,173.4374189169227,0.6708514037890893,356666666.6666666,-0.16213394963098224,0.00280921950135848,-0.23758274366582968,0.018260671079662172,0.0,10000000.0,1.0,1.0,1.5247660351517918,10000000.0,0.0007908791190276705,-0.5383579556384301,0.210551917288257,44.0,0.0,0.33939593767566023,0.0037882460192633963,0.021119717503653986,0.052876613215246955,1.786665479898252,3.0,390
79.24109342111494,21.0,-0.6895685916457429,0.26911664003652136,0.8146528245445658,10000000.0,-0.7598721753024423,0.6642319105227117,0.1537925405264141,1.2633329153256179,0.5392758896366516,0.5423681378916486,-338.64207095591155,220.48358387268013,203.3268041586308,136.4472495396518,648.9701794506166,442.10798499540135,195.35126904719507,0.6799817393289204,336666666.6666666,-0.21536357756980895,-0.0023511759124037446,-0.2923989956630906,0.018260671079662186,0.0,10000000.0,0.0,0.0,1.5156356996119609,10000000.0,-9.274272567369532e-05,-0.9088728121347553,0.21499791238118082,54.0,0.0,0.40420955779901235,0.00433936764261263,0.006419817389173854,0.05392890172245731,1.7878546320316695,3.0,390
83.21999340233742,21.0,-0.6713079205660807,0.4699840219128053,0.8271882472062448,10000000.0,-0.7676329605112988,0.92216388952294,0.13324016986730342,1.2383296399825776,0.5239086331546068,0.5118874737823329,-302.14229352711584,157.79404041234108,239.49488103910377,158.6990816411543,683.241539054417,415.74980524193904,164.0448345598263,0.6982424104085825,356666666.6666666,-0.15050855968956853,0.002809219501358482,-0.23301757589591415,0.018260671079662172,0.0,10000000.0,0.0,0.0,1.543026706231454,10000000.0,0.0007833440407574179,-0.47182890318862036,0.21046167977113203,45.0,0.0,0.33709834432096886,0.004209235872875512,0.024514813275061408,0.054564529008025706,1.786897924834706,5.0,390
78.64052050806013,22.0,-0.6713079205660807,0.29650764665601465,0.8170104937564463,10000000.0,-0.7585026249714677,0.6916229171422049,0.1468328310551847,1.2642496833201764,0.5369861743153617,0.5254225619973468,-339.8034573501346,226.49083051052358,204.6156562797642,142.85768174559888,644.6020578830672,441.61341505071425,188.77673487376967,0.7073727459484136,339999999.99999994,-0.1930556950467929,-0.0024427846301946906,-0.27870349235334396,0.018260671079662227,0.0,10000000.0,0.0,0.0,1.543026706231454,10000000.0,-0.00012776302652823867,-0.7582344018575655,0.2171386420301924,50.0,0.0,0.40523969407064864,0.0045238070715582345,0.00841148940772893,0.055639581530365995,1.7892718078509604,5.0,390
69.98806063810957,23.0,-0.6621775850262497,0.022597580461081956,0.7884444295498997,10000000.0,0.007076010043369163,0.6299931522483451,0.16026034584954663,1.247789690179128,0.5347574810508635,0.530558555314685,-332.90281904541604,247.89799314879684,182.20430386170756,137.47163510455954,628.6839442285535,419.9049550436862,182.63787687748265,0.6891120748687515,206666666.66666666,-0.21289758806969486,0.0009466234171731225,-0.23301757589591415,0.018260671079662172,0.0,10000000.0,0.0,0.0,1.5156356996119609,10000000.0,0.0009716481188729327,-1.2093541487554598,0.20764699595038977,48.0,0.0,0.29260853066495296,0.0070941192485093115,0.06272596611059432,0.05137829583093722,1.7991920906805214,6.0,390
85.0674770652682,23.0,-0.6621775850262497,0.5521570417712851,0.8199701088870621,3333333.333333333,0.6302214106368409,1.0454234193106597,0.1404240237110948,1.277668765969815,0.5409777937020561,0.5130600273611926,-321.31410796804187,178.16216429015944,262.50543581991246,157.96285092685847,675.5909726664015,465.8647734081125,135.77883653316113,0.7073727459484136,353333333.3333333,-0.10717047097314156,0.002717725294464773,-0.16910522711709652,0.018260671079662186,0.0,10000000.0,0.0,1.0,1.543026706231454,10000000.0,0.0012549622384274677,-0.24056710978873097,0.204275667086413,46.0,0.0,0.399063640203982,0.0013608024922653686,0.005968550324292643,0.04482524070990968,1.7904851536668525,5.0,390
79.02074049605481,21.0,-0.6439169139465875,0.4791143574526364,0.8259207224110744,10000000.0,0.6398082629536636,0.8879251312485734,0.12705649502742938,1.2223050387489338,0.5071632608693074,0.5095686040490252,-291.77355518032255,124.6140293951198,272.610807943323,197.7657831138498,654.1986943700604,395.868538529926,163.46681131454227,0.7165030814882447,353333333.3333333,-0.12679966522103014,0.002656538305040235,-0.19193106596667425,0.018260671079662172,0.0,10000000.0,1.0,0.0,1.5338963706916229,10000000.0,0.000604784761373708,-0.36001720169354917,0.21591597444918598,46.0,0.0,0.3275798922666028,0.00494557466141643,0.03154934345169806,0.0560166712889353,1.786655660495465,5.0,390
76.49986393369491,21.0,-0.6439169139465875,0.34215932435517005,0.8130862862717464,10000000.0,-0.7315681351289659,0.7258616754165715,0.13885200850398305,1.2390090593008891,0.519961978505934,0.520007084911716,-340.25402987444994,233.49116175841382,207.40331583641702,148.1203529965975,641.5096194535133,441.4505439339614,178.3472698861132,0.7256334170280758,349999999.99999994,-0.16578631210530315,-0.0025954658265129366,-0.24671307920566077,0.018260671079662227,0.0,10000000.0,0.0,0.0,1.5338963706916229,10000000.0,-0.0003402167579436875,-0.6018805904045463,0.21306548498679112,48.0,0.0,0.42154242469406367,0.004672043826659286,0.014348665909730727,0.05530831394698612,1.7867071204338247,5.0,390
63.81417764223413,23.0,-0.5982652362474321,0.07737959370006853,0.7940658897002778,10000000.0,-0.6859164574298104,0.6299931522483451,0.1408210831453557,1.2475347966850379,0.52443518512669,0.539768526614977,-329.58538877640456,261.3182329923436,180.15813927906493,152.49029090730366,618.0091260806449,410.74879537923636,162.1918235151884,0.7712850947272312,209999999.99999997,-0.147890283801263,0.0009162016888067127,-0.16910522711709652,0.018260671079662172,0.0,10000000.0,0.0,0.0,1.5338963706916227,10000000.0,0.000955386288131396,-0.7145978241918074,0.20789282952505883,46.0,0.0,0.30166552309798556,0.0062465355737465885,0.054441569867746946,0.04717301309360436,1.7958203225431608,6.0,385
82.58741218108888,23.0,-0.589134900707601,0.6251997260899338,0.8225827745691392,3333333.333333333,0.6941337594156585,1.061401506505364,0.13230178291823264,1.2630214427377717,0.5288876787854725,0.5020883881042666,-316.64281964472036,176.32719224800593,294.18701969590177,183.58672925392295,672.0379803537289,477.54844620660174,85.61952013915361,0.7712850947272312,359999999.99999994,-0.03613703111922694,0.0027482615337284214,-0.09149737502853227,0.018260671079662186,0.0,13333333.333333332,1.0,0.0,1.543026706231454,10000000.0,0.00127289728008061,0.11442913515373575,0.20302228689925228,47.0,3333333.333333333,0.45228679040145425,0.0022946556342968425,0.016519340507820505,0.045991555665030937,1.7877540257490765,5.0,385
79.2190087374091,21.0,-0.6439169139465875,0.49737502853229865,0.8217354947586726,3333333.333333333,0.6398082629536636,0.8993380506733623,0.12526597344237406,1.2176651607139284,0.513568166460267,0.47880562971093465,-295.95210448504685,153.03283265747595,255.45326655020705,185.7164315560911,666.7692278704949,420.46774204689143,136.77140813985287,0.7165030814882447,356666666.6666666,-0.11976942098455448,0.0027176107835675334,-0.18280073042684314,0.018260671079662172,0.0,10000000.0,0.0,0.0,1.5338963706916229,10000000.0,0.0007491497198126311,-0.3280532491704223,0.2080112150225468,40.0,0.0,0.34609710598023713,0.004595139593398018,0.02820765689266872,0.05534730409593148,1.7846948208281774,5.0,385
75.48721394459203,21.0,-0.6530472494864186,0.3147683177356769,0.8215111877907018,10000000.0,-0.7402419538918055,0.6893403332572472,0.14292275138241872,1.240438220720931,0.5182844349813538,0.5203136431148733,-340.1159378518607,226.30340693633693,210.26674938326917,148.7398418155199,639.2776602773645,438.8851858439747,185.47797481636331,0.7256334170280758,346666666.6666666,-0.17354698318496534,-0.0024428991410919295,-0.2558434147454919,0.018260671079662186,0.0,10000000.0,1.0,0.0,1.543026706231454,10000000.0,-0.00011870322361414893,-0.6585929284847803,0.21681045514684816,48.0,0.0,0.40525789327704875,0.004912929178264687,0.013606757007025117,0.05601959119187151,1.789045931932736,5.0,385
78.7884121161699,21.0,-0.6530472494864186,0.4608536863729743,0.8170643340191853,10000000.0,-0.7411549874457886,0.8650992923989957,0.12799616974550426,1.220651064049939,0.525373763438628,0.48770164505135566,-293.1271613777333,144.69710222609766,244.12012543918766,173.33956017546762,676.1447382402861,393.93382589388506,165.2227818202741,0.7073727459484136,349999999.99999994,-0.13845606026021454,0.002656538305040235,-0.2010614015065053,0.018260671079662186,0.0,10000000.0,1.0,0.0,1.5247660351517918,10000000.0,0.0006071249735334624,-0.4283720504113371,0.21106614437205892,46.0,0.0,0.33831928009155565,0.004755293934448396,0.028443952823361228,0.055532318898252664,1.786881969838321,5.0,385
77.62910697213971,21.0,-0.6530472494864186,0.34215932435517005,0.8207672302126672,10000000.0,-0.7498288062086281,0.7167313398767404,0.14130182366114058,1.244284865395013,0.5244236247099796,0.5242127536534062,-340.5624530416432,229.67073800905783,205.55830090281506,144.9596909458618,644.027596204187,442.4561010855037,184.74675180083037,0.7073727459484136,349999999.99999994,-0.17945115270486184,-0.0025954658265129383,-0.264973750285323,0.018260671079662186,0.0,10000000.0,0.0,0.0,1.5338963706916229,10000000.0,-0.0002843990589471641,-0.6713476291932706,0.21591949719555975,52.0,0.0,0.41586519563763036,0.004599684266435576,0.013047909662824111,0.055668584950626133,1.7870224572343347,5.0,385
61.50422096886489,23.0,-0.5708742296279388,0.10477060031956176,0.7983731072390613,3333333.333333333,-0.6589819675873088,0.6231454005934718,0.14042488085121363,1.2511310285052835,0.5422615008307601,0.5276063058815764,-325.52550384938274,248.18912772812618,188.84129967693107,148.73781121800295,628.5168438234097,419.96437489450534,155.01511033291303,0.7895457658068934,219999999.99999997,-0.12323906261888454,0.0009467379280703616,-0.14171422049760327,0.018260671079662172,0.0,10000000.0,1.0,0.0,1.5247660351517918,10000000.0,0.0010138464573317342,-0.5262745232186973,0.2070262763694245,50.0,0.0,0.3171723005320177,0.005046164893443553,0.04641235634404692,0.04047756468143379,1.7925213083770783,6.0,385
79.84940967944257,23.0,-0.5708742296279388,0.6343300616297649,0.8116796780341246,3333333.333333333,0.7041771285094727,1.0248801643460397,0.12963222008259936,1.2535748701072793,0.5176949265481618,0.4912522879992225,-308.4591671397945,177.38034292733204,260.16634396521135,176.84975818056432,671.547453906423,450.8493755822323,113.09275782531901,0.7804154302670623,359999999.99999994,-0.029015027010575938,0.002717610783567534,-0.10062771056836337,0.018260671079662172,0.0,13333333.333333332,0.0,0.0,1.5247660351517918,10000000.0,0.001146024828767594,0.1472173602518218,0.20324036268014686,47.0,3333333.333333333,0.4459456262748306,0.003456946040331155,0.02419632948419896,0.04908839962567164,1.788230142050454,5.0,385
69.85460947469778,23.0,-0.6621775850262497,0.0043369093814197845,0.794955554424699,10000000.0,-0.7425245377767633,0.611732481168683,0.16089104821274663,1.2470266401715417,0.5357198145815119,0.5285524774218373,-333.21884677791707,250.6442641751716,178.02731181244715,134.4148459511736,629.4957916164426,420.77645061254765,183.34263542022336,0.6799817393289204,189999999.99999997,-0.22379243703872778,0.0008855509386458245,-0.24671307920566077,0.018260671079662116,0.0,10000000.0,0.0,0.0,1.4973750285322986,10000000.0,0.0008970495979464056,-1.3307711437680527,0.20601057267688955,48.0,0.0,0.2941061239427497,0.007341766886156358,0.06559941358820318,0.051802268537310674,1.7988412353436576,4.0,385
84.29055541710925,23.0,-0.6713079205660807,0.5247660351517919,0.8259915947149615,3333333.333333333,0.6037434375713306,1.0271627482309973,0.14179303280851413,1.2789096065064252,0.5542088547576507,0.5298751911761046,-322.16261883675605,189.74082649179127,239.82375054947704,145.79307829272057,679.6580979235259,460.12303306787726,147.60630193758485,0.6799817393289204,346666666.6666666,-0.12445712546602751,0.0025955803374101763,-0.1873658981967587,0.018260671079662227,0.0,10000000.0,0.0,0.0,1.5247660351517918,10000000.0,0.001213541628055169,-0.34412120093673737,0.19893658257730784,46.0,0.0,0.40027469942631944,0.0008438766668501637,0.002259592047634828,0.04207949538769005,1.7878041280840877,3.0,385
77.10981158054163,21.0,-0.5434832230084455,0.6069390550102717,0.8221317063415274,10000000.0,-0.6306779274138323,0.9084683862131933,0.11364455774195537,1.2023374123283708,0.4843054664080726,0.4837584050540602,-283.84707074917003,95.29080669633032,282.0953864438758,199.93059904058003,650.704400587334,345.58972232505596,204.29779972064142,0.8351974435060487,366666666.6666666,-0.017510233584417532,0.0027482615337284205,-0.08693220725861672,0.0182606710796622,0.0,13333333.333333332,0.0,1.0,1.5430267062314538,10000000.0,0.0007474926697744962,0.19692350759970717,0.2108551593385172,44.0,3333333.333333333,0.3893012949980439,0.00650595879825583,0.046763426365770834,0.062463377277983886,1.7898234319953255,6.0,380
69.76005578588644,21.0,-0.5434832230084455,0.4517233508331432,0.8213032549142733,10000000.0,-0.6215475918740013,0.7007532526820361,0.11926581799840144,1.1977097367420824,0.48964617315357684,0.47868389600826733,-342.91832993400925,256.1571619047515,237.300966587377,197.1711298416132,605.1338487658419,440.5917049516747,122.72453348270416,0.84432777904588,359999999.99999994,-0.06407483070836184,-0.0025650440981465246,-0.1554097238073499,0.018260671079662172,0.0,10000000.0,0.0,0.0,1.543026706231454,10000000.0,-0.00018001361850329147,-0.04932948975182929,0.21736002421146974,47.0,0.0,0.45328859193263116,0.006648321946573509,0.031233263544541808,0.06392980957686194,1.7949040655217707,6.0,380
69.9575604598169,23.0,-0.6713079205660807,0.0043369093814197845,0.7917625716806896,3333333.333333333,-0.7516548733165944,0.6162976489385984,0.1613703151238038,1.259793276854107,0.5457644893894952,0.5233934079956497,-331.59651353964114,242.24762677201,180.54802691510488,130.72362640534502,634.3475821889054,424.35373049030085,185.81233314658724,0.6708514037890893,189999999.99999997,-0.22546667427527958,0.0008855509386458241,-0.2512782469755763,0.018260671079662116,0.0,10000000.0,0.0,0.0,1.4973750285322986,10000000.0,0.0009857057835020852,-1.3508518317985576,0.20281759497566854,51.0,0.0,0.3048138373344744,0.006865630741368748,0.06279420687026914,0.04905791155314573,1.7978503093940437,6.0,380
83.84604833461252,23.0,-0.6713079205660807,0.5247660351517919,0.8044169466220416,3333333.333333333,0.5868523168226434,1.0089020771513353,0.1424740756569234,1.2759281594597605,0.5386810760971807,0.5441140140292547,-319.7712428568893,187.58456794246067,238.2683448057989,144.58284016182486,681.8989459454802,461.95778629887013,145.37175101459633,0.6617210682492581,349999999.99999994,-0.1316396560906946,0.0027177252944647723,-0.20562656927642087,0.018260671079662227,0.0,10000000.0,0.0,0.0,1.4973750285322986,10000000.0,0.00115496342259442,-0.3752889492507405,0.20290831340940055,50.0,0.0,0.38891165912382775,0.0015485045195468264,0.006766735400583326,0.04484136968268483,1.7880486162149858,3.0,380
83.98888978462172,21.0,-0.6895685916457429,0.42433234421364985,0.8147656260150884,3333333.333333333,0.5676786121889981,0.890207715133531,0.14325527348190015,1.2434940812225757,0.5399074943230326,0.5220165201891407,-305.182935175152,163.72076238774173,222.73911725012042,146.3454131276128,683.6663977513256,414.6067337159929,181.96444892438848,0.643460397169596,349999999.99999994,-0.18468565015597654,0.0026870745443038843,-0.2512782469755763,0.018260671079662227,0.0,10000000.0,0.0,0.0,1.5156356996119609,10000000.0,0.000657715114382601,-0.6609927985558474,0.21124101105083745,43.0,0.0,0.33424501186433087,0.0036242883950278046,0.019592812070439246,0.051718073291420454,1.7874115862927462,3.0,380
82.50708032942046,21.0,-0.707829262725405,0.25998630449669025,0.8132941522778337,10000000.0,-0.7968500342387583,0.6939055010271626,0.16107244881659316,1.2707331777065423,0.5379464203184212,0.5396739755422633,-338.0417725389649,216.87074200687854,201.23915923450718,131.34148478371122,652.7667311338357,442.71431437353465,201.3185043252416,0.6343300616297649,343333333.3333333,-0.23715487331659432,-0.0025343933479856384,-0.3152248345126683,0.0182606710796622,0.0,10000000.0,0.0,0.0,1.5065053640721295,10000000.0,-0.0002037413111940055,-0.9998272888958574,0.21790514816477088,53.0,0.0,0.4027240182838199,0.0036260606592179736,0.001690959696866147,0.05317938121110588,1.788432134216324,3.0,380
77.58318178894554,23.0,-0.7169595982652361,-0.041314768317735645,0.797702515760947,3333333.333333333,-0.04770600319561741,0.6117667199269572,0.176493371934808,1.2786029576805118,0.5425504311529188,0.5466595907069948,-333.6895951804534,228.12369265081807,186.4975291009698,122.41820020345781,643.0589768131974,435.17824045610774,198.6989404594507,0.6343300616297649,166666666.66666666,-0.2720288746861446,0.0008550146993821761,-0.2923989956630906,0.018260671079662116,0.0,6666666.666666666,0.0,0.0,1.5156356996119609,10000000.0,0.0010216686726278997,-1.6864439968401326,0.20562888954927286,48.0,0.0,0.3064371616196103,0.007186361838961017,0.0677262561904053,0.051319961738864564,1.8011657399125367,2.0,380
87.52810604217304,22.0,-0.707829262725405,0.4791143574526364,0.8249158916853907,3333333.333333333,0.5580917598721753,0.9906414060716731,0.1474351054250438,1.2625190332740872,0.5498644018896024,0.5206479873699486,-321.88675838899826,191.1596256352812,222.06565825134052,128.75092069461485,689.5583273051145,458.08432693916996,164.5257639239507,0.6343300616297649,356666666.6666666,-0.1753420451951609,0.0028704064907830174,-0.24671307920566077,0.018260671079662172,0.0,10000000.0,1.0,0.0,1.5247660351517918,10000000.0,0.001133257409015467,-0.5932138845491967,0.20322823736118817,40.0,0.0,0.3677050428425679,0.0014233650576021115,0.0034993116624589147,0.04698011891295893,1.7891343776526976,3.0,380
74.14214442295355,23.0,-0.6895685916457429,-0.004793426158411301,0.7978763271975622,10000000.0,-0.7767632960511299,0.6299931522483451,0.16355183382314945,1.2585858167910393,0.5481963355544058,0.5254745635159614,-333.3578045531713,241.96903501326875,181.6814641998827,129.45650530930615,638.3613866212447,427.50535129092435,187.80080684685078,0.6891120748687515,196666666.66666666,-0.2370620862816708,0.0009466234171731225,-0.26040858251540744,0.018260671079662172,0.0,10000000.0,0.0,0.0,1.543026706231454,10000000.0,0.0010011978905068806,-1.3857885824436926,0.20554963258152179,49.0,0.0,0.29757245603800864,0.0071580323444936644,0.06564968945387185,0.05068158780350542,1.798023026851721,4.0,380
86.97090798006123,23.0,-0.6713079205660807,0.533896370691623,0.8151460489235905,3333333.333333333,0.6210910750970098,1.0545537548504906,0.14041441062657903,1.288727617336616,0.5441797452779416,0.5112231131175098,-321.14744727035844,184.2837535623603,246.89440223376715,152.9631692610333,677.3947482814024,463.0386443277585,144.00425151261106,0.6982424104085825,346666666.6666666,-0.1224181313246595,0.0026871890552011236,-0.19193106596667425,0.018260671079662227,0.0,10000000.0,0.0,1.0,1.543026706231454,10000000.0,0.0012464141508544337,-0.3174348735478954,0.2011538859674606,44.0,0.0,0.39643246424875966,0.0013930602286482071,0.006390655121578573,0.044877891942081624,1.788460447019234,5.0,380
78.6517242615742,21.0,-0.6439169139465875,0.4791143574526364,0.8314271681013329,10000000.0,-0.7320246519059574,0.8765122118237846,0.12715212088066535,1.2160024749208644,0.5279966781009542,0.5054423412379994,-293.4344387429514,148.47769392957431,245.77288139807342,175.4133156423825,676.9660910407243,400.28351655598567,155.00778295213405,0.7165030814882447,356666666.6666666,-0.1302083238225671,0.0026870745443038843,-0.2010614015065053,0.018260671079662172,0.0,10000000.0,0.0,0.0,1.5247660351517918,10000000.0,0.000648467982800052,-0.38295842906827005,0.21135609823543217,45.0,0.0,0.33936265464216653,0.004742094042596307,0.03004843873033625,0.05431628995962603,1.785091142780355,5.0,375
76.45955665966122,21.0,-0.6530472494864186,0.34215932435517005,0.8130287295831198,10000000.0,-0.7411549874457886,0.7030358365669938,0.14173169708265304,1.2464445814779115,0.5177267220275574,0.5056644851567662,-340.5617557371651,230.0368124015441,206.3155841431073,147.84599547582687,640.0506959439747,442.0165928475021,184.02085266708238,0.7073727459484136,349999999.99999994,-0.176012287909914,-0.0025954658265129366,-0.26040858251540744,0.018260671079662186,0.0,10000000.0,0.0,1.0,1.5247660351517918,10000000.0,-0.0002623475572412394,-0.6554755130463542,0.21657958548817002,50.0,0.0,0.4151191092567126,0.004705651046158115,0.013635337523447527,0.05676128528737972,1.7884241676853851,5.0,375
70.722362999508,22.0,-0.6804382561059118,0.01346724492125087,0.7843522004178173,10000000.0,-0.006162976489386074,0.6140150650536407,0.1538309884747322,1.2325213352189401,0.5284562842599506,0.49715107831234395,-337.07527229449926,267.7511943353729,167.42893636466533,142.9869182422797,616.5768766408007,414.33847456640484,183.19558015018623,0.6799817393289204,176666666.66666666,-0.22567982956706983,0.0008244784601185261,-0.2558434147454919,0.018260671079662172,0.0,10000000.0,0.0,1.0,1.5247660351517918,10000000.0,0.0007908909201174792,-1.361715197194577,0.2026848813583453,51.0,0.0,0.2995273276386097,0.008852535536985314,0.07280199923609695,0.06252270045555909,1.802644402641467,6.0,375
86.31515118614385,23.0,-0.6713079205660807,0.533896370691623,0.8269106294706511,3333333.333333333,0.6210910750970098,1.0545537548504909,0.13884365596019213,1.2918583400096568,0.5359696014611641,0.5373524454928749,-330.4113989656713,201.4397121667561,239.3212658860705,150.45017492590353,670.7687972895845,469.4318691210273,147.3430403111523,0.6982424104085825,336666666.6666666,-0.11003142357148286,0.0024734353803555786,-0.16454005934718097,0.018260671079662227,0.0,10000000.0,0.0,0.0,1.543026706231454,13333333.333333332,0.0013008823281480113,-0.2628198138425866,0.1981461011151239,44.0,0.0,0.4403887772683951,0.0012100900172572224,0.008571615651153526,0.04254905100627827,1.7876064846430975,5.0,375
68.49615356701796,23.0,-0.6439169139465875,0.04998858708057524,0.7930610589745941,10000000.0,-0.7393289203378224,0.6391234877881763,0.1481954465078365,1.2409741837686623,0.5240639934283954,0.5168406179397089,-332.600916135792,264.08788470886213,175.89302934066433,148.90866108192424,617.1144488942734,413.50364516263954,170.29404076978574,0.743894088107738,196666666.66666666,-0.18428977402419533,0.0009160871779094745,-0.21019173704633642,0.018260671079662172,0.0,10000000.0,0.0,2.0,1.5612873773111162,10000000.0,0.000964062924648539,-0.9871384299758137,0.2033536261214616,47.0,0.0,0.3039720789367425,0.007112051935999276,0.06224470214261881,0.05183987730350444,1.7959162459685083,6.0,375
85.98314119740358,23.0,-0.6256562428669253,0.5978087194704406,0.8261712022153278,3333333.333333333,0.6836338735448527,1.0636840903903217,0.13138213067264984,1.2709990904571422,0.5331861033481595,0.5334018397395517,-320.2550154300011,178.67139081852014,312.3908352970117,195.12103330749432,669.7076384711912,497.6045365264696,60.51513166878886,0.7621547591874,353333333.3333333,-0.06313227573613328,0.002717725294464773,-0.11888838164802554,0.018260671079662227,0.0,10000000.0,1.0,0.0,1.5704177128509471,10000000.0,0.0013136711258038547,-0.017103939394839143,0.20009627548512562,42.0,0.0,0.44344220637207576,0.0014073671396429182,0.00918154340811294,0.04429965746154401,1.7875860474145187,5.0,375
77.71522166215871,21.0,-0.5982652362474321,0.5247660351517919,0.8221473829791004,10000000.0,-0.6845469070988357,0.8810773795937,0.11528881119634822,1.1999982748647366,0.48131459037013347,0.49410690543095825,-284.0061335308482,103.97473117716117,326.4559156635977,239.64007027607525,642.6405335053378,401.84193065122867,112.01381197047196,0.7986761013467245,356666666.6666666,-0.07265711785741458,0.002687189055201123,-0.13714905272768774,0.018260671079662172,0.0,10000000.0,0.0,0.0,1.5612873773111162,10000000.0,0.0006159702492217953,-0.08155672782934813,0.2135271491797587,37.0,0.0,0.3520320265106316,0.0061531507281298945,0.04130823817815348,0.061185293138724825,1.7875839722427287,5.0,375
73.70299052016496,22.0,-0.589134900707601,0.4425930152933121,0.8108338856534686,3333333.333333333,-0.6845469070988357,0.7441223464962337,0.12552715737834924,1.2035170052242927,0.49867376891965104,0.5003629440915227,-342.82507963344284,249.45370729988912,220.90801034098774,175.60902577111563,620.9106707101081,439.02051020806664,150.00114613387834,0.7986761013467245,363333333.3333333,-0.10096104390169669,-0.002687189055201123,-0.19193106596667425,0.018260671079662186,0.0,10000000.0,1.0,0.0,1.5612873773111162,10000000.0,-0.00030258260066036034,-0.23899932442281105,0.21629010267504722,49.0,0.0,0.4392690222947977,0.0058191135489663115,0.02503073925959297,0.06114592062035429,1.7925600374799266,5.0,375
87.15161914027607,21.0,-0.7169595982652361,0.41520200867381873,0.8274731096434458,10000000.0,0.5754393973978544,0.8902077151335311,0.1424645911350675,1.256546357861156,0.524468461570105,0.5294962290628323,-306.2028184655238,170.19865959804514,215.6704220323339,140.66002148835233,689.5578978636303,417.97734069592633,181.055958930253,0.6525907327094271,346666666.6666666,-0.19637236551776605,0.002748147022831183,-0.2695389180552385,0.018260671079662186,0.0,10000000.0,0.0,0.0,1.543026706231454,10000000.0,0.0007138210130864541,-0.7067242897885189,0.211338052946374,47.0,0.0,0.3346583421589857,0.0036300322325134465,0.018865192755455097,0.052624652550630244,1.7870942638740708,3.0,375
83.59881771676379,21.0,-0.7169595982652361,0.26911664003652136,0.8085961129467463,3333333.333333333,-0.7872631819219356,0.6961880849121204,0.16099322071677516,1.2675149943382138,0.5624260127252435,0.5394240959561034,-338.460146177154,215.13109134351626,202.76909075408727,130.83520893198536,655.2147287099087,441.2620230243535,203.10311322980132,0.6525907327094271,339999999.99999994,-0.23618074260062386,-0.0024733208694583397,-0.3152248345126683,0.018260671079662227,0.0,10000000.0,0.0,0.0,1.5156356996119609,10000000.0,-0.0001749702593134649,-1.0027260383482939,0.21244201854155653,54.0,0.0,0.416675814030655,0.003874338281423151,0.003941146724092401,0.0522280780358971,1.7852908803704426,3.0,375
78.54077613961036,21.0,-0.6165259073270942,0.533896370691623,0.8310328730136837,3333333.333333333,-0.7037206117324811,0.9244464734078977,0.12104477650144085,1.208325861916892,0.517094701961361,0.4956139650961724,-290.7990541737242,136.1955749604292,317.0779007190007,230.7284282983311,655.6651609991346,442.6551608667676,68.47238841988911,0.7621547591874,359999999.99999994,-0.08808738491972909,0.0027176107835675343,-0.15997489157726544,0.018260671079662186,0.0,10000000.0,0.0,1.0,1.543026706231454,10000000.0,0.0007641501147420746,-0.163159198539131,0.2068638688703496,47.0,0.0,0.3589181533420166,0.005050892450031787,0.03343053166777616,0.056099991027848364,1.7865749611527142,5.0,370
71.99629459225085,21.0,-0.6165259073270942,0.36041999543483216,0.8134183789245191,10000000.0,-0.7041771285094727,0.6733622460625428,0.13385655266513163,1.22845575394463,0.5070531023052425,0.48324128500307895,-340.9860747781466,236.50417930253937,213.7089906060817,159.53126779431935,629.4296907516353,440.2010117499772,169.79600772833675,0.7530244236475689,346666666.6666666,-0.140525945370159,-0.00241236290182828,-0.2193220725861675,0.018260671079662227,0.0,10000000.0,0.0,0.0,1.5338963706916227,10000000.0,-0.0001461394284329705,-0.4802017070716955,0.21581090109022366,52.0,0.0,0.4082292000890425,0.005485616257369771,0.018025626711157573,0.05911812531996937,1.7900646998398824,6.0,370
63.164922507293085,23.0,-0.589134900707601,0.10477060031956176,0.8046723345274411,3333333.333333333,-0.6676557863501482,0.6208628167085141,0.14639047556664403,1.2822256929019962,0.5594854434002621,0.5432869905353759,-323.98542622805246,244.92152651917516,187.00116389746972,142.83338920608563,634.4580661517064,423.2244471973577,156.61502935797563,0.7895457658068934,209999999.99999997,-0.13754325496461992,0.0009162016888067124,-0.16454005934718097,0.018260671079662172,0.0,10000000.0,0.0,0.0,1.5338963706916227,10000000.0,0.001060918932475697,-0.6362889066100769,0.20525424253346836,50.0,0.0,0.31731472401124405,0.004815034877110138,0.04657786235637734,0.03839223902588454,1.7887805900977627,6.0,370
81.31737798336083,22.0,-0.5800045651677699,0.6251997260899338,0.8250781349371894,3333333.333333333,0.703720611732481,1.022597580461082,0.12778595684268412,1.233757698071205,0.5109518372635329,0.5062616628004459,-306.4755132624163,167.7723121933487,268.6332888492481,182.3937555886429,671.2191388832682,446.94454550979486,114.3240082871471,0.7804154302670623,366666666.6666666,-0.03963665068857943,0.00287029197988578,-0.11888838164802554,0.018260671079662186,0.0,13333333.333333332,0.0,0.0,1.5338963706916227,10000000.0,0.0011601739524768205,0.0895496763611609,0.202485255704993,45.0,3333333.333333333,0.42623304696536846,0.004008366865746646,0.026595646571834948,0.053354908269824766,1.788665344409051,5.0,370
79.00049164569609,21.0,-0.5800045651677699,0.5704177128509473,0.8353303091579094,10000000.0,-0.6836338735448526,0.9175987217530244,0.11634801321178889,1.2008714447745275,0.4894662798290529,0.4910871777178516,-286.35928129447393,106.55658897522466,302.85897899795134,231.5158721906669,627.0745964568672,393.336970082425,151.77409848989666,0.8169367724263867,366666666.6666666,-0.05190070760100431,0.002778797772992071,-0.12345354941794108,0.018260671079662186,0.0,13333333.333333332,1.0,0.0,1.5795480483907784,10000000.0,0.0007325788770398952,0.023677250954807376,0.20974132490169478,43.0,3333333.333333333,0.3723224595519067,0.006180783185501076,0.042636480210554405,0.06210755991174674,1.7890536851367052,5.0,370
72.29695784816269,21.0,-0.5800045651677699,0.43346267975348096,0.8255368243077938,10000000.0,-0.6576124172563341,0.7258616754165714,0.1250365931169537,1.2177186451485649,0.5049607024998781,0.48423572715534313,-342.7924486307421,250.58354897748222,227.59305695272656,184.57226026395048,612.7717241269261,440.38033927736495,141.21045563637742,0.8169367724263867,356666666.6666666,-0.08851358137411548,-0.0025345078588828772,-0.1782355626569276,0.018260671079662227,0.0,10000000.0,1.0,0.0,1.552157041771285,10000000.0,-0.00024660634655305596,-0.17999964645848876,0.21335101600028156,50.0,0.0,0.4441147233015216,0.006240528313243965,0.02731749551338499,0.06261790910721175,1.7927238816006874,6.0,370
73.49632676542961,23.0,-0.6804382561059118,0.0043369093814197845,0.7978923636396729,10000000.0,-0.7685459940652819,0.6299931522483451,0.1650166228116144,1.2796046431550003,0.5547610645716194,0.5259866389804471,-331.2368507424915,238.69862085439277,181.33363673854416,128.68191124514178,638.7924773443968,427.2597135652832,187.67333974670706,0.6799817393289204,183333333.3333333,-0.23770109564026473,0.0008855509386458241,-0.2512782469755763,0.018260671079662172,0.0,10000000.0,0.0,0.0,1.5247660351517918,10000000.0,0.0009758107129948343,-1.414381984789553,0.20295115991869728,48.0,0.0,0.3074808671689442,0.006635908848926985,0.06285169237331165,0.04766198438693937,1.7965639521534076,4.0,370
86.75885402383693,22.0,-0.6895685916457429,0.5247660351517919,0.815534271760537,3333333.333333333,0.5941565852545081,1.0271627482309973,0.1412984451047883,1.2691619146402,0.5368568909324186,0.5328909386239177,-319.20026560137484,184.64657342853909,237.75742229643782,144.36425157962844,683.1961566037199,457.50968827164877,151.20586004278488,0.6708514037890893,353333333.3333333,-0.1419875979608917,0.0028093340122557196,-0.2193220725861675,0.018260671079662227,0.0,10000000.0,0.0,0.0,1.5338963706916229,10000000.0,0.0011883938632821396,-0.4221501512770233,0.19999829333225394,44.0,0.0,0.38094110538738324,0.001872625056537958,0.007836901156645587,0.04696417429522726,1.7891821783116906,5.0,370
67.59439286811588,23.0,-0.6347865784067563,0.06824925816023741,0.7963036391118344,10000000.0,-0.7128509472723121,0.6391234877881762,0.14767778783335297,1.2451492480877642,0.5272256361454235,0.5189402739227457,-330.8951689979158,257.3916316577104,180.67588046470053,145.97122952533687,623.6577191360657,418.07862656192594,167.4698106948294,0.7530244236475689,209999999.99999997,-0.1727245682112151,0.0009772741673340103,-0.19649623373658978,0.018260671079662172,0.0,10000000.0,0.0,0.0,1.5430267062314538,10000000.0,0.00100054796063967,-0.8850184367754254,0.20441641120987533,52.0,0.0,0.30759686370658124,0.006425584672223137,0.057333526731378204,0.04808709578618903,1.7947009641414973,6.0,370
85.28641909701585,23.0,-0.6165259073270942,0.6251997260899338,0.8246248053695007,3333333.333333333,0.6932207258616754,1.0705318420451952,0.1303162999277392,1.2589398074139,0.5134586501171268,0.5055045366798461,-316.07795011559324,167.1430196295628,332.98045846456165,205.35218645742356,669.3189894573281,502.41682653060775,42.71289052492119,0.7712850947272312,363333333.3333333,-0.05229783915392221,0.002870406490783017,-0.11432321387811,0.018260671079662186,0.0,13333333.333333332,1.0,0.0,1.561287377311116,10000000.0,0.0013123268769282693,0.03474150720783783,0.20193399942718682,47.0,3333333.333333333,0.43788036885108095,0.002462139742494308,0.016474261214951654,0.04801337727505641,1.7886226572655086,5.0,370
62.19924305980656,23.0,-0.589134900707601,0.08650992923989959,0.8001446405330637,10000000.0,0.0750970098151108,0.620862816708514,0.14293324243269426,1.254482804896269,0.5293767788307144,0.5471184547367056,-326.77598125810016,253.11776894466269,181.75699457059162,143.0730684901921,627.8935563158389,418.34763761666835,160.42990835694295,0.7530244236475689,226666666.66666666,-0.14880354561363457,0.0009772741673340108,-0.16910522711709652,0.018260671079662172,0.0,10000000.0,0.0,0.0,1.5065053640721295,10000000.0,0.0009886715751608478,-0.735953814156691,0.20332832471338524,50.0,0.0,0.3155686125973083,0.005442452806498023,0.04904517437043988,0.042367190252031874,1.7945087308305716,6.0,365
80.01705430439519,22.0,-0.5982652362474321,0.5886783839306095,0.8234941505516438,3333333.333333333,0.6767861218899793,1.022597580461082,0.1304254478920154,1.2535308627367718,0.512578961997854,0.5023763848734566,-307.85998926154303,150.15831687765154,374.67419275060684,235.0423850872577,663.347401287779,510.13960984310773,-5.183732251654774,0.7530244236475689,359999999.99999994,-0.059966978619797565,0.0026870745443038847,-0.13714905272768774,0.018260671079662172,0.0,10000000.0,0.0,0.0,1.5247660351517918,10000000.0,0.001103160275292718,-0.014614684931259938,0.1975782456641165,43.0,0.0,0.428675621931613,0.0031304713123126546,0.02012090065516772,0.04795121965129834,1.7869185878178353,5.0,365
62.12618578396231,23.0,-0.5617438940881077,0.1412919424788861,0.8074086071955804,3333333.333333333,0.12348778817621547,0.6299931522483452,0.140665889237251,1.2852455880510816,0.5524937596250786,0.5530385636525141,-321.5822085681424,237.2443907419524,194.0848166338538,145.89371294172923,639.3168052638212,426.2510186636398,149.5233130686107,0.8260671079662176,223333333.3333333,-0.10665262877577417,0.0009467379280703616,-0.12801871718785662,0.018260671079662172,0.0,10000000.0,1.0,0.0,1.561287377311116,10000000.0,0.001130896475836213,-0.39814411321769116,0.20237631189127794,50.0,0.0,0.34627340242180205,0.004153311344211389,0.04026419562252413,0.035619175699356596,1.7868944887363871,6.0,365
81.63603220204322,22.0,-0.5434832230084455,0.6525907327094271,0.8276023584777665,3333333.333333333,0.7484592558776534,1.0157498288062086,0.12153748997917375,1.236862289254716,0.5000277977646592,0.49498790957827055,-301.50087087309595,169.35471364799741,234.06203635116555,170.23283879392054,671.7945541502496,413.0006584557499,155.26310926717503,0.8260671079662176,369999999.99999994,-0.002293464201476043,0.0028397557406221294,-0.07780187171878564,0.018260671079662172,0.0,13333333.333333332,1.0,0.0,1.5521570417712849,10000000.0,0.0011631573100818568,0.2757453979981938,0.20003119728766997,49.0,3333333.333333333,0.4532659017681592,0.004716470906884789,0.033517376995992866,0.0550918371264476,1.7877823428551824,5.0,365
64.92567019132491,23.0,-0.6256562428669253,0.06824925816023741,0.7978173900784694,10000000.0,-0.7050901620634558,0.6231454005934718,0.14325958136770092,1.243626217243426,0.5242954063097737,0.5161208885652786,-330.0555489579599,274.31141355712015,167.3864820517314,150.47406700006823,614.3037364347405,405.73132772254877,162.62476373065797,0.7347637525679069,193333333.3333333,-0.1732723883436049,0.0008550146993821753,-0.2010614015065053,0.018260671079662172,0.0,10000000.0,0.0,1.0,1.5156356996119609,10000000.0,0.000866806805855122,-0.9439980369532857,0.2022140716920747,48.0,0.0,0.30752896147681164,0.006700431281962063,0.05912433573577798,0.0489631137761008,1.7964278495068762,6.0,365
81.73313056718484,23.0,-0.6165259073270942,0.5704177128509473,0.8219354958654081,3333333.333333333,0.6411778132846383,1.0362930837708286,0.1356411881332358,1.2724030757280533,0.5467657016261904,0.5298371139996265,-319.57945668066645,180.7977956904649,281.088984805495,174.23092768053905,670.628802864199,476.78452748107287,101.30078484138967,0.7165030814882447,353333333.3333333,-0.07664505820588903,0.0025955803374101754,-0.13258388495777218,0.018260671079662172,0.0,10000000.0,0.0,0.0,1.5065053640721295,10000000.0,0.0012173669057912043,-0.09580113503411215,0.19810507832797672,52.0,0.0,0.4354904917840321,0.0012785315382831356,0.008092925024658951,0.0427253616572333,1.7885260090717918,5.0,365
80.49933815031822,21.0,-0.6347865784067563,0.5065053640721296,0.8304430416087185,3333333.333333333,0.6662862360191738,0.9153161378680666,0.12520988384471182,1.227521448054605,0.5112999435981407,0.49825253103876743,-294.4921770402107,141.90222431555878,270.19248785994,195.46410472997027,666.023289737661,413.9132779499289,134.2373239232976,0.743894088107738,356666666.6666666,-0.11012192802252145,0.0027176107835675334,-0.17367039488701208,0.0182606710796622,0.0,10000000.0,1.0,0.0,1.552157041771285,10000000.0,0.0007888368888239871,-0.27414735815458224,0.20578725950123122,45.0,0.0,0.35725239800665154,0.00489832351468146,0.031616537580248565,0.055987794997783925,1.787273465442492,5.0,365
73.84840972847046,21.0,-0.6347865784067563,0.35128965989500116,0.8125648985305292,10000000.0,-0.7137639808262952,0.6870577493722895,0.13802751073820319,1.2345060375878933,0.5109525087308151,0.5127985683784071,-340.1631976599311,231.6308500255531,211.0486704432886,154.46385519531427,634.9091904497761,438.323938676552,177.4797787158044,0.7347637525679069,343333333.3333333,-0.15470839990869661,-0.0023512904233009826,-0.23758274366582968,0.0182606710796622,0.0,10000000.0,0.0,0.0,1.5247660351517918,10000000.0,-0.0001094218224581006,-0.5665985998489457,0.21111977363152876,48.0,0.0,0.41966115033015017,0.00526005722561422,0.016765249105942636,0.056782064689500165,1.7914579441561909,6.0,365
61.99224655894357,23.0,-0.5800045651677699,0.12303127139922393,0.7998207218135656,10000000.0,-0.6667427527961651,0.6322757361333028,0.13379336058876792,1.2343048143797566,0.5390310781407324,0.4860859994381299,-329.51607601942607,262.64504220828866,184.38968022517733,160.8451745595505,612.0656401429729,412.6245662934216,154.0741163726392,0.8078064368865556,203333333.3333333,-0.11517381876283954,0.0008855509386458248,-0.13714905272768774,0.018260671079662172,0.0,10000000.0,0.0,0.0,1.5521570417712849,10000000.0,0.000890305154649832,-0.46926878053002713,0.2058635372570294,53.0,0.0,0.3155164301117217,0.006281383690346325,0.05322930452439244,0.047703364780864094,1.7947184408903198,6.0,365
83.9531647587909,23.0,-0.5617438940881077,0.6617210682492581,0.8230103544209572,3333333.333333333,0.738872403560831,1.0705318420451952,0.12815064933170928,1.2650488298111613,0.5091802045685186,0.5245966854441279,-318.2964090032771,197.73581897701297,243.16851297916503,161.9862316997834,673.5196755407852,455.8218775314798,126.43607582280124,0.8169367724263867,359999999.99999994,0.0036707753176596263,0.0027177252944647723,-0.04586281670851401,0.018260671079662227,0.0,13333333.333333332,0.0,0.0,1.5612873773111162,10000000.0,0.0013529414269608444,0.2766935420123722,0.19850291623755273,43.0,3333333.333333333,0.5021954963985258,0.002016468250074614,0.016540793915513656,0.04507343293730287,1.786917946677367,5.0,365
67.58650907906727,23.0,-0.6530472494864186,0.03172791600091304,0.7973017997974658,10000000.0,-0.732481168682949,0.6322757361333028,0.1514683205427203,1.2361581413292502,0.5267978607193351,0.5108279113680103,-333.961852759378,262.6654446692964,174.6004656265697,145.20150833933326,616.9866066866288,411.2155592154385,177.40962810448573,0.7073727459484136,209999999.99999997,-0.1992935022445408,0.0009466234171731225,-0.22388724035608304,0.018260671079662116,0.0,10000000.0,0.0,0.0,1.5156356996119607,10000000.0,0.0008950799927602733,-1.1276993513485625,0.2029906077954278,53.0,0.0,0.3057388174893002,0.00759068328304778,0.06477556513609303,0.05439168421913221,1.7990925016722463,6.0,360
84.32583923213585,23.0,-0.6530472494864186,0.5521570417712851,0.8267652126709556,3333333.333333333,0.6220041086509929,1.0454234193106597,0.13599609877076516,1.297731841949714,0.5399500992586419,0.49036606475432776,-323.26530866372076,192.32521530189473,252.75744541364367,161.08445599093048,670.0256052587758,470.2559306363617,128.2081542098571,0.6982424104085825,343333333.3333333,-0.09685387658829793,0.002534507858882878,-0.15084455603743435,0.018260671079662172,0.0,10000000.0,1.0,0.0,1.5247660351517918,10000000.0,0.0012533815467411194,-0.20015792510953972,0.19438340307855215,41.0,0.0,0.44146614919231086,0.0005720660773921786,0.0028825778056304095,0.04222803289805441,1.7863243684725514,5.0,360
64.84283208208903,23.0,-0.6165259073270942,0.07737959370006853,0.8058830752596436,3333333.333333333,-0.6968728600776077,0.6299931522483451,0.1519076796436198,1.28041168458798,0.5481324775074647,0.5349141043301671,-325.4271903699091,239.24511405806516,183.797758508877,140.31602569247752,631.0194072255944,417.29074255800936,174.20973140964333,0.7256334170280758,189999999.99999997,-0.17309012402039103,0.0008551292102794143,-0.19649623373658978,0.018260671079662172,0.0,10000000.0,0.0,0.0,1.4973750285322986,10000000.0,0.0010763291445331654,-0.9428064408394888,0.19875114010766587,50.0,0.0,0.33197356416160106,0.005297482047760686,0.051354457253234974,0.04044783814465986,1.7922873944537336,6.0,360
79.29322478225446,22.0,-0.6165259073270942,0.5704177128509473,0.8102460826588197,3333333.333333333,0.6407212965076468,0.9837936544167998,0.12973831348195852,1.253567361746663,0.5292081226373327,0.5051091162273762,-308.96481614135354,169.25721426362134,281.4352658337739,178.95673393826124,678.0771890484707,459.2970360975892,96.36145123392329,0.7165030814882447,359999999.99999994,-0.08775340485429503,0.0027786832620948316,-0.16910522711709652,0.018260671079662172,0.0,10000000.0,0.0,0.0,1.5156356996119607,10000000.0,0.001041912111940354,-0.16560121743106918,0.1965410344342088,43.0,0.0,0.41034312387897487,0.0032436248834167057,0.01931372234956169,0.04967329704112135,1.7873900688433038,5.0,360
61.4687400551165,23.0,-0.5526135585482765,0.1412919424788861,0.8023779397716206,3333333.333333333,0.12257475462223244,0.6322757361333029,0.139505863691226,1.293685840631682,0.5581640111296879,0.533971879787996,-321.7937081838281,237.95858283118451,195.0429487816076,149.8274131813398,632.3763253022769,424.03032289823767,150.50421744895823,0.8169367724263867,206666666.66666666,-0.10744403865175377,0.0008856654495430631,-0.12801871718785662,0.018260671079662172,0.0,10000000.0,0.0,0.0,1.543026706231454,10000000.0,0.0010788796078306873,-0.4133419835916119,0.20203818717915992,48.0,0.0,0.3414740465286883,0.004241611322341659,0.04054529947753119,0.03673542893736897,1.7897983998331084,6.0,360
81.20014923310444,22.0,-0.5526135585482765,0.6617210682492581,0.8131137003034458,3333333.333333333,0.739785437114814,1.0134672449212507,0.12546971864285422,1.2419124139892852,0.516886681477978,0.47455177128855475,-303.24278827809127,178.63895106466944,233.150194592747,167.23864739830518,675.6933560252398,422.2736632872037,142.42981258817386,0.8169367724263867,366666666.6666666,-0.00798470668797074,0.0028092195013584803,-0.09606254279844781,0.0182606710796622,0.0,13333333.333333332,0.0,0.0,1.543026706231454,10000000.0,0.0011355972483490446,0.24741757274054954,0.1982212304947177,47.0,3333333.333333333,0.4549053902100294,0.004427542008133884,0.031631219076105346,0.053263612466546775,1.787568530821254,5.0,360
76.5585100605627,21.0,-0.5617438940881077,0.5886783839306095,0.8226776421075614,10000000.0,-0.6576124172563341,0.9039032184432778,0.11401907949561832,1.1942948618006421,0.4936902165520814,0.48191575183840396,-284.87487160658833,115.09032089785289,278.21612225962247,212.34493906504503,642.9937447762425,373.6325898694792,167.92174069718152,0.8169367724263867,363333333.3333333,-0.037627063836262624,0.002687189055201123,-0.10975804610819445,0.018260671079662172,0.0,13333333.333333332,0.0,1.0,1.552157041771285,10000000.0,0.0007719401680739462,0.09058955396929291,0.2044492420295879,41.0,3333333.333333333,0.39140390933532565,0.006051475331342005,0.04270385634134624,0.05974049455424915,1.7875502745680092,5.0,360
68.08166887101088,21.0,-0.5617438940881077,0.4060716731339876,0.8172066223684074,10000000.0,-0.4973750285322985,0.6733622460625428,0.11898197238135055,1.214125055541647,0.49130053542417085,0.4797458596953148,-341.78308427774675,249.33182655434862,224.05179185569295,185.43058457836818,609.9758282763075,435.83883902751097,143.95603539798046,0.7986761013467245,353333333.3333333,-0.08641360419995432,-0.00241236290182828,-0.16910522711709652,0.018260671079662172,0.0,10000000.0,0.0,0.0,1.5247660351517918,10000000.0,-0.0001739018181132294,-0.18711184276348156,0.21091329822985286,50.0,0.0,0.455108773848531,0.006283045823608671,0.027984481750752768,0.06172964127223822,1.794051210260463,6.0,360
68.98121354632516,23.0,-0.6439169139465875,0.04998858708057524,0.8034999616724008,3333333.333333333,0.02624971467701437,0.6322757361333029,0.1581717494309139,1.2862451954850498,0.5520560487829427,0.5338862637662405,-324.44263028820404,236.4257799120036,178.70453921423933,129.94917970579772,642.9954495711728,423.0315027123829,177.45730019313615,0.7165030814882447,183333333.3333333,-0.19911146617971545,0.000855129210279414,-0.2284524081259986,0.018260671079662172,0.0,10000000.0,0.0,1.0,1.5338963706916229,10000000.0,0.0011100265515897486,-1.1366739779692714,0.1973772660393567,51.0,0.0,0.328932636364173,0.005057404264640584,0.05159058644452455,0.03862506492848819,1.7898791906756406,6.0,360
82.72279772870658,22.0,-0.6439169139465875,0.543026706231454,0.8252955438676673,3333333.333333333,0.6489385984934947,0.9792284866468841,0.13065745701012926,1.2429999684099002,0.5151611888033159,0.5155023101084002,-307.1286000043056,166.96504120794071,265.7926316277854,173.78918084655976,679.6288255558522,446.2356811674479,118.73184079005732,0.7256334170280758,359999999.99999994,-0.10364007456440687,0.002809219501358481,-0.19193106596667425,0.0182606710796622,0.0,10000000.0,0.0,0.0,1.5338963706916229,10000000.0,0.0010416683673162318,-0.2395103688407592,0.1987101877321394,44.0,0.0,0.38435109837064996,0.003674892127114789,0.021756526304484276,0.05147909819005429,1.787288284079614,5.0,360
75.81134186638145,21.0,-0.5708742296279388,0.5612873773111162,0.8328254058654687,10000000.0,-0.6585254508103172,0.8810773795937001,0.11299558345793939,1.2069890755341777,0.49990493307341966,0.46301122512259196,-284.48525932711345,119.56647545771432,287.0789148896358,223.350094436387,637.590375691904,390.90794094275117,142.51726847749538,0.7986761013467245,359999999.99999994,-0.05281408354257016,0.0027177252944647727,-0.12801871718785662,0.018260671079662172,0.0,13333333.333333332,0.0,0.0,1.5338963706916229,10000000.0,0.0007076857322559356,0.011671323745686666,0.20761286883410757,46.0,3333333.333333333,0.3784704546401618,0.005983202771877944,0.041067816635135444,0.060685253888929994,1.7886394216424182,5.0,355
69.75179189035094,21.0,-0.5708742296279388,0.42433234421364985,0.8176046279369609,10000000.0,-0.6589819675873088,0.7053184204519516,0.12182761602577533,1.203220194126099,0.5017768344823579,0.47799272677678006,-342.2097280803893,248.74936556257543,221.87037039894918,181.79838104958307,613.0540633928813,434.9323108672631,149.04933191810505,0.7895457658068934,356666666.6666666,-0.09390047934261582,-0.002503971619619227,-0.1782355626569276,0.018260671079662172,0.0,10000000.0,0.0,0.0,1.5247660351517918,10000000.0,-0.00026387967246657316,-0.223743756080206,0.21035769692216993,50.0,0.0,0.45455714042315676,0.0061391912915321626,0.026581914228208,0.06154885461725025,1.7933871384626516,6.0,355
84.86674610659495,21.0,-0.7169595982652361,0.3969413375941565,0.8308992940378357,10000000.0,-0.7973065510157498,0.8628167085140379,0.1462099654420807,1.2673289468366027,0.5446241269830027,0.5329203941678189,-302.71270258166584,174.55608001931964,200.81859114177917,141.74348036350057,683.9936772526478,412.34960627947515,184.47967926779785,0.6251997260899338,339999999.99999994,-0.20936787643612567,0.002534393347985639,-0.27870349235334396,0.018260671079662172,0.0,10000000.0,2.0,0.0,1.4973750285322986,10000000.0,0.0006245856052893471,-0.8185147391102577,0.20548999744905988,41.0,0.0,0.353491151641959,0.0035107552031612577,0.01732196882500728,0.05001241310998788,1.7860567968435228,3.0,355
84.32490521623821,21.0,-0.7169595982652361,0.25085596895685913,0.8207114908049052,10000000.0,-0.8064368865555809,0.6984706687970782,0.1646388173442453,1.2664328297136307,0.5629902790440973,0.5362484238017251,-336.5029522238164,217.69160236529393,194.4428426613379,124.26527144104166,660.2002559011586,442.64294766231154,202.6704332350084,0.6160693905501028,339999999.99999994,-0.25197633721372587,-0.0024122483909310415,-0.3334855055923305,0.018260671079662227,0.0,10000000.0,0.0,0.0,1.4973750285322986,10000000.0,-0.00027442195907226345,-1.1291568845340152,0.20497056321061832,51.0,0.0,0.4368966866573458,0.0035029896171547273,0.0014489747791758016,0.049617926724956816,1.7840431734701276,3.0,355
70.04501779813653,23.0,-0.6530472494864186,0.04998858708057524,0.8001058745974574,3333333.333333333,0.021228030130107267,0.6414060716731339,0.15968733428828458,1.2848930964567868,0.5634451892114046,0.5480862447309202,-327.71578523717307,233.4765689695417,184.56075024585604,135.19418083063962,635.960443966865,420.3022408951039,185.2410057326637,0.7073727459484136,186666666.66666666,-0.20465065053640719,0.0008856654495430626,-0.22388724035608304,0.018260671079662172,0.0,10000000.0,0.0,0.0,1.5247660351517918,10000000.0,0.0010973205162727476,-1.1621069061373328,0.1979489708847254,51.0,0.0,0.3302210134174264,0.005663100490227868,0.054773174183669525,0.04248126364749886,1.7939905993196406,6.0,355
84.29868033371365,22.0,-0.6530472494864186,0.5704177128509473,0.813974917263967,3333333.333333333,0.6398082629536636,0.9997717416115042,0.1332570646253256,1.244896867648191,0.5334869900437536,0.5110084419561868,-311.841797975035,174.46876081527816,260.37645240779943,162.59693276477097,684.2173361818499,453.93681884702954,122.86721756330222,0.7165030814882447,359999999.99999994,-0.10826633949630979,0.002870291979885779,-0.2010614015065053,0.018260671079662172,0.0,10000000.0,0.0,0.0,1.5338963706916229,10000000.0,0.001112950160629622,-0.25788695432714887,0.1964030484603163,48.0,0.0,0.39750914761555856,0.0030792564818830025,0.017645963119482057,0.05022719101420413,1.7877328275542284,5.0,355
63.942535446349865,23.0,-0.6073955717872631,0.08650992923989959,0.7890151144087055,10000000.0,0.061858023282355734,0.641406071673134,0.14263466914403827,1.2652779208559926,0.5259627441106646,0.513848036009551,-328.3233988329229,257.6516258168421,177.19491362121695,151.53220834337898,616.6941350347911,410.9040734691024,166.74173110916155,0.743894088107738,193333333.3333333,-0.1575380050216845,0.0008551292102794135,-0.18280073042684314,0.018260671079662172,0.0,10000000.0,0.0,0.0,1.5156356996119609,10000000.0,0.0009761706677919689,-0.818359551653803,0.19829899863372397,50.0,0.0,0.32927396563974254,0.006088615001843811,0.05387472670795416,0.04603132981759597,1.7952763517795125,6.0,355
80.97650075917667,22.0,-0.6165259073270942,0.5978087194704406,0.8194609161867246,3333333.333333333,0.658981967587309,1.0385756676557865,0.12938332550234502,1.2578932122301292,0.5269134457243838,0.5203594048975594,-315.0637392861093,172.1267193334115,329.1732722009816,206.71881113068412,665.5379701703586,502.8408699849936,36.714255915925854,0.7347637525679069,359999999.99999994,-0.06416704709731412,0.0027177252944647714,-0.1234535494179411,0.018260671079662172,0.0,10000000.0,1.0,0.0,1.5156356996119609,10000000.0,0.0012183330150826518,-0.03805607749084101,0.1941757365074354,49.0,0.0,0.4389597917407896,0.0021314547777349763,0.012935694039295443,0.04575159945821838,1.7888122860695737,5.0,355
74.76131622065796,23.0,-0.6895685916457429,-0.004793426158411301,0.7934700811881391,3333333.333333333,-0.643460397169596,0.6322757361333029,0.17189373413700917,1.2885267895961379,0.5835614452237776,0.5174753463708384,-329.02570125214095,224.52980422608775,184.0943595523344,122.85201557575697,645.5982015027894,427.51712663691524,197.11339741530242,0.6525907327094271,173333333.3333333,-0.251214106368409,0.0008551292102794143,-0.27870349235334396,0.018260671079662172,0.0,6666666.666666666,2.0,0.0,1.5247660351517918,10000000.0,0.0010888691174911946,-1.5506584080183123,0.19780549783626206,50.0,0.0,0.33200945064402176,0.006035419704876334,0.060327997704961674,0.04351261548015738,1.7957917610502065,2.0,355
85.94859436936937,22.0,-0.698698927185574,0.48824469299246753,0.8228890565806835,3333333.333333333,0.5758959141748461,0.9792284866468842,0.1407205519620011,1.265588031857981,0.5279453815161335,0.5160112494518272,-316.2724108076478,186.0529625729171,221.4228421830216,138.07230018298813,686.4274061274184,444.7897328311038,163.986999485911,0.6525907327094271,353333333.3333333,-0.16788731644221253,0.00280933401225572,-0.2558434147454919,0.018260671079662172,0.0,10000000.0,1.0,0.0,1.533896370691623,10000000.0,0.0009977791606951799,-0.5762001490848307,0.19547558144201216,43.0,0.0,0.3815081233030677,0.0022912244407007473,0.009400750545182296,0.049129955657303895,1.788763615310137,3.0,355
67.43501059010029,22.0,-0.6439169139465875,0.04998858708057524,0.8077406998483534,10000000.0,-0.732481168682949,0.6414060716731339,0.14872051307807266,1.2267134320237159,0.5234381067792282,0.510878532116309,-333.3950403978509,266.76423877430807,168.23499805890017,145.54372836164782,615.7046936104765,407.80572219843543,177.7126969858876,0.7073727459484136,189999999.99999997,-0.19950699992391382,0.0008550146993821756,-0.23301757589591415,0.018260671079662172,0.0,10000000.0,0.0,0.0,1.5156356996119607,10000000.0,0.0008640671345408615,-1.1670127592152548,0.19717256308045997,55.0,0.0,0.31969464834401484,0.007617294876579097,0.06458562190205483,0.05463666395394177,1.7995189892071264,6.0,350
83.66286076001238,23.0,-0.6439169139465875,0.5612873773111162,0.8184756112982224,3333333.333333333,0.6220041086509929,1.0408582515407443,0.138649781183605,1.2736141362814222,0.5462632267753407,0.5187175861223272,-324.25338238289635,187.52826070910427,257.2118719582951,159.91588105933235,670.8566013597663,466.93609858170515,133.93420391539996,0.6982424104085825,349999999.99999994,-0.09761450962489533,0.0025955803374101763,-0.15997489157726544,0.018260671079662172,0.0,10000000.0,1.0,0.0,1.5247660351517918,10000000.0,0.001317164958532255,-0.20611694537149677,0.19480293395299964,44.0,0.0,0.43470153133622824,0.0004514494505792177,0.0013239981727029004,0.042131690903473164,1.7883393348811647,5.0,350
80.29681101057298,21.0,-0.6530472494864186,0.4791143574526364,0.8244759069731117,3333333.333333333,0.6133302898881534,0.9084683862131934,0.12762252263325408,1.2318769812714274,0.5231027194466402,0.5003355342651621,-299.315989202832,152.6087455772969,243.77411274951578,167.29806270844387,677.6167858078195,404.9544830793152,163.9898240830435,0.6891120748687515,353333333.3333333,-0.13614338431104006,0.002656538305040235,-0.21019173704633642,0.018260671079662172,0.0,10000000.0,0.0,0.0,1.5156356996119609,10000000.0,0.0007975159271533049,-0.42352283944728353,0.19995437226574542,46.0,0.0,0.36402519892900764,0.004175798088287905,0.025349849152181327,0.05231505783043235,1.7855319533335128,5.0,350
74.68180914441345,21.0,-0.6530472494864186,0.29650764665601465,0.8210297676761449,10000000.0,-0.7411549874457886,0.6528189910979229,0.14500860679747754,1.2483609604164188,0.5247435492166821,0.527666889827235,-338.4340718296256,225.70714049424024,204.73549377459614,143.21803468067196,642.0443871837952,439.7515294601809,187.1462350628171,0.7073727459484136,339999999.99999994,-0.18486859925435592,-0.0022596817055100357,-0.26040858251540744,0.018260671079662186,0.0,10000000.0,0.0,0.0,1.5247660351517918,10000000.0,-7.009943723055315e-05,-0.7646530873161718,0.20704867595813103,51.0,0.0,0.42186588536071445,0.004759447572760106,0.011701864015851745,0.054209757792708646,1.7891876416085863,5.0,350
63.30381516338032,23.0,-0.5800045651677699,0.11390093585939287,0.8078949161869297,3333333.333333333,0.09016206345583194,0.6391234877881762,0.1433695733564786,1.3063551030948075,0.5527703917807538,0.5355023484896254,-321.92137513963024,240.62942135769583,185.0562077835573,143.94748611180384,635.1748176912149,421.25375132225,158.73551140804517,0.7804154302670623,199999999.99999997,-0.13364810165106897,0.0008856654495430633,-0.15084455603743435,0.018260671079662172,0.0,10000000.0,0.0,0.0,1.5338963706916227,10000000.0,0.0011225079350408664,-0.617359867123901,0.1979720874160365,47.0,0.0,0.3460092875733699,0.004375942986178823,0.043798966736959766,0.03635488072229085,1.7864394188642427,6.0,350
81.26255792128248,22.0,-0.5800045651677699,0.6343300616297649,0.8179471844444434,3333333.333333333,0.7215247660351518,1.002054325496462,0.11903527927998184,1.224129943756496,0.4986907056565438,0.49304651666043126,-303.6158662026125,166.43080181285646,259.81976827886825,183.27135221925855,666.0563418320374,434.5571395525917,126.93203317030886,0.7986761013467245,369999999.99999994,-0.033823556265692736,0.002900828219149427,-0.12345354941794108,0.018260671079662172,0.0,13333333.333333332,0.0,0.0,1.543026706231454,10000000.0,0.0010417308474037947,0.11527531549065585,0.1991751642936632,45.0,3333333.333333333,0.42979272471177943,0.0043714947305047635,0.03015249935112498,0.055299000388048955,1.7882090804073456,5.0,350
72.39682425969332,22.0,-0.6895685916457429,0.01346724492125087,0.8099953994369,10000000.0,-0.02442364756904819,0.6391234877881762,0.15742256656961573,1.2418510767838715,0.5188533993151607,0.5252081816188248,-336.10540214280013,251.4052181379046,172.51939974938745,136.60788744860346,625.2064474193286,418.5593156388638,193.65719515128566,0.6617210682492581,179999999.99999997,-0.23782340409343372,0.0008550146993821756,-0.26040858251540744,0.018260671079662172,0.0,10000000.0,0.0,0.0,1.5247660351517918,10000000.0,0.000884456315917522,-1.4565642321070156,0.19793289126864202,49.0,0.0,0.3234125781062209,0.008259739170455811,0.07135026395189452,0.05808947633322088,1.8008327039541232,6.0,350
86.48028399334532,23.0,-0.6804382561059118,0.5156356996119608,0.810940666187428,3333333.333333333,0.5946131020314995,1.052271170965533,0.13936029513436515,1.2706696729207756,0.553587292213775,0.5401761543259455,-326.6681142657562,200.36549526138796,230.0373088476086,142.75312999591497,678.5127918798175,463.9087731202027,151.29821887416668,0.6708514037890893,346666666.6666666,-0.12880970859012397,0.0025955803374101763,-0.1873658981967587,0.018260671079662227,0.0,10000000.0,0.0,0.0,1.5247660351517918,10000000.0,0.0013094222744147298,-0.3669866539505307,0.19230273039873358,47.0,0.0,0.42754447999261036,0.00012739673140823435,0.003710009236276086,0.04198646083490183,1.7871568100452813,5.0,350
64.8954114646618,23.0,-0.6165259073270942,0.06824925816023741,0.7931584243798615,10000000.0,0.047706003195617463,0.6391234877881762,0.1514137789306323,1.2869350890566196,0.533104268074684,0.5498084728977091,-323.84869171964107,241.14508848986165,178.23369944950778,142.11884897064476,629.8118265800598,411.6767904042128,175.54437752083396,0.7256334170280758,163333333.3333333,-0.17570771513353112,0.0007635204924884666,-0.20562656927642087,0.018260671079662172,0.0,10000000.0,0.0,0.0,1.5065053640721295,10000000.0,0.0010242259761444662,-0.9822793692282609,0.19818900790600114,50.0,0.0,0.3309198672179706,0.005079766142306313,0.04958351515178158,0.03954650905918278,1.7918342539215704,6.0,350
81.15860267792782,22.0,-0.6165259073270942,0.5704177128509473,0.8235481964034279,3333333.333333333,0.6585254508103173,0.9906414060716731,0.12852063060130395,1.2360521715517705,0.5195184070000793,0.5063489764633995,-309.09216314044835,169.07531334108322,294.69691889995755,188.0832593690686,674.4775102788825,473.0932698358232,78.10047005650772,0.7347637525679069,366666666.6666666,-0.08547093509853151,0.0028702919798857802,-0.17367039488701208,0.018260671079662172,0.0,10000000.0,0.0,1.0,1.5247660351517918,10000000.0,0.0010973238387373186,-0.14895121164347702,0.19700067476904468,45.0,0.0,0.40302965687939785,0.0033336546610067005,0.0206995879592081,0.051137621133709565,1.7878794245254594,5.0,350
69.83829643017114,23.0,-0.6621775850262497,0.01346724492125087,0.7978776598089429,10000000.0,-0.017119379137183255,0.6208628167085141,0.16026188494251276,1.2576712397410676,0.5522086209122856,0.5194254234678821,-331.5980444142449,239.32112120272285,177.85833015901903,129.84564923699173,633.5527090983397,421.85755597243224,192.1118448277554,0.6525907327094271,183333333.3333333,-0.2311275964391691,0.0008550146993821753,-0.2558434147454919,0.018260671079662116,0.0,10000000.0,2.0,0.0,1.4882446929924675,10000000.0,0.000969261940035403,-1.4291618278481883,0.19672019437122476,51.0,0.0,0.3310387363898345,0.006882448138327556,0.0627451747813761,0.049183218046591475,1.797816098717599,6.0,345
83.47195231324845,22.0,-0.6804382561059118,0.48824469299246753,0.8174849984833281,3333333.333333333,0.5777219812828123,0.9997717416115042,0.14350270045062935,1.2763832510156972,0.5347406265257233,0.5121914589119025,-321.008479309941,192.39364212803423,228.80371909195873,138.74987348823132,679.7340544337961,461.351861261791,153.31094455456156,0.6525907327094271,353333333.3333333,-0.15111804762991704,0.002748261533728423,-0.22388724035608304,0.018260671079662172,0.0,10000000.0,0.0,0.0,1.4973750285322986,10000000.0,0.0011206158574097007,-0.4949089552264934,0.1941515461413821,47.0,0.0,0.39671283745402697,0.0013038177773716023,0.0044043382916549,0.046032060692745465,1.78937306676956,3.0,345
68.58169126922346,23.0,-0.6530472494864186,0.040858251540744156,0.8036559220195858,10000000.0,0.01118466103629312,0.6322757361333028,0.15442232093529254,1.2539879921893702,0.5343149234958704,0.513522971923195,-331.87996475086834,248.76461017467858,176.97320063774634,138.4188940230102,625.8426898691831,417.1726369459932,184.06308701200126,0.6891120748687515,189999999.99999997,-0.20781514874838314,0.0008855509386458245,-0.23301757589591415,0.018260671079662172,0.0,10000000.0,0.0,0.0,1.5065053640721295,10000000.0,0.0009760727362465627,-1.2119336521659452,0.19841664039831416,52.0,0.0,0.32191812103179074,0.006951996891719787,0.061465777289904225,0.05047002473338694,1.7995343504270453,6.0,345
84.12163384707708,22.0,-0.6621775850262497,0.543026706231454,0.8190187712228807,3333333.333333333,0.6128737731111618,1.0340104998858708,0.1362192260891973,1.2609126429564803,0.5397581481941991,0.5182565232354683,-319.9924548932203,189.89423058773102,245.25294224271954,152.7761968148944,678.8016168526726,463.8385231461939,133.87653599494203,0.6891120748687515,356666666.6666666,-0.11444464734078973,0.0027482615337284205,-0.1782355626569276,0.018260671079662172,0.0,10000000.0,0.0,0.0,1.5247660351517918,10000000.0,0.0012102948497342972,-0.2928656088087355,0.19365554251484762,50.0,0.0,0.41602636692536665,0.0015084692275517757,0.007435818617070697,0.045192935864031995,1.7886700242035027,5.0,345
65.2410780712463,23.0,-0.6073955717872631,0.0956402647797307,0.7970533246328222,10000000.0,-0.6950467929696416,0.6482538233280073,0.14698922477656234,1.2745462555688918,0.5418590659649906,0.5406427358298679,-325.9033071053446,245.83606066667943,181.93880382533115,147.2442410041302,624.4338376609869,412.26072676949326,170.7686275255495,0.7621547591874,189999999.99999997,-0.16006474929620326,0.0008551292102794139,-0.1873658981967587,0.018260671079662172,0.0,10000000.0,0.0,0.0,1.5338963706916227,10000000.0,0.0010253260086566835,-0.8319966946252314,0.19590282740294815,49.0,0.0,0.3375726064656642,0.005443842297491791,0.05081002946808866,0.041569685254472584,1.7930480641158106,6.0,345
82.92690245291017,22.0,-0.6073955717872631,0.6160693905501028,0.8158072730787245,3333333.333333333,0.6854599406528188,1.0271627482309973,0.12513379719448603,1.2368456851324137,0.5117260835114025,0.5125843580910442,-310.4195650181447,164.16204933689352,329.2365321060644,212.5109609781605,665.2374338521973,492.1886776021356,41.61480530761491,0.7621547591874,363333333.3333333,-0.05871916609602066,0.002839755740622129,-0.14171422049760327,0.018260671079662172,0.0,13333333.333333332,0.0,0.0,1.5338963706916227,10000000.0,0.0011832553801562815,-0.009072332482740612,0.19406320271833497,47.0,3333333.333333333,0.4311750293810934,0.0031329654596673777,0.021637124664276457,0.04951871466567529,1.7877905553973767,5.0,345
58.59930132925993,23.0,-0.5252225519287833,0.17781328463821044,0.8055698887834294,10000000.0,-0.6041999543483223,0.6482538233280073,0.1326461508296818,1.2669753354078417,0.5396264463665121,0.5055937305093616,-322.25344080961287,231.75244367362612,211.83993678710834,157.09309611002442,630.102131210577,433.65175001501285,135.94637782187235,0.84432777904588,249999999.99999997,-0.0677881762154759,0.0010078104065976603,-0.08693220725861672,0.018260671079662172,0.0,10000000.0,0.0,0.0,1.5247660351517918,10000000.0,0.00106060226355859,-0.12074576229422578,0.19895919542579862,49.0,0.0,0.3761765242268621,0.004206942590663532,0.037090905896983606,0.037280139559114904,1.7886890200055003,6.0,345
81.04710263489167,22.0,-0.5160922163889523,0.6982424104085825,0.8144804732311967,3333333.333333333,0.7680894772882904,1.0294453321159553,0.12183092396873185,1.23870962042936,0.5170708826198505,0.5023309995579484,-301.2514128230221,184.56700139104788,207.21094389011174,164.69633393370344,669.4338212597577,404.0207336497751,165.48012044041192,0.84432777904588,359999999.99999994,0.033375713307464076,0.0026870745443038834,-0.03218443277790456,0.018260671079662172,0.0,13333333.333333332,0.0,0.0,1.5247660351517918,10000000.0,0.0011987534143364227,0.12167215712348647,0.19419219009964334,47.0,3333333.333333333,0.4533828085241304,0.004316692273251035,0.033368558033710166,0.05075420318501801,1.7861498767614643,5.0,345
65.2622802675651,23.0,-0.6165259073270942,0.08650992923989959,0.7989650619436572,3333333.333333333,-0.6959598265236246,0.6505364072129651,0.14756092552554106,1.2578404209663674,0.5624549851705332,0.5063221209547321,-326.75465934452853,240.62799614645786,184.6158836699637,139.98361526152405,632.2285003158947,419.71768760334527,172.53157454448663,0.743894088107738,223333333.3333333,-0.1653600015217226,0.0010078104065976592,-0.18280073042684314,0.018260671079662172,0.0,10000000.0,0.0,0.0,1.5156356996119609,10000000.0,0.001101292104189069,-0.8518575895522,0.1969102365900623,51.0,0.0,0.3397520373594688,0.005303809579384443,0.05049415818062857,0.041120860389838955,1.7916518867528586,6.0,345
82.51283945815386,22.0,-0.6073955717872631,0.6069390550102717,0.8142115895880356,3333333.333333333,0.6763296051129877,1.0225975804610818,0.12852740489358916,1.2409316845167275,0.5129956268034863,0.5023367177933152,-305.9705347547931,134.91343008917534,422.16726300766123,266.03370322456425,654.5436559950886,532.5557858430642,-50.44198969383679,0.7530244236475689,363333333.3333333,-0.06651049988587075,0.002778683262094832,-0.15084455603743435,0.018260671079662172,0.0,10000000.0,0.0,0.0,1.5338963706916227,10000000.0,0.001174099187726144,-0.0502931678271881,0.19302510516068896,43.0,0.0,0.4253711037046627,0.003472643473577552,0.021524126675645235,0.05047913184099791,1.7871684884926706,5.0,345
61.596875968997495,23.0,-0.589134900707601,0.11390093585939287,0.7991958116587328,10000000.0,0.0801186943620178,0.6345583200182606,0.1370952064495843,1.2347532907643757,0.5196936707595646,0.5129978132699586,-329.5513343028457,267.90974813490186,175.36487750821425,156.91860405084086,610.3522660614536,409.26502724108,158.2054090683697,0.7621547591874,216666666.66666666,-0.13702518450886403,0.0009467379280703619,-0.15997489157726544,0.018260671079662172,0.0,10000000.0,0.0,0.0,1.5156356996119604,10000000.0,0.0009160101677459347,-0.6509116452557316,0.200878179293668,48.0,0.0,0.3268808379226035,0.006337018720936,0.05410638812164327,0.04772073005952112,1.7944701072692368,6.0,340
81.28669303430529,22.0,-0.589134900707601,0.6160693905501028,0.8265662030582945,3333333.333333333,0.6950467929696416,1.0385756676557862,0.12998824583807406,1.2711610258841464,0.5295403054316148,0.5399034347671027,-315.8091719148811,182.55213803424158,294.29896797945025,188.74374952570776,667.2596511646714,482.6146818022072,73.27177209586706,0.7712850947272312,356666666.6666666,-0.0367761546070151,0.0026566528159374736,-0.10519287833827891,0.018260671079662172,0.0,13333333.333333332,0.0,0.0,1.5247660351517918,10000000.0,0.0012444704000223747,0.10462936412556624,0.19390512876776742,44.0,3333333.333333333,0.4660027688027629,0.002138019146916887,0.015284988548356691,0.04440916756124956,1.7873612078082188,5.0,340
67.19877406176084,23.0,-0.6347865784067563,0.04998858708057524,0.7997819994531346,10000000.0,-0.7233508331431179,0.6322757361333029,0.15022941548479163,1.2509024285688262,0.5567579775892512,0.5144774213736619,-329.10581983591436,248.07051176798672,175.90831552343985,134.18134660179405,633.179753891774,419.84698585019544,177.32959117587734,0.7165030814882447,209999999.99999997,-0.19469847066879703,0.0009467379280703611,-0.21475690481625198,0.018260671079662172,0.0,10000000.0,0.0,0.0,1.5156356996119607,10000000.0,0.0010165982746634223,-1.1074399902217795,0.19507264110077968,50.0,0.0,0.3335671197955613,0.0061252049107932425,0.056387968305594116,0.04486331212997796,1.7947224763948098,6.0,340
82.33793078742994,22.0,-0.6347865784067563,0.5612873773111162,0.8295864936896129,3333333.333333333,0.6398082629536636,1.0134672449212507,0.1347645840999099,1.2687114273618187,0.5247750265413527,0.5004202159194687,-315.1104647921667,179.06800599129977,262.5128592591991,167.56317297778637,674.2407408972102,462.99757801188525,118.77681623944014,0.7165030814882447,356666666.6666666,-0.10053610286844707,0.0027481470228311834,-0.18280073042684314,0.018260671079662227,0.0,10000000.0,1.0,0.0,1.5338963706916229,10000000.0,0.0011142936004470405,-0.22276419230637853,0.19717070272070897,46.0,0.0,0.4063994544983578,0.002499618010954527,0.013752449025271823,0.047899974560541216,1.788858237660371,5.0,340
68.65781058471816,23.0,-0.6621775850262497,0.040858251540744156,0.8058117888841786,10000000.0,0.007076010043369163,0.6391234877881762,0.15250130816682997,1.2486862407304804,0.5284474328444583,0.5186212961622638,-332.7859946670334,248.58773762879696,175.8183341885465,137.36192670722696,626.168511848411,419.1936906947283,185.9780582921211,0.6891120748687515,206666666.66666666,-0.2109804458647188,0.0009466234171731225,-0.23758274366582968,0.018260671079662172,0.0,10000000.0,0.0,0.0,1.5156356996119609,10000000.0,0.0009982781492215665,-1.235014595045361,0.19512210486162712,50.0,0.0,0.334588162009962,0.007156390177172026,0.06329923588501302,0.05144197414326287,1.7991293380261946,6.0,340
84.80415228567612,22.0,-0.6621775850262497,0.5521570417712851,0.8207043848220021,3333333.333333333,0.6215475918740013,1.043140835425702,0.13615940151552744,1.2588928241645496,0.5425517232199814,0.5111547452485352,-320.80807146517697,185.42203291594748,253.59611176654698,154.396807228425,677.4056614123791,463.9155678421957,134.59878728556833,0.6982424104085825,356666666.6666666,-0.11131001293464197,0.0027482615337284214,-0.1782355626569276,0.018260671079662172,0.0,10000000.0,0.0,0.0,1.5338963706916229,10000000.0,0.0012680493502858384,-0.2779257900105111,0.1905761159056513,49.0,0.0,0.4225840042534641,0.0013450338651034236,0.006164133440060529,0.04483019957580488,1.787983226331837,5.0,340
67.41259072919254,23.0,-0.6347865784067563,0.05911892262040633,0.8004465200175953,10000000.0,0.03035836566993838,0.6482538233280073,0.14848527705496456,1.2490070492997276,0.5217448560161468,0.5375719018140788,-329.78209115685326,247.86458219959826,176.257711280632,138.11041773690548,630.0192459994905,416.39885466679516,179.91942191173322,0.7165030814882447,209999999.99999997,-0.19031579548048388,0.0009467379280703616,-0.21475690481625198,0.018260671079662172,0.0,10000000.0,0.0,0.0,1.5247660351517918,10000000.0,0.0010416134933899275,-1.0625405060942312,0.19573193532214894,52.0,0.0,0.3361303877931917,0.006301242339396067,0.05779725908930382,0.045859835896493756,1.7956529010728988,6.0,340
82.57125434236704,22.0,-0.6347865784067563,0.5704177128509473,0.8189589305578024,3333333.333333333,0.6407212965076468,1.0157498288062086,0.12870678879284442,1.2501768137673113,0.5031558634932649,0.5069692806635685,-314.85928391696876,183.26774146693208,264.6909695271596,167.7733750555226,677.8608785832628,468.43320896808564,106.83639108839125,0.7165030814882447,359999999.99999994,-0.09603203226051887,0.0028398702515193695,-0.1782355626569276,0.018260671079662172,0.0,10000000.0,0.0,1.0,1.5156356996119607,10000000.0,0.0011976348647907437,-0.20366314240001177,0.19218089654819526,45.0,0.0,0.4160882250679566,0.0025060301369123766,0.013836581367214957,0.04857170130638789,1.788225495845309,5.0,340
63.9237081729268,23.0,-0.5982652362474321,0.0956402647797307,0.7957277764534383,10000000.0,0.07098835882218668,0.6482538233280073,0.1442721514103475,1.257828519726955,0.5401458401472387,0.5115054628627945,-326.5556819357446,249.4930776283317,178.92050715466758,144.7409593185343,626.5668936756915,416.53266228249646,167.24580014677363,0.7530244236475689,209999999.99999997,-0.15489066423191053,0.0009162016888067124,-0.1782355626569276,0.018260671079662172,0.0,10000000.0,0.0,0.0,1.5156356996119604,10000000.0,0.0010531760226334809,-0.7922867640582075,0.19666348815024348,54.0,0.0,0.3406718927346536,0.005501147100072159,0.04978150188230787,0.04264196583440616,1.7939427567113158,6.0,340
80.79156726763246,22.0,-0.5982652362474321,0.5978087194704406,0.817864589740247,3333333.333333333,0.6676557863501484,1.0089020771513353,0.12499679249108245,1.2442553573743629,0.5293593252593077,0.49419513211921084,-309.09879838497096,151.74574475226655,366.37149571035127,228.47764491509275,665.4974281971927,505.3464204917494,7.112038568202758,0.743894088107738,366666666.6666666,-0.0641973674199193,0.0028702919798857802,-0.1462793882675188,0.018260671079662172,0.0,13333333.333333332,1.0,0.0,1.5247660351517918,10000000.0,0.0011559419923961257,-0.04293607070796321,0.19273203940981173,47.0,0.0,0.43274015583819747,0.0032988677966916263,0.020927452950258985,0.05072814091696255,1.7882724031750004,5.0,340
75.76189470796393,23.0,-0.707829262725405,-0.013923761698242387,0.806181965012406,10000000.0,-0.04359735220269345,0.6414060716731339,0.1687359989354255,1.2722197163387907,0.5271696438827821,0.549426574090549,-334.66711378271805,231.7790244838833,180.8899831052632,127.05041345623376,636.5950634899135,428.0069729087772,203.0180409714371,0.6343300616297649,186666666.66666666,-0.2615313855284181,0.0009160871779094737,-0.287833827893175,0.018260671079662172,0.0,6666666.666666666,0.0,0.0,1.5065053640721295,10000000.0,0.001017095239276276,-1.6314525238112714,0.19423864505566515,46.0,0.0,0.3453745542044795,0.00758434920229892,0.06910227474819006,0.05310458154151372,1.801012662177698,2.0,335
87.56612856696715,22.0,-0.707829262725405,0.48824469299246753,0.8254103513148491,3333333.333333333,0.55946131020315,1.002054325496462,0.14508466331428133,1.2733276208905235,0.5330969517005046,0.5287920380822337,-322.99017748906124,191.73287304119557,223.36828742146196,130.66018635689557,686.740097930144,455.61588697704195,166.24111891112344,0.6343300616297649,353333333.3333333,-0.16983523548657078,0.0028093340122557204,-0.24671307920566077,0.018260671079662172,0.0,10000000.0,0.0,0.0,1.4973750285322986,10000000.0,0.0011898676958846926,-0.5817930170404728,0.1909010412849263,41.0,0.0,0.4049719529727459,0.0010363546548106451,0.0008450403543158558,0.045786918901011796,1.7893487481750003,3.0,335
58.2309446149855,23.0,-0.5160922163889523,0.18694362017804156,0.7995623674715625,3333333.333333333,0.15316137868066648,0.6391234877881762,0.14540973379068656,1.3906139657990981,0.6220323245738422,0.6026666182467677,-306.6247788316909,219.26045883853186,198.33614892590919,159.30646151098946,637.5957335134743,410.70182607473885,138.0594422551015,0.8351974435060487,166666666.66666666,-0.07357083618656314,0.0006716827529030422,-0.10975804610819445,0.018260671079662172,0.0,10000000.0,0.0,0.0,1.5156356996119604,10000000.0,0.0011154177220955139,-0.18495234525341778,0.19150011255133767,56.0,0.0,0.3981078871157039,0.0021529094416775,0.02701620646628837,0.02672178711222204,1.7763680110396254,6.0,335
76.00620231693466,22.0,-0.5160922163889523,0.643460397169596,0.8202288922944604,3333333.333333333,0.7502853229856197,0.9449897283725177,0.11797365610542106,1.2075161195571387,0.5003478353708035,0.4790673053270094,-287.0162953132751,125.90086119261981,248.12724991893185,191.35016247239813,653.066264628579,354.4566691879077,196.4271155906786,0.8260671079662176,369999999.99999994,0.0023635775698090545,0.0026870745443038843,-0.07780187171878564,0.018260671079662172,0.0,13333333.333333332,0.0,0.0,1.5156356996119604,10000000.0,0.0009051573220072221,0.2727466368248852,0.19442196497534567,45.0,3333333.333333333,0.45109286853768593,0.005692674229565656,0.04140764057316942,0.05726607328147616,1.7874500739641408,5.0,335
73.47335354452557,21.0,-0.5526135585482765,0.5612873773111162,0.8364977972069695,10000000.0,-0.6498516320474776,0.8696644601689112,0.11102111570047975,1.191565023007837,0.5037001497122561,0.48135536059667594,-283.56925373562177,125.93707995957875,267.02153311687124,211.53445283231838,648.768260206561,368.11314493633716,158.58479973693917,0.7986761013467245,359999999.99999994,-0.04322711709655328,0.0025345078588828772,-0.11432321387811,0.018260671079662172,0.0,13333333.333333332,1.0,0.0,1.5247660351517918,10000000.0,0.0006704280228896705,0.05526610642086986,0.20088473334459817,40.0,3333333.333333333,0.3960116621587617,0.005979505933285237,0.04227544803157829,0.05746446737080373,1.7878110146546053,6.0,335
66.88164446010222,21.0,-0.5526135585482765,0.4060716731339876,0.8196958490232752,10000000.0,-0.5001141291942478,0.6779274138324584,0.11886890485887298,1.2126642048069183,0.4868228743549184,0.4760117949690837,-340.7947979610916,254.9309121092871,216.64995802062833,183.2584546367146,610.360395306564,435.4817562462768,141.76965941698597,0.7804154302670623,356666666.6666666,-0.08799630982271928,-0.002381826662564631,-0.17367039488701208,0.018260671079662172,0.0,10000000.0,1.0,0.0,1.5065053640721295,10000000.0,-0.00026859595657735595,-0.2091738291241378,0.20405084369424292,49.0,0.0,0.4691046650583117,0.006093658874794743,0.027642972633516946,0.060635282870330424,1.7947115651932668,6.0,335
78.59606970368246,21.0,-0.6256562428669253,0.48824469299246753,0.8207748280604943,10000000.0,-0.7315681351289659,0.8856425473636156,0.1237036939479319,1.212332949346571,0.5101569664202537,0.5001205317704396,-292.73239671418884,138.45543741692188,262.85676168353825,187.71200200870973,668.9550704780621,396.46204965261614,151.55222989914577,0.7256334170280758,356666666.6666666,-0.1180349996195693,0.002656538305040235,-0.1873658981967587,0.018260671079662172,0.0,10000000.0,1.0,0.0,1.5338963706916229,10000000.0,0.0007323244979929128,-0.3309185826504872,0.19987202958491956,45.0,0.0,0.37221744485253805,0.004843487729725078,0.031182114974139405,0.05466704912662002,1.7858944017462988,5.0,335
72.86271377315074,21.0,-0.6256562428669253,0.35128965989500116,0.8200697206385894,10000000.0,-0.7137639808262952,0.6984706687970783,0.13221018499504616,1.239112087158646,0.5091407329043985,0.49856754510803514,-339.561189620839,237.90635557753092,204.21409618054423,154.02354839020236,634.6283330663459,439.5749698446774,173.12971823574867,0.7347637525679069,343333333.3333333,-0.150782698014152,-0.002320754184037334,-0.22388724035608304,0.018260671079662172,0.0,10000000.0,0.0,0.0,1.5247660351517918,10000000.0,-0.00018345442621887724,-0.5617865045941217,0.20239258230436463,46.0,0.0,0.4418510667218163,0.005153217874514142,0.018012370269361724,0.056306222136062234,1.7900169419984255,6.0,335
62.63085275023222,23.0,-0.6073955717872631,0.07737959370006853,0.7991934415875864,10000000.0,-0.6886555580917597,0.6231454005934718,0.14729058592744743,1.2619284126318893,0.5378599694511124,0.5137578600934251,-326.89850309152405,254.34052127149218,174.48352380353754,143.75202755516963,620.9155243558185,413.44573061418686,169.2101005700307,0.7165030814882447,186666666.66666666,-0.17044255497222854,0.000824592971015765,-0.19649623373658978,0.018260671079662116,0.0,10000000.0,0.0,0.0,1.4791143574526364,10000000.0,0.0009629155584292299,-0.9574955953003016,0.19456348360159315,55.0,0.0,0.3373826000708451,0.005830590265114711,0.052590462751538614,0.04388556821938806,1.7951730755681605,6.0,335
79.25411087886982,22.0,-0.6165259073270942,0.5612873773111162,0.8165319965033176,3333333.333333333,0.6329605112987902,0.9974891577265463,0.1313628049059079,1.2419667280590168,0.5326352479911952,0.5019375858288995,-313.6834739746695,184.43038269994096,264.452997546342,167.90566227564608,676.4950129548407,468.49082967738946,102.98133037041514,0.7073727459484136,363333333.3333333,-0.09274488320779119,0.002748147022831183,-0.17367039488701208,0.018260671079662172,0.0,10000000.0,0.0,0.0,1.4882446929924673,10000000.0,0.0010826251869967387,-0.19315558644178688,0.19479599247747306,49.0,0.0,0.4108451665987951,0.0023941943001520014,0.014385372887296554,0.046857892616518786,1.7880517941682235,5.0,335
88.24150583351016,21.0,-0.7169595982652361,0.42433234421364985,0.829206282772071,3333333.333333333,-0.8050673362246064,0.8924902990184889,0.1451256014840286,1.259291197514154,0.5496645025473728,0.5208781188845559,-309.3184611680042,177.34985103665687,210.854340525343,135.27072748085402,689.2669151245905,425.030128029536,180.80410767635786,0.643460397169596,346666666.6666666,-0.20553427680133907,0.0027481470228311825,-0.28326866012325946,0.018260671079662172,0.0,10000000.0,0.0,0.0,1.5247660351517918,10000000.0,0.0008043300001768508,-0.7695254800795152,0.1994691087225047,45.0,0.0,0.3728170289026512,0.0031677340099552195,0.015196320135283154,0.05047154887494729,1.7878488162004302,3.0,330
81.5679906192888,21.0,-0.707829262725405,0.2234649623373659,0.8254097985245672,10000000.0,-0.7968500342387583,0.6596667427527961,0.1589537251661648,1.273520074710737,0.529049713256722,0.5466815089758076,-336.5152546852354,218.79545697102347,194.40282294968708,128.11902842130908,654.1430290634147,441.7661884218189,201.19783052111848,0.6343300616297649,326666666.6666666,-0.2425722057368941,-0.002168072987719089,-0.32435517005249936,0.018260671079662186,0.0,10000000.0,0.0,0.0,1.5065053640721295,10000000.0,-8.08224025030948e-05,-1.133411029509909,0.19735722583284246,53.0,0.0,0.4485571840294713,0.004027342550757567,0.003973732482200335,0.051353199714414,1.7851958061984483,3.0,330
60.93938647456247,23.0,-0.5800045651677699,0.12303127139922393,0.8050081143659525,10000000.0,0.09427071444875607,0.6391234877881762,0.13371439821512413,1.2394058036232194,0.5223773642582034,0.516631799053922,-328.5368181355985,262.2232842682871,177.47098936962624,153.88653047348842,614.6755586735163,412.9511396686971,158.23453075025603,0.7804154302670623,219999999.99999997,-0.12902103781480634,0.0009162016888067119,-0.15997489157726544,0.018260671079662172,0.0,10000000.0,0.0,0.0,1.5247660351517918,10000000.0,0.0009717845555001075,-0.6039350057563264,0.19584907613795793,49.0,0.0,0.3427385671258639,0.006156643969435945,0.05165103885023612,0.046672109640571835,1.794958997261574,6.0,330
82.06131687036856,22.0,-0.5800045651677699,0.643460397169596,0.8161874171259255,3333333.333333333,0.7041771285094727,1.0545537548504909,0.12537263029313644,1.240829236653786,0.5170859806718453,0.5008276783350962,-315.86781067121785,190.45623281359042,264.9009824447777,172.64663368308814,672.7814613787399,469.10948275902234,100.33845003074092,0.7804154302670623,369999999.99999994,-0.02709799893479417,0.00283987025151937,-0.10062771056836337,0.018260671079662172,0.0,13333333.333333332,1.0,0.0,1.5247660351517918,10000000.0,0.0012704164389013635,0.1498454186541512,0.1920841543530865,46.0,3333333.333333333,0.48064099079005274,0.0024625387371393,0.01792049969777948,0.04760156124698504,1.788357595026373,5.0,330
71.25030619930192,23.0,-0.6713079205660807,0.022597580461081956,0.8042307423538789,10000000.0,-0.7511983565396028,0.6322757361333029,0.16046249746714195,1.2573091474681206,0.5335659209411837,0.5443447497320333,-330.5795573034425,239.4107205324145,178.72688582364094,128.70183879261756,636.6476083939808,421.59630317542343,189.57637425455755,0.6799817393289204,183333333.3333333,-0.22969751959217832,0.0008550146993821749,-0.26040858251540744,0.018260671079662172,0.0,10000000.0,0.0,1.0,1.5065053640721295,10000000.0,0.000967740999450451,-1.4129168309600908,0.19345711625677062,51.0,0.0,0.33718757352064954,0.00666697998147274,0.0621896611039529,0.04727174196203584,1.7963823464973592,6.0,330
83.87228467356158,22.0,-0.6804382561059118,0.5156356996119608,0.8122033689761471,3333333.333333333,0.5777219812828123,0.9906414060716731,0.1390547546626834,1.2702567157968097,0.5343561717185731,0.5294964800848476,-319.516633962388,188.57587664354725,228.3843537979895,139.08753340399156,683.2972067395191,451.07532952296634,158.71243684452523,0.6525907327094271,353333333.3333333,-0.1503569580765426,0.0027177252944647723,-0.23758274366582968,0.018260671079662172,0.0,10000000.0,0.0,2.0,1.4973750285322986,10000000.0,0.001153566889285911,-0.4966476769525949,0.1903351297162982,49.0,0.0,0.4008777425455172,0.0015129715795405882,0.006029732301139792,0.04498928744872296,1.7878053471631705,5.0,330
63.10433425622283,23.0,-0.5708742296279388,0.15042227801871721,0.7962610253136687,3333333.333333333,-0.6493951152704861,0.659666742752796,0.14983218755379363,1.3200197862643512,0.5854205651332463,0.5343352057567764,-313.8328812568207,220.5250471446994,191.68362645560407,144.58892113742627,642.9428987280102,412.3838762100719,161.665746924567,0.8078064368865556,196666666.66666666,-0.11830948033173547,0.000824592971015765,-0.15997489157726544,0.018260671079662172,0.0,10000000.0,0.0,0.0,1.5338963706916229,10000000.0,0.0012434956523230426,-0.5196674409698122,0.19052554198396174,48.0,0.0,0.38782369366326386,0.002935104334482367,0.03448099733081073,0.029550749203075526,1.7809045848737763,6.0,330
80.2641087949244,22.0,-0.5526135585482765,0.6343300616297649,0.8358768210093911,3333333.333333333,-0.6480255649395115,0.940424560602602,0.11483845430637347,1.2033193631928953,0.49443883839194036,0.4915684444355064,-290.872617292901,142.78788474810392,250.3157632988008,198.3903910497124,649.4303491035747,390.76685862921084,163.77411211992555,0.8351974435060487,369999999.99999994,-0.01866685688199039,0.0028092195013584803,-0.10519287833827891,0.018260671079662172,0.0,13333333.333333332,0.0,0.0,1.561287377311116,10000000.0,0.0010334413515599205,0.1840700363192918,0.19349212486072717,46.0,3333333.333333333,0.4303865584884451,0.00559555271687985,0.0405394268055526,0.057744443933929857,1.7865420043707692,5.0,330
80.02877276676833,21.0,-0.6530472494864186,0.4791143574526364,0.8239476038442193,10000000.0,-0.7329376854599405,0.8902077151335313,0.1289418148938203,1.2339553296833712,0.5219256336270259,0.5038946170206957,-301.1958683445429,158.31286363762075,242.98398062286802,163.5447501714154,677.8559797332638,413.44277120194346,158.597823459043,0.6982424104085825,353333333.3333333,-0.1376350148367952,0.002687074544303884,-0.21475690481625198,0.018260671079662172,0.0,10000000.0,0.0,0.0,1.5065053640721295,10000000.0,0.0008060787375559842,-0.43202802555864656,0.19922203622198542,43.0,0.0,0.370184649990533,0.004120498304422795,0.024267502770532044,0.052523660645149635,1.7887497374478047,5.0,330
73.64530592498545,21.0,-0.6530472494864186,0.29650764665601465,0.812268460713072,10000000.0,-0.7329376854599405,0.6528189910979229,0.14236634927753666,1.2443708965316564,0.5301895967069707,0.5196435548767611,-337.8546619878509,227.15968115232036,200.46680560280785,144.77666109735313,640.3834294207945,434.20012742354044,189.4424210242238,0.6982424104085825,339999999.99999994,-0.18255592330518144,-0.002229145466246387,-0.26040858251540744,0.018260671079662172,0.0,10000000.0,0.0,0.0,1.5065053640721295,10000000.0,-0.00011561210656278091,-0.7670927611399514,0.20291734602083067,50.0,0.0,0.4349938637109312,0.004692459863955065,0.012367413058416042,0.053060225599610183,1.788805376410394,5.0,330
80.29794313831368,21.0,-0.6621775850262497,0.4608536863729743,0.8216741367978182,10000000.0,-0.7420680209997716,0.8810773795937,0.12604009352212064,1.230381655699618,0.5121398498377931,0.4991125437331333,-299.2078930783101,166.76208333068928,224.12817650520128,162.80393077113683,678.3289647929328,408.34149488848436,162.26768848005352,0.6891120748687515,353333333.3333333,-0.147769801415202,0.002656538305040235,-0.2284524081259986,0.018260671079662172,0.0,10000000.0,0.0,0.0,1.5065053640721295,10000000.0,0.0008034546727914007,-0.4920306688282529,0.19527866333928998,43.0,0.0,0.38352815708185406,0.004136169871773244,0.024379827346903683,0.05279111184056185,1.7857539728158591,5.0,325
73.47403479994775,21.0,-0.6439169139465875,0.2782469755763525,0.8242485719843882,10000000.0,-0.7429810545537547,0.6596667427527961,0.14284461376584529,1.2478289215244958,0.5468356478798488,0.5225338640476938,-337.73901574379886,228.70448178155297,195.55636879294906,139.09158635493955,644.7868187673822,437.06816747710474,189.94689640798643,0.6708514037890893,336666666.6666666,-0.19211222704101039,-0.0022291454662463858,-0.2695389180552385,0.018260671079662172,0.0,10000000.0,1.0,0.0,1.4882446929924673,10000000.0,-0.00012178083522747035,-0.8319710074830879,0.2026026877629278,48.0,0.0,0.43646838908741803,0.004549546223616893,0.010297873991043876,0.052923386685321074,1.787189367596914,5.0,325
76.76684146972974,21.0,-0.5982652362474321,0.5156356996119608,0.8308670579996847,10000000.0,-0.6854599406528189,0.8559689568591646,0.11245088193992894,1.195159175974681,0.5122284693143424,0.46433877122751765,-281.26089736845523,80.21805610584427,479.1474839611211,331.2845001286138,626.1404545066687,492.8645581920069,-75.9288501661885,0.7804154302670623,359999999.99999994,-0.08337015902001062,0.002687189055201123,-0.16454005934718097,0.018260671079662172,0.0,10000000.0,1.0,0.0,1.543026706231454,10000000.0,0.0006578062437524504,-0.14933841768533507,0.20486693420285063,49.0,0.0,0.3758726434550851,0.0057475775754849716,0.03874229633411062,0.0585893592718044,1.7863530718046783,5.0,325
71.6993538804004,21.0,-0.5800045651677699,0.41520200867381873,0.8107072739418197,10000000.0,-0.5311572700296735,0.7167313398767405,0.12118607920088809,1.2143353453721613,0.49614796470744316,0.4975548325052772,-341.3400033630981,251.8378230674068,210.8733918206238,170.8081774822847,623.5198172779144,438.96930043884754,151.65591351767412,0.7804154302670623,353333333.3333333,-0.10613547135357221,-0.0025039716196192273,-0.19649623373658978,0.018260671079662186,0.0,10000000.0,0.0,0.0,1.543026706231454,10000000.0,-0.0003197321000946781,-0.29340476668715854,0.20280048453356092,51.0,0.0,0.46626604954501916,0.0055941942736437,0.024733676591914916,0.059318632342645686,1.7903082194866617,6.0,325
63.330496215162256,23.0,-0.5982652362474321,0.11390093585939287,0.7994422420821935,3333333.333333333,-0.669025336681123,0.6505364072129651,0.14336592858506675,1.2753845931367582,0.5467003152204797,0.49835468546361744,-324.3386857784599,241.01826133986873,182.03490040082707,139.8944281932498,633.2873840158226,419.73269742630004,167.3471387531706,0.7621547591874,219999999.99999997,-0.14849999999999994,0.0009467379280703614,-0.17367039488701208,0.018260671079662172,0.0,10000000.0,0.0,0.0,1.5065053640721295,10000000.0,0.001136955164981555,-0.7535698787050201,0.19094576562094223,54.0,0.0,0.366012278467144,0.004887717801919123,0.046485399274511036,0.03885691815490125,1.7898041165071654,6.0,325
79.9530333752736,22.0,-0.589134900707601,0.5978087194704406,0.8214492537443998,3333333.333333333,0.6863729742068021,0.9883588221867154,0.12367064706581221,1.2309173909456455,0.5283007027607534,0.47057497618181926,-304.79900691492753,156.18878415160037,323.3477853417189,211.67776153593852,667.4071782680642,471.8882807980618,53.16541589388722,0.7621547591874,366666666.6666666,-0.061275660047173365,0.002778683262094832,-0.1462793882675188,0.018260671079662172,0.0,13333333.333333332,0.0,0.0,1.5156356996119604,10000000.0,0.0011242268513983,-0.03517435902581577,0.18642595792536187,43.0,0.0,0.4386697159863825,0.003769394355975168,0.025395519902725247,0.051069868860493715,1.7867245492152928,5.0,325
106.88765311651893,21.0,-0.8356539602830404,0.28737731111618353,0.8234432331503332,3333333.333333333,-0.9255877653503766,0.9016206345583199,0.18570881735511216,1.3148956289569314,0.566442662705589,0.5847688759557258,-324.5361916052743,193.34371260674823,191.69656639697564,103.34515202730952,695.6759342659843,450.9168607088423,204.90419814946577,0.48824469299246753,333333333.3333333,-0.33211150422278013,0.0027177252944647723,-0.4247888609906414,0.018260671079662172,0.0,10000000.0,0.0,0.0,1.4882446929924675,10000000.0,0.0008583186367748287,-1.452784857021001,0.19218855016635925,43.0,0.0,0.4135195990625862,0.00038937825454437837,0.008777504346980453,0.04553174475646487,1.7883765084759204,3.0,325
104.54059656757424,21.0,-0.8356539602830404,0.05911892262040633,0.8122958747447715,10000000.0,-0.9173704633645287,0.6574183976261126,0.21525687507339603,1.345767085915518,0.6301965564488494,0.6506140614515008,-327.3052944985525,194.23768001939678,181.50415865436042,98.5393109630741,682.3546603481138,432.33212632124366,229.99859776137055,0.4791143574526364,303333333.3333333,-0.3837882903446701,-0.001984741041239955,-0.4658753709198813,0.018260671079662227,0.0,10000000.0,0.0,0.0,1.4699840219128053,10000000.0,8.448000230004807e-06,-2.078557106897591,0.19689467382052392,45.0,0.0,0.46475499427222466,0.0015772585220354932,0.019426074303803713,0.040451326399926185,1.7798253939094266,3.0,325
74.98828941152527,21.0,-0.5982652362474321,0.49737502853229865,0.821621531785513,10000000.0,-0.6781556722209541,0.8605341246290802,0.11402060259731961,1.2133880391570373,0.4867010122780507,0.48850420311795995,-285.7040385065101,102.96024804645624,345.0452581624711,247.4706088366409,632.8539312166907,418.31295902534515,92.46914938751634,0.7530244236475689,353333333.3333333,-0.08875705698851097,0.002595580337410176,-0.15997489157726544,0.018260671079662172,0.0,10000000.0,0.0,0.0,1.5065053640721295,10000000.0,0.0006521366532518647,-0.18486928687126242,0.20123210308762854,45.0,0.0,0.381832850023604,0.0054339960789935166,0.03628092677131689,0.057025466893326736,1.7867541572325727,5.0,325
69.495355131445,21.0,-0.589134900707601,0.3786806665144944,0.8155588866556952,10000000.0,-0.5352659210225975,0.6824925816023739,0.1272503027587392,1.2261521233632462,0.5112839603996775,0.48872093425598095,-340.0296485843568,244.6008788854223,207.51945002930563,164.19809220662975,624.5088287276786,435.1095692044771,164.00275061391213,0.7530244236475689,353333333.3333333,-0.12400015217225897,-0.0024734353803555795,-0.20562656927642087,0.018260671079662172,-0.009096096781556734,10000000.0,0.0,0.0,1.5156356996119604,10000000.0,-0.000276403142159745,-0.4030171045461847,0.20766256634143002,52.0,0.0,0.4437656832489595,0.005223807683649073,0.019784517274839205,0.057126246120226945,1.7897213030691113,5.0,325
83.83734023280479,21.0,-0.6804382561059118,0.4517233508331432,0.8241999009293373,3333333.333333333,-0.7603286920794339,0.90162063455832,0.13164616106732166,1.2429642355096457,0.5250821090722299,0.5247642777537809,-306.25079043462546,176.5396197857268,219.91510739452644,153.58849070163095,675.2149725463549,426.4519774297723,165.5308532105376,0.6708514037890893,349999999.99999994,-0.17062618884577338,0.0026870745443038847,-0.26040858251540744,0.018260671079662172,0.0,10000000.0,0.0,0.0,1.5065053640721295,10000000.0,0.0008073756096085253,-0.6037016629326021,0.19467917070951504,45.0,0.0,0.3853872684024021,0.0034057324620409535,0.01952515531938617,0.05058509129764495,1.786675582462114,5.0,320
76.66404565850304,21.0,-0.6713079205660807,0.25998630449669025,0.8222265588861324,10000000.0,-0.7607852088564255,0.6665144944076694,0.1472991628519126,1.2552873173495582,0.5409926063944424,0.5289868184363677,-336.2928473790166,228.29320925308645,188.83156188348948,133.80731334408537,650.0238519669449,437.17991546673295,193.64212368351198,0.6617210682492581,326666666.6666666,-0.21299026097542414,-0.002107000509191789,-0.2923989956630906,0.018260671079662172,0.0,10000000.0,0.0,0.0,1.4973750285322986,10000000.0,-9.836740710545723e-05,-0.9797012179651664,0.19546806985405143,50.0,0.0,0.44666605407976856,0.004346494168988297,0.008601548552902578,0.05111510853127312,1.786060122606823,5.0,320
70.18781422911525,23.0,-0.6621775850262497,0.040858251540744156,0.7980422731318879,10000000.0,-0.7425245377767633,0.6322757361333029,0.1563141632013324,1.2561172116357602,0.5361772884742013,0.5571102688185986,-330.12621725000685,240.8117640619498,175.06353204468502,130.34436602750858,636.5372571750908,422.0742537209967,188.2581886068639,0.6799817393289204,196666666.66666666,-0.21919786197976104,0.0009162016888067116,-0.2421479114357452,0.018260671079662116,0.0,10000000.0,0.0,0.0,1.4973750285322986,10000000.0,0.0010626069803474102,-1.3167452638392196,0.1906354821130236,56.0,0.0,0.35290288147724247,0.006389978158496764,0.0592313911735746,0.046233480915906996,1.7964570007320222,6.0,320
85.00834171309769,22.0,-0.6621775850262497,0.543026706231454,0.828369842720578,3333333.333333333,0.6220041086509929,1.008902077151335,0.13293740325965425,1.256708194736537,0.529654588012503,0.5130306200091556,-316.13511534350835,189.04556417618667,239.75086906081356,150.998634291109,683.1848040156501,457.00922695648603,134.503568812127,0.6982424104085825,359999999.99999994,-0.1230275051358137,0.002809334012255719,-0.20562656927642087,0.018260671079662227,0.0,10000000.0,1.0,0.0,1.5247660351517918,10000000.0,0.0011882602925976859,-0.34876620973978817,0.184045212893154,44.0,0.0,0.4243574479108465,0.0022965971041737053,0.012496709071457193,0.047513980823844976,1.786688710762001,5.0,320
59.0933061324552,23.0,-0.5434832230084455,0.1686829490983794,0.8077835820350933,10000000.0,0.12074868751426626,0.6573841588678384,0.13737334308082128,1.2836072986571194,0.5501915249029702,0.5330250488634092,-319.7978109610293,236.37963716400162,189.63009603484878,151.82189580535368,628.2724706832186,416.7409956445821,154.12540872877574,0.7986761013467245,216666666.66666666,-0.1006268355778741,0.0008856654495430635,-0.12801871718785662,0.018260671079662172,0.0,10000000.0,0.0,0.0,1.5065053640721295,10000000.0,0.0011151730821813205,-0.39668878880368696,0.18944534628465093,52.0,0.0,0.39109876266217736,0.004055311402978753,0.038412014253369736,0.03504640299401186,1.7872134129220651,6.0,320
78.28419870260035,22.0,-0.5526135585482765,0.6343300616297649,0.8178272646441197,3333333.333333333,0.7320246519059577,0.9746633188769687,0.11829972133058134,1.218476970785519,0.5054635254088289,0.49765147348085176,-299.5682768360013,166.71571641752715,240.47810333411525,168.0254372383968,678.4336412450166,405.62085114442135,148.71691680795595,0.8078064368865556,369999999.99999994,-0.017054173324202962,0.0027786832620948316,-0.10062771056836337,0.018260671079662172,0.0,13333333.333333332,1.0,0.0,1.5156356996119607,10000000.0,0.0011061902919670015,0.19251371980377097,0.1861451193281299,47.0,3333333.333333333,0.46534500182361316,0.004452838511791848,0.031899559886644405,0.05275793452363343,1.7866408817087494,5.0,320
64.12898093479754,23.0,-0.5982652362474321,0.11390093585939287,0.8098280497769422,10000000.0,0.07692307692307698,0.6505364072129651,0.13716550414288742,1.2507076893429385,0.5303023266995908,0.5106620307076207,-329.2043242203119,259.6255870703176,176.4149270841594,153.37494771096763,615.9148111412287,412.8510066402846,164.4243800524308,0.7712850947272312,213333333.3333333,-0.14445130487712088,0.0009467379280703616,-0.16454005934718097,0.018260671079662172,0.0,10000000.0,0.0,0.0,1.543026706231454,10000000.0,0.0009963991636225509,-0.6987571248466962,0.19557805608216847,48.0,0.0,0.34861686141808856,0.00610707352065776,0.05328025794211951,0.04640932638743149,1.7944732757227986,6.0,320
82.7199792217655,22.0,-0.5982652362474321,0.6251997260899338,0.829303587251981,3333333.333333333,0.703720611732481,1.0454234193106595,0.1258732828507821,1.2438926020730294,0.5103438038389556,0.49544805708720996,-313.7956363576722,183.54959231051316,288.62889691315536,188.2667048084126,670.0740097318106,477.79313472036074,74.12973183476441,0.7804154302670623,366666666.6666666,-0.04356326561667805,0.002809219501358481,-0.11888838164802554,0.0182606710796622,0.0,13333333.333333332,0.0,0.0,1.5338963706916227,10000000.0,0.0012163055432158681,0.0631601270235028,0.18593136834802915,44.0,3333333.333333333,0.4685526396642753,0.00269797143519227,0.018418746477245746,0.04871875312792669,1.787512096191565,5.0,320
48.67912145412108,21.0,-0.48870120976945897,0.42433234421364985,0.7774454707983469,3333333.333333333,-0.5311572700296736,0.7167313398767405,0.12626836229019417,1.2392481467694705,0.5019675974306581,0.5243287497964089,-298.3415379488474,151.90725863478434,263.62754421787105,180.24003949145526,647.7207595407874,427.0261193022525,127.7571608148819,0.5704177128509473,356666666.6666666,-0.08863269420984551,0.002290103433876446,-0.1782355626569276,0.009130335539831114,0.0,13333333.333333332,0.0,0.0,1.1595526135585483,10000000.0,0.0005655815993633789,-0.2622158912960626,0.23102737863765488,46.0,0.0,0.3292129843579983,0.0032458532215384034,0.025576834706053646,0.044407463493576826,1.8039376673006626,5.0,320
47.053801743105254,22.0,-0.5160922163889523,0.2782469755763525,0.783114798625381,3333333.333333333,-0.5138096325039945,0.5432549646199498,0.14291185774997406,1.2391431918646467,0.528576444553186,0.5285638226828615,-328.9013932002297,226.8629619253077,194.7329441142207,144.09487513761823,626.1501417471101,419.9491762069913,178.6036128094643,0.5704177128509473,339999999.99999994,-0.13854565167769914,-0.0018932468343462459,-0.20562656927642087,0.009130335539831114,0.0,10000000.0,0.0,0.0,1.141291942478886,10000000.0,-8.214873035985623e-05,-0.6623674661941419,0.22699848587121968,50.0,0.0,0.39246130896246467,0.0035836655028584803,0.008887285729425981,0.043005047133218614,1.795060546843462,5.0,320
65.43899077228602,22.0,-0.6256562428669253,0.08650992923989959,0.8072162881571958,10000000.0,0.03857566765578646,0.641406071673134,0.14535493782805387,1.2480468583151285,0.5304284751706477,0.509419111164255,-328.56557247740653,245.30749707439296,173.47106632446796,140.48203092820106,624.8928242619666,412.0904693275427,183.77623534731967,0.7165030814882447,199999999.99999997,-0.18258555885262112,0.0008856654495430635,-0.21019173704633642,0.018260671079662172,0.0,10000000.0,0.0,0.0,1.5065053640721295,10000000.0,0.0010675748942291492,-1.0557515049500141,0.1853359833243757,52.0,0.0,0.3741527253526499,0.006174523433849085,0.05576381286558628,0.04541604277233058,1.7954061555233425,6.0,315
81.97620616635268,22.0,-0.6347865784067563,0.5704177128509473,0.8170719551621782,3333333.333333333,0.6498516320474779,0.9974891577265463,0.12770817030203252,1.2462412095488908,0.518036402125488,0.503187021751689,-315.42811606796243,186.50547536374566,257.6899939841003,166.2804942933647,675.6439716626053,465.71103153720384,112.39421640170217,0.7256334170280758,363333333.3333333,-0.10068873164422124,0.0028398702515193695,-0.1873658981967587,0.018260671079662172,0.0,10000000.0,0.0,0.0,1.5156356996119607,10000000.0,0.0011343612408039664,-0.23701161128600745,0.18592271644119196,45.0,0.0,0.43222771262097115,0.0023990477602335537,0.01470670391137413,0.04877382550599354,1.7900972752728608,5.0,315
81.47288245367712,21.0,-0.6804382561059118,0.43346267975348096,0.8172261715007546,3333333.333333333,-0.7607852088564255,0.8673818762839534,0.13360500513909393,1.2421947944757414,0.5241637722857554,0.49082307696881955,-301.9239679975469,168.65935313799002,217.15025204512122,148.2503240441663,684.288195924811,406.32264938933827,176.08516456562663,0.6617210682492581,349999999.99999994,-0.17366929163813433,0.002656538305040235,-0.24671307920566077,0.018260671079662172,0.0,10000000.0,0.0,1.0,1.4973750285322986,10000000.0,0.0006449250359293471,-0.6284100739849597,0.1986097859561564,47.0,0.0,0.37900390882662593,0.003859678531190429,0.021903452991818763,0.051746398699315806,1.7869938448937888,5.0,315
77.00729792424498,21.0,-0.6713079205660807,0.2782469755763525,0.8182021240600942,10000000.0,-0.7607852088564255,0.6733622460625427,0.15046006700173198,1.2543731044288253,0.5404820647005446,0.5236630067495811,-337.1586858927442,224.55531089666195,195.24428983799402,134.16303440949716,648.6984760717924,438.1328692788089,195.2752536643447,0.6617210682492581,339999999.99999994,-0.2115598417408506,-0.002320639673140094,-0.287833827893175,0.018260671079662172,-0.009096096781556734,10000000.0,0.0,0.0,1.4973750285322986,10000000.0,-0.00021894036667870459,-0.935689658074464,0.19774786540438924,52.0,0.0,0.4518246535736977,0.00410363616218429,0.00771171138199677,0.05166763851511827,1.7845829389219723,5.0,315
65.51286619241614,22.0,-0.6165259073270942,0.0956402647797307,0.8030771805318683,10000000.0,0.05272768774252462,0.6665144944076695,0.14276514935131918,1.2467193436658601,0.525648977146124,0.5138762397795518,-329.6399767828563,250.2342119783126,175.05969372372704,143.94438995143705,623.2820427366019,412.6497175825879,178.406324426844,0.7347637525679069,216666666.66666666,-0.17156862968880768,0.0009467379280703616,-0.2010614015065053,0.018260671079662172,0.0,10000000.0,0.0,1.0,1.5156356996119609,10000000.0,0.00106768472577743,-0.9357676250460314,0.18864136646051405,53.0,0.0,0.36408446942711314,0.006269347000959289,0.05480424051699998,0.04684769417301524,1.7956999568829644,6.0,315
83.05789125199335,22.0,-0.6165259073270942,0.5886783839306095,0.8216712707909355,3333333.333333333,0.6671992695731569,1.0157498288062086,0.1256173937334003,1.2423513540173914,0.5241706525945115,0.49403494131032094,-314.2565973370611,178.07905460499325,296.2485324188536,187.71335554250902,673.002349233662,482.6713035961631,71.34921606332396,0.743894088107738,363333333.3333333,-0.07734550711405307,0.0028398702515193682,-0.1554097238073499,0.018260671079662172,0.0,10000000.0,0.0,0.0,1.5338963706916229,10000000.0,0.0012565512514926393,-0.11468172345741552,0.18237747224181708,42.0,0.0,0.4499244487162203,0.0025685860927738705,0.015834282543700173,0.04809463190763432,1.78822274310046,5.0,315
85.83723300711122,21.0,-0.6895685916457429,0.43346267975348096,0.8263780863657384,10000000.0,-0.777676329605113,0.8673818762839534,0.1361398058403236,1.2451789559638717,0.5249155633367951,0.5102768247783092,-306.91389601408036,181.99005370979978,210.58849657582007,143.59822790547958,686.5292087061366,422.3712523207919,169.34263826288426,0.6708514037890893,349999999.99999994,-0.181673894848969,0.002748147022831182,-0.2695389180552385,0.018260671079662172,0.0,10000000.0,0.0,0.0,1.5247660351517918,10000000.0,0.0008684783250996526,-0.6555294034988216,0.19255005789435986,45.0,0.0,0.3959758241672604,0.003528231418847918,0.019435381042596282,0.05153852241840329,1.7863516753325754,5.0,315
77.41158737687866,21.0,-0.6804382561059118,0.26911664003652136,0.821242432393518,10000000.0,-0.7598721753024423,0.6756448299475005,0.14627153159218337,1.2534625978378489,0.5395026543114207,0.5262058712406696,-336.81895127528264,227.47718354415267,190.66857617066853,135.63344969006707,649.0674090336008,436.6373949905996,194.24625748438686,0.6799817393289204,326666666.6666666,-0.2086687970782926,-0.002107000509191789,-0.28326866012325946,0.018260671079662172,0.0,10000000.0,2.0,1.0,1.5156356996119609,10000000.0,-6.978132773338648e-05,-0.9497411305294714,0.19129262953378082,49.0,0.0,0.45790481603592725,0.004509645316818084,0.011118768299826847,0.05190319190319976,1.787252684976988,5.0,315
58.56044978208644,23.0,-0.5069618808491212,0.20520429125770373,0.8061006288538091,3333333.333333333,-0.5863958000456516,0.6665144944076694,0.14129375416983136,1.53237278182898,0.6094921609477274,0.628468042665947,-289.93336420902915,173.8389156220285,224.6594204432389,200.96410056206685,604.6303666519501,383.73568353586836,150.73933347993164,0.8534581145857111,83333333.33333333,-0.06422734535494175,0.0003968565995301996,-0.11432321387811,0.018260671079662172,0.0,10000000.0,0.0,0.0,1.5156356996119609,10000000.0,0.0011403274031153534,-0.11854506185713522,0.18513120936239535,51.0,0.0,0.43089349369944796,0.0007227130393100293,0.018718938295291646,0.02543112380621086,1.7738226395989016,5.0,315
75.2098899221186,21.0,-0.5069618808491212,0.6160693905501028,0.8388767426665551,10000000.0,-0.6037434375713306,0.8879251312485734,0.10671508486446993,1.179078155193642,0.5012494607647748,0.46953213111293446,-285.35351398526836,136.7401087664754,238.4130144039436,195.5507757778481,647.7642731114913,356.71269328793585,188.17357339695505,0.8534581145857111,369999999.99999994,-0.0012885566461233852,0.0026566528159374736,-0.08693220725861672,0.018260671079662172,0.0,13333333.333333332,0.0,0.0,1.5338963706916229,10000000.0,0.0007746511571348988,0.27142825012556177,0.1962043732934159,45.0,3333333.333333333,0.439345539190505,0.006401319760072909,0.04650613826464325,0.06022357584136775,1.7890396158571797,6.0,315
77.36000081604587,21.0,-0.6256562428669253,0.49737502853229865,0.8220717269577451,3333333.333333333,-0.6886555580917597,0.8833599634786579,0.12198416848154776,1.2220142964358334,0.5079864924261402,0.5115588954514918,-298.7902096012259,164.4397431663897,253.154261840528,182.70633262314044,663.7889250469381,427.4992663531927,128.63691021606965,0.7165030814882447,356666666.6666666,-0.1144440766948185,0.0026565383050402343,-0.21019173704633642,0.018260671079662172,0.0,10000000.0,0.0,0.0,1.4791143574526364,10000000.0,0.000815533180782837,-0.32506059088091543,0.1894842257287069,44.0,0.0,0.41189091856995597,0.004159209371304211,0.027247484198789695,0.051519125619704446,1.7867437819542364,5.0,310
69.02277203557037,21.0,-0.6165259073270942,0.2782469755763525,0.8165008952858795,10000000.0,-0.6895685916457428,0.6779274138324584,0.13333103528567886,1.239070955905634,0.5262759736646688,0.5151776409055397,-336.8871463363088,232.20903175162636,193.9511476285894,149.43285251575543,633.6256367411956,428.3462158538798,186.90982432140302,0.6982424104085825,329999999.99999994,-0.16609122726926878,-0.001984855552137194,-0.24671307920566077,0.018260671079662186,0.0,10000000.0,0.0,0.0,1.4608536863729742,10000000.0,-4.303694880639338e-05,-0.7337433563687836,0.18913190638476973,48.0,0.0,0.4684509884675203,0.005076218822657904,0.01571716449621393,0.05328261324928902,1.7910212459945924,6.0,310
83.66643123037419,21.0,-0.6713079205660807,0.4699840219128053,0.8331623640998681,10000000.0,-0.7589591417484592,0.8650992923989955,0.12823277928442028,1.2337918019170486,0.5204583650067609,0.49941144866711423,-301.32019438081556,161.6781366354731,232.00482893861673,161.22506164675895,676.7398501535553,408.3102870449311,169.84911731623117,0.6982424104085825,349999999.99999994,-0.15842197367419913,0.0026870745443038843,-0.24671307920566077,0.018260671079662172,0.0,10000000.0,0.0,0.0,1.5338963706916229,10000000.0,0.0007945189246174349,-0.5361323159262078,0.19503588130659807,50.0,0.0,0.38899288628383566,0.0040869484637397,0.024249071074067624,0.052704795742768186,1.7875264402351,5.0,310
75.95284593012062,21.0,-0.6621775850262497,0.29650764665601465,0.819783242438757,10000000.0,-0.7416115042227801,0.6847751654873316,0.1392852347845385,1.2423091649408384,0.5241477574944854,0.5158776721445825,-337.85040490118774,231.49151117571108,193.95001983156774,142.03008401768355,644.0204578686516,436.75222957964866,187.94021116597008,0.6982424104085825,336666666.6666666,-0.18754751578787185,-0.002168072987719087,-0.27412120520429123,0.018260671079662172,0.0,10000000.0,0.0,0.0,1.5156356996119607,10000000.0,-0.00010450562742943998,-0.8085125683157318,0.19205880043755003,48.0,0.0,0.46057285669970605,0.004800958833764408,0.013054048691384856,0.053424914652812884,1.7886169624373216,6.0,310
67.72959983636878,22.0,-0.6439169139465875,0.08650992923989959,0.811846661428216,10000000.0,-0.7233508331431179,0.6665144944076694,0.1449245728291892,1.2486278797924093,0.5277316718303907,0.5036668507385089,-331.8240304039837,249.3267612985349,168.75219462535125,141.02360504779088,621.7200426610118,413.96007138409277,189.13078289192768,0.7165030814882447,199999999.99999997,-0.19676824164954723,0.000916087177909474,-0.22388724035608304,0.018260671079662172,0.0,10000000.0,0.0,0.0,1.5156356996119607,10000000.0,0.0010746414365166072,-1.160074487408274,0.18206946129952176,49.0,0.0,0.38978755257353515,0.006893173893409085,0.05938646250713634,0.050529316499804376,1.7981317023434729,6.0,310
84.16471258277883,22.0,-0.6530472494864186,0.5521570417712851,0.8271325077984829,3333333.333333333,-0.7228943163661263,1.0089020771513353,0.1291286758035165,1.2381836784920708,0.5392632048752644,0.4942527826616166,-319.00968373681314,189.95411077809248,250.15344051353182,155.3637387955038,679.5903359348636,462.1821414409725,127.06673553333235,0.7256334170280758,363333333.3333333,-0.11085383854523317,0.0028704064907830174,-0.20562656927642087,0.018260671079662172,0.0,10000000.0,0.0,1.0,1.5247660351517918,10000000.0,0.0011922179185541123,-0.2923401143828341,0.17770493137836432,42.0,0.0,0.450726737797713,0.0018055302070507258,0.0110401228005977,0.046989922771931314,1.7878465982069325,5.0,310
102.36609528727446,21.0,-0.8082629536635471,0.34215932435517005,0.8284524809999495,10000000.0,-0.8872403560830862,0.9084683862131933,0.16966126978845125,1.3004237988340157,0.5760679573380858,0.5428322170102131,-321.4890982621994,194.01021942435574,196.32896332305998,112.510745827183,693.9920525324573,448.89396140500605,193.37712688293402,0.5612873773111162,339999999.99999994,-0.2896853077683938,0.00280933401225572,-0.3837023510614015,0.018260671079662227,0.0,10000000.0,0.0,0.0,1.5247660351517918,10000000.0,0.0009554927439542233,-1.2025640270903784,0.1868936433438995,44.0,0.0,0.4218133634806108,0.001283580706231994,0.0011236987208436606,0.04731322697993252,1.7885987047889866,3.0,310
96.66509451895391,21.0,-0.7991326181237159,0.0956402647797307,0.824913092548849,10000000.0,-0.8785665373202465,0.6848094042456059,0.18923496520956984,1.3382329424718018,0.5834482631255073,0.5734315455676556,-331.79378387632994,210.6581041080256,178.22230034175465,109.54285816417229,672.0588717560396,438.84675513740393,217.53123357846255,0.5612873773111162,303333333.3333333,-0.33247466331887693,-0.001984741041239955,-0.40652818991097917,0.018260671079662227,0.0,10000000.0,0.0,0.0,1.5156356996119609,10000000.0,9.095911509772845e-05,-1.7272307466231633,0.19233965643580317,52.0,0.0,0.46362641302241425,0.0026979581433766078,0.009139575316227552,0.045724395751189244,1.7825562508901738,3.0,310
59.08573602870835,23.0,-0.3608765122118237,0.35128965989500116,0.8061919329313798,3333333.333333333,0.3095412006391235,0.6482538233280073,0.1393972688864138,1.327640432672985,0.5722165195696011,0.5024497911962281,-308.5226820363871,211.55525784477464,183.1999011353338,140.51614018920702,645.455795400495,416.72938286550396,162.3389911167185,1.0,46666666.666666664,0.081420794339192,6.107247852729804e-05,0.0362930837708286,0.018260671079662172,0.0,10000000.0,0.0,0.0,1.5343528874686143,10000000.0,0.0011294186740298021,-0.2694607236706805,0.18682047642498945,49.0,0.0,0.4100932443889116,0.0030883614351759608,0.010858293649584745,0.035653431816556266,1.7907792128597797,6.0,310
80.4591172756796,21.0,-0.35174617667199265,0.7530244236475689,0.8311318418094222,10000000.0,-0.44896142433234415,0.8696644601689113,0.11155305824988915,1.1837949117838686,0.4672998026684836,0.4840213752273943,-312.34116321958464,221.6774198388552,165.89431302212992,138.10973494641064,671.2475983164627,393.92859687702264,192.72827129035537,1.0,346666666.6666666,0.150704253214639,0.002566570910109709,0.07281442593015297,0.018260671079662172,0.0,10000000.0,1.0,0.0,1.5252225519287834,10000000.0,0.000608173178134605,-0.5050732452768306,0.2020826900557321,42.0,0.0,0.3692927120177487,0.009418068095100483,0.07496249021999629,0.07383936334867174,1.7985071513900526,6.0,310
73.32237113352511,21.0,-0.5708742296279388,0.5247660351517919,0.8246794332517156,3333333.333333333,-0.6608080346952749,0.8696644601689112,0.11129820296621484,1.20659091257976,0.502690623456704,0.47916158747780446,-282.41292452762934,97.34367456979959,362.8743948530125,263.21071417931364,629.1850666920111,420.5377767707843,69.91447575963056,0.7530244236475689,356666666.6666666,-0.07180518146541882,0.002503971619619228,-0.1462793882675188,0.018260671079662172,0.0,10000000.0,0.0,0.0,1.4882446929924673,10000000.0,0.0007068802400322894,-0.10389591653825045,0.1934782898169755,46.0,0.0,0.4057540610498588,0.005378149656108841,0.03623959041762889,0.055202687093669905,1.786762428754187,5.0,310
66.06183464750804,21.0,-0.5708742296279388,0.35128965989500116,0.8245228468419926,10000000.0,-0.6612645514722666,0.6779274138324582,0.12098468654170727,1.2236010713098235,0.5111448010838245,0.48708859722526787,-339.05223680178136,243.53602556428729,207.3835678925049,169.8851495948284,619.0307998377075,431.9824890274267,162.0990468781813,0.743894088107738,339999999.99999994,-0.11459613482462146,-0.0021070005091917902,-0.1873658981967587,0.018260671079662172,0.0,10000000.0,0.0,0.0,1.4791143574526364,10000000.0,-0.0001623728609792384,-0.39378337531534197,0.1940908083347695,52.0,0.0,0.47357141831008764,0.005801214044535238,0.023737486475168445,0.057335527450989326,1.7924255327514096,6.0,310
57.904880019502784,23.0,-0.5252225519287833,0.18694362017804156,0.7986368299758825,10000000.0,0.13900935859392838,0.6573841588678384,0.14457940635157351,1.3634371601885968,0.5455216890493562,0.6407182867420734,-307.41900302827304,218.12119420874623,189.64853306050708,160.0100166044053,629.5273560226877,398.5225995303447,155.35743651884104,0.8169367724263867,160000000.0,-0.08732709427071442,0.0006412610245366316,-0.12345354941794108,0.018260671079662172,0.0,10000000.0,0.0,0.0,1.5065053640721295,10000000.0,0.0011507700157839121,-0.3206545815770189,0.1825776515937389,50.0,0.0,0.4153303117714888,0.002406486389476235,0.029360405007085102,0.027280189866712608,1.778183600761275,6.0,305
76.41815646443021,21.0,-0.5343528874686144,0.6160693905501028,0.8167623212238103,3333333.333333333,-0.6146998402191279,0.9335768089477289,0.11235677712180295,1.2141572992576386,0.4910804647971979,0.49498804716081335,-288.8751807943581,146.97690507352522,242.57546985752958,196.04616135785156,651.36788425764,381.05742202882584,163.3043039745795,0.8078064368865556,366666666.6666666,-0.01824066042760402,0.0026870745443038843,-0.11432321387811,0.018260671079662172,0.0,13333333.333333332,0.0,0.0,1.4973750285322986,10000000.0,0.0009211937197232644,0.18328387004670604,0.18821597903488232,44.0,3333333.333333333,0.4554341530532423,0.0053279840627960505,0.038732027116508166,0.05580756095035954,1.7869158555847744,5.0,305
62.03411429909852,23.0,-0.5800045651677699,0.13216160693905504,0.8088357231260606,10000000.0,0.08422734535494192,0.6505364072129651,0.14386160603576675,1.3201396438910777,0.5365755766409654,0.5302705274194824,-319.2953683640442,234.00277063006155,178.49566445390985,146.24280576125173,629.1166272956661,409.59345603725075,171.699337951134,0.7621547591874,183333333.3333333,-0.14433013771589434,0.0007940567317521158,-0.18280073042684314,0.018260671079662172,0.0,10000000.0,0.0,0.0,1.5065053640721295,10000000.0,0.0011262519823224885,-0.7606521701906592,0.18679345641457404,50.0,0.0,0.3845380429496793,0.004078464813670313,0.04129043807550739,0.034898071559655505,1.7876472097548433,6.0,305
78.79527032858212,22.0,-0.6073955717872631,0.5612873773111162,0.8262321544059529,3333333.333333333,-0.669025336681123,0.940424560602602,0.11823974064643246,1.2253155251065497,0.5141920742540007,0.4975235775122062,-299.6661213179302,136.5822993622138,377.82988705349976,248.5267195682977,651.5547363511204,493.37354101061425,1.610894056553829,0.7621547591874,363333333.3333333,-0.0748187628395343,0.0027481470228311825,-0.16454005934718097,0.018260671079662172,0.0,10000000.0,0.0,2.0,1.5065053640721295,10000000.0,0.0010264776053117977,-0.1126666696441633,0.1833154123384829,47.0,0.0,0.4351322704692071,0.004136518566263705,0.02728314865381164,0.05270787578425322,1.7876890334784665,5.0,305
66.13620783765113,22.0,-0.6256562428669253,0.10477060031956176,0.811358754991379,10000000.0,-0.7060031956174389,0.6756448299475006,0.14597604004281922,1.2706497944600694,0.5290062974790111,0.5148669714212754,-327.1804775192351,235.47081353509333,174.66853722155898,142.8634745243739,625.2098298771112,407.65288239596316,192.364147548868,0.7165030814882447,199999999.99999997,-0.1807904968424256,0.0008856654495430631,-0.21019173704633642,0.018260671079662172,0.0,10000000.0,0.0,0.0,1.4973750285322986,10000000.0,0.0011523975998728982,-1.0438210280262354,0.18116607788539113,49.0,0.0,0.4012461576833716,0.005632852346738983,0.05171436924436622,0.04300690404081507,1.7952250455483352,6.0,305
81.98995707715888,22.0,-0.6347865784067563,0.5521570417712851,0.8209788502748344,3333333.333333333,-0.7055466788404474,0.9632503994521798,0.12439624654179367,1.233496772137734,0.5122809624851958,0.5339984502249064,-311.50300157264604,177.39220877332718,258.9274313164687,166.90255337474971,679.8196917514346,448.8939323493174,121.05408443518714,0.7256334170280758,363333333.3333333,-0.10403629308377078,0.0028397557406221307,-0.21019173704633642,0.018260671079662172,0.0,10000000.0,0.0,0.0,1.5065053640721295,10000000.0,0.001139830910241745,-0.26171719691924705,0.17935150376323522,45.0,0.0,0.442039637120069,0.0029917134964250226,0.018209199611531838,0.049658232500073445,1.7874816722516411,5.0,305
77.26628898413345,21.0,-0.5343528874686144,0.6160693905501028,0.8317406229661212,10000000.0,-0.6133302898881534,0.8993380506733621,0.10694757761525234,1.1924717438875156,0.49872500970464195,0.46593715249785084,-284.19025197779155,139.04739876697064,234.15382821932374,196.146785137834,654.9619953552934,353.1218296227403,183.55581005273848,0.8351974435060487,369999999.99999994,-0.01212333561591719,0.002748261533728421,-0.10519287833827891,0.018260671079662172,0.0,13333333.333333332,0.0,0.0,1.5247660351517918,10000000.0,0.0008891731503907573,0.20937264412445755,0.19005268848085757,45.0,3333333.333333333,0.4520117169804897,0.005872047148013174,0.04360669961191057,0.05835667486083947,1.7870541286995278,5.0,305
64.48976601965148,21.0,-0.5160922163889523,0.42433234421364985,0.8224110552632908,10000000.0,-0.5955261355854826,0.6847751654873315,0.10935526720808544,1.1923016627164467,0.47780537994695804,0.4766706770126224,-340.0263872583675,248.57166679679824,249.26715429380005,209.21274158683428,599.819371537608,449.9066016186902,102.43675075310314,0.84432777904588,346666666.6666666,-0.04888803926044278,-0.0019848555521371925,-0.12801871718785662,0.018260671079662172,0.0,10000000.0,0.0,0.0,1.5156356996119607,10000000.0,-2.3472311831895834e-05,0.006124437150994141,0.18952624848905392,49.0,0.0,0.5087953392025593,0.007115627402519488,0.0345496278822523,0.06289852242909127,1.795998345864513,6.0,305
71.62571217789502,22.0,-0.6621775850262497,0.05911892262040633,0.8109041233029156,10000000.0,0.012097694590276153,0.6665144944076695,0.1532354659842466,1.2685773882048197,0.5417690071036316,0.5113893554156858,-330.4498181725029,240.5645211711343,173.5565599247068,132.87391352913403,634.3672431493161,422.3668565526709,189.87586123873592,0.6982424104085825,199999999.99999997,-0.2168243171269877,0.0009467379280703616,-0.2421479114357452,0.018260671079662172,0.0,10000000.0,0.0,0.0,1.5247660351517918,10000000.0,0.0011216819145513902,-1.2865248858960683,0.18501472200587524,51.0,0.0,0.3793709846298513,0.006377591636105723,0.059066288064538335,0.046697109658515534,1.7954087453580319,6.0,305
86.32382644630553,22.0,-0.6621775850262497,0.5521570417712851,0.8183368864098524,3333333.333333333,-0.740698470668797,0.9974891577265463,0.12987859606904256,1.2512522508828436,0.5240789075295389,0.5033280596179548,-316.23051471892677,186.82561722663092,241.43669990650227,150.48191185155656,685.5012164887618,452.4704512854925,137.81182773349178,0.7165030814882447,359999999.99999994,-0.12674062238453926,0.002931478969310317,-0.21475690481625198,0.018260671079662172,0.0,10000000.0,0.0,1.0,1.5338963706916229,10000000.0,0.0011600675042626896,-0.3646218533661215,0.1822424668094817,44.0,0.0,0.4318486064095556,0.0025677010315702273,0.014184587197671957,0.050023298803917274,1.7878594656796007,5.0,305
64.75029983700963,22.0,-0.6347865784067563,0.07737959370006853,0.8069916967875174,10000000.0,-0.6991554439625656,0.6505364072129651,0.14973667644751232,1.2635207995756734,0.5255510343294924,0.53787035798709,-328.663125000365,241.24736444604497,167.1051906757326,137.40744727811332,623.411030722926,409.839879869248,194.96163065195955,0.6799817393289204,186666666.66666666,-0.20252012478125234,0.0008244784601185262,-0.23301757589591415,0.018260671079662172,0.0,10000000.0,1.0,0.0,1.451723350833143,10000000.0,0.0010429812658219212,-1.2934468647399475,0.17686929999288142,52.0,0.0,0.40451214273610747,0.0063772477551930044,0.05726291015928863,0.046004396147767475,1.796031989197665,6.0,300
81.58298119014893,22.0,-0.6621775850262497,0.5065053640721296,0.8221708427735362,3333333.333333333,-0.716046564711253,0.9609678155672221,0.13358562950357547,1.2479349454865767,0.5498498156870859,0.5010769631198275,-316.63183963110134,192.77761021232973,227.28939532940703,143.8600942367942,680.2469138074516,449.9156230211875,147.9639552830133,0.6891120748687515,356666666.6666666,-0.13903602678231755,0.002687189055201123,-0.23301757589591415,0.018260671079662172,0.0,10000000.0,0.0,0.0,1.4791143574526364,10000000.0,0.0011117949574518966,-0.46618334267370787,0.1736566844569067,43.0,0.0,0.44726827680747117,0.001747728513216779,0.009300336073551149,0.04475184734185099,1.786577500192286,5.0,300
76.77486250961995,21.0,-0.5800045651677699,0.5612873773111162,0.8229651649625999,10000000.0,-0.6420908468386213,0.9016206345583199,0.11201818768210277,1.2152279445848555,0.507078749280178,0.49303169248720624,-297.3028618945331,162.7155754102732,290.9021938577947,205.63899799306193,671.6072725976074,438.83270341098523,73.70072577247923,0.7804154302670623,363333333.3333333,-0.06258388495777216,0.0027481470228311834,-0.16454005934718097,0.018260671079662172,0.0,13333333.333333332,1.0,0.0,1.4973750285322984,10000000.0,0.000943015651808492,-0.054418469964356994,0.18266020643655728,43.0,0.0,0.4489003060842086,0.004519660449726634,0.032635709731824454,0.053101034080546616,1.7855291132481281,5.0,300
64.91246429222888,21.0,-0.5708742296279388,0.30563798219584576,0.8164300884284404,10000000.0,-0.6430038803926044,0.6802099977174161,0.12026246129328222,1.2085037437849953,0.514580066129372,0.47591504697265996,-337.5955677860392,241.27505112635603,203.44577086100662,168.72257309240283,619.0343642648954,428.0833728406388,165.38026736431607,0.7621547591874,336666666.6666666,-0.11496123411702044,-0.0018627105950825974,-0.19193106596667425,0.018260671079662172,0.0,10000000.0,1.0,0.0,1.4791143574526362,10000000.0,4.393279938520917e-05,-0.42932110013110636,0.18388974724140103,51.0,0.0,0.48983577953929536,0.00600310221617092,0.025011900795552044,0.0567474632669909,1.7935052716786952,6.0,300
75.68068511838669,21.0,-0.5434832230084455,0.5795480483907783,0.8229143144316302,3333333.333333333,-0.6142433234421365,0.8787947957087422,0.10773950979852623,1.1946029483911498,0.49132369413217997,0.4663104751151752,-283.5319167099311,127.50186342631937,259.1791395637839,213.31714938729473,636.422413294869,367.2824666068205,170.56546063955983,0.8169367724263867,366666666.6666666,-0.02654915163965606,0.0026566528159374736,-0.11432321387811,0.018260671079662172,0.0,13333333.333333332,0.0,0.0,1.5065053640721295,10000000.0,0.0007985608295797366,0.1360688942017122,0.1883918093150464,44.0,3333333.333333333,0.44952737056329184,0.005967612930129144,0.043107341554404544,0.058520778306243686,1.7888245985540498,5.0,300
64.35512401240213,21.0,-0.5252225519287833,0.3969413375941565,0.8274337676223916,10000000.0,-0.5968956859164574,0.6847751654873316,0.11141616067227174,1.1942788145440026,0.47966765839008085,0.47737784494717134,-339.9030552745501,251.8905746581826,235.1802090502708,200.7615887985315,601.3871834830572,440.00851475350333,118.54793407724212,0.8169367724263867,346666666.6666666,-0.05920543254964618,-0.002045928030664491,-0.13258388495777218,0.018260671079662172,0.0,10000000.0,0.0,0.0,1.4882446929924673,10000000.0,-9.585092171469682e-05,-0.06011481757584484,0.18830635406157106,49.0,0.0,0.504911932253002,0.006862129265294419,0.03371177819668245,0.061657966500770295,1.7939996081405722,6.0,300
62.45041338539806,23.0,-0.5708742296279388,0.15955261355854827,0.8134798988992435,10000000.0,-0.6503081488244692,0.6665144944076694,0.14283440179156154,1.3281302327956572,0.5642256641214061,0.5674459146514292,-316.3963236705618,231.50561922724256,180.43455350626357,150.27885537348567,631.241214954253,408.0453770960549,165.6164317182601,0.7895457658068934,169999999.99999997,-0.1231787643612569,0.0007329842532248179,-0.16454005934718097,0.018260671079662172,0.0,10000000.0,0.0,0.0,1.5156356996119607,10000000.0,0.0011873879706477447,-0.5884804967203643,0.1845298659663436,45.0,0.0,0.4014119913531704,0.003608087962695839,0.03758173945494337,0.03263101859268841,1.785584030786179,6.0,300
78.75553138198548,21.0,-0.5708742296279388,0.5978087194704406,0.8126211174563173,3333333.333333333,-0.6503081488244692,0.9381419767176443,0.11575891472102118,1.2071047413851717,0.5124784717393103,0.4739403693717466,-299.14002502980634,167.7835623007877,261.1280261790333,189.4207116045466,665.8844088549729,430.6882679548705,113.34746826567681,0.7895457658068934,369999999.99999994,-0.04617994369626414,0.0028702919798857794,-0.1462793882675188,0.018260671079662172,0.0,13333333.333333332,0.0,0.0,1.5156356996119607,10000000.0,0.000976664710664986,0.038678472546760725,0.18753222566024078,45.0,3333333.333333333,0.4432358707097319,0.004703326152586586,0.03328424879753264,0.0555125657661872,1.7870168034205702,5.0,300
69.6560256982943,22.0,-0.6713079205660807,0.05911892262040633,0.8193848310999742,10000000.0,-0.7425245377767633,0.6573841588678384,0.1474024119550327,1.2398008567786536,0.5237546002900808,0.48724847643122493,-335.3561984521253,249.20478327502747,164.8634405921124,140.7282324066962,617.7642998365284,407.82523986411746,203.56114397532443,0.6799817393289204,183333333.3333333,-0.22425043749524456,0.0008244784601185264,-0.2558434147454919,0.018260671079662172,0.0,10000000.0,1.0,0.0,1.4973750285322986,10000000.0,0.0009358397902917171,-1.427789559813118,0.17822923303101343,53.0,0.0,0.39818054850380014,0.008183378404549352,0.06802583890448123,0.05793345851296591,1.8005146192900425,6.0,300
85.26729758401964,22.0,-0.6804382561059118,0.49737502853229865,0.8228972973842993,3333333.333333333,-0.7425245377767633,1.0271627482309973,0.13515332652683054,1.2544428797218314,0.5346417767452027,0.5092828419355664,-326.09076327112706,204.06052587332562,222.99946878999089,138.04906006188332,678.9798945139588,459.42543393264094,154.51977134138863,0.6799817393289204,353333333.3333333,-0.14156197215247657,0.002717725294464773,-0.21475690481625198,0.018260671079662172,0.0,10000000.0,0.0,0.0,1.4973750285322986,10000000.0,0.0012615494403816938,-0.46737587788455653,0.1711603681342851,49.0,0.0,0.4658730162220315,2.384579196046029e-05,0.0022045956853420988,0.043356727324562166,1.7872049994878658,5.0,300
60.82306908760365,22.0,-0.5800045651677699,0.15042227801871721,0.8066453862239551,10000000.0,0.07829262725405162,0.659666742752796,0.13783645395856642,1.2736313159378339,0.5154875732435427,0.5239001622718247,-321.7092033133079,244.29807839619812,165.02879090829668,148.17183474875586,621.5329723911758,397.9216692438017,179.96983366026942,0.743894088107738,166666666.66666666,-0.14600414669405762,0.0007024480139611686,-0.18280073042684314,0.018260671079662172,0.0,10000000.0,0.0,1.0,1.4791143574526364,10000000.0,0.001104677026021585,-0.8299846925658819,0.17633224995679608,54.0,0.0,0.4148341524708412,0.00493175568594543,0.045883826274463524,0.03876879142950366,1.7919791024774132,6.0,295
78.88149005601525,22.0,-0.6073955717872631,0.5704177128509473,0.8283087285160827,3333333.333333333,-0.6608080346952749,0.9472723122574754,0.11990558778331029,1.2269273410227428,0.5074076039146067,0.49067509506185886,-308.75973346689176,173.3808774327537,291.4576707036499,189.50162895499471,671.220960681607,465.75700050354556,77.82200802300308,0.7530244236475689,363333333.3333333,-0.08188001217378069,0.002778683262094831,-0.1782355626569276,0.018260671079662172,0.0,13333333.333333332,0.0,0.0,1.4882446929924673,10000000.0,0.0010950881929071823,-0.155392806947631,0.17592055592944658,45.0,0.0,0.45915661597124646,0.003152507550360794,0.021517263644222174,0.04914273756841705,1.7860009396584173,5.0,295
75.72024215409331,21.0,-0.5526135585482765,0.5795480483907783,0.8203070002511205,10000000.0,-0.6146998402191279,0.8765122118237845,0.1075213732295337,1.1952123822157352,0.49824885843090827,0.48658484611507086,-289.80165206693005,139.8476760085248,263.0187302062724,201.4990421181103,654.0629939121352,383.14901075720365,151.22703135421997,0.8078064368865556,363333333.3333333,-0.03884489842501708,0.0026870745443038843,-0.13258388495777218,0.018260671079662172,0.0,13333333.333333332,0.0,0.0,1.4973750285322986,10000000.0,0.0008585867165497603,0.06933608432267582,0.18502676955029826,48.0,3333333.333333333,0.4532657774351775,0.005323400773942624,0.0393452483281069,0.05539481554182365,1.7872233721036368,5.0,295
63.35939058422945,21.0,-0.5434832230084455,0.36041999543483216,0.8158635652767683,10000000.0,-0.6064825382332799,0.6847751654873316,0.11251239102754432,1.2012864455489813,0.48199418761324386,0.48562803757075645,-338.77148326934895,250.24109591548387,216.01331865050273,183.92026114731308,609.7459247131842,436.46929797319416,139.00986654246648,0.7986761013467245,339999999.99999994,-0.0807225899718481,-0.0019543193128735443,-0.15084455603743435,0.018260671079662172,0.0,10000000.0,0.0,0.0,1.4791143574526364,10000000.0,-2.264365619685443e-05,-0.2023388237676177,0.1858019591738514,55.0,0.0,0.495543760885538,0.006482311355236444,0.030120550740322282,0.059626412630323956,1.7935672375602016,6.0,295
78.82732010688599,21.0,-0.6073955717872631,0.533896370691623,0.8228081494874817,10000000.0,-0.669025336681123,0.8902077151335311,0.11460377121867596,1.2257935390094583,0.48406423494828665,0.49829999476001996,-300.3376616349221,163.029607157435,287.1979245179676,206.81690377303036,657.1398272304316,448.98544336677065,85.83730440855588,0.7621547591874,356666666.6666666,-0.09079707829262723,0.0027481470228311834,-0.19193106596667425,0.018260671079662172,0.0,13333333.333333332,0.0,1.0,1.5065053640721295,10000000.0,0.0008705156147224324,-0.19395918723092223,0.1875233790677224,44.0,0.0,0.42895796628076766,0.004277079333156053,0.029244190779805983,0.05374931302429474,1.7865325072699223,5.0,295
66.93798607691562,21.0,-0.589134900707601,0.29650764665601465,0.8299245198743841,10000000.0,-0.6512211823784524,0.6847751654873316,0.12259716106761538,1.2121279843793649,0.5036296800740238,0.5026097141112207,-337.22244238924657,240.94036244995834,199.1184649679766,159.92240268952108,627.6405556075379,430.05722231755516,168.84188154255693,0.7712850947272312,333333333.3333333,-0.12829140987597956,-0.001862710595082597,-0.20562656927642087,0.018260671079662172,0.0,10000000.0,0.0,0.0,1.4973750285322984,10000000.0,4.5750626273792104e-05,-0.5087529613354583,0.18312652562568238,51.0,0.0,0.480557159442106,0.005770808495761856,0.022521477403066956,0.05496491129404757,1.7898421700400475,6.0,295
63.79506779706583,22.0,-0.6073955717872631,0.10477060031956176,0.8146547792070854,10000000.0,-0.6886555580917597,0.6482538233280073,0.14880087866762573,1.3085413101567842,0.5554849426023959,0.5142314004273936,-319.91921399452383,235.1545752383801,166.7569590675768,139.76168131844403,631.2112232435732,405.638401970544,184.32404783815622,0.7165030814882447,153333333.3333333,-0.17826455147226652,0.000702448013961169,-0.21019173704633642,0.018260671079662172,0.0,10000000.0,0.0,1.0,1.4791143574526364,10000000.0,0.0011171476076584962,-1.0882721689580217,0.18068755930587238,51.0,0.0,0.3983635776454133,0.0044457130536443845,0.045830205834519355,0.035645417033985514,1.7901198428049037,6.0,295
79.72595820628503,21.0,-0.6347865784067563,0.5065053640721296,0.8181418543296208,3333333.333333333,-0.7069162291714219,0.9335768089477288,0.12527205516551368,1.2270599488321308,0.5157234888294183,0.5079545618851761,-307.09682070180634,175.44416748608984,242.5186130028343,163.80658507985538,675.6528942133889,433.50485435511507,139.43815131667816,0.6982424104085825,356666666.6666666,-0.1210488092520733,0.0026870745443038834,-0.21475690481625198,0.018260671079662172,0.0,10000000.0,0.0,0.0,1.4791143574526364,10000000.0,0.000995097178525296,-0.36307200634245196,0.17978013768514534,46.0,0.0,0.43146723096427064,0.0032898295996703895,0.021229798259088734,0.048850826842616046,1.7880708125035187,5.0,295
66.0769878171709,22.0,-0.6439169139465875,0.07737959370006853,0.805998727180847,10000000.0,-0.7155900479342614,0.6505364072129651,0.14391138219344404,1.2310712587298007,0.5169118818948669,0.5187331624016687,-333.51463966600846,257.9195054280599,164.64237449252286,146.7589222290111,610.0081501433389,405.1359105006146,190.98079125654152,0.6982424104085825,183333333.3333333,-0.19923320398691313,0.0008244784601185272,-0.23758274366582968,0.018260671079662172,0.0,10000000.0,0.0,0.0,1.4882446929924673,10000000.0,0.0009289879882735459,-1.2244780412301162,0.17945928379871487,51.0,0.0,0.3859422995480557,0.0077642477700088745,0.06450339687182526,0.05542471236247598,1.800218245632474,6.0,295
83.31398205433695,22.0,-0.6530472494864186,0.533896370691623,0.8253588811232565,3333333.333333333,-0.7242638666971011,1.0271627482309973,0.13302934466716412,1.2822934527890455,0.531800216044275,0.5146728165569089,-324.80587304843976,201.5463011899363,238.54985144563562,151.1667134463111,671.9010072232657,469.1040412656597,135.08810346205632,0.6982424104085825,353333333.3333333,-0.11505379289355545,0.0027177252944647727,-0.19193106596667425,0.018260671079662172,0.0,10000000.0,0.0,0.0,1.4973750285322984,10000000.0,0.0012445518638101777,-0.3176813870497744,0.17779990221564623,49.0,0.0,0.46136011751716965,0.0005070490371115007,0.0022671405458976205,0.04509010540349438,1.788574806785377,5.0,295
62.598893090747254,22.0,-0.5982652362474321,0.13216160693905504,0.8159062651696288,10000000.0,-0.6608080346952749,0.6665144944076694,0.13797280480815835,1.2644209859040583,0.5194427585722536,0.5295302262951885,-325.47326371070886,244.68852453614292,166.57410190358317,148.2174033193237,618.2269294481572,401.35317960938283,185.6874267136169,0.7530244236475689,186666666.66666666,-0.15839096857642845,0.0007940567317521156,-0.19649623373658978,0.018260671079662172,0.0,10000000.0,0.0,0.0,1.4882446929924673,10000000.0,0.0011175354407232379,-0.9122917995979766,0.1752683755051252,52.0,0.0,0.4190880827227291,0.005555333870784199,0.04949578179373577,0.04262430382069895,1.7951704066947685,6.0,290
80.36848683340904,22.0,-0.6165259073270942,0.5612873773111162,0.8304353768905505,10000000.0,-0.6694818534581144,0.960967815567222,0.12117748885536272,1.2332771843552326,0.5021390560151202,0.517191695770006,-312.3584007292451,186.17230089802143,272.79737235393196,178.8615131621828,670.547393758348,471.5548520914713,88.0719937640552,0.7530244236475689,363333333.3333333,-0.08878886099064134,0.0028092195013584803,-0.18280073042684314,0.018260671079662172,0.0,13333333.333333332,1.0,0.0,1.4973750285322982,10000000.0,0.001149004458110859,-0.19124831301974812,0.1723947295284044,44.0,0.0,0.46892445969706287,0.002733604949460972,0.01907384439787625,0.0487528486358886,1.7872146333315455,5.0,290
79.60735000633818,21.0,-0.6073955717872631,0.543026706231454,0.8231168056409846,3333333.333333333,-0.669025336681123,0.9267290572928554,0.11833066631812968,1.2249952559665735,0.5086503217711535,0.49248761816345754,-303.2354498913209,168.71369695025518,276.9957622836454,191.64474836414487,670.3065410406521,444.40770587602066,95.45639163714121,0.7621547591874,359999999.99999994,-0.09024902990184887,0.002717610783567533,-0.20562656927642087,0.018260671079662172,0.0,13333333.333333332,1.0,0.0,1.5065053640721295,10000000.0,0.0009599674240211128,-0.19367784180876757,0.18209302797717164,49.0,0.0,0.44063166404844356,0.003898951102380929,0.027300582527240536,0.05081018426857601,1.786677495634627,5.0,290
65.78677187905629,21.0,-0.5982652362474321,0.26911664003652136,0.8209448830505138,10000000.0,-0.6612645514722666,0.6847751654873315,0.1240321036860722,1.2196534956718565,0.5012565684022512,0.4906345087242151,-335.7745835273864,236.9372738436092,194.31190490564254,155.31631562584397,628.887247616912,429.05185304959736,175.47639642757832,0.743894088107738,320000000.0,-0.14049585330594228,-0.0016794931595007021,-0.20562656927642087,0.018260671079662172,0.0,10000000.0,0.0,0.0,1.4791143574526364,10000000.0,0.00016436781073671318,-0.6236453120429624,0.1790826769372584,51.0,0.0,0.4842756409906743,0.00569341943628868,0.02104993025127577,0.0542809262732512,1.7892921685980356,6.0,290
68.50222629130761,22.0,-0.6439169139465875,0.0956402647797307,0.819788478516786,10000000.0,-0.7142204976032868,0.6596667427527962,0.1597118596569719,1.3689655301997576,0.5724834214221193,0.5993511618761242,-313.51189325944034,219.24580373161706,165.3256509413976,140.4789466626882,634.8249650019307,395.78449076366263,196.93925353047382,0.7256334170280758,73333333.33333333,-0.201090732709427,0.0004581580998519755,-0.2512782469755763,0.018260671079662172,0.0,10000000.0,0.0,0.0,1.5156356996119607,10000000.0,0.0012082385814837446,-1.323230680234912,0.1739843428674414,53.0,0.0,0.41205664829882993,0.003698682333420636,0.04446223903130506,0.03171726552381848,1.7869952086661125,6.0,290
82.44790120866489,21.0,-0.6530472494864186,0.49737502853229865,0.8195231419167669,10000000.0,-0.7142204976032868,0.8856425473636157,0.12327855016751739,1.2234722034961338,0.5219132295255879,0.5060753730557713,-304.5388045589728,167.63479031853527,241.7658564211503,164.7885335129483,675.5693185351307,420.7178482298218,152.29025246912568,0.7256334170280758,353333333.3333333,-0.13416617210682488,0.0027176107835675334,-0.23301757589591415,0.018260671079662172,0.0,10000000.0,0.0,0.0,1.5156356996119607,10000000.0,0.0009406004838335222,-0.4240428236445069,0.17955488002935518,45.0,0.0,0.4359861940350239,0.0037377418669148972,0.023731986767827333,0.05090859530602873,1.784504500016951,5.0,290
61.92738643337593,22.0,-0.5982652362474321,0.13216160693905504,0.8124002852075842,10000000.0,-0.6612645514722666,0.6665144944076694,0.1336044652823746,1.2392547049645226,0.5218064771121109,0.48537426678377216,-329.5803716387166,259.7570046300669,163.5336384594661,153.46362155087178,607.169752744769,400.4096110769237,180.41932915175946,0.743894088107738,199999999.99999997,-0.1556512972685079,0.0008550146993821753,-0.19649623373658978,0.018260671079662172,0.0,10000000.0,1.0,0.0,1.4791143574526364,10000000.0,0.0010067959693959815,-0.8749611439797141,0.17712013710711336,53.0,0.0,0.40692151025076384,0.006623856515012198,0.055399920149700986,0.048947315474418635,1.7967659132677616,6.0,290
80.49952163273157,22.0,-0.6073955717872631,0.5704177128509473,0.8090261297400515,3333333.333333333,-0.6608080346952749,0.9952065738415886,0.1232234648881676,1.2348334237841398,0.5386746633400084,0.48237877840395915,-317.6021404571469,188.20321274969479,286.20734105803126,181.09048182613375,668.9141193687942,485.97431367384667,76.4271021000264,0.7530244236475689,366666666.6666666,-0.07774115498744574,0.0028398702515193682,-0.16910522711709652,0.018260671079662172,0.0,13333333.333333332,0.0,0.0,1.4882446929924673,10000000.0,0.0012552621606013983,-0.13407331083749197,0.1707362226317557,46.0,0.0,0.479991994911139,0.001841991206818768,0.013414704652636202,0.04630149034572048,1.788239757194154,5.0,290
63.78422071864556,22.0,-0.6073955717872631,0.13216160693905504,0.8095989208025199,10000000.0,-0.669938370235106,0.6687970782926271,0.13884944237439384,1.2780289455112035,0.5309070409735968,0.5010422640943597,-325.3526423008919,239.5011284060618,169.75580638547018,148.74226637962408,617.6781157075243,404.4315903636576,188.2202025082036,0.743894088107738,169999999.99999997,-0.16368656318953054,0.0007635204924884664,-0.19649623373658978,0.018260671079662172,0.0,10000000.0,0.0,0.0,1.4882446929924673,10000000.0,0.0011712663377661775,-0.9454443836619808,0.17543474188327543,49.0,0.0,0.41806576558389075,0.0055388934951753595,0.051152939163903045,0.042323181071318036,1.7927997266037647,6.0,290
80.48154615295,22.0,-0.6165259073270942,0.5612873773111162,0.8188685324167339,10000000.0,-0.6694818534581144,0.9495548961424332,0.12125107942307758,1.2286201326871655,0.5058487013428989,0.5129890903489815,-312.2023183199312,179.23839266300917,274.7921082133622,176.55128840507533,672.706479502435,462.91978469190667,98.63801401258603,0.7530244236475689,363333333.3333333,-0.091497413071597,0.002839755740622129,-0.2010614015065053,0.018260671079662172,0.0,13333333.333333332,1.0,0.0,1.4973750285322982,10000000.0,0.0011351384870062935,-0.20326788038493301,0.17505713292121228,45.0,0.0,0.45899954815660704,0.0028617567270965267,0.019283803672753144,0.049003583975900905,1.7882157382519757,5.0,290
80.63045738062635,21.0,-0.6439169139465875,0.5065053640721296,0.8225153988557626,10000000.0,-0.6964163433006163,0.8742296279388269,0.12086483918776794,1.2189416702677769,0.5063580593232992,0.5060127445467625,-302.8371174815994,174.9697352420776,243.71052373885234,173.73910305920626,670.156915467174,431.61653274839466,130.97310420401175,0.7347637525679069,356666666.6666666,-0.12114022673666587,0.0027481470228311834,-0.22388724035608304,0.018260671079662172,0.0,10000000.0,0.0,1.0,1.5065053640721295,10000000.0,0.0008692492941265499,-0.35240562020013305,0.18554213587375626,47.0,0.0,0.4238517570721907,0.003940065387917077,0.025770093063863544,0.051873792867462507,1.7858638354153258,5.0,285
69.56100047589868,21.0,-0.6165259073270942,0.28737731111618353,0.8259415832501528,10000000.0,-0.6877425245377766,0.6870577493722895,0.12633880827209723,1.229915357715078,0.5200189457908433,0.5106899993400382,-336.5505253816364,240.9705400479789,189.21636328780883,150.6944972140948,634.8069311994823,431.19734275309594,177.00445385579218,0.7347637525679069,323333333.3333333,-0.15507441223464957,-0.0018627105950825965,-0.23301757589591415,0.018260671079662172,0.0,10000000.0,0.0,0.0,1.4973750285322986,10000000.0,7.470624993808887e-07,-0.6794658402901644,0.18190759401262116,49.0,0.0,0.4794193253369876,0.005352761221184227,0.019055006424213337,0.053603582231822565,1.79029898101525,6.0,285
59.93130227545634,22.0,-0.5708742296279388,0.1686829490983794,0.8178049629655624,10000000.0,-0.6334170280757816,0.6619493266377539,0.12983230642506904,1.255720232319055,0.5283540746727673,0.4837235496942145,-325.4761524264125,252.2292946322579,168.5464591554064,155.480723423687,611.8779820465295,402.774573114165,172.66156073101797,0.7804154302670623,203333333.3333333,-0.1256434984402343,0.000824592971015765,-0.16454005934718097,0.018260671079662172,0.0,10000000.0,0.0,0.0,1.4882446929924673,10000000.0,0.001087571923337127,-0.6396442092302705,0.17563531741689128,47.0,0.0,0.42547748344975245,0.005595271748065262,0.047584926580752245,0.043361960313585426,1.7939862175195582,6.0,285
79.48880825649303,22.0,-0.5800045651677699,0.5978087194704406,0.8317423105771159,3333333.333333333,-0.6416343300616296,0.9746633188769687,0.1181729302954452,1.2229996581557694,0.524955094458186,0.5045609291175341,-311.63007548089854,181.92527174592453,294.4426166451524,196.28383690866707,665.6968712435086,472.89986306895827,66.1580349991006,0.7895457658068934,369999999.99999994,-0.048432549646199474,0.002778683262094832,-0.1462793882675188,0.018260671079662172,0.0,13333333.333333332,0.0,0.0,1.5065053640721295,10000000.0,0.0011272559601013493,0.020952160311431548,0.1725354758844658,47.0,3333333.333333333,0.49059283772445117,0.0027713781275380766,0.02183758185055648,0.0472998165911612,1.7874236645919221,5.0,285
76.12918591510277,21.0,-0.5708742296279388,0.5521570417712851,0.823839282719318,10000000.0,-0.6242866925359507,0.8719470440538689,0.10994495514831851,1.2113570709185144,0.48999835749706677,0.49408611046243595,-290.8321896818223,131.5283785147149,309.7885335221798,221.65325354588163,655.9315039738377,413.4171105088794,98.02071258926784,0.7895457658068934,359999999.99999994,-0.06444004412995508,0.0026870745443038843,-0.16454005934718097,0.018260671079662172,0.0,13333333.333333332,0.0,1.0,1.4882446929924673,10000000.0,0.0008500079456359777,-0.06468003266527644,0.18550213355691356,44.0,0.0,0.44642427654212924,0.005069623644293803,0.03588795013533477,0.05488172608538244,1.7859765242775363,5.0,285
63.80357296773575,21.0,-0.5526135585482765,0.34215932435517005,0.829198065263621,10000000.0,-0.6251997260899338,0.6939055010271628,0.11494196507011037,1.1975038217091463,0.4888950248534283,0.4924488000590477,-338.0648593411024,247.43031764098936,205.28993337378716,171.90470284460713,617.626574991964,430.5445243606804,154.57800896920898,0.7712850947272312,339999999.99999994,-0.10041368028608383,-0.0019237830736098943,-0.17367039488701208,0.018260671079662172,0.0,10000000.0,0.0,0.0,1.469984021912805,10000000.0,-3.80249881748798e-05,-0.3376160125558155,0.18039540555840658,47.0,0.0,0.49477642582456816,0.006194674999992668,0.027691008842285415,0.05736010530957966,1.7923996972345022,6.0,285
76.81772581272568,21.0,-0.589134900707601,0.5521570417712851,0.816040598453992,10000000.0,-0.6338735448527733,0.8810773795936999,0.11359640391034312,1.2209466953461283,0.5048939867962821,0.4642675616011754,-299.3949896165153,151.4288550474071,338.3644869374975,233.99917458912114,649.8646415697978,474.34416653048044,32.866574669340174,0.7712850947272312,363333333.3333333,-0.06876219280225213,0.0027786832620948316,-0.1782355626569276,0.018260671079662172,0.0,13333333.333333332,0.0,0.0,1.4791143574526362,10000000.0,0.0009637529513852238,-0.0891899623917074,0.18099514610115494,41.0,0.0,0.4543341161832656,0.00438887510902509,0.031673214537390276,0.0536805288241386,1.7884628999095833,5.0,285
64.07081699921655,21.0,-0.5617438940881077,0.3147683177356769,0.8317434221026628,10000000.0,-0.6334170280757816,0.6779274138324584,0.11695989327039283,1.2082265630200968,0.5016588541883897,0.4788390042929061,-337.31476794399236,241.7875634068807,206.36719049057336,169.74312749610664,618.8236010123762,431.3708075539431,158.98502967143045,0.7804154302670623,333333333.3333333,-0.10640915316137867,-0.001771101877291649,-0.18280073042684314,0.018260671079662172,0.0,10000000.0,0.0,0.0,1.4882446929924673,10000000.0,0.00010716270886866903,-0.38330596659731053,0.18058011911520225,49.0,0.0,0.49716911656077567,0.006115985713803538,0.02567440468508991,0.05709453202163218,1.7925572626703044,6.0,285
78.26866965842676,21.0,-0.6165259073270942,0.5156356996119608,0.823610712480161,10000000.0,-0.6608080346952749,0.8833599634786579,0.11730282740243472,1.2243175321577948,0.5103621783957624,0.4977149013046574,-300.81854759783005,157.8849669584415,274.3943821038705,190.32087504214698,664.7401125616387,431.66867506613715,116.33945266027686,0.7530244236475689,359999999.99999994,-0.10084044738644143,0.0027481470228311825,-0.20562656927642087,0.018260671079662172,0.0,13333333.333333332,0.0,0.0,1.4882446929924673,10000000.0,0.0009423838052789847,-0.2531320391193577,0.18415866137774917,49.0,0.0,0.4377330694236504,0.004152287193765303,0.027435680508860767,0.052350630175046244,1.787603985196472,5.0,285
66.36467993065341,21.0,-0.5982652362474321,0.28737731111618353,0.8314336544236129,10000000.0,-0.6694818534581144,0.6939055010271626,0.1211999986576199,1.207368902052603,0.5131425271917833,0.5060355207302063,-336.4086338723043,240.5877271652665,192.93524464180476,155.99185021294915,630.2038847393624,428.8300056224716,172.94917497761222,0.7530244236475689,323333333.3333333,-0.1357786274062238,-0.0017711018772916497,-0.21475690481625198,0.018260671079662172,0.0,10000000.0,0.0,0.0,1.4973750285322982,10000000.0,7.393492330238855e-05,-0.5755336942283852,0.18019561499348397,49.0,0.0,0.4811819037024352,0.005662744488762809,0.02223851210385146,0.054086073124068886,1.7901152665866942,6.0,285
77.28264016424913,21.0,-0.6073955717872631,0.5065053640721296,0.8230471835813484,10000000.0,-0.6608080346952749,0.8582515407441222,0.11739312624783411,1.2111604164489915,0.5005445635634315,0.4961974366234251,-299.67580836053617,166.23557328291497,255.51098151214507,183.19451562123595,667.5200512016454,423.5449233639163,125.07437687009637,0.7530244236475689,359999999.99999994,-0.10710960206954269,0.002656538305040236,-0.20562656927642087,0.018260671079662172,0.0,10000000.0,0.0,1.0,1.4882446929924673,10000000.0,0.0008287898347111663,-0.2918670596605423,0.18386171376301577,47.0,0.0,0.4388168196068962,0.004062747241531025,0.02677570550384119,0.05128747276371993,1.7861701717948488,5.0,280
65.72619539155117,21.0,-0.5982652362474321,0.26911664003652136,0.8322987101978595,10000000.0,-0.6713079205660806,0.6870577493722894,0.12455762982381446,1.2167422968733785,0.5171835057305294,0.5073483286850472,-335.5482963637237,240.1408959430726,186.66922146051857,150.5602034512263,631.6612076401701,426.23344314452527,179.43035680516806,0.7165030814882447,329999999.99999994,-0.15102605949935324,-0.0018016381165552981,-0.22388724035608307,0.018260671079662172,0.0,10000000.0,0.0,0.0,1.4608536863729742,10000000.0,-7.24245790968152e-06,-0.6912879958292377,0.1775099351406271,49.0,0.0,0.4858743642758926,0.005340865787883568,0.019539335809630742,0.052756279291121935,1.7895522572299847,6.0,280
85.74294242438751,21.0,-0.6895685916457429,0.4699840219128053,0.8258878667123006,10000000.0,-0.7329376854599405,0.90162063455832,0.13031612070623913,1.2318617123785476,0.5276373663575691,0.5165502428671882,-314.08986974741055,190.24253528252206,218.68608751615574,141.49920513172657,684.3508254810017,437.8148154340395,159.98327469015572,0.6982424104085825,353333333.3333333,-0.1645399832610515,0.0028092195013584816,-0.27870349235334396,0.018260671079662172,0.0,10000000.0,0.0,0.0,1.5065053640721295,10000000.0,0.0010257349964366814,-0.5768550690603642,0.17758972126366793,48.0,0.0,0.44125824646761447,0.0025464272489651857,0.014713028635991457,0.04788838970494607,1.7882580148053178,5.0,280
71.89795783742969,21.0,-0.6621775850262497,0.19607395571787262,0.8212535392040164,10000000.0,-0.6982424104085825,0.6870577493722894,0.14237409690330563,1.268741072176174,0.5298490106960145,0.5227307865098808,-333.2782250543493,230.40713016744832,180.52730297405628,138.15864199601884,641.7634203710114,428.14272935838625,193.98259252881977,0.6982424104085825,306666666.6666666,-0.20017781328463816,-0.0016489569202370524,-0.2695389180552385,0.018260671079662172,0.0,10000000.0,0.0,0.0,1.469984021912805,10000000.0,0.0001596423327831292,-1.0275364058251208,0.1760129127292225,50.0,0.0,0.47753224687305906,0.004671419990680395,0.012080885256203237,0.049663944915832495,1.7856845167425144,6.0,280
75.68264760270598,21.0,-0.5252225519287833,0.5978087194704406,0.8154934041423586,10000000.0,-0.5781784980598037,0.8673818762839534,0.10637116040694594,1.1897223760403333,0.49396461488770094,0.48039683486506046,-285.67540297879793,142.1892612945748,241.8815032253776,204.7130275788495,638.2036615596222,371.4528507834604,172.35968524971477,0.84432777904588,369999999.99999994,-0.010327702959750419,0.0027177252944647723,-0.11432321387811,0.018260671079662172,0.0,13333333.333333332,0.0,0.0,1.4973750285322986,10000000.0,0.0009000366660595854,0.21414378135847534,0.18237737003746615,45.0,3333333.333333333,0.4829490380191427,0.005841715102232319,0.044014237787339226,0.05776739902974288,1.7869101887767367,5.0,280
62.57485884399136,21.0,-0.5069618808491212,0.4060716731339876,0.8301454922657141,10000000.0,-0.5781784980598037,0.6961880849121205,0.10578686353907359,1.1888774370310493,0.4787409136935657,0.4786453657969143,-338.77332884555886,249.20509471828453,251.71151010203806,213.34516583302388,597.191487479521,450.46171983112856,93.79854270462316,0.84432777904588,339999999.99999994,-0.044779502396713064,-0.0018627105950825965,-0.11432321387811,0.018260671079662172,0.0,10000000.0,0.0,0.0,1.4973750285322986,10000000.0,-5.297580990393421e-06,0.02001605549623051,0.1790866328001824,51.0,3333333.333333333,0.5250044702765901,0.007106311747090353,0.03641527474749504,0.061733726171689804,1.7946882424340744,6.0,280
66.50010001609427,22.0,-0.6347865784067563,0.10477060031956176,0.8236632941973002,10000000.0,-0.6973293768545994,0.6687970782926272,0.14618197871382166,1.2780209463934422,0.5305497622503714,0.5234642577063711,-326.5131006528007,239.63599674097887,163.40259502437056,142.24602324274844,621.4862145466373,403.89264735802413,197.2832096071445,0.7165030814882447,146666666.66666666,-0.196403028227954,0.0007024480139611684,-0.23301757589591415,0.018260671079662172,0.0,10000000.0,0.0,0.0,1.4882446929924673,10000000.0,0.0011195418364979722,-1.2578917544202188,0.17130301200687587,46.0,0.0,0.4230375745677514,0.006016952691549236,0.05590133461393478,0.043941902740988616,1.7957279683976697,6.0,280
83.35813162003382,22.0,-0.6530472494864186,0.5156356996119608,0.8122053918460569,10000000.0,-0.6973293768545994,0.940424560602602,0.1253728930052158,1.240943682396046,0.5070384431469646,0.532442014560564,-316.27258434564385,194.96254977760336,234.0159956317072,149.93782869251444,680.7016000228319,456.2040249917357,134.06812988871422,0.7165030814882447,359999999.99999994,-0.12957091227269266,0.0028704064907830174,-0.24214791143574524,0.018260671079662172,0.0,10000000.0,0.0,0.0,1.4882446929924673,10000000.0,0.0011353141921212188,-0.39552446693366267,0.17538453414300156,42.0,0.0,0.45291046983888916,0.002256439846320434,0.014063564577072375,0.048270806261557594,1.7876688322415784,5.0,280
78.18088389570117,21.0,-0.589134900707601,0.543026706231454,0.8146217233271277,10000000.0,-0.6512211823784524,0.8947728829034466,0.11283415703935103,1.2174776161324454,0.4996819261105406,0.48462026437536265,-303.81480873433907,171.77927762997334,300.4912489173836,207.13014589855823,664.7643905639258,467.49912957954945,56.64776453200994,0.7712850947272312,363333333.3333333,-0.08203184204519512,0.002809219501358481,-0.19649623373658978,0.018260671079662172,0.0,13333333.333333332,0.0,0.0,1.4973750285322984,10000000.0,0.0009591673872335674,-0.15329698488032517,0.18349161513843562,46.0,0.0,0.4468823598127808,0.003915485518545488,0.027857600990796143,0.05174540724290694,1.7887843073962828,5.0,280
63.929054093278324,21.0,-0.5800045651677699,0.2782469755763525,0.8160604815082054,10000000.0,-0.6343300616297648,0.6733622460625428,0.12010777040298073,1.21381816269753,0.5104310303958826,0.48760706362155426,-335.8569862545306,240.29708600123865,196.6945706375617,161.65064482481577,623.2808197722715,427.6278215361899,168.81958912466297,0.7621547591874,323333333.3333333,-0.1242740622384539,-0.0016794931595007021,-0.1873658981967587,0.018260671079662172,0.0,10000000.0,0.0,0.0,1.469984021912805,10000000.0,0.00014299890557256155,-0.518982638360857,0.1774713417438918,51.0,0.0,0.4913754299958166,0.005835506848634732,0.022460198727016524,0.05488446343847105,1.7902026594977754,6.0,280
77.16235175956685,22.0,-0.7260899338050673,0.0043369093814197845,0.8151645915680459,10000000.0,-0.7721981282812144,0.6505364072129649,0.17201312528613066,1.2546803342367832,0.5248186446026004,0.5492996995488251,-337.0939660444518,225.73730318563562,166.9598729745685,124.77399285299815,630.9967550395231,418.4914976639926,228.73947342789288,0.6069390550102717,169999999.99999997,-0.2914187019706307,0.0008244784601185261,-0.3334855055923305,0.018260671079662172,0.0,6666666.666666666,0.0,0.0,1.4517233508331433,10000000.0,0.0010176840763750994,-2.072938434025681,0.17163030362114126,49.0,0.0,0.43630269810686084,0.008771996447775633,0.07607872648329632,0.059512787226710016,1.803761808728722,6.0,275
90.59879507536564,22.0,-0.7443506048847294,0.4060716731339876,0.8116305779136787,3333333.333333333,-0.7721981282812144,0.9632503994521798,0.15046990516846237,1.2757817057829899,0.5516921755807703,0.5384311658143137,-328.2493860004952,203.0694759208848,205.66599233128414,121.52206203764538,680.8377654969366,456.68261338755235,182.46020148259822,0.6069390550102717,349999999.99999994,-0.22029578482842577,0.0027787977729920705,-0.3152248345126683,0.018260671079662172,0.0,10000000.0,0.0,0.0,1.4517233508331433,10000000.0,0.0011826221919597826,-0.8957477170143819,0.16917376302457496,47.0,0.0,0.463544213161007,0.0004029946178438304,0.00781462468424595,0.04469085904833458,1.7888264772774278,5.0,275
78.10050684251541,21.0,-0.6256562428669253,0.5065053640721296,0.8152058227183276,10000000.0,-0.6617210682492581,0.8696644601689112,0.11991233248561269,1.213384366604841,0.5102756181859287,0.49921155197700373,-306.475863046155,178.8768426659769,247.87678284704765,171.1753112182401,670.5571402386009,441.0011954061277,124.68816488329348,0.7347637525679069,363333333.3333333,-0.1145968195997869,0.00280921950135848,-0.23301757589591415,0.018260671079662172,0.0,13333333.333333332,0.0,1.0,1.4699840219128053,10000000.0,0.0009562152658679641,-0.3279157392465126,0.18182587260192132,44.0,0.0,0.4479821115529292,0.003558586707828102,0.024304072013621295,0.05089648070886231,1.7874822944761068,5.0,275
66.58708540101861,21.0,-0.6073955717872631,0.24172563341702807,0.8309895534602002,10000000.0,-0.6612645514722666,0.6779274138324582,0.12654219229207758,1.2250739083907263,0.5146840972141209,0.49184316085186924,-335.49634565691986,235.81215411592243,189.95585067973064,151.9972967064355,631.0160457777015,427.0302519431295,181.2515730620907,0.743894088107738,320000000.0,-0.15032629536635467,-0.0017100293987643508,-0.22388724035608304,0.018260671079662172,0.0,10000000.0,0.0,0.0,1.4791143574526364,10000000.0,0.00015296123442939963,-0.6836053494289277,0.17878339116275413,52.0,0.0,0.47984462935341476,0.005441903678580802,0.019358436170240467,0.05332313658858759,1.7892971145030652,6.0,275
59.40818662856003,22.0,-0.5617438940881077,0.18694362017804156,0.8218164251470402,10000000.0,-0.6146998402191279,0.6687970782926274,0.12533141788752972,1.2304564521607468,0.5191178837085797,0.4857690618465491,-327.3246151368188,251.49999010206835,171.3455315112394,159.30406681985733,609.1809641425101,398.01822409123315,175.62914058738826,0.8078064368865556,229999999.99999997,-0.11310416191128357,0.0009162016888067124,-0.15084455603743435,0.018260671079662172,0.0,10000000.0,0.0,1.0,1.4973750285322986,10000000.0,0.0010827683674661229,-0.528652735313243,0.17476689849837174,55.0,0.0,0.43591796758577517,0.005914052239636159,0.04851781296239985,0.04504399567179518,1.792767877569747,6.0,275
79.20902306230329,22.0,-0.5617438940881077,0.6160693905501028,0.81960036182423,3333333.333333333,-0.6146998402191279,0.9815110705318421,0.11682443006500676,1.2347701416304315,0.5110941996528577,0.5133314069308677,-312.83305956241077,186.53035834047884,264.503061720455,179.23076098133154,668.6129713699784,450.0423257979895,105.97217113316495,0.8078064368865556,366666666.6666666,-0.03135870805752108,0.002778683262094831,-0.12345354941794108,0.018260671079662172,-0.009130335539830892,13333333.333333332,1.0,0.0,1.4973750285322986,10000000.0,0.0012058837758422022,0.10781085358203979,0.17071737693280845,50.0,3333333.333333333,0.5083201557450826,0.002678020323005096,0.021121116836625996,0.04733167375358006,1.7871112994885772,5.0,275
80.10060064037913,21.0,-0.6347865784067563,0.48824469299246753,0.8177421175748975,10000000.0,-0.6795252225519286,0.8742296279388269,0.12535847272650924,1.2374895569587192,0.5129695273282935,0.5001374721582634,-308.33802610867315,179.3552132896443,243.067530623121,164.03373542110194,669.9748540800048,440.71852809477497,136.96434727438,0.7256334170280758,356666666.6666666,-0.12832287149052723,0.0027481470228311834,-0.24671307920566077,0.018260671079662172,0.0,10000000.0,0.0,0.0,1.4791143574526364,10000000.0,0.0009505182105056688,-0.3953409859236308,0.18342042443460824,42.0,0.0,0.43434749287681773,0.0033393413076481843,0.02149068560284104,0.04993567573219877,1.7877842235503452,5.0,275
67.82843992138658,21.0,-0.6256562428669253,0.23259529787719696,0.8348938060423235,10000000.0,-0.6795252225519286,0.6847751654873316,0.128891961612995,1.244717425701763,0.513761317694797,0.5160965536331531,-334.4966263196749,236.31159277722855,183.76992364644855,147.33075077085894,634.6135527113239,427.09101405264954,184.69123967608616,0.7256334170280758,313333333.3333333,-0.16575622004108648,-0.0016794931595007013,-0.23758274366582968,0.018260671079662172,0.0,10000000.0,0.0,0.0,1.4791143574526364,10000000.0,0.00011647187669809422,-0.7952586130555543,0.1770863960869785,52.0,0.0,0.48575462451888796,0.005110868995275896,0.01743375115834341,0.051544032003190444,1.7868083441587421,6.0,275
83.37510192119994,21.0,-0.6713079205660807,0.4791143574526364,0.8079006967538924,10000000.0,-0.7069162291714219,0.8970554667884045,0.12908371679054897,1.227521374260482,0.5308869891192196,0.5045355389355993,-313.0462424009062,184.47275583382307,228.45558453835062,148.506957137478,678.9761644961204,437.884311347882,156.08449334216058,0.6982424104085825,359999999.99999994,-0.15257924370387274,0.0028092195013584816,-0.2695389180552385,0.018260671079662172,0.0,10000000.0,0.0,0.0,1.4791143574526364,10000000.0,0.0010052785516379678,-0.516569502444612,0.18047909116553523,45.0,0.0,0.4406015652869363,0.0026800970352873587,0.015880717327809612,0.048416980864929994,1.7879207589455686,5.0,275
70.32894017770184,21.0,-0.6439169139465875,0.2143346267975348,0.8266697254719103,10000000.0,-0.7060031956174389,0.6870577493722895,0.13547044105726452,1.2456905357049348,0.5188392164735416,0.5089419626283702,-333.31703157087753,234.8144925753003,178.08590321895036,139.29216600123183,641.6821259091976,427.3821436542985,189.65679131690783,0.7165030814882447,303333333.3333333,-0.18855162443886475,-0.0015878844417097553,-0.2512782469755763,0.018260671079662172,0.0,10000000.0,0.0,1.0,1.4973750285322986,10000000.0,0.00018772483812045846,-0.964245093467376,0.17606967613072813,48.0,0.0,0.4808570168633337,0.0048453536324264464,0.012639999681474,0.05042802177869759,1.7889121820627294,6.0,275
66.79353953864086,22.0,-0.6530472494864186,0.08650992923989959,0.8062312749524336,10000000.0,-0.6986989271855739,0.6573841588678384,0.1464000349064204,1.2415954112886367,0.53367502375082,0.49831012237453326,-332.0699378479907,246.46357473189792,161.55395881563973,142.15799239906605,615.7414067893616,404.4835225551144,202.79187928950816,0.6891120748687515,173333333.3333333,-0.2098246214715057,0.0007939422208548772,-0.24671307920566077,0.018260671079662172,0.0,10000000.0,0.0,0.0,1.4608536863729742,10000000.0,0.001007794834130127,-1.3586632936621696,0.17229440661041917,51.0,0.0,0.41958520219570095,0.007393132220753296,0.06362136471485973,0.05202337797444001,1.7981965677358267,6.0,270
83.68323545662957,22.0,-0.6713079205660807,0.49737502853229865,0.8097179346663421,10000000.0,-0.7073727459484136,0.9860762383017575,0.13101756118610597,1.2569226215586786,0.5280829152447265,0.4943581552180823,-322.50704350744525,202.85108742508362,223.42071839887194,142.14370729027826,677.3880499794049,455.37319445471604,149.55237480774548,0.6891120748687515,356666666.6666666,-0.1403143878870881,0.0027482615337284214,-0.23301757589591415,0.018260671079662172,0.0,10000000.0,0.0,0.0,1.4699840219128053,10000000.0,0.001179672023493202,-0.47168809479962814,0.16641139270532543,48.0,0.0,0.4746342432138585,0.0009224098309590278,0.0044946376963130655,0.04504848585653117,1.7884642148310257,5.0,270
83.05910260652217,21.0,-0.6895685916457429,0.43346267975348096,0.8177709957412416,10000000.0,-0.7169595982652361,0.8628167085140378,0.1344878210967441,1.2503044471605689,0.5244584880593278,0.5046797134068717,-315.60900123876354,194.728929643299,211.35291585910878,136.86102649547408,681.2298675987662,440.6801103527061,164.5088276509171,0.6708514037890893,353333333.3333333,-0.17750517385680586,0.002717725294464772,-0.2923989956630906,0.018260671079662172,0.0,10000000.0,0.0,0.0,1.4608536863729742,10000000.0,0.0009972290036781672,-0.6657049652111956,0.17857555581655485,46.0,0.0,0.4463261537993951,0.0021112501527877775,0.011133974923092845,0.0465171990241294,1.7881494444044044,5.0,270
71.94943176843041,20.0,-0.6713079205660807,0.15955261355854827,0.8194628721862937,10000000.0,-0.7260899338050673,0.671079662177585,0.14900629768206222,1.2675757769438865,0.5522701568548618,0.5524887872223658,-330.53854134948875,227.1055520125031,170.6063457965792,128.5530765493747,649.2408200254438,420.3891894651747,203.60812889557127,0.6617210682492581,296666666.6666666,-0.22190778361104765,-0.0015268119631824564,-0.287833827893175,0.018260671079662172,0.0,10000000.0,1.0,0.0,1.4608536863729742,10000000.0,0.00018177007871037724,-1.24352477850132,0.17185563997759906,51.0,0.0,0.49232012296094885,0.004132732503833002,0.00856872944756842,0.04568709326988645,1.784876514930738,6.0,270
75.07192533085092,21.0,-0.5708742296279388,0.5521570417712851,0.8160604146378644,10000000.0,-0.6069390550102716,0.8787947957087423,0.11015312396664634,1.211113359582828,0.49820923598706585,0.48360276017338527,-297.7346795128424,165.87845511477562,271.72988235851585,200.95232363693862,658.4734512567322,430.6161228861049,100.39419449705845,0.7895457658068934,366666666.6666666,-0.051597276116563916,0.0027481470228311825,-0.15997489157726544,0.018260671079662172,0.0,13333333.333333332,0.0,0.0,1.469984021912805,10000000.0,0.0009638627981509005,-0.003962075911167809,0.1794174830024442,45.0,3333333.333333333,0.47210425077347395,0.004485832975718275,0.03340195417440026,0.052918680727996326,1.7871675704655474,5.0,270
61.43440416445732,21.0,-0.5434832230084455,0.30563798219584576,0.8280798679302347,10000000.0,-0.6069390550102716,0.671079662177585,0.1134678284673225,1.1992907475669938,0.5086731572175722,0.471033265434714,-336.7701380316571,243.9294212523224,206.70786093700053,175.5624801539328,613.2776225538252,428.2185540111304,154.15954323737344,0.7895457658068934,329999999.99999994,-0.0945092825077988,-0.0017100293987643521,-0.16910522711709652,0.018260671079662172,0.0,10000000.0,0.0,0.0,1.469984021912805,10000000.0,8.851406015901345e-05,-0.3226810133110062,0.17791836599986458,53.0,0.0,0.5028371639930951,0.0062961252877460705,0.0278136791162918,0.056833120331847925,1.7927326026794177,6.0,270
65.50453081308493,22.0,-0.6347865784067563,0.0956402647797307,0.8204744127106072,10000000.0,-0.6891120748687514,0.6573841588678384,0.14620625039669347,1.2745081893290897,0.5196118058977273,0.5284851113820047,-327.37741259320467,240.02304977485744,160.39866780582878,139.8031126998435,621.6273601337589,403.22525977126634,200.98788270716784,0.7073727459484136,153333333.3333333,-0.20096819599786955,0.0007023335030639298,-0.24214791143574524,0.018260671079662172,0.0,10000000.0,0.0,1.0,1.469984021912805,10000000.0,0.0011192956190471646,-1.3208228446421513,0.17080892568449108,50.0,0.0,0.4234884569282392,0.006269818258897422,0.05672596756964936,0.04543049276639321,1.7945708549215196,6.0,270
82.67499683051165,21.0,-0.6621775850262497,0.5156356996119608,0.8192073169808319,10000000.0,-0.6977858936315908,0.9381419767176443,0.128312211952134,1.2385892014521787,0.5364619136985829,0.49963691857294035,-317.59003156265504,196.15391261372818,229.2015189347397,145.47020350525565,680.893733034168,453.04745899629586,141.96043518315963,0.7073727459484136,359999999.99999994,-0.13632736057216766,0.0028398702515193682,-0.2421479114357452,0.018260671079662172,0.0,10000000.0,0.0,0.0,1.4791143574526364,10000000.0,0.0011150322046110427,-0.4375795944123595,0.17372623005452142,49.0,0.0,0.4561288000447733,0.002024780949649897,0.01277184773210782,0.04727900293616988,1.7879453853065992,5.0,270
66.44101230250712,22.0,-0.6439169139465875,0.08650992923989959,0.8099188852847544,10000000.0,-0.6986989271855739,0.6573841588678384,0.1524080553816935,1.2699796287796208,0.5553515923300556,0.530044189516115,-326.4176878364145,231.599136073743,165.61530568679925,136.8273547866198,627.0140639610513,402.50377387544296,205.41382826205168,0.6891120748687515,146666666.66666666,-0.2093072357909153,0.0007024480139611687,-0.24671307920566077,0.018260671079662172,0.0,10000000.0,0.0,0.0,1.4608536863729742,10000000.0,0.001128680886532663,-1.3833692967080133,0.17445482280766658,53.0,0.0,0.4175408944558119,0.0059395880460882435,0.055880643982489944,0.04283154640465728,1.7957059391200776,6.0,270
82.02268992572405,21.0,-0.6713079205660807,0.48824469299246753,0.8199072634963972,10000000.0,-0.6982424104085825,0.9039032184432777,0.1302182665679517,1.2429511015305548,0.5276022226640048,0.5025960055120262,-316.97634527752604,192.69930943583398,227.1219695467415,142.13420890149632,681.014552927721,448.5770774609608,150.50703656715672,0.6982424104085825,356666666.6666666,-0.1478013771589439,0.00280933401225572,-0.26040858251540744,0.018260671079662172,0.0,10000000.0,0.0,0.0,1.469984021912805,10000000.0,0.0010987146071893624,-0.5018981070886924,0.1755052635189054,43.0,0.0,0.4512238800385505,0.0020763997724809395,0.012604207685035718,0.047408825048563134,1.788559514698784,5.0,270
66.3737116345765,22.0,-0.6439169139465875,0.08650992923989959,0.8134223272167995,10000000.0,-0.6804382561059117,0.6505364072129651,0.1496407165038828,1.2656281716046247,0.5406007524987324,0.5120715274266863,-328.0992897819549,236.25188924497436,159.52983095923008,138.9102606887369,621.9648799850321,400.0760256202302,209.1350713454144,0.7073727459484136,129999999.99999999,-0.21353739633264857,0.0006412610245366314,-0.26040858251540744,0.018260671079662172,0.0,10000000.0,0.0,2.0,1.4608536863729742,10000000.0,0.0010996382498038807,-1.4425777901844807,0.17283749208659702,52.0,0.0,0.4167304192970821,0.006511470982796404,0.059526794725359905,0.04624499755042509,1.7956935044803246,6.0,265
81.22378491184958,21.0,-0.6713079205660807,0.4699840219128053,0.8103564999258871,10000000.0,-0.690481625199726,0.8993380506733623,0.1324886382638631,1.2453900140133995,0.5226228598246709,0.5379366395775517,-319.72462138799676,195.70039274493575,221.16536365846508,138.747636488956,679.9075197439433,447.31123787369756,158.5283262150584,0.6799817393289204,356666666.6666666,-0.15452716274823097,0.00277879777299207,-0.26040858251540744,0.018260671079662172,0.0,10000000.0,0.0,0.0,1.442593015293312,10000000.0,0.0011356399559680607,-0.5485021737112101,0.17295085648317662,42.0,0.0,0.4606594941658829,0.0014355247881306732,0.007543417999774711,0.045211336329850645,1.7878802486693761,5.0,265
61.444197566127855,22.0,-0.5982652362474321,0.13216160693905504,0.8174914848056082,10000000.0,-0.6439169139465875,0.659666742752796,0.13902184861390388,1.2599557267646513,0.5254120751205651,0.5106088122991473,-325.31398667043345,244.26116679150567,161.13766943513315,149.12844218285903,613.7976135221694,396.59632340243,192.51655863532906,0.743894088107738,153333333.3333333,-0.16514696035912646,0.0006719117746975195,-0.21019173704633642,0.018260671079662172,0.0,10000000.0,1.0,0.0,1.4608536863729742,10000000.0,0.0011203293848767021,-1.0231891917672868,0.1712550516021998,47.0,0.0,0.42505945603128237,0.005898431425173293,0.051676688237561615,0.04404383495987503,1.7963606256046756,6.0,265
78.6554451932123,21.0,-0.6165259073270942,0.543026706231454,0.8246570414076514,10000000.0,-0.6430038803926044,0.9312942250627709,0.120822759270134,1.222160950089391,0.519070385444675,0.5207283615976168,-315.20975593226285,186.54080998993103,263.3650424814043,166.22208387693468,674.4969477461347,462.978514867056,108.02208565832706,0.7621547591874,366666666.6666666,-0.09658008065129724,0.0028704064907830182,-0.20562656927642087,0.018260671079662172,0.0,13333333.333333332,0.0,1.0,1.4791143574526362,10000000.0,0.0011700108494192881,-0.237510657725804,0.17229803037090566,45.0,0.0,0.4759079988266086,0.002375594930840594,0.01740081526068831,0.04744711781685013,1.7891088846894145,5.0,265
81.56165103457943,21.0,-0.6713079205660807,0.41520200867381873,0.828055811770342,10000000.0,-0.716046564711253,0.8285779502396713,0.12796951477635937,1.2346847089476434,0.5214917671025966,0.5204591254327408,-308.35913307081137,196.96935483452847,205.0252058021767,142.11830714915587,683.4146948788832,435.1293688742675,152.834986605218,0.6891120748687515,349999999.99999994,-0.17007871110096626,0.002717610783567533,-0.27868637297420673,0.018260671079662172,0.0,10000000.0,0.0,0.0,1.4791143574526364,10000000.0,0.0008867466885724771,-0.6279374374590477,0.18262726995317818,45.0,0.0,0.437569450802203,0.0031318439214528754,0.01821200999432081,0.04898612696249965,1.7871633548007386,5.0,265
71.72683819577712,21.0,-0.6439169139465875,0.2234649623373659,0.8245461446225584,10000000.0,-0.716046564711253,0.6870577493722894,0.13910861554259113,1.2550055374308704,0.5388963004851295,0.5252588841175505,-334.4250035752188,232.40697536238412,179.55277408256202,137.82768710466905,642.797115359616,429.0329783831412,193.66777190116844,0.6891120748687515,313333333.3333333,-0.19637316442212582,-0.0017711018772916497,-0.2695389180552385,0.018260671079662186,0.0,10000000.0,0.0,0.0,1.4791143574526364,10000000.0,2.6251921199286377e-05,-0.9767000100806298,0.179087775016241,49.0,0.0,0.4798711283993926,0.00462116502409206,0.012335719202743902,0.05034977928059629,1.7869766223303982,6.0,265
81.01488106492724,21.0,-0.6439169139465875,0.5065053640721296,0.818132502000458,10000000.0,-0.6703948870120975,0.8970554667884045,0.12286143656166151,1.2373586864572863,0.5076337396034353,0.49456190337211015,-313.2866716419837,190.48230493211608,238.25797536784796,161.75396269908538,673.0417483472096,450.3918087724114,130.4347677443944,0.7347637525679069,359999999.99999994,-0.12254089629460545,0.002870291979885779,-0.24671307920566077,0.018260671079662172,0.0,13333333.333333332,0.0,0.0,1.4791143574526364,10000000.0,0.0010570909156085648,-0.3606843974346365,0.18004106871224312,44.0,0.0,0.45477663966004633,0.002927879185945281,0.019897052862800173,0.05019030332254744,1.79037834933724,5.0,265
66.7505544616908,21.0,-0.6073955717872631,0.20520429125770373,0.8300996639223799,10000000.0,-0.6521342159324355,0.6847751654873315,0.13010516860361734,1.2220077902185855,0.511834098834636,0.5045348853570768,-333.7832970034402,231.02608009849902,188.45814992350125,148.1746001030496,633.8204052064309,423.85394324454217,186.40534071278654,0.7530244236475689,306666666.6666666,-0.1593957620025869,-0.001526811963182456,-0.23301757589591415,0.018260671079662172,0.0,10000000.0,0.0,0.0,1.4791143574526362,10000000.0,0.0002685541138136206,-0.7763059610817349,0.17598655036116817,52.0,0.0,0.4789287498189977,0.005271550935081747,0.017190962581005335,0.051585291140379234,1.78926374185823,6.0,265
75.48386935612118,21.0,-0.6073955717872631,0.48824469299246753,0.8169825837890107,10000000.0,-0.6352430951837479,0.8491212052042911,0.11675032327373769,1.2092958920720127,0.5040767268731126,0.5014004380382184,-303.06860428272927,173.53436506118464,255.5125340437358,178.36983180105014,669.9328155971281,433.5471273199906,117.4645703018331,0.743894088107738,359999999.99999994,-0.10364018869360114,0.0027176107835675343,-0.21475690481625198,0.018260671079662172,0.0,13333333.333333332,1.0,0.0,1.451723350833143,10000000.0,0.0009086966319205263,-0.2829073457540573,0.17998771924113383,44.0,0.0,0.4520675992420332,0.0037705977085894173,0.026005276199717143,0.04989746911851672,1.7872480675175342,5.0,265
63.793804161154064,20.0,-0.5982652362474321,0.25998630449669025,0.8226143048519723,10000000.0,-0.636156128737731,0.6847751654873315,0.12284250974687852,1.2151688472514561,0.5101076757512016,0.48517538808226873,-334.9292354662268,241.52372639956437,185.74832056510033,151.8212026629545,628.621598964568,427.2907694767403,176.1743013589131,0.7256334170280758,320000000.0,-0.14466525907327088,-0.0017100293987643512,-0.21019173704633642,0.018260671079662172,0.0,10000000.0,1.0,1.0,1.4334626797534809,10000000.0,6.817138567764979e-05,-0.6705533404236629,0.17450142743821234,46.0,0.0,0.48700940378227864,0.0054027867368025345,0.02057324653652564,0.05315846782964286,1.7889097247861154,6.0,265
78.54931274791056,21.0,-0.6347865784067563,0.4517233508331432,0.8146491373588274,10000000.0,-0.6617210682492581,0.8354257018945446,0.11995197012006416,1.2263922666264058,0.5087232847120245,0.4943495884623149,-306.7719151400396,180.28332120059125,234.97045358748773,158.39215108533242,677.508089226221,429.76284983177186,142.83732924484576,0.7347637525679069,356666666.6666666,-0.1315488092520733,0.002748147022831182,-0.2421479114357452,0.018260671079662172,0.0,10000000.0,1.0,0.0,1.4699840219128053,10000000.0,0.0009337787894313227,-0.426052933713263,0.1795640018409991,49.0,0.0,0.4554796433564383,0.003502110203872958,0.02262670245889979,0.05014126752131209,1.7882418639602966,5.0,260
65.35566486768386,20.0,-0.6165259073270942,0.2234649623373659,0.8251772507529805,10000000.0,-0.6530472494864186,0.671079662177585,0.12477705380420523,1.2237880218897388,0.5249297612864606,0.4876609582427052,-334.11260533827664,239.57597358840232,181.00464449448614,145.65850752502507,634.376162607397,425.6964791695458,181.74059153261635,0.7347637525679069,313333333.3333333,-0.15790424560602598,-0.0016184206809734037,-0.2284524081259986,0.018260671079662172,0.0,10000000.0,0.0,0.0,1.4608536863729742,10000000.0,0.0001028162150646431,-0.7731249411731069,0.17119958004657246,50.0,0.0,0.4825004338407487,0.005329215607294287,0.01887927308771674,0.051666072861286196,1.7868044939693373,6.0,260
79.84787332777023,21.0,-0.6530472494864186,0.4517233508331432,0.8154329956931811,10000000.0,-0.6804382561059117,0.8468386213193333,0.12808006854244514,1.2420921545872041,0.5125986666683429,0.5382902816500258,-310.1049125152065,188.12065574669643,218.8768642961276,151.5564407851552,675.4126920805948,431.58460268995,155.6929320710627,0.7073727459484136,353333333.3333333,-0.15163566156889596,0.0026870745443038843,-0.2695389180552385,0.018260671079662172,0.0,10000000.0,0.0,0.0,1.4608536863729742,10000000.0,0.0009226828001555881,-0.5338103479406037,0.18037257065421805,47.0,0.0,0.4514547647911923,0.0028953168965048983,0.01839045093454139,0.047373378445611895,1.7878976292755477,5.0,260
68.10087979085361,20.0,-0.6347865784067563,0.19607395571787262,0.8328987151108432,10000000.0,-0.6895685916457428,0.6779274138324585,0.13658736687828715,1.2622045857408526,0.5178863607998007,0.507459898737325,-332.59138887014285,237.62609892749896,173.77205286871157,138.22834649218908,638.3607136960669,428.90503033206545,188.06653823446862,0.6982424104085825,306666666.6666666,-0.18891695198965225,-0.0015878844417097553,-0.2512782469755763,0.018260671079662172,0.0,10000000.0,0.0,0.0,1.4608536863729742,10000000.0,0.00011675365466474132,-0.9955962106134332,0.1712306809037079,50.0,0.0,0.4835859010437834,0.004794464213340266,0.013648501714086603,0.05028135709159535,1.786224527524114,6.0,260
64.54942072348061,22.0,-0.6439169139465875,0.08650992923989959,0.8169893604579818,10000000.0,-0.6813512896598949,0.6482538233280073,0.14586145585888693,1.2428763098671092,0.5317372353020171,0.5164545295215189,-329.9634607376627,243.04816552514174,155.327177779303,141.0612543824961,615.2347904773965,397.34454183882144,209.45373393325434,0.6891120748687515,136666666.66666666,-0.2097638666971011,0.0006412610245366311,-0.2558434147454919,0.018260671079662172,0.0,10000000.0,1.0,1.0,1.442593015293312,10000000.0,0.0010451234413396137,-1.4460999751288461,0.1685508309794118,46.0,0.0,0.42610044788695467,0.0071459475189589216,0.061905469207422334,0.05017841778319197,1.800463906933141,6.0,260
81.58115720711663,22.0,-0.6713079205660807,0.4699840219128053,0.8140035898412661,10000000.0,-0.6900251084227345,0.9404245606026023,0.13447849907110512,1.2432910906917842,0.5256299092703061,0.5230967184477405,-322.97132703304953,201.3368763875317,220.97349542217967,138.78771519174003,675.7304038335247,455.1949913248117,155.97813826686797,0.6891120748687515,359999999.99999994,-0.1525184889294681,0.00277879777299207,-0.2558434147454919,0.018260671079662172,0.0,10000000.0,1.0,0.0,1.451723350833143,10000000.0,0.0011443643827141448,-0.5384803812967375,0.17090120492954833,46.0,0.0,0.46797413477690164,0.0007493050879444852,0.003874749212355783,0.04464139473928972,1.7881359254787408,5.0,260
62.60715853488125,22.0,-0.6073955717872631,0.13216160693905504,0.8075070841263949,10000000.0,-0.6430038803926044,0.6665144944076694,0.14124906163968665,1.3039267870006142,0.5307063203650872,0.5422764032064573,-317.6237413222918,233.5666198461361,156.8869348344738,146.53000264065378,623.8516506078856,388.0942322637461,195.01665939801694,0.7621547591874,96666666.66666666,-0.16396047325572546,0.0005192305783792739,-0.20562656927642087,0.018260671079662172,0.0,10000000.0,0.0,0.0,1.4791143574526362,10000000.0,0.001203303691885348,-1.033007741515018,0.16769587554311974,51.0,0.0,0.42768852699222915,0.004427254791287343,0.04475524617420213,0.0355786662376768,1.7873648877945818,6.0,260
79.41071907266863,21.0,-0.6165259073270942,0.5156356996119608,0.8184269402431715,10000000.0,-0.6425473636156127,0.8810773795937,0.11773651175930402,1.2099489531500887,0.4993501242248627,0.507165312048408,-308.7747222203064,187.49315696020074,253.92247202265403,173.8169440045817,673.3170027614921,452.4265349178199,105.62120772272361,0.7712850947272312,363333333.3333333,-0.10178402952141821,0.0028092195013584816,-0.21475690481625198,0.018260671079662172,0.0,13333333.333333332,0.0,1.0,1.4882446929924673,10000000.0,0.001014390852028513,-0.2601132962586995,0.1773221612149656,45.0,0.0,0.46271953480190875,0.003349996017136575,0.024222880482478542,0.0495679675216393,1.788265042340726,5.0,260
75.55482817317065,21.0,-0.589134900707601,0.5156356996119608,0.8251040083779468,10000000.0,-0.6251997260899338,0.8445560374343757,0.1145673761617918,1.2178338562125888,0.5047515970269041,0.4856375092629877,-299.7783180783792,167.19835951547662,277.83609978806544,197.3050821239456,663.3960547422884,442.1416755651706,90.63892039621176,0.7712850947272312,359999999.99999994,-0.08973164422125843,0.0026870745443038847,-0.21019173704633642,0.018260671079662172,0.0,13333333.333333332,0.0,0.0,1.469984021912805,10000000.0,0.0009548928691715732,-0.2091536279910348,0.17866020805166333,43.0,0.0,0.4598394230769598,0.004084207502051654,0.028333976663873238,0.05071581605804027,1.7867064905564947,5.0,260
62.19007592287689,20.0,-0.5708742296279388,0.25998630449669025,0.8333408600746872,10000000.0,-0.6247432093129421,0.671079662177585,0.11604695670546838,1.205582305946961,0.5094849715301276,0.4741298326295832,-334.81376852462216,246.89964841961296,187.11841950551934,160.38178044490795,623.1930545649351,424.9699081802986,166.57537298134727,0.7804154302670623,326666666.6666666,-0.12050019021532371,-0.0016489569202370528,-0.18280073042684314,0.018260671079662172,0.0,10000000.0,0.0,0.0,1.4791143574526364,10000000.0,9.20805381948254e-05,-0.5143064552106255,0.17177439565070796,48.0,0.0,0.49370100829815045,0.00575000401416444,0.025262731070383324,0.05363947198829073,1.7896323124512383,6.0,260
81.27472046527404,21.0,-0.6621775850262497,0.4608536863729743,0.8218503255010201,10000000.0,-0.6795252225519286,0.8696644601689112,0.127663978634221,1.2412831886070612,0.5256755158559778,0.4973104278545291,-315.1866115486125,197.6761582936223,220.40112336494968,142.68633458766195,681.3463609297381,446.99514823817714,146.59905816730407,0.7256334170280758,356666666.6666666,-0.14889690329452937,0.0028093340122557196,-0.27412120520429123,0.018260671079662172,0.0,10000000.0,0.0,1.0,1.4791143574526364,10000000.0,0.0010734829666714265,-0.5112146480892514,0.1755879810419008,43.0,0.0,0.46416944000536364,0.002333130464884615,0.014747051314730655,0.04710631758703744,1.7880191749021557,5.0,255
67.54159340115991,20.0,-0.6347865784067563,0.18694362017804156,0.8278835337292286,10000000.0,-0.6708514037890891,0.6687970782926272,0.13694529101865274,1.2494112952318748,0.5290540288073194,0.5111316872874403,-331.71733433903904,231.07346161522662,176.54606633785212,141.02031051943462,638.0607031960444,420.93578170077603,194.19432559473321,0.7256334170280758,300000000.0,-0.18322582363235176,-0.001465739484655158,-0.24671307920566077,0.018260671079662172,0.0,10000000.0,0.0,1.0,1.469984021912805,10000000.0,0.0002731466044162258,-0.9676486223567923,0.17480230900346813,48.0,0.0,0.4740690134327342,0.0047650576773532564,0.014298741759003537,0.04863954478077889,1.7868815522343469,6.0,255
78.38674469098655,21.0,-0.6347865784067563,0.4608536863729743,0.8173602190463609,10000000.0,-0.6703948870120975,0.8491212052042914,0.1240232486251099,1.2300547952076897,0.5008696161749634,0.5295153570810804,-313.14285057930414,191.47882262332325,229.40997211476343,150.46448377147357,679.0118956898078,442.26278945608635,141.49796028247906,0.7347637525679069,359999999.99999994,-0.13224925816023736,0.002809219501358481,-0.2558434147454919,0.018260671079662172,0.0,13333333.333333332,1.0,1.0,1.4791143574526364,10000000.0,0.0010449853257265254,-0.42969631364977534,0.17752442432562773,46.0,0.0,0.4637911241004298,0.00268776731649842,0.017991433907357444,0.04763229001038813,1.787489632248238,5.0,255
64.44342275589727,20.0,-0.6073955717872631,0.18694362017804156,0.8339479100452164,10000000.0,-0.652590732709427,0.6687970782926272,0.13046673991474755,1.2364511444682995,0.5168995467658547,0.509983860587209,-331.9598940250445,238.6925447659672,177.30365431641798,143.6734053620095,634.1319005477625,425.038013248725,182.3511267866492,0.743894088107738,306666666.6666666,-0.16332169215552003,-0.0014962757239188069,-0.2284524081259986,0.018260671079662172,0.0,10000000.0,0.0,0.0,1.4699840219128053,10000000.0,0.00022698066499858785,-0.8414045779800604,0.17067462411163387,54.0,0.0,0.4856711325912565,0.004980169274381113,0.016852578845713555,0.049639236276752666,1.7865093676413633,6.0,255
59.44241647167968,22.0,-0.589134900707601,0.13216160693905504,0.8105425937485334,10000000.0,-0.644373430723579,0.6482538233280073,0.13417411441466323,1.2523075643824222,0.5193689638422776,0.5426838627875389,-324.0946487022526,248.6927961924163,151.49032516690662,147.60312432646643,613.3640194095036,388.2566018262416,195.06456851284486,0.7347637525679069,146666666.66666666,-0.16490314235714826,0.00064137553543387,-0.19649623373658978,0.018260671079662172,0.0,10000000.0,1.0,0.0,1.451723350833143,10000000.0,0.001054202613461282,-1.054958486828054,0.16904147239656994,48.0,0.0,0.42341438637418627,0.005742544621834753,0.05233644634837781,0.04204383562082539,1.794944150549532,6.0,255
77.07067775678013,21.0,-0.6256562428669253,0.5156356996119608,0.8215969168903551,10000000.0,-0.6352430951837479,0.8902077151335311,0.12132909389756799,1.2277935864002232,0.5079565748762387,0.523982158553105,-316.0756879529477,194.76392721120615,242.4908053466723,157.91925942990989,674.6390365612591,454.93368931178696,123.97454857801311,0.743894088107738,363333333.3333333,-0.10847972304648858,0.00277879777299207,-0.22388724035608304,0.018260671079662172,0.0,13333333.333333332,0.0,0.0,1.451723350833143,10000000.0,0.0010964072113418873,-0.30620002824546244,0.17460890381836833,44.0,0.0,0.46924386858060085,0.0020361850124492233,0.015435609453255748,0.04583613988700202,1.788336662339106,5.0,255
59.69207218381067,22.0,-0.589134900707601,0.15042227801871721,0.8129725234797708,10000000.0,-0.6256562428669252,0.6573841588678384,0.13095423240392315,1.2459430082068998,0.5115509789474816,0.5184836349795724,-325.94619389517993,247.4042724864003,158.6006198114835,156.45997539210813,604.7747448356182,384.44906709293446,196.18459087513384,0.7621547591874,160000000.0,-0.1495034238758274,0.0006717972638002804,-0.19193106596667425,0.018260671079662172,0.0,10000000.0,0.0,0.0,1.4608536863729742,10000000.0,0.00106540111218208,-0.8922516620719086,0.16917349617032573,50.0,0.0,0.4270539784442523,0.006139931346082802,0.05313125575709761,0.04479922882398418,1.7953715075591916,6.0,255
78.26095664192573,22.0,-0.6073955717872631,0.543026706231454,0.8145736050623588,10000000.0,-0.6338735448527733,0.9312942250627709,0.12018968623175277,1.240584611516885,0.517277234724153,0.5065831437594778,-317.58957118612335,187.39481208402117,278.3463901251698,178.2662799001685,665.8885069730959,473.29370546023904,92.29390430121312,0.7712850947272312,363333333.3333333,-0.0830062010195541,0.0028398702515193682,-0.19193106596667425,0.018260671079662172,0.0,13333333.333333332,0.0,0.0,1.4791143574526362,10000000.0,0.0011728678823561146,-0.1682153958774858,0.17026460883210404,44.0,0.0,0.4927688849342523,0.0019533065715130887,0.015515694443316429,0.04698235599920764,1.7898242542034672,5.0,255
59.44844706872411,22.0,-0.5708742296279388,0.1686829490983794,0.8201895502734063,10000000.0,-0.615612873773111,0.6596667427527961,0.14204185562325639,1.378830775728428,0.5284189142691439,0.5820945966694471,-307.427538775725,226.3090177244568,154.79309929804077,159.43321521169665,616.7931100075873,376.53807972472157,188.08663214180478,0.7895457658068934,46666666.666666664,-0.13885216465038422,0.0003053623926364912,-0.1873658981967587,0.018260671079662172,0.0,10000000.0,0.0,0.0,1.4791143574526364,10000000.0,0.0011950881018564354,-0.8528720748656182,0.16809964918232417,50.0,0.0,0.42863913304766377,0.0031197409273813286,0.03615859426024617,0.03053187718077926,1.7853220497765314,6.0,255
75.59947657683901,21.0,-0.5982652362474321,0.49737502853229865,0.815889248122298,10000000.0,-0.6160693905501027,0.8194476146998402,0.11281185791078241,1.1987395183333662,0.49828482820451453,0.4834099916720366,-301.8776482570845,170.14044781414154,288.48192256238934,195.79881686391508,669.2081812203099,453.03789133196716,74.94312369129473,0.7804154302670623,366666666.6666666,-0.0883012249866849,0.0028397557406221303,-0.2010614015065053,0.018260671079662172,0.0,13333333.333333332,0.0,0.0,1.469984021912805,10000000.0,0.0009501811477430521,-0.19875001904541065,0.18055640085272323,43.0,0.0,0.46935473441883546,0.004102434513784781,0.02900029860413475,0.05185944982282844,1.787271935207357,5.0,255
77.60837389526404,21.0,-0.6530472494864186,0.42433234421364985,0.8115213454444145,10000000.0,-0.6640036521342159,0.8262953663547135,0.1271917133639945,1.238838537975025,0.5073395061573497,0.49596617371813584,-314.02620942623196,200.61814407303154,211.9438054958206,140.50762893400892,679.8780506577427,442.3267003095182,149.978666436234,0.6891120748687515,356666666.6666666,-0.15470988358822182,0.002748147022831182,-0.28326866012325946,0.018260671079662172,0.0,10000000.0,0.0,0.0,1.4243323442136497,10000000.0,0.0009359740609763392,-0.5622091102746962,0.17835971707681564,44.0,0.0,0.4650278431540905,0.00239993729731534,0.014664321937776765,0.04699690827383296,1.7891313009590766,5.0,250
65.3928321546409,20.0,-0.6347865784067563,0.1686829490983794,0.8273898324790973,10000000.0,-0.6544167998173932,0.6665144944076695,0.1399008476859917,1.2345331860651483,0.5351932725853206,0.537880423646484,-330.41424094803915,232.72502958617736,173.78817060336038,135.07324853804568,640.9132393397896,419.77528458046277,192.80606813736955,0.7073727459484136,303333333.3333333,-0.1858733926805143,-0.0014962757239188069,-0.2558434147454919,0.018260671079662172,0.0,10000000.0,0.0,0.0,1.4334626797534809,10000000.0,0.00015437930035180867,-1.0124061723723643,0.17083203414046982,51.0,0.0,0.4764304293457927,0.0044697444465401255,0.012561738578784586,0.046491170968634185,1.7864554509990158,6.0,250
57.6111247046539,22.0,-0.5800045651677699,0.1412919424788861,0.8124226101813071,10000000.0,-0.6169824241040858,0.650536407212965,0.12674640427477704,1.2280649916650304,0.5160999559253018,0.49154485021314354,-326.44553429206576,261.97251287169223,148.77987484241774,155.845469296514,602.2789625841723,387.3595255723516,186.53053021338468,0.7621547591874,169999999.99999997,-0.14813387354485275,0.00070233350306393,-0.19193106596667425,0.018260671079662172,0.0,10000000.0,1.0,0.0,1.4517233508331429,10000000.0,0.000988542371868753,-0.8953478080587968,0.17020292486771882,48.0,0.0,0.42507497286275064,0.006298495045159244,0.05355941217240125,0.045920452029514267,1.7947612695438584,6.0,250
76.83202119976485,22.0,-0.6073955717872631,0.5247660351517919,0.8263863271693542,10000000.0,-0.6261127596439169,0.940424560602602,0.12180206629808654,1.2497487853535239,0.5165565550737349,0.47713868087552547,-317.895258162154,196.75669622397507,255.3434545415721,169.08715358680678,664.7931470171525,469.68313486643007,106.38671569675886,0.7530244236475689,359999999.99999994,-0.09210610210758574,0.0027177252944647736,-0.2010614015065053,0.018260671079662172,0.0,13333333.333333332,0.0,0.0,1.4517233508331429,10000000.0,0.0011710976377254068,-0.224347438958021,0.1681421729542062,46.0,0.0,0.4925032742817449,0.00164128956744601,0.012737070511769618,0.045771115594163116,1.7886879631970982,5.0,250
63.04014455187969,22.0,-0.6347865784067563,0.08650992923989959,0.8127963347765689,10000000.0,-0.6635471353572243,0.6391234877881762,0.14325600747851713,1.242659845275596,0.5106384023862023,0.510250675517422,-331.64699943386086,245.9833143406964,152.6269324561365,142.00918330636134,611.0793677959566,396.01629320844364,212.10836457798857,0.6982424104085825,153333333.3333333,-0.2107071064444951,0.0006717972638002808,-0.2558434147454919,0.018260671079662172,0.0,10000000.0,0.0,1.0,1.4334626797534809,10000000.0,0.0009868402504429146,-1.4744685056259632,0.16791923393250896,47.0,0.0,0.42817928723080023,0.007724498470545731,0.06463744399527586,0.05358269903809442,1.8011896797713791,6.0,250
79.86493633839157,22.0,-0.6621775850262497,0.4608536863729743,0.8089282055995191,10000000.0,-0.6813512896598949,0.9107509700981511,0.1326071154556481,1.2556983854587163,0.5189600483379939,0.5166817242698242,-325.46061800008295,204.21497880789823,220.75615418026362,137.84645607524084,673.1325629955435,457.63341355164414,157.1045721749464,0.6891120748687515,356666666.6666666,-0.15041874001369546,0.0027482615337284214,-0.2558434147454919,0.018260671079662172,0.0,10000000.0,0.0,0.0,1.442593015293312,10000000.0,0.0011696453098381954,-0.5379770725696084,0.1691393746407152,46.0,0.0,0.47786954643004576,0.00019918570071653023,0.001453125274710949,0.04435782345355912,1.7893061026554649,5.0,250
60.40237483328045,22.0,-0.6073955717872631,0.11390093585939287,0.80638571476736,10000000.0,-0.6448299475005705,0.6391234877881762,0.13660697833739732,1.2453091491571282,0.5084577035207994,0.489762637450943,-329.51649781969695,254.70415873410758,153.12549859008348,152.4146357341974,601.4799977261291,390.85901541733324,199.02696918659535,0.7256334170280758,156666666.66666666,-0.17878182302366274,0.0006717972638002804,-0.22388724035608304,0.018260671079662172,0.0,10000000.0,0.0,0.0,1.442593015293312,10000000.0,0.0009650932691004378,-1.172778615785237,0.1688814749408686,53.0,0.0,0.4233024648525493,0.007172314430917142,0.059207402487376916,0.051414978071771734,1.802543143664792,6.0,250
77.61719629416436,22.0,-0.6439169139465875,0.49737502853229865,0.8119304345283005,10000000.0,-0.6448299475005705,0.9290116411778133,0.12656284588761768,1.2473526316053358,0.5258183629837101,0.5115927975432902,-321.87029816042246,201.56872103598462,234.9499098043922,150.36140965397777,671.4519198985918,459.36962701505627,135.3376668921451,0.7256334170280758,359999999.99999994,-0.11575367115574825,0.0027482615337284214,-0.21019173704633642,0.018260671079662172,0.0,10000000.0,0.0,0.0,1.442593015293312,10000000.0,0.001165661740759558,-0.355072462984217,0.16584730162098615,48.0,0.0,0.494758283905936,0.0008889223982823199,0.007474417976432347,0.043997977573286134,1.787491933769723,5.0,250
60.1516720526129,22.0,-0.6165259073270942,0.10477060031956176,0.7957096478805604,10000000.0,-0.6366126455147225,0.641406071673134,0.134550484050882,1.2251256161426332,0.500481317857544,0.5070802935404726,-331.2981774273904,259.19110687103483,150.2325644785102,150.0381517285709,601.9298665219181,390.4835798694399,199.81815216123664,0.7165030814882447,173333333.3333333,-0.18301186943620174,0.0007328697423275795,-0.22388724035608304,0.018260671079662172,0.0,10000000.0,0.0,0.0,1.4243323442136497,10000000.0,0.0009307112720233388,-1.2096006874884075,0.16835386197238034,49.0,0.0,0.42578890779709,0.007599348454537441,0.062066096537462416,0.053535936675814286,1.7982384769245743,6.0,250
78.22046159267356,22.0,-0.6347865784067563,0.48824469299246753,0.8197451589633027,3333333.333333333,-0.6539602830404017,0.9472723122574754,0.12893905041513415,1.251362031172908,0.5234578364072313,0.5115088386714971,-324.57611108959696,201.89449302049397,232.13698094370585,147.5685559528993,669.7590735213329,458.99323821952487,144.67528895773006,0.7165030814882447,359999999.99999994,-0.12214490603363004,0.0027177252944647723,-0.2193220725861675,0.018260671079662172,0.0,10000000.0,0.0,0.0,1.442593015293312,10000000.0,0.001172379343107616,-0.38808894067239075,0.16758767348802267,43.0,0.0,0.4873130398145128,0.0002652724627810654,0.0028634566326215705,0.04344032445509135,1.7891249015675137,5.0,250
74.29709814683468,21.0,-0.5982652362474321,0.49737502853229865,0.8113382563473549,10000000.0,-0.5991782698014151,0.8536863729742068,0.1168197956735805,1.2244932176961678,0.5087491981170973,0.5058886258872082,-309.93096402891405,188.2227672928644,260.6328540653644,175.4382481536709,668.5175101590088,458.1840540396202,97.78335600880234,0.7712850947272312,359999999.99999994,-0.09216685688199037,0.002717610783567533,-0.2193220725861675,0.018260671079662172,0.0,13333333.333333332,0.0,1.0,1.442593015293312,10000000.0,0.0010326827111591908,-0.22754165903074622,0.17484640793941697,43.0,0.0,0.4810887218621578,0.0028552480396064495,0.021739909134857256,0.04687563417031349,1.7869969089857651,5.0,245
58.88487162237111,20.0,-0.5708742296279388,0.19607395571787262,0.8203126653945447,10000000.0,-0.6000913033553983,0.6687970782926272,0.11753900590526437,1.208827376419353,0.5123853865607925,0.4853777335572656,-331.01429063873564,242.17818992665946,177.86687664794758,154.09745216758333,624.7253920492313,418.026385823993,174.6784070618472,0.7530244236475689,306666666.6666666,-0.13020866621014987,-0.0013435945276005616,-0.19193106596667425,0.018260671079662172,0.0,10000000.0,0.0,0.0,1.4243323442136497,10000000.0,0.0003015355246826791,-0.6450034905581501,0.16836939969623702,49.0,0.0,0.48451679312764573,0.005364433417980961,0.021095701835919023,0.04999895031872288,1.788013453252689,6.0,245
54.87010794352738,22.0,-0.5526135585482765,0.17781328463821044,0.8162471340661168,10000000.0,-0.580917598721753,0.6482538233280073,0.1232156500921728,1.230771664182379,0.5096959262613583,0.523273160759056,-325.2970285806689,255.14144228448615,156.82696303414696,161.73325930759606,597.758148582204,383.2728586227747,185.4414704445525,0.7895457658068934,160000000.0,-0.11852115194400056,0.0006412610245366319,-0.1554097238073499,0.018260671079662172,0.0,10000000.0,0.0,0.0,1.442593015293312,10000000.0,0.001036496035631469,-0.6523685597654412,0.17002202422799625,47.0,0.0,0.4324840568315971,0.006056426059432061,0.04943729417152016,0.04520589431443515,1.7947453531514108,6.0,245
74.47841913051738,22.0,-0.5708742296279388,0.5521570417712851,0.817564241260701,10000000.0,-0.589134900707601,0.9175987217530244,0.11768449962564034,1.2181455599424114,0.5062683242724495,0.5216708901195977,-313.015989908906,144.31850966052903,497.4773094424105,307.10672288913696,636.689396671893,594.2957535006841,-158.04515754020682,0.7986761013467245,369999999.99999994,-0.054702389104466224,0.0027482615337284214,-0.15084455603743435,0.018260671079662172,0.0,13333333.333333332,0.0,2.0,1.4608536863729742,10000000.0,0.0012092248005626596,-0.029018500193728508,0.16542017601502182,49.0,3333333.333333333,0.514488000191498,0.0017689486272658695,0.016549125154264505,0.044407028502440896,1.7880127543231057,5.0,245
62.976913724763726,22.0,-0.6256562428669253,0.11390093585939287,0.8130316816846971,10000000.0,-0.6626341018032412,0.6528189910979229,0.1433162351965988,1.2807926625236508,0.5587902376739666,0.5213806533712066,-321.98475501208503,236.5297096834257,148.8035531092862,142.58691348325007,619.8988936171194,386.5035068675334,208.62328102965787,0.7165030814882447,76666666.66666666,-0.19195971239443044,0.000458043588954737,-0.23301757589591415,0.018260671079662172,0.0,10000000.0,0.0,0.0,1.451723350833143,10000000.0,0.0011559387789895524,-1.3425347281366362,0.1646080611659394,52.0,0.0,0.4321556084983391,0.005556595289644338,0.05322691458237973,0.040679410810661246,1.7928436869902096,6.0,245
79.20539679954229,21.0,-0.6439169139465875,0.4699840219128053,0.8123510321221024,10000000.0,-0.652590732709427,0.8605341246290801,0.12371981772201801,1.2291833648377861,0.5228803867297915,0.5095504270972708,-316.4773151010004,196.27076280968518,230.9549193186594,149.39838546059448,678.5803148514917,449.2056576554685,138.74810434424145,0.743894088107738,359999999.99999994,-0.13017960130868136,0.0028398702515193674,-0.2512782469755763,0.018260671079662172,0.0,13333333.333333332,0.0,1.0,1.4699840219128053,10000000.0,0.0010774704948089923,-0.413788871377877,0.177825504543742,50.0,0.0,0.4648592145664735,0.0021826101263981903,0.015696748615043735,0.04655593545047283,1.7875565312212474,5.0,245
60.40166100844462,21.0,-0.5982652362474321,0.1412919424788861,0.8102303172796329,10000000.0,-0.6434603971695959,0.6505364072129651,0.12869508757122222,1.221336057930845,0.500349627289726,0.5027821196666777,-331.901485852469,263.53682763166336,149.98355145477422,160.98529499591874,592.4664414215853,380.35537748259776,199.86632208626477,0.7530244236475689,176666666.66666666,-0.16389914783534956,0.000732869742327578,-0.21019173704633642,0.018260671079662172,0.0,10000000.0,0.0,0.0,1.469984021912805,10000000.0,0.0009605241346628981,-1.012200110470805,0.16873261745277332,49.0,0.0,0.4311040210231636,0.0077514827299722455,0.06176596071816808,0.05499759054771703,1.799485923491518,6.0,245
79.588536099916,22.0,-0.6256562428669253,0.5247660351517919,0.816277123758008,10000000.0,-0.6338735448527733,0.9678155672220954,0.12030757040896192,1.2339505727294828,0.5114027919246282,0.525342010230589,-324.0013024429978,202.88021312809926,256.79191611953036,163.83798773956846,668.7176964436858,474.3848614597572,108.13801833198143,0.7712850947272312,366666666.6666666,-0.08738887620786727,0.002839870251519369,-0.17367039488701208,0.018260671079662172,0.0,13333333.333333332,0.0,0.0,1.4791143574526362,10000000.0,0.0012792028460972087,-0.19352712613877762,0.16481883311371545,43.0,0.0,0.5032120437773742,0.0005434120334878371,0.006926418877012554,0.044642219263091705,1.7868324641099285,5.0,245
57.45631872975483,22.0,-0.589134900707601,0.13216160693905504,0.8042974984066324,10000000.0,-0.6192650079890436,0.6391234877881762,0.14189396459077686,1.3126723525309525,0.5556872250043472,0.5233855883168952,-315.9300473993271,233.75861729710257,145.98427076948383,150.2276681844187,611.3493443736154,374.2989377279356,206.3103779689819,0.7165030814882447,43333333.33333333,-0.17172057368941637,0.0002749406642700808,-0.20562656927642087,0.018260671079662172,0.0,10000000.0,0.0,0.0,1.4060716731339875,10000000.0,0.0010699895980735721,-1.243289605903296,0.16388302030045107,51.0,0.0,0.4280673558911462,0.004742073317857792,0.04685861625983262,0.036652391474550364,1.7921132921082334,6.0,245
74.49501560933604,21.0,-0.6165259073270942,0.4517233508331432,0.8168951903735288,10000000.0,-0.6274823099748916,0.8240127824697556,0.12199059820722571,1.2283123791910202,0.5222617427811487,0.4710095840378622,-314.5262368564113,198.28520843435072,227.15248168818732,149.09746334195168,676.2448029491894,448.387183899869,135.49949718652874,0.7256334170280758,359999999.99999994,-0.1275315757437419,0.0027482615337284214,-0.2558434147454919,0.018260671079662172,0.0,13333333.333333332,0.0,0.0,1.4243323442136497,10000000.0,0.000964090036973932,-0.41742475245716737,0.18029507955193722,44.0,0.0,0.46716814299096143,0.002260165050676642,0.01720350913256617,0.045830619070260564,1.7890798250476738,5.0,245
75.35353435749848,21.0,-0.6165259073270942,0.4608536863729743,0.8105626155214511,10000000.0,-0.6178954576580689,0.8331431180095867,0.1199807411239883,1.2216416471768246,0.5201329431489049,0.4845579500627016,-315.1172420986826,197.03684333859505,236.74358239929504,154.03186707416216,676.1212227894694,453.77245297200204,125.45990510506785,0.743894088107738,363333333.3333333,-0.11675800806512968,0.0028704064907830174,-0.2421479114357452,0.018260671079662172,0.0,13333333.333333332,0.0,0.0,1.433462679753481,10000000.0,0.0010579677495161184,-0.3544461270177217,0.17759965612819648,47.0,0.0,0.47996729781291014,0.0024059054072312425,0.01796739467745816,0.047402736685855346,1.789662872891026,5.0,240
60.126725605933274,20.0,-0.589134900707601,0.17781328463821044,0.814730044452029,10000000.0,-0.6174389408810773,0.659666742752796,0.12440624619676144,1.2340501152948398,0.5125705548543475,0.49892239766543145,-330.72371262257843,237.4479924567318,177.1596353974011,151.5532663731616,625.7050997691181,418.6352217981928,181.67225110779646,0.7530244236475689,293333333.3333333,-0.14439089249029902,-0.0013130582883369131,-0.20562656927642087,0.018260671079662172,0.0,10000000.0,0.0,1.0,1.442593015293312,10000000.0,0.00032280106315518415,-0.7411260093116763,0.1734076543551855,48.0,0.0,0.4672027107761465,0.005109278965770817,0.018425629541947548,0.04935673773105218,1.7869922038432102,6.0,240
60.931221630454715,22.0,-0.6073955717872631,0.11390093585939287,0.8067149849884254,10000000.0,-0.6448299475005705,0.641406071673134,0.1399246150325235,1.2558953465732015,0.5335362443514071,0.5343342151336088,-320.2924708600618,237.87601458837617,144.4634221818959,143.76815766974468,619.5089473699363,378.30348607298043,209.6875517313877,0.7256334170280758,59999999.99999999,-0.18474686144715813,0.00039697111042743844,-0.2284524081259986,0.018260671079662172,0.0,10000000.0,0.0,0.0,1.442593015293312,10000000.0,0.0010992413547804283,-1.3024943436024985,0.1669962776218075,46.0,0.0,0.4201518224424181,0.005304760245367773,0.051553313628546205,0.03945874665133318,1.7927047389720137,6.0,240
77.00432769359878,21.0,-0.6256562428669253,0.4425930152933121,0.8124078830554113,10000000.0,-0.6439169139465875,0.8377082857795024,0.12323859770712615,1.2415637825267107,0.5011719913251164,0.5171327889753736,-316.99562803542574,198.6355009894763,231.8480097615548,149.47969667719784,676.3961175651444,454.09973456780494,133.71963744957287,0.743894088107738,363333333.3333333,-0.12786669710111842,0.002900942730046667,-0.2558434147454919,0.018260671079662172,0.0,13333333.333333332,0.0,0.0,1.4608536863729742,10000000.0,0.001042092463433214,-0.4042787788201513,0.18080474351324397,41.0,0.0,0.46933471063869914,0.0022553269929705463,0.015702244631741056,0.04825253892627578,1.7904947099775024,5.0,240
63.663505162203336,22.0,-0.6347865784067563,0.08650992923989959,0.8046400984892902,10000000.0,-0.6722209541200638,0.6482538233280073,0.14904335431105423,1.2832140239290384,0.5447972186201323,0.5234678624400697,-324.3093378337542,233.8759514962983,150.68522114571482,142.2685463377144,616.7896300966311,390.2876372788429,214.58664027410367,0.6982424104085825,76666666.66666666,-0.21025081792589206,0.000458043588954737,-0.24671307920566077,0.018260671079662172,0.0,10000000.0,0.0,0.0,1.442593015293312,10000000.0,0.0010940492125836323,-1.5124616655409198,0.16882719868349463,55.0,0.0,0.42070268366046504,0.0060169503270059215,0.05701426126198791,0.043021168919578384,1.7952233850712465,6.0,240
78.27745189249961,21.0,-0.6439169139465875,0.42433234421364985,0.8031465122448135,10000000.0,-0.6544167998173932,0.8262953663547135,0.13023359156427197,1.2467416854211208,0.5300574471537318,0.5191230545404701,-319.314847644529,195.28761170739432,225.00031693624595,142.47355699413558,673.9355162832817,451.8012883865801,153.77934116283808,0.7073727459484136,359999999.99999994,-0.15492281062162364,0.0028704064907830174,-0.27412120520429123,0.018260671079662172,0.0,13333333.333333332,1.0,0.0,1.4334626797534809,10000000.0,0.0010508792180929122,-0.548432038699363,0.18219110483895193,42.0,0.0,0.4651957468104586,0.0017505814414714726,0.011572696608318094,0.04671281263427074,1.7906200232959557,5.0,240
74.34777911595697,21.0,-0.5982652362474321,0.49737502853229865,0.8113680404502007,10000000.0,-0.5996347865784066,0.8377082857795024,0.12140631513973035,1.221807663276243,0.5116013312759297,0.5217456074304545,-315.8969289246064,188.36944869858132,264.6257676421216,171.1781035506732,666.2343078938101,465.07530579109186,105.53933688402925,0.7621547591874,366666666.6666666,-0.09451030967054705,0.002870406490783017,-0.21475690481625198,0.018260671079662172,0.0,13333333.333333332,2.0,0.0,1.4334626797534806,10000000.0,0.0011157426160146096,-0.23496056672712462,0.17957814863671584,43.0,0.0,0.4762203127782553,0.0022837057041230112,0.018012429648172935,0.047245529746871635,1.7902987759138091,5.0,240
58.56069999282556,20.0,-0.5617438940881077,0.18694362017804156,0.8202430433349086,10000000.0,-0.5900479342615841,0.6596667427527962,0.11888567566119423,1.232649495768035,0.5058613472457674,0.48878351806865905,-330.5885750046732,236.66517841441336,182.73550079279372,158.43937443673616,621.5288217892191,415.301946199419,177.24464527865368,0.7804154302670623,293333333.3333333,-0.12613033553983105,-0.0012519858098096147,-0.18280073042684314,0.018260671079662172,0.0,10000000.0,0.0,1.0,1.442593015293312,10000000.0,0.0003676938366854304,-0.617463865487781,0.17226365119768391,46.0,0.0,0.47797242177226174,0.005372232603001148,0.02058857063127646,0.04971730045527252,1.7900789175513894,6.0,240
72.2805035322217,21.0,-0.5434832230084455,0.533896370691623,0.8061956201171181,10000000.0,-0.5530700753252682,0.8285779502396713,0.10812962418689231,1.2011891036301154,0.5045799286714721,0.4647971341617792,-304.23995754890433,183.53125857692936,258.2673827826444,181.45232777700272,668.3263927718915,438.89946606860457,101.20950183392647,0.8260671079662176,369999999.99999994,-0.04240607167313396,0.0028092195013584816,-0.17367039488701208,0.018260671079662172,0.0,13333333.333333332,0.0,0.0,1.4517233508331429,10000000.0,0.001064869479807225,0.03351491960163989,0.1760583260644011,47.0,3333333.333333333,0.5014849508285214,0.0038618206890148076,0.030962343565583066,0.049916617977241846,1.7885408110959986,5.0,240
55.84092133195256,20.0,-0.5160922163889523,0.25998630449669025,0.8262210708906204,10000000.0,-0.5443962565624286,0.6687970782926272,0.10432329190506676,1.191379241323731,0.4841619652734539,0.4628547892622586,-333.18911827254226,244.62397309370812,209.86996619180974,186.35493902352547,604.3839557777961,428.6471976540299,136.43840154678963,0.8260671079662176,310000000.0,-0.0715310431408354,-0.0013130582883369123,-0.13258388495777218,0.018260671079662172,0.0,10000000.0,0.0,0.0,1.442593015293312,10000000.0,0.00025255842009292193,-0.2063092399867543,0.16806521836153684,52.0,0.0,0.49712271593572355,0.006435824750430733,0.0312788979018793,0.05526817679932071,1.791284873821293,6.0,240
74.73591701400827,21.0,-0.6256562428669253,0.4425930152933121,0.8137980078116301,10000000.0,-0.6183519744350605,0.8148824469299246,0.12561100166724343,1.2508996623051682,0.5193052023603346,0.5074494498193892,-317.3714087941457,198.51530327328072,226.9466765739336,149.79775296561223,671.3161420334858,450.87671310015685,141.3244308464977,0.7347637525679069,356666666.6666666,-0.13121391615308525,0.0027482615337284214,-0.26040858251540744,0.018260671079662172,0.0,13333333.333333332,0.0,0.0,1.4243323442136497,10000000.0,0.0010362484587600432,-0.43820444972322353,0.18078028210019453,47.0,0.0,0.4722394752461103,0.001911848576508371,0.014888340877605053,0.045191361861908114,1.7892883015118755,5.0,235
59.69660189038168,20.0,-0.5982652362474321,0.1412919424788861,0.8241594473827364,10000000.0,-0.6274823099748916,0.6573841588678384,0.13139032988623303,1.2338070973969477,0.517224172927363,0.5425040300956196,-327.8003288750785,237.08687355315845,164.68173828742817,141.76108264150253,631.1297150644107,410.4246426990767,191.04665673060452,0.7256334170280758,293333333.3333333,-0.1652081716503081,-0.0012519858098096138,-0.2193220725861675,0.018260671079662172,0.0,10000000.0,1.0,0.0,1.4243323442136497,10000000.0,0.0003019045642646169,-0.9454629118220881,0.16712067555628735,54.0,0.0,0.47344006267542593,0.0046151715351660065,0.01495963362207301,0.045591416103542406,1.7840718011795742,6.0,235
76.00769454103991,21.0,-0.6347865784067563,0.42433234421364985,0.7939428414494804,10000000.0,-0.6274823099748916,0.8262953663547136,0.12869487826087384,1.2475492036064446,0.525625344203774,0.5135885908679737,-319.3181276241529,195.1873341122311,226.2622458833029,141.54745231733844,675.9734556392239,448.9076738311561,152.58023661889317,0.7256334170280758,359999999.99999994,-0.1443010728144259,0.002809334012255719,-0.264973750285323,0.018260671079662172,0.0,13333333.333333332,0.0,0.0,1.4243323442136497,10000000.0,0.0010784775591828005,-0.5044055297403229,0.18001119917530778,45.0,0.0,0.47205181005684904,0.0015880371473493053,0.011808188858664626,0.04528642985018667,1.789613176887677,5.0,235
61.58242992920759,20.0,-0.6073955717872631,0.13216160693905504,0.8204574625336174,10000000.0,-0.636156128737731,0.650536407212965,0.13409256103722034,1.2428380199562434,0.5288729469800268,0.511388316757458,-327.7152837468895,234.0005680356078,164.3684513924291,136.3350692451244,637.6064912740213,412.50142710529343,194.59164429944394,0.7256334170280758,290000000.0,-0.1786902914098759,-0.0012519858098096147,-0.2284524081259986,0.018260671079662172,0.0,10000000.0,0.0,0.0,1.4334626797534809,10000000.0,0.0003718349438456183,-1.0321187302506554,0.17174675630722805,47.0,0.0,0.4620408159468157,0.004435095954806087,0.012576990498743437,0.045125789585346195,1.783486761664671,6.0,235
76.96787414472789,21.0,-0.6439169139465875,0.4060716731339876,0.8074416016130586,10000000.0,-0.6457429810545536,0.7897740241953891,0.12997229042412986,1.2568702307033106,0.527943739435906,0.4869211258025239,-317.460083477938,198.35725193208557,215.6515127032162,139.59057260820995,676.182082455648,446.2185274708476,156.3070162030969,0.7073727459484136,353333333.3333333,-0.16037034923533436,0.0027787977729920705,-0.287833827893175,0.018260671079662172,0.0,10000000.0,0.0,0.0,1.4243323442136497,10000000.0,0.0010039086994953262,-0.5921298941612871,0.18286255683012406,42.0,0.0,0.46870420601702345,0.001939233840673913,0.012697704349914385,0.045751257912857425,1.789850005208346,5.0,235
61.702435085080566,20.0,-0.6165259073270942,0.13216160693905504,0.8147446983056689,10000000.0,-0.6288518603058662,0.6573841588678384,0.13885799107018992,1.2399079391660708,0.5208374317367683,0.5472794623097117,-328.62201810594115,231.36167632951495,166.19098079709497,136.4397497228576,635.7341091538506,411.8426943920782,199.17843368517075,0.6982424104085825,300000000.0,-0.1843816480255649,-0.0013741307668642107,-0.23758274366582968,0.018260671079662172,0.0,10000000.0,0.0,0.0,1.3969413375941566,10000000.0,0.0002333631295844954,-1.0600907821698604,0.17007713785196105,48.0,0.0,0.472322443256047,0.004412453857613882,0.013271468307294506,0.045291639220342066,1.7844328517660342,6.0,235
57.749591317839716,22.0,-0.5982652362474321,0.12303127139922393,0.8063031200631635,10000000.0,-0.6183519744350605,0.6322757361333029,0.1428607234622477,1.2880998779743458,0.5277180312148975,0.5430982625679964,-316.4714445285929,231.11482263059392,145.00913971197068,147.9461673080634,615.5916741577231,373.2790721306753,210.72346551839252,0.7347637525679069,49999999.99999999,-0.17290751730959442,0.0003360131427973792,-0.21475690481625198,0.018260671079662172,0.0,10000000.0,0.0,0.0,1.4243323442136497,10000000.0,0.0011414307073674928,-1.2217209778822913,0.16841836131636378,50.0,0.0,0.41706928807025967,0.004646453568286826,0.0466203534864786,0.03624742781329931,1.7907190362406409,6.0,235
74.14974086681187,21.0,-0.6165259073270942,0.41520200867381873,0.8008162002100867,10000000.0,-0.6096781556722208,0.8011869436201781,0.1230179532485565,1.229840212680064,0.5034551985633171,0.5142628890345974,-312.6910167833751,195.72140175926407,228.58443550631495,151.3894380327065,675.3975012140388,447.9626690523478,133.46939046315816,0.7347637525679069,359999999.99999994,-0.12880993684851247,0.00280921950135848,-0.26040858251540744,0.018260671079662172,0.0,13333333.333333332,0.0,0.0,1.4152020086738188,10000000.0,0.0009760962851652971,-0.4232459763551149,0.182993254232325,40.0,0.0,0.4708373780568158,0.0026016561317375557,0.016983722469027747,0.04727076127641144,1.789049869335479,5.0,235
50.61236303923569,22.0,-0.5069618808491212,0.19607395571787262,0.8089955813128952,10000000.0,-0.5375485049075552,0.6231454005934718,0.12724059507320917,1.2726055663463898,0.5324737119044831,0.4899499306831955,-315.2943698576171,242.93857535125858,154.57661075618697,162.90888144646067,602.8088180769088,378.049821032153,180.0705716778335,0.7895457658068934,96666666.66666666,-0.09949984782774096,0.00042762186058832667,-0.13714905272768774,0.018260671079662172,0.0,10000000.0,0.0,1.0,1.3969413375941566,10000000.0,0.0010800833722520316,-0.5327853441204118,0.17075808321096425,49.0,0.0,0.42278591151351663,0.004409485594270683,0.03995613686253385,0.035303523304025766,1.7893010838142862,6.0,235
69.54439155345489,21.0,-0.5526135585482765,0.5065053640721296,0.8062301634268867,10000000.0,-0.5544396256562428,0.8125998630449669,0.11316787161743698,1.2173226845560583,0.5114092969815647,0.5014267412063008,-307.86041352179717,172.05615038866154,352.11584350493274,234.34746078094707,647.924222598363,507.91068077368556,-8.226768473967589,0.7986761013467245,366666666.6666666,-0.05941904435821348,0.002717610783567533,-0.1782355626569276,0.018260671079662172,0.0,13333333.333333332,0.0,0.0,1.4243323442136497,10000000.0,0.0010200987954369183,-0.06270494897005313,0.17475188772153927,42.0,0.0,0.5056715259946144,0.002828619127911256,0.02371670467460433,0.04634014665999234,1.7886636279884383,5.0,235
69.33822889127018,21.0,-0.5982652362474321,0.3969413375941565,0.800315740178289,10000000.0,-0.593243551700525,0.760100433690938,0.12351841546396987,1.2355521546834418,0.5053536598149694,0.5061355341170897,-314.8721233929458,194.519499953855,225.5788713488593,148.30533844181565,670.4709566408537,443.62665001375024,144.7815036441376,0.7165030814882447,359999999.99999994,-0.13027079053488544,0.0026871890552011236,-0.2558434147454919,0.018260671079662172,0.0,13333333.333333332,1.0,0.0,1.3786806665144944,10000000.0,0.0009978632621647802,-0.4616152451217391,0.18028672918269462,39.0,0.0,0.4824959810670334,0.001885420390578454,0.012891067609239559,0.044146385525673536,1.791402004598413,5.0,230
56.28176883838987,20.0,-0.589134900707601,0.12303127139922393,0.8104430488673471,10000000.0,-0.603286920794339,0.6322757361333029,0.13113711843755138,1.2286768586663224,0.5346795715243639,0.5073650997143793,-327.46065929943154,236.2782464973358,159.93007210656467,139.9106332779481,628.4976682608068,408.3862377152617,195.66254804933007,0.6891120748687515,293333333.3333333,-0.16809921631286615,-0.0013130582883369123,-0.20562656927642087,0.018260671079662172,0.0,10000000.0,0.0,0.0,1.3604199954348322,10000000.0,0.00028458428761511564,-0.9744980242453771,0.17317647216315343,49.0,0.0,0.45895197980570823,0.004343376953408653,0.014204573708666483,0.04504888039505879,1.7866007884068533,6.0,230
50.16368950455842,22.0,-0.5069618808491212,0.18694362017804156,0.7965267909790832,10000000.0,-0.5279616525907327,0.620862816708514,0.12222561775440002,1.264921516208298,0.5111952298571322,0.52082354505393,-319.06415842550433,252.34608838348873,152.1011826255127,168.31807858637225,592.9124100735472,373.77463591596046,181.1507788986521,0.8078064368865556,93333333.33333333,-0.09642539755002658,0.00042762186058832607,-0.14171422049760327,0.018260671079662172,0.0,10000000.0,1.0,1.0,1.4060716731339877,10000000.0,0.0009895082579717415,-0.507041864917695,0.1710485546951268,49.0,0.0,0.41738897101643646,0.005319657925445013,0.044576867613317785,0.04003978181871419,1.7931329030525802,6.0,230
69.49169894474392,21.0,-0.5434832230084455,0.5156356996119608,0.7957242279864039,10000000.0,-0.5370919881305638,0.851403789089249,0.11419446438842347,1.2135047461897397,0.4985479627468033,0.5201300822398371,-313.8050716390958,179.13752165353145,321.69200798249227,209.3178948961583,652.4734153175823,490.6459206372032,38.50274852475314,0.7986761013467245,369999999.99999994,-0.05071490527276876,0.0027787977729920705,-0.16454005934718097,0.018260671079662172,0.0,13333333.333333332,0.0,0.0,1.4060716731339875,10000000.0,0.0010621534233537435,-0.013386157249221596,0.17606460313559197,44.0,3333333.333333333,0.5160645789207472,0.002236491257073487,0.02161503375846795,0.04572114197819146,1.7895742839935072,5.0,230
50.68291061032103,21.0,-0.5343528874686144,0.1686829490983794,0.8056318897000725,10000000.0,-0.5558091759872175,0.6140150650536407,0.11644059095688349,1.196869606826491,0.49227807750451685,0.493630052921916,-327.28987845234565,276.0523120165644,141.0310529363185,168.3324859410448,581.1735276654423,368.90697445046794,184.6233153168484,0.7712850947272312,173333333.3333333,-0.11961656395039183,0.0006412610245366319,-0.15997489157726544,0.018260671079662172,0.0,10000000.0,0.0,0.0,1.3969413375941566,10000000.0,0.0008776873624700977,-0.7051066929295743,0.1697619338086101,48.0,0.0,0.4185471115358569,0.007050106422486451,0.05497912214305939,0.05033055466630462,1.7969851286952563,6.0,230
70.4835219319788,22.0,-0.5526135585482765,0.5156356996119608,0.8019765154059026,10000000.0,-0.555352659210226,0.8970554667884045,0.11812862707314697,1.2479828752099664,0.5111990500633115,0.5010046149785081,-321.52872381973054,194.82469179610231,292.51813356040174,193.72447663274926,648.6805663203642,485.82452960145855,69.29558227054005,0.7804154302670623,366666666.6666666,-0.057654074412234614,0.0025650440981465268,-0.15997489157726544,0.018260671079662172,0.0,13333333.333333332,0.0,0.0,1.4060716731339875,10000000.0,0.0011677774709810042,-0.05429792173793949,0.1627114909896881,45.0,0.0,0.5324113743090749,0.0003925551698055122,0.008950641542767184,0.04249672264023036,1.789922461499184,5.0,230
69.8107026020883,21.0,-0.5708742296279388,0.4517233508331432,0.7972468829924527,10000000.0,-0.56539602830404,0.7966217758502625,0.11648523310986454,1.2162795420788295,0.5062394261201029,0.49389987119315126,-312.95520126581835,190.08744768235417,259.73761196141345,171.75825130173874,665.9716322247135,458.4649515131938,103.08568130184636,0.7530244236475689,366666666.6666666,-0.09241033249638587,0.002778683262094832,-0.21475690481625198,0.018260671079662172,0.0,13333333.333333332,0.0,0.0,1.3878110020543253,10000000.0,0.0010174705458887148,-0.24045868064909914,0.1810635291267354,48.0,0.0,0.4877846188324676,0.0024806752982262314,0.02001084078492416,0.0457858302159138,1.7928230031546728,5.0,230
54.2351644254951,20.0,-0.5434832230084455,0.1686829490983794,0.8213635246447465,10000000.0,-0.5740698470668797,0.6322757361333029,0.1180480861111215,1.2299412749159866,0.5051058315587386,0.49538253702879365,-329.2978922626103,242.08053526530847,176.12082073098753,156.15770665337143,617.3756166260795,417.98054770998,172.3996127784912,0.7530244236475689,300000000.0,-0.12384752339648479,-0.0012519858098096143,-0.17367039488701208,0.018260671079662172,0.0,10000000.0,1.0,0.0,1.3969413375941564,10000000.0,0.00032376052244502407,-0.6357935225986482,0.17005615890159534,52.0,0.0,0.471863581329219,0.005183936475744505,0.020943737275400807,0.04897005210993115,1.7888407733591436,6.0,230
68.15275022871427,21.0,-0.5252225519287833,0.5065053640721296,0.8005094987191034,10000000.0,-0.5370919881305638,0.7806436886555581,0.1103831807369798,1.2198004357512455,0.5006873212221007,0.4912821751225579,-306.4080914588043,173.9816598188615,304.1928031877666,202.6012858045257,658.0570740763677,467.63076302395604,57.48758434739597,0.7986761013467245,366666666.6666666,-0.05354519516092214,0.002717610783567533,-0.17367039488701208,0.018260671079662172,0.0,13333333.333333332,0.0,0.0,1.4060716731339875,10000000.0,0.0010078654453790762,-0.031195290160814706,0.18007353407130777,43.0,3333333.333333333,0.4986211151880233,0.0032687859366221867,0.027075926432930945,0.0470027412335246,1.7902862055666948,5.0,230
52.36955862168821,20.0,-0.5160922163889523,0.20520429125770373,0.8142519762642956,10000000.0,-0.5284181693677243,0.6436886555580917,0.10714014261507232,1.191985964455315,0.4820260310763348,0.5060831469349231,-330.55556734920606,246.46060831064554,191.14170249339904,171.42967125505967,609.7447937186935,418.35506436128486,151.88346440829525,0.7986761013467245,316666666.6666666,-0.08571292703340178,-0.0013130582883369127,-0.13714905272768774,0.018260671079662172,0.0,10000000.0,0.0,0.0,1.3969413375941566,10000000.0,0.00027683028429195634,-0.33333655135157514,0.17051390043050393,56.0,0.0,0.4757468298446652,0.005693762164154271,0.026191874405343166,0.05080038589324632,1.787546933091258,6.0,230
64.6374766661677,21.0,-0.5434832230084455,0.42433234421364985,0.7944619392692626,10000000.0,-0.5393745720155215,0.7190139237616983,0.11587646377816099,1.2158529994022773,0.5101803517878112,0.48568506927050953,-314.13778388623916,189.26506687431586,260.60115704408315,170.3249816997013,661.3247860597952,460.59223769462534,104.98703968488668,0.7530244236475689,369999999.99999994,-0.09207543939739782,0.0028093340122557204,-0.21019173704633642,0.018260671079662172,0.0,13333333.333333332,1.0,0.0,1.3604199954348322,10000000.0,0.0009457836782020701,-0.24968548362179416,0.1901997212294464,42.0,0.0,0.4825664060003877,0.0022617558133262855,0.018737026555336746,0.04573195249128755,1.7924508867950335,5.0,225
50.00845405949546,20.0,-0.5252225519287833,0.15042227801871721,0.8087653467579093,10000000.0,-0.5480483907783611,0.5980369778589363,0.11625783251133481,1.2265593793088267,0.4995573659986397,0.49363411118734823,-328.00180614654494,245.2668935863601,169.86884588845402,152.40511608180162,616.6655649328454,415.9668471224145,171.13463306844667,0.7530244236475689,303333333.3333333,-0.12010385756676556,-0.0012825220490732632,-0.15997489157726544,0.018260671079662172,0.0,10000000.0,1.0,0.0,1.369550330974663,10000000.0,0.0003005718653918236,-0.6265014352790598,0.17443529723433596,50.0,0.0,0.4512026368852624,0.004930502488090781,0.02031111000310295,0.047502794365528386,1.7860769244411345,6.0,225
56.4390095232359,22.0,-0.5982652362474321,0.07737959370006853,0.8026120281341491,10000000.0,-0.6206345583200181,0.6026021456288517,0.14177803169387204,1.258235797224642,0.5081980737461624,0.5193917429164077,-325.4159164430673,240.51898753540019,144.2931438406178,146.1514875674788,605.876663749131,379.69118539240463,217.79758050183875,0.6891120748687515,59999999.99999999,-0.19682842577798065,0.00036643487116378977,-0.23301757589591415,0.018260671079662172,0.0,10000000.0,0.0,0.0,1.3786806665144944,10000000.0,0.0009629422928559808,-1.4972087066371913,0.1731484480840862,49.0,0.0,0.40202356400540973,0.006815252289639223,0.06034807452692104,0.04705553041955346,1.79982520039491,6.0,225
71.45381233906701,21.0,-0.6165259073270942,0.4060716731339876,0.8025773401606934,10000000.0,-0.6206345583200181,0.7897740241953892,0.13162108542808715,1.253073964658056,0.5276731469625395,0.494685722575615,-323.43192545026636,202.80892863543633,219.39963730644956,137.24505495132289,668.8442845333702,453.4744760970194,157.2253908443678,0.6891120748687515,356666666.6666666,-0.1472226660579776,0.0026871890552011223,-0.2512782469755763,0.018260671079662172,0.0,10000000.0,0.0,0.0,1.3786806665144944,10000000.0,0.0011035562141565188,-0.554805061220966,0.1746390484682,40.0,0.0,0.48635638822343386,0.0003613310964575785,0.0046338418190223505,0.04286100169895623,1.7904791655618184,5.0,225
69.71722856321061,21.0,-0.5800045651677699,0.4608536863729743,0.7952871648850963,10000000.0,-0.5745263638438711,0.8057521113900936,0.1204314688529721,1.2395465409675943,0.501771070330979,0.5052830300029623,-316.36757329987336,195.37968327561933,246.68084969757382,161.95717748922632,666.109095380445,458.08006090736944,117.86837919797793,0.743894088107738,363333333.3333333,-0.10014056912424861,0.0027482615337284222,-0.21475690481625195,0.018260671079662172,0.0,13333333.333333332,0.0,0.0,1.3878110020543255,10000000.0,0.0010549227792150334,-0.28469172173957336,0.1783147967543929,47.0,0.0,0.48818576326456276,0.0019522718942060835,0.015688582901875137,0.04567865004868986,1.7922761943526764,5.0,225
54.27975227230678,20.0,-0.5617438940881077,0.1412919424788861,0.8047625939498055,10000000.0,-0.5841132161606939,0.6322757361333029,0.12605229814961938,1.2286618174394495,0.5351157059871245,0.5095201434403567,-326.7065889073373,233.83914458538845,171.52918408044548,147.1910375977844,625.4100635196173,407.6600483726785,185.9006422171983,0.7256334170280758,290000000.0,-0.13912550407060792,-0.001160377092018667,-0.1782355626569276,0.018260671079662172,0.0,10000000.0,0.0,0.0,1.3786806665144944,10000000.0,0.00042274086846672405,-0.7722306938060568,0.17193524846202515,44.0,0.0,0.4578548979967023,0.004655944158848827,0.016611638412256678,0.04468590400428879,1.7862022193912888,6.0,225
76.7654549022696,21.0,-0.6713079205660807,0.333028988815339,0.8031159697626403,10000000.0,-0.6758730883359962,0.7669481853458114,0.14863876715354998,1.272815810258381,0.5346488762356858,0.5362719651469109,-326.83217645944416,200.25607449629246,205.33135451560835,122.51353155389083,673.1889389167128,449.9444830334416,184.9697322658228,0.6251997260899338,353333333.3333333,-0.2091563189530548,0.0027177252944647723,-0.3152248345126683,0.018260671079662172,0.0,10000000.0,0.0,0.0,1.369550330974663,10000000.0,0.0010490305176461426,-0.8928089457881582,0.18079070170260525,48.0,0.0,0.4811740110110728,0.00027839559370092563,0.003484380611184079,0.04339843030064676,1.7913254059820316,5.0,225
65.24071398622144,20.0,-0.6621775850262497,0.03172791600091304,0.8042383337997911,10000000.0,-0.6840903903218443,0.6299931522483451,0.16624918364458963,1.3157371319211104,0.5827449079528237,0.5736972752809524,-319.22508775285024,225.84591900858956,141.2929115369612,116.7804449307129,652.2321739352595,400.6150305136954,213.38495571751417,0.6343300616297649,253333333.3333333,-0.245767366659058,-0.0010687683742277197,-0.287833827893175,0.018260671079662172,0.0,10000000.0,0.0,0.0,1.3878110020543253,10000000.0,0.00044464526868782326,-1.6677574331081484,0.1730701525319508,53.0,0.0,0.46260338627833086,0.0027054061685755455,0.0013090952259112024,0.03667795337394323,1.779823022575386,6.0,225
52.44320628425927,21.0,-0.5617438940881077,0.13216160693905504,0.7974148541872045,10000000.0,-0.5754393973978543,0.6208628167085141,0.12823927558435877,1.2443545787056114,0.5132644138765906,0.5102599733029698,-322.73827187551257,249.85417565224319,142.44028010227868,155.73027576942704,597.0480437683885,370.388700178094,204.64172735774235,0.7256334170280758,96666666.66666666,-0.15233371376398078,0.0004580435889547374,-0.1873658981967587,0.018260671079662172,0.0,10000000.0,0.0,0.0,1.3695503309746633,10000000.0,0.0009754016009394447,-1.0629642216006734,0.16633322663549727,51.0,0.0,0.42058522460502934,0.006044562823910622,0.05247877063944439,0.043375707012691195,1.7975723907513517,6.0,225
69.68640812031953,21.0,-0.589134900707601,0.4517233508331432,0.7922311488205565,10000000.0,-0.5841132161606939,0.821730198584798,0.12343616342676958,1.2556343912685486,0.5304411316294232,0.5011050068316598,-319.0174415431024,198.7772543583626,238.0069478950369,158.33244557606434,660.4649821453792,458.3893067062654,130.2959385266552,0.7256334170280758,359999999.99999994,-0.10878406756448294,0.0026261165766738254,-0.22388724035608304,0.018260671079662172,0.0,13333333.333333332,0.0,0.0,1.3786806665144944,10000000.0,0.0010528894993758315,-0.3382494095317435,0.17533000706651214,46.0,0.0,0.48894346968861047,0.0010805598815548864,0.010218763880653606,0.04290907892750083,1.791082450262383,5.0,225
69.43628620045962,21.0,-0.5982652362474321,0.4060716731339876,0.7949896731901627,10000000.0,-0.5937000684775166,0.750970098151107,0.1274635803400992,1.2461042227885066,0.5201175991316408,0.5060079595418358,-319.24389085356125,200.5693615720739,221.89750143811884,140.14307663568917,671.7953407145156,452.24228175937276,147.55517989541607,0.7073727459484136,359999999.99999994,-0.13781842045195158,0.0027177252944647727,-0.24671307920566077,0.018260671079662172,0.0,13333333.333333332,0.0,0.0,1.3695503309746633,10000000.0,0.001060917271243412,-0.5051751622213609,0.17886630499936382,45.0,0.0,0.4842231103238115,0.0012950646726893537,0.01010328795279341,0.04371937759604405,1.7902501743380126,5.0,220
55.275573321403385,20.0,-0.5800045651677699,0.11390093585939287,0.8178834331172767,10000000.0,-0.6019173704633645,0.6231454005934718,0.13329032578084804,1.2455339549359383,0.54500417975781,0.51526648298259,-324.74108783214587,237.10409470252137,155.36667473297058,136.85724079963003,632.6450689869291,404.78180366914927,194.00253622397352,0.7165030814882447,280000000.0,-0.16828159476527424,-0.001160377092018667,-0.21475690481625198,0.018260671079662172,0.0,10000000.0,0.0,0.0,1.3878110020543253,10000000.0,0.0003649148613761635,-1.0165959722478035,0.17564956838062074,51.0,0.0,0.4431733439914125,0.004089527541421138,0.011677997973975673,0.04235740327904097,1.7847243188784585,6.0,220
68.52971974170903,21.0,-0.589134900707601,0.3969413375941565,0.7951752874947834,10000000.0,-0.5937000684775166,0.7532526820360648,0.12572826569406015,1.2459620697473053,0.5100462812673029,0.5072012145786975,-320.26358765308237,195.92639937999533,227.53626286004135,146.19953008477387,665.4486181839387,448.2595288505593,152.24365057482646,0.7073727459484136,359999999.99999994,-0.1337097694590276,0.002717725294464773,-0.2558434147454919,0.018260671079662172,0.0,13333333.333333332,0.0,0.0,1.3695503309746633,10000000.0,0.0010278199748391026,-0.4815720660434438,0.18348591418468402,43.0,0.0,0.47955417761507624,0.0011347542140130184,0.009745631475754343,0.04407494759766979,1.7932364097744273,5.0,220
54.46877326147579,20.0,-0.5708742296279388,0.10477060031956176,0.8114998649447132,10000000.0,-0.6023738872403559,0.620862816708514,0.13554022589367298,1.2509606688990647,0.530824436580426,0.5201236824390779,-323.4571564943286,235.78572663017545,155.78792682641776,134.2856819936456,634.8049815128056,406.28045019741666,192.09362831451904,0.7073727459484136,280000000.0,-0.16794704405386895,-0.001099304613491368,-0.21019173704633642,0.018260671079662172,0.0,10000000.0,0.0,0.0,1.3786806665144944,10000000.0,0.0004329081046194583,-1.0368764960963714,0.1741665950148577,51.0,0.0,0.44447995952386155,0.00391893399996875,0.01126266535129773,0.04118416371214628,1.784381125227717,6.0,220
70.1091392315471,21.0,-0.5982652362474321,0.4060716731339876,0.8008129925423739,10000000.0,-0.6105911892262039,0.7623830175758959,0.12478814723175202,1.2262570281148695,0.5235331423374099,0.5054264741362423,-318.4595822036077,201.58368215341403,225.08289057424975,145.64930593217102,670.0649057849533,452.0981538304584,141.10116849792735,0.7165030814882447,363333333.3333333,-0.12990569124248647,0.0027482615337284205,-0.2512782469755763,0.018260671079662172,0.0,13333333.333333332,0.0,0.0,1.3969413375941566,10000000.0,0.001020113525875261,-0.454068702344766,0.18058429169901014,49.0,0.0,0.48704797858609816,0.0014129358724647957,0.01136448692445575,0.04360564744143618,1.7895633865840044,5.0,220
55.318161734927344,20.0,-0.5708742296279388,0.13216160693905504,0.8141408560028526,10000000.0,-0.5836566993837022,0.6231454005934718,0.12973863267187258,1.237325508265907,0.5370159975733996,0.5068119659527632,-325.23915084314433,238.91762381327084,160.1784842653618,140.0489879962751,631.1272301386899,410.9942639023419,185.76871425956517,0.7347637525679069,276666666.6666666,-0.15650357604808643,-0.0010993046134913685,-0.2010614015065053,0.018260671079662172,0.0,10000000.0,0.0,0.0,1.3878110020543255,10000000.0,0.0004033643768275499,-0.9220970189003066,0.17308967619141946,51.0,0.0,0.44605229822959436,0.004323676008473912,0.014420939564137534,0.04371085961650282,1.78720412096927,6.0,220
70.15212781951341,21.0,-0.6073955717872631,0.3969413375941565,0.8043102521827772,10000000.0,-0.6028304040173476,0.7692307692307692,0.12824392353003616,1.2494146649900517,0.5100561787370406,0.5146866624930317,-321.6773444678555,197.58749858889158,223.35775092799787,142.2768942901641,667.6140485321009,448.6134275008729,157.17595903524744,0.6982424104085825,359999999.99999994,-0.14223118770448143,0.0027482615337284214,-0.2512782469755763,0.018260671079662172,0.0,13333333.333333332,0.0,0.0,1.369550330974663,10000000.0,0.0010380687381854514,-0.523462878379675,0.18090266619916343,42.0,0.0,0.48663803822927787,0.0009293970696514734,0.007639696245664093,0.04428488239191768,1.7929915127361902,5.0,220
54.91019284668637,20.0,-0.5800045651677699,0.11390093585939287,0.8178739420694097,10000000.0,-0.6110477060031956,0.620862816708514,0.13427425304077226,1.2464522547686916,0.5459759790942251,0.5138797027183636,-322.9458570868526,233.7477283958737,155.7388387366912,135.28141206286205,634.9617885804136,401.6907454868382,195.17828577246664,0.7073727459484136,273333333.3333333,-0.16758148824469293,-0.0010382321349640695,-0.2010614015065053,0.018260671079662172,0.0,10000000.0,0.0,0.0,1.3878110020543253,10000000.0,0.00045380264553853745,-1.0483884309899423,0.17185810608213598,52.0,0.0,0.456072341106434,0.003907972775163002,0.01098978058681572,0.04052414732478101,1.784836941940797,6.0,220
69.57163110560577,21.0,-0.5617438940881077,0.48824469299246753,0.8053361493365845,10000000.0,-0.555352659210226,0.7989043597352202,0.11762656678733514,1.2370916579067102,0.5184971759226802,0.49517892895123483,-317.7603278644902,191.28484522893837,274.69487279153464,179.66071437264168,658.6533368802586,473.6554658820255,90.04904228217579,0.7804154302670623,366666666.6666666,-0.08020623145400592,0.0028093340122557196,-0.19193106596667425,0.018260671079662172,0.0,13333333.333333332,0.0,0.0,1.4060716731339875,10000000.0,0.001115872372205388,-0.1734593444582654,0.18077476202069695,48.0,0.0,0.495261194223502,0.0017895844477384948,0.017276133693466006,0.045329914662877335,1.7917809926800818,5.0,220
52.46013362155405,20.0,-0.5252225519287833,0.17781328463821044,0.818630386372064,10000000.0,-0.5462223236703949,0.641406071673134,0.11569069031779262,1.2129239328998547,0.5189895425269812,0.4632006825331457,-326.92349145649075,238.89835799208,177.39520944935902,160.15659004308012,617.2134749314662,411.57239753363683,169.87303101782703,0.7895457658068934,280000000.0,-0.10768682949098377,-0.00106876837422772,-0.15084455603743435,0.018260671079662172,0.0,10000000.0,0.0,0.0,1.4060716731339875,10000000.0,0.000506300251341401,-0.5242940870826192,0.1732191632710306,49.0,0.0,0.4538472981974351,0.0050548863370035516,0.02148764657770943,0.04664826230130195,1.7884701151547298,6.0,220
50.6270544355617,21.0,-0.5617438940881077,0.08650992923989959,0.7809747635347751,10000000.0,-0.576808947728829,0.5774937228943164,0.133550025137184,1.2350032374322981,0.4847999132763586,0.4930289391558527,-324.96695877339124,249.69736632562183,139.31025746258803,154.25249327132548,591.3568333120114,369.1889411996805,214.11674773708083,0.6982424104085825,49999999.99999999,-0.17315053640721292,0.00030536239263649135,-0.20562656927642087,0.018260671079662172,0.0,10000000.0,0.0,0.0,1.34215932435517,10000000.0,0.0008806383856470293,-1.3319458978399643,0.17499550458057214,48.0,0.0,0.3887053247548172,0.007044811001242079,0.05943913909355565,0.04908660376340219,1.8013961855625216,6.0,215
66.45987035342954,21.0,-0.5800045651677699,0.4060716731339876,0.8024667350593406,10000000.0,-0.576808947728829,0.7646656014608536,0.1299321044110483,1.2510214379841837,0.5464924476281117,0.48895993470765586,-324.39209563077486,198.57834411263113,230.64178900431324,146.84319586123883,659.3488000776562,453.57841813985823,152.77087778710518,0.6982424104085825,359999999.99999994,-0.1243965989500114,0.0026566528159374736,-0.23301757589591415,0.018260671079662172,0.0,13333333.333333332,0.0,0.0,1.34215932435517,10000000.0,0.0010743211230334012,-0.43806463233157017,0.18023856121332232,41.0,0.0,0.4886549404664371,2.019355425302072e-05,0.003681736347678258,0.04231793059052497,1.7925457818289814,5.0,215
64.22276350062921,21.0,-0.5708742296279388,0.3786806665144944,0.795794334715524,10000000.0,-0.5676786121889978,0.7144487559917827,0.12578650713137662,1.2555404306953823,0.5114468972919652,0.5068951686400615,-317.9849972699571,194.5118145336324,228.33356902730836,149.9884378419859,660.8364964898047,447.6871039337897,147.7838923415671,0.7073727459484136,359999999.99999994,-0.12698352735296353,0.0026566528159374745,-0.24671307920566077,0.018260671079662172,0.0,13333333.333333332,0.0,1.0,1.34215932435517,10000000.0,0.0009657783612949881,-0.4612430120798074,0.18841759449220727,44.0,0.0,0.48080736684751435,0.0013861472289075467,0.01115631895946713,0.04326212090276782,1.7932208572436894,5.0,215
51.429725819915745,20.0,-0.5617438940881077,0.10477060031956176,0.8046999541481861,10000000.0,-0.576808947728829,0.5934718100890208,0.13304308661735048,1.2428605595634412,0.5267703499883298,0.5116113147778566,-324.1188633231924,235.36963914099,157.56939893591692,136.95823338728837,627.3556722607946,404.45989863729426,193.3125237958343,0.6982424104085825,293333333.3333333,-0.16112938446321232,-0.0011909133312823154,-0.2010614015065053,0.018260671079662172,0.0,10000000.0,0.0,0.0,1.34215932435517,10000000.0,0.00032379961339650047,-0.9897218335781338,0.1750795541671753,51.0,0.0,0.4455694900894892,0.003996760654125761,0.012276940901368633,0.042022806006231025,1.7845668905116487,6.0,215
48.55807985250579,21.0,-0.5343528874686144,0.11390093585939287,0.7890976481875441,10000000.0,-0.5580917598721753,0.5752111390093586,0.12991176051754164,1.2565101400643708,0.5025430681217323,0.5134126646247124,-319.74722969292657,251.1525033719798,135.26845659561468,158.3668775340097,593.1511911116722,363.01753325866184,205.33180537559434,0.7256334170280758,43333333.33333333,-0.14843764741687585,0.00024428991410919255,-0.1782355626569276,0.018260671079662172,0.0,10000000.0,0.0,0.0,1.3512896598950013,10000000.0,0.0009342766823052703,-1.0920187729502102,0.17590623667957603,49.0,0.0,0.3859909485350902,0.005904403051006571,0.0516528074501376,0.04256354085393924,1.79969428738353,6.0,215
65.4462966122412,21.0,-0.5708742296279388,0.4060716731339876,0.7984026678655574,10000000.0,-0.5667655786350148,0.7372745948413604,0.12251608408846151,1.2389488140617306,0.525654925438563,0.5004858986966605,-319.6076990432263,197.23337513996432,235.08884132822416,152.4279178208985,663.915125357981,452.44975182395797,137.41699359733616,0.7256334170280758,363333333.3333333,-0.1118271703568439,0.002717725294464773,-0.21475690481625198,0.018260671079662172,0.0,13333333.333333332,0.0,0.0,1.3604199954348322,10000000.0,0.0010446888021041405,-0.3673629768587127,0.18303810255696973,49.0,0.0,0.49108913920326835,0.0011319834335700252,0.011013271861179147,0.042984226299728735,1.7921727103894196,5.0,215
65.69928127927963,21.0,-0.5526135585482765,0.43346267975348096,0.791253732126572,10000000.0,-0.5576352430951838,0.7327094270714448,0.12032073084683184,1.2366573998718702,0.5007880130743703,0.5009301882605408,-318.4437051283865,191.57408641884007,245.86845790461663,159.28182257035672,660.9793101030568,452.8387898465911,131.68119053971355,0.7347637525679069,366666666.6666666,-0.10525310050977704,0.0027482615337284205,-0.2193220725861675,0.018260671079662172,0.0,13333333.333333332,0.0,0.0,1.3604199954348322,10000000.0,0.0010089991666675517,-0.32488871778318285,0.1865234190777655,41.0,0.0,0.48385658754176886,0.0015301056981001423,0.014190646178504641,0.044160048738443154,1.7939326557119213,5.0,215
50.47220329405354,20.0,-0.5434832230084455,0.13216160693905504,0.810815042276439,10000000.0,-0.5663090618580232,0.611732481168683,0.12350639575262748,1.2270215572415317,0.5216983621473111,0.5008362357292129,-325.0745669474421,240.62603140459657,162.21660570389616,144.90756317917132,623.8069224164283,407.6713789804428,181.35535099702432,0.7347637525679069,293333333.3333333,-0.13553401049988584,-0.0011603770920186663,-0.17367039488701208,0.018260671079662172,0.0,10000000.0,0.0,0.0,1.3695503309746633,10000000.0,0.00040290390352786323,-0.7725167345682866,0.1754955085348104,53.0,0.0,0.4381351657319953,0.0043859468787289645,0.015707122642949763,0.04357153126947909,1.7865497640961334,6.0,215
46.49163119808665,21.0,-0.5069618808491212,0.15042227801871721,0.7950071257048036,10000000.0,-0.5302442364756905,0.5843414745491897,0.11991737520580077,1.232726534846793,0.5031736722445528,0.46857785400965085,-321.31771557674415,261.9815507518679,138.4736661320279,170.65469854849283,577.9491928370762,358.46343486800305,194.35055615089342,0.7621547591874,66666666.66666666,-0.11520334018108495,0.00033589863190014056,-0.1462793882675188,0.018260671079662172,0.0,10000000.0,0.0,0.0,1.3604199954348322,10000000.0,0.0008999167149436404,-0.7432768899945311,0.1726178492034766,49.0,0.0,0.3972750092520112,0.006229337893863994,0.05047638723146586,0.04517855001749727,1.7985687238433221,6.0,215
63.58342067833432,21.0,-0.5252225519287833,0.4608536863729743,0.7947665277248291,10000000.0,-0.521570417712851,0.771513353115727,0.11796855955942898,1.2361706746956145,0.5227813881497718,0.4763511309750291,-319.6356420093857,191.85370312156536,276.5254365795423,179.0769472736511,651.6025255769587,472.28360168626807,92.60650002496975,0.7621547591874,366666666.6666666,-0.07125816023738868,0.0026566528159374736,-0.1782355626569276,0.018260671079662172,0.0,13333333.333333332,0.0,0.0,1.351289659895001,10000000.0,0.0010552435999447393,-0.14093158679986467,0.18031757535654316,45.0,0.0,0.5038887640913863,0.0008562364067665685,0.012708020094015471,0.041915651317112675,1.7917958813746806,5.0,215
59.33907548918074,21.0,-0.5252225519287833,0.4060716731339876,0.789019607101225,10000000.0,-0.5147226660579776,0.7076010043369094,0.12099352110437647,1.2331305781872968,0.5277688011305114,0.4770970661636352,-318.83051999737717,192.67937365377333,253.36450131062907,160.94937959224526,656.1055279422854,460.7901622971235,119.84954268982165,0.7256334170280758,366666666.6666666,-0.09213596591341396,0.0026871890552011236,-0.19649623373658978,0.018260671079662172,0.0,13333333.333333332,1.0,1.0,1.3056379821958457,10000000.0,0.001000629911384112,-0.27026095779229437,0.19196758554090126,45.0,0.0,0.48079355573794014,0.0010754356859463687,0.012952390424032222,0.04168300749754553,1.7927520094377787,5.0,210
43.822433470703444,21.0,-0.48870120976945897,0.13216160693905504,0.8023734081118602,10000000.0,-0.5055923305181464,0.5660808034695275,0.12078324386544537,1.2269257990876135,0.5163515799386795,0.5001169551918633,-321.76308642246687,239.09634525019038,166.48408841217434,147.3706061376831,618.6960640342977,408.50847808795606,170.2060550255664,0.7347637525679069,283333333.3333333,-0.11194696796773944,-0.0010076958957004212,-0.1462793882675188,0.018260671079662172,0.0,10000000.0,0.0,0.0,1.3056379821958457,10000000.0,0.0004974556781894698,-0.6245668371916372,0.18448737905560006,54.0,0.0,0.4085897405805765,0.00412059513120563,0.01526954701013113,0.04096256156679769,1.7854585756321433,6.0,210
60.88553806340185,21.0,-0.5708742296279388,0.28737731111618353,0.779641121571828,10000000.0,-0.5717872631819219,0.6551015749828806,0.13816410181398753,1.2464462785060497,0.5156796614000395,0.5287115124870367,-321.8236049306689,197.38631473263683,214.77404528381584,128.5185035036249,665.0447026627769,451.79891887159937,166.54779729122126,0.6251997260899338,363333333.3333333,-0.1659087346876664,0.0026871890552011236,-0.28326866012325946,0.018260671079662116,0.0,13333333.333333332,0.0,0.0,1.2599863044966901,10000000.0,0.0009062833788010916,-0.7118462378983549,0.19797271309312459,46.0,0.0,0.4633862337487945,0.000365248742585648,0.003198048168607421,0.041701665027845454,1.794930031473562,5.0,210
50.32694411683932,20.0,-0.5617438940881077,0.03172791600091304,0.7938070394225386,10000000.0,-0.580917598721753,0.5386897968500342,0.15547944646346767,1.2817781334698242,0.5718536796807735,0.5408335067675798,-319.92718858497994,225.76438110376407,147.29107444041375,120.56064063498297,636.6672333620705,402.9533308391859,207.0873732233342,0.6160693905501028,286666666.6666666,-0.20154519516092206,-0.0011909133312823159,-0.23758274366582968,0.018260671079662172,0.0,10000000.0,0.0,0.0,1.2599863044966901,10000000.0,0.00035905875380151756,-1.3749025269621098,0.18620665033904718,50.0,0.0,0.42461363489559756,0.002993642572504599,0.004107921541727053,0.03728396056659859,1.7833497661857398,6.0,210
58.48558114932189,21.0,-0.4978315453092901,0.4425930152933121,0.7858037101576214,10000000.0,-0.49646199497831534,0.7167313398767404,0.11833753506204672,1.2162235952451863,0.5221143953097895,0.49612500453822755,-315.7255292483127,185.60860239252614,289.20258792468763,183.98309756720636,651.878394811999,476.3890688312343,75.39238983567415,0.743894088107738,369999999.99999994,-0.06651004336909379,0.0026261165766738254,-0.1782355626569276,0.018260671079662172,0.0,13333333.333333332,0.0,0.0,1.3056379821958457,10000000.0,0.0010347116083886379,-0.12770587002053907,0.18488431842982955,45.0,0.0,0.49676472710524056,0.0013169280488674333,0.015095829996837994,0.04063653156498927,1.791411903735137,5.0,210
42.96848465177257,20.0,-0.48870120976945897,0.15042227801871721,0.7983791644959463,10000000.0,-0.4973750285322985,0.5752111390093586,0.11716252780355477,1.214562760117033,0.509278539460493,0.48781076010834434,-321.5438231089358,240.5916207914443,164.80187119902425,154.59047756343537,610.7452665608229,401.65950110137123,171.33543819036913,0.7256334170280758,290000000.0,-0.10467347637525674,-0.0010076958957004217,-0.13258388495777218,0.018260671079662172,0.0,10000000.0,0.0,0.0,1.2873773111161835,10000000.0,0.0004687908969867854,-0.5834088829606294,0.17720228080632192,49.0,0.0,0.43256702200521024,0.004273407372654045,0.01752911647833454,0.04105636994320099,1.7854230441610994,6.0,210
50.38631306198077,21.0,-0.5708742296279388,0.03172791600091304,0.785049133906447,10000000.0,-0.589134900707601,0.5386897968500342,0.15615529462984895,1.2750787291243693,0.5434358249695737,0.5084915634716635,-318.88953343251615,228.80353478067897,135.2460916804451,133.49925064846414,613.0731954775937,374.7216340734545,227.03725858843896,0.6251997260899338,33333333.33333333,-0.21384059955870044,3.053623926364921e-05,-0.24671307920566077,0.018260671079662172,0.0,6666666.666666666,0.0,0.0,1.2782469755763524,10000000.0,0.0009037597843506432,-1.9032812786112245,0.17928539757584777,52.0,0.0,0.3831616655466442,0.006139501336592596,0.056564929916124836,0.04286580680310901,1.8022781904187966,6.0,210
64.01006104088326,21.0,-0.5982652362474321,0.2782469755763525,0.7885260295759804,10000000.0,-0.5978087194704405,0.6528189910979229,0.14170598067823817,1.249187800908852,0.5299261585756959,0.5329539018639646,-322.90522769857563,191.67094361946414,215.68994752695008,126.60838019139506,666.8962052112743,447.9496301369541,177.51772518994818,0.6251997260899338,359999999.99999994,-0.1809131476831773,0.0027482615337284214,-0.29696416343300613,0.018260671079662172,0.0,13333333.333333332,0.0,0.0,1.2873773111161835,10000000.0,0.0009324390372959554,-0.7833331214352982,0.1969544247565742,44.0,0.0,0.4715593166159424,0.0003516488741402594,0.002056159839641178,0.04262828115634221,1.7955635120442788,5.0,210
66.37169296396775,21.0,-0.5982652362474321,0.34215932435517005,0.7820849339549394,10000000.0,-0.5964391691394658,0.7395571787263182,0.1394302523292556,1.260400331604389,0.5048753921093423,0.548107359736685,-326.03100730432965,202.41912485856855,213.36970091716205,130.93989728358287,663.9867661872768,453.8255836090078,169.62572510102456,0.6525907327094271,356666666.6666666,-0.16496538081107812,0.0026566528159374736,-0.2695389180552385,0.018260671079662116,0.0,10000000.0,0.0,0.0,1.3147683177356768,10000000.0,0.0010011747651389735,-0.6791808708828078,0.18720635884614586,46.0,0.0,0.4743097709739811,0.00036749409483405993,0.0006703922184935488,0.04260116070389543,1.7933487056706454,5.0,210
52.51247068995043,21.0,-0.5800045651677699,0.04998858708057524,0.7982156626985482,10000000.0,-0.5968956859164574,0.5683633873544852,0.15657006830905557,1.301048970935505,0.5701832709984466,0.5524155509012448,-315.5669066689058,225.4322438385451,143.9755187504755,121.33239339696314,642.9817557978541,395.81444859484355,204.00094959181015,0.643460397169596,246666666.66666666,-0.19810667275355698,-0.0009160871779094737,-0.23301757589591415,0.018260671079662172,0.0,10000000.0,0.0,0.0,1.3056379821958457,10000000.0,0.000550817061374992,-1.3859970087517162,0.18356078810661283,49.0,0.0,0.4126703840832896,0.002654144693093316,0.0022021589197944755,0.033988175918480884,1.7813062094068204,6.0,210
61.10397896469476,21.0,-0.4978315453092901,0.4699840219128053,0.7906113799298252,10000000.0,-0.4950924446473407,0.7258616754165714,0.1126387785736029,1.2319728134803625,0.4930707791284866,0.501902679379657,-313.67371693507425,169.67451048368943,379.28238379000095,242.01108391803342,638.850464341552,532.7041841492876,-32.494459312802704,0.7712850947272312,369999999.99999994,-0.05738005021684543,0.002748261533728421,-0.17367039488701208,0.018260671079662172,0.0,13333333.333333332,0.0,0.0,1.3330289888153388,10000000.0,0.0010468492384958122,-0.06629229473591239,0.1882347448473356,46.0,0.0,0.49860624811908394,0.0018911993360273404,0.019470465676158344,0.04451401455063202,1.7936522226750298,5.0,205
44.76193013998579,20.0,-0.4704405386897968,0.1686829490983794,0.7992699407459145,10000000.0,-0.4859621091075096,0.5866240584341474,0.10772570710536689,1.200174086946475,0.5074792716951506,0.4757829201394988,-324.912259525902,243.23529922193217,180.80744610643205,166.48723185502826,608.5991788185055,411.57200039493137,153.67546150468988,0.7804154302670623,296666666.6666666,-0.08133025184508862,-0.001068768374227719,-0.12345354941794108,0.018260671079662172,0.0,10000000.0,0.0,0.0,1.3330289888153388,10000000.0,0.00046888134918255764,-0.3449908032027535,0.18008829379444438,49.0,0.0,0.430681906720195,0.004907911127479246,0.022703414152345478,0.04499761862029099,1.787868371785589,6.0,205
60.040315686144666,21.0,-0.5252225519287833,0.42433234421364985,0.7937621248140834,3333333.333333333,-0.5229399680438256,0.7098835882218671,0.1208108455461987,1.2382723940816038,0.5053474839028962,0.5029223277874049,-318.0438289075087,197.31812260532544,249.14355872408635,162.27378014893813,657.3618198889698,461.639553147869,114.36385080022986,0.7347637525679069,366666666.6666666,-0.08973164422125844,0.0026566528159374736,-0.19193106596667425,0.018260671079662172,0.0,13333333.333333332,0.0,0.0,1.323898653275508,10000000.0,0.0009430841199409802,-0.2534450771910077,0.19007315245063922,42.0,0.0,0.4897283443037911,0.0011805491064953877,0.01311407280505718,0.04218644955017997,1.7924502336091925,5.0,205
45.56371171676723,20.0,-0.5069618808491212,0.12303127139922393,0.8063149811821768,10000000.0,-0.5407441223464962,0.5660808034695275,0.12177936462693065,1.2479515747505847,0.5121781991595548,0.5112714649534665,-321.82750672093715,241.79679347020036,159.36343964856025,148.26944417878735,616.9309568914417,404.0592837582741,176.25215497524053,0.7256334170280758,280000000.0,-0.12302499429354025,-0.001038232134964071,-0.15084455603743435,0.018260671079662172,0.0,10000000.0,0.0,0.0,1.333028988815339,10000000.0,0.0004283167806838011,-0.7196330929867115,0.17952760572219845,48.0,0.0,0.4197577908555554,0.0040623149303772345,0.014969987782653712,0.040953492655900696,1.7862536014486337,6.0,205
52.454680255638976,22.0,-0.5800045651677699,0.040858251540744156,0.7885113024500845,10000000.0,-0.5959826523624743,0.550102716274823,0.15352658718009843,1.2788633721573475,0.523695042248722,0.5537023201712702,-318.7003899148025,227.2941247262825,137.2183708208774,137.36641874924734,613.9864686224856,371.8203466127372,227.7265499579065,0.6617210682492581,33333333.33333333,-0.20851479875218745,6.107247852729842e-05,-0.2421479114357452,0.018260671079662172,0.0,6666666.666666666,0.0,0.0,1.3238986532755077,10000000.0,0.0009919846150919336,-1.7503182114011726,0.18117738187533095,49.0,0.0,0.3773653562605702,0.005922212325518269,0.05570617879613226,0.041953473463526965,1.8013678092517404,6.0,205
65.19664786730544,21.0,-0.589134900707601,0.3147683177356769,0.7977851540403185,10000000.0,-0.5868523168226432,0.6733622460625427,0.135196834094138,1.237205505821718,0.5265752489034041,0.5402661825816623,-321.6421145851201,194.44491534814262,220.1236284334582,131.21597389853108,669.8420646471594,451.07220159490794,164.51444859653097,0.6708514037890893,363333333.3333333,-0.161526401886936,0.0028093340122557204,-0.27868637297420673,0.018260671079662172,0.0,13333333.333333332,0.0,0.0,1.3238986532755077,10000000.0,0.0010179467463661152,-0.6532087488823201,0.19405962246019925,42.0,0.0,0.47086604952868827,0.0008582061487769692,0.006103482997495497,0.043270970970245716,1.7945605192830958,5.0,205
64.38818048900333,21.0,-0.589134900707601,0.333028988815339,0.7965659942814328,10000000.0,-0.5882218671536179,0.7030358365669938,0.13781640999948536,1.2596848315442262,0.5245058738345789,0.5204589731988762,-324.84233560209424,199.91038082149848,213.46361287539295,132.0086214993561,663.1069316416505,450.575994608138,171.034273394337,0.643460397169596,356666666.6666666,-0.16399136422430186,0.002656652815937474,-0.2695389180552385,0.018260671079662172,0.0,13333333.333333332,0.0,0.0,1.2965076466560146,10000000.0,0.0009824925240298956,-0.6835875869883647,0.19054350900814687,44.0,0.0,0.4722308951255709,0.00015536703381843875,0.0010013058428353953,0.04195785726671072,1.7957736599988423,5.0,205
50.859562135700315,20.0,-0.5708742296279388,0.04998858708057524,0.8040572726375071,10000000.0,-0.597352202693449,0.5592330518146541,0.15204047320845296,1.3126767007514766,0.5773087503745258,0.5459886373494788,-316.83786306195634,233.35286213693516,138.18778530525694,123.12382342400534,637.6765080151814,399.38621519768634,199.9244458991676,0.6343300616297649,259999999.99999997,-0.19457627634482227,-0.001007695895700421,-0.22388724035608304,0.018260671079662172,0.0,10000000.0,0.0,0.0,1.2965076466560146,10000000.0,0.0004487939490382473,-1.3591490911680886,0.18022465633021378,51.0,0.0,0.4285239206011461,0.0028202384554833065,0.003440554128968823,0.035331725561168634,1.780286204556555,6.0,205
64.33395748269396,21.0,-0.5617438940881077,0.3969413375941565,0.8003146955230831,10000000.0,-0.5585482766491668,0.7190139237616981,0.1272287205299744,1.2438955300400125,0.5210237113181566,0.48978839842815125,-322.9382748185998,198.0105881898177,236.8273853464365,148.0458752857471,660.3691827838919,459.98374563456963,141.6116256834581,0.7165030814882447,366666666.6666666,-0.11964882446929923,0.0027787977729920713,-0.2284524081259986,0.018260671079662172,0.0,13333333.333333332,0.0,0.0,1.34215932435517,10000000.0,0.0010392383015115747,-0.4069633702621156,0.1919842521575321,44.0,0.0,0.46930351280656535,0.0006059687980224663,0.008205262737913254,0.0438415900208936,1.794417785541624,5.0,205
48.08041360631008,20.0,-0.5343528874686144,0.11390093585939287,0.7978354517810063,10000000.0,-0.5498744578863273,0.5866240584341474,0.1267073911320034,1.2369507003240212,0.5410028442519554,0.5036131280670548,-320.66422533427453,237.10950960389982,152.93886609321103,140.90613098703415,625.9261049915391,397.37992690445066,187.87266029935986,0.7165030814882447,270000000.0,-0.13958156433082247,-0.0009771596564367721,-0.1782355626569276,0.018260671079662172,0.0,10000000.0,0.0,0.0,1.333028988815339,10000000.0,0.0005030128451121615,-0.8570336250103571,0.17720283799392045,52.0,0.0,0.4263203882151463,0.003823269182758442,0.01335619066467426,0.03898921817822496,1.7836322685713584,6.0,205
59.77063638331903,21.0,-0.5252225519287833,0.3969413375941565,0.7853450362838054,10000000.0,-0.5147226660579776,0.6939055010271626,0.12041704276167087,1.2343846303836632,0.5109423399281997,0.49862681535181663,-320.367760100538,194.0795130216076,251.58243455514406,159.80156184405737,657.1400815517775,461.5528008322008,121.90566090667248,0.7256334170280758,369999999.99999994,-0.09289671307920563,0.0027482615337284214,-0.2010614015065053,0.018260671079662172,0.0,13333333.333333332,0.0,0.0,1.3056379821958457,10000000.0,0.0010452696094908798,-0.2736730093630889,0.19113229224781336,45.0,0.0,0.4879867322598903,0.0010206855449440082,0.012252622197952062,0.04286882373152335,1.796297710552597,5.0,200
44.65541705271997,20.0,-0.4978315453092901,0.12303127139922393,0.8039804668016215,10000000.0,-0.5233964848208171,0.5752111390093586,0.12169248623211026,1.2311966555535552,0.504769005894932,0.5449477767114104,-321.7261084395689,236.63683960292136,159.2903020590672,148.78788158287577,616.9830556194364,398.56302096498734,183.2588148879953,0.7256334170280758,283333333.3333333,-0.12062078673057897,-0.0010382321349640697,-0.15084455603743435,0.018260671079662172,0.0,10000000.0,0.0,0.0,1.3147683177356768,10000000.0,0.0005085845345021315,-0.6910617992095217,0.18559684648152788,53.0,0.0,0.4076483884052773,0.003975689236139791,0.015526577001330338,0.040459537868704196,1.785916731614313,6.0,200
59.95034697280974,21.0,-0.5343528874686144,0.3878110020543255,0.782672720531878,10000000.0,-0.5320703035836567,0.691622917142205,0.12233091381263086,1.2378486513605202,0.5248635351048967,0.5007931309415378,-320.506234317575,194.93952535279232,243.31311939837923,156.87998113955015,656.2411906080313,455.9415257127628,132.7147203031853,0.7256334170280758,366666666.6666666,-0.10111412919424785,0.002687189055201123,-0.2010614015065053,0.018260671079662172,0.0,13333333.333333332,1.0,1.0,1.323898653275508,10000000.0,0.0010006666360306681,-0.3201224629762876,0.19376963483987336,47.0,0.0,0.47887103229679606,0.0007843532792770606,0.010389473680732604,0.04187467891706453,1.7948632165107745,5.0,200
44.568066175759164,20.0,-0.4978315453092901,0.11390093585939287,0.7966911923110681,10000000.0,-0.5238530015978087,0.5660808034695275,0.12630939929588708,1.25068342126562,0.5206127910149067,0.5044493636259211,-320.45323742155904,237.48782602632696,158.09106740322568,144.0508565228262,618.6713377583818,401.97549824371845,180.93264137188757,0.7165030814882447,283333333.3333333,-0.12786441451723346,-0.001007695895700421,-0.1554097238073499,0.018260671079662172,0.0,10000000.0,0.0,0.0,1.3056379821958457,10000000.0,0.0004938114773087881,-0.7684391753894116,0.184564794234128,53.0,0.0,0.40115107625715174,0.00381719014069046,0.012586396031723188,0.0397525836011592,1.7875822421532923,6.0,200
59.548947447088054,21.0,-0.4978315453092901,0.42433234421364985,0.799431225437202,10000000.0,-0.5042227801871718,0.6824925816023738,0.11515848125625316,1.225135019125934,0.48394219806452077,0.5187445749829015,-317.1098789709479,184.90118074692924,290.7941190380393,188.18659260019723,649.7782449599773,477.909097200059,76.40794027798509,0.7621547591874,373333333.3333333,-0.06997979913261808,0.0027787977729920705,-0.18280073042684314,0.018260671079662172,0.0,13333333.333333332,0.0,0.0,1.3330289888153388,10000000.0,0.0010441859077797095,-0.14208239103078565,0.1928009426218403,44.0,0.0,0.4945673969668507,0.0016245215755919366,0.017132194930482084,0.04435977919147304,1.7940704645876764,5.0,200
43.520387549242145,20.0,-0.4795708742296279,0.15955261355854827,0.8027357588450984,10000000.0,-0.49554896142433225,0.5683633873544853,0.10926149481399923,1.2136660540546185,0.5134147546641704,0.480040239498596,-323.97385266813166,240.88491950699768,172.82917999153466,164.1298020312519,607.8848845376622,404.4832248880363,164.51460212917448,0.7621547591874,296666666.6666666,-0.08808635775698088,-0.0010382321349640701,-0.11888838164802554,0.018260671079662172,0.0,10000000.0,0.0,0.0,1.3238986532755077,10000000.0,0.0004916715615742502,-0.41231519606174455,0.18346214755131435,53.0,0.0,0.42241807842820045,0.004733164967408551,0.02149133969329619,0.04409877283589943,1.790266035989012,6.0,200
60.39372210406093,21.0,-0.5434832230084455,0.3695503309746633,0.7966040108865463,10000000.0,-0.5416571559004792,0.691622917142205,0.12468358476035364,1.2293805799691992,0.505040038513339,0.5047435010307919,-321.9712448309545,197.53283549563767,233.6567259725029,149.69732021489853,657.746647906937,453.38781130076876,144.28425685821688,0.7073727459484136,366666666.6666666,-0.11474887772958986,0.0026871890552011236,-0.2193220725861675,0.018260671079662172,0.0,13333333.333333332,0.0,0.0,1.3147683177356768,10000000.0,0.0010012353379796985,-0.40006508703246135,0.19362843756111897,43.0,0.0,0.47281493218006,0.0004595503239541891,0.007027549367254812,0.042157305840597445,1.793882306719997,5.0,200
46.069126356648596,20.0,-0.5160922163889523,0.10477060031956176,0.7941702332927496,10000000.0,-0.5416571559004792,0.5660808034695275,0.13181434839867923,1.2515057243644199,0.531266090594855,0.5096194047423921,-319.4081235313728,235.6704056470329,153.30960339379652,139.1044681806852,624.4269764499812,398.5784324193088,187.36675567794202,0.7073727459484136,270000000.0,-0.14262500951076615,-0.0009771596564367721,-0.16910522711709652,0.018260671079662172,0.0,10000000.0,0.0,0.0,1.3147683177356768,10000000.0,0.0004844709971529542,-0.9012615673341716,0.18308064126853762,53.0,0.0,0.4081480776468549,0.0035366242910443457,0.011300603131159758,0.03799521343003561,1.78606141357342,6.0,200
59.692623624243026,21.0,-0.5252225519287833,0.4060716731339876,0.7970346432696626,10000000.0,-0.5229399680438256,0.700753252682036,0.12181443981722984,1.2374602417135405,0.502228560985994,0.5020554043715921,-320.4114852702736,193.52965464292225,249.8464755061398,161.87231661186917,654.2797458959975,458.382866708171,125.88991676753429,0.7347637525679069,366666666.6666666,-0.0927143346267975,0.0026871890552011223,-0.20562656927642087,0.018260671079662172,0.0,13333333.333333332,0.0,0.0,1.323898653275508,10000000.0,0.001028878136689027,-0.2723115718629508,0.19259617938208115,44.0,0.0,0.4826952344623684,0.0008406524861960829,0.010964285106758637,0.04221776045390984,1.7954347987237904,5.0,200
44.5752727010418,20.0,-0.5069618808491212,0.12303127139922393,0.7980774906004598,10000000.0,-0.5233964848208171,0.5660808034695275,0.12319506110578052,1.2317218722622991,0.5117379382033643,0.5125885868889366,-320.0950272883838,239.791275846169,154.00154095343714,145.32386521111852,619.2423641881916,395.7760128109666,182.42743735020483,0.7256334170280758,273333333.3333333,-0.12582530624667118,-0.0009771596564367713,-0.1554097238073499,0.018260671079662172,0.0,10000000.0,0.0,1.0,1.3147683177356768,10000000.0,0.0004660232713179424,-0.7632412115748526,0.1806241529058429,47.0,0.0,0.4202010608420633,0.003818774252318056,0.013137390863598133,0.038970737230264264,1.785320461552994,6.0,200
57.35046107829763,21.0,-0.5343528874686144,0.36041999543483216,0.7886770505937425,10000000.0,-0.5256790687057749,0.661949326637754,0.12641730555075606,1.2436960468925191,0.5207207621696479,0.486855429484096,-324.17279693378475,195.40917055612658,235.00368411911842,147.3565121422971,653.3251302917274,454.25596865915946,150.78394802850548,0.6799817393289204,366666666.6666666,-0.11605721676938292,0.0026871890552011227,-0.21475690481625198,0.018260671079662116,0.0,13333333.333333332,2.0,0.0,1.2691166400365215,10000000.0,0.0010123275381240823,-0.42040364351886156,0.19682051482320267,44.0,0.0,0.47389334693907137,1.7274645679795272e-05,0.004988923970159611,0.0422954998047205,1.7980160443510518,5.0,195
43.186113064700486,20.0,-0.5069618808491212,0.0956402647797307,0.7843456472251958,10000000.0,-0.5247660351517918,0.5478201323898653,0.12880818119609988,1.2622969083944762,0.5541339163453076,0.5058659206541125,-316.45991847534935,235.16742122268985,144.0297445420248,136.47883317710102,625.7783548005623,390.078195626876,191.26841814777202,0.6982424104085825,253333333.3333333,-0.14061622156280904,-0.0008550146993821753,-0.16454005934718097,0.018260671079662172,0.0,10000000.0,0.0,0.0,1.2873773111161835,10000000.0,0.0005647943198252935,-0.928786659240408,0.18824429316523236,46.0,0.0,0.3918325963163505,0.0031991075406238145,0.008481809315096947,0.03585338195776326,1.7860415878206621,6.0,195
47.475352020050266,21.0,-0.5526135585482765,0.01346724492125087,0.7793440407985818,10000000.0,-0.5818306322757361,0.5021684546907099,0.16376877377620383,1.3267571008297514,0.5693930733600634,0.571014665314375,-304.83868756611025,209.45246806110845,124.37320737032545,136.1043510792885,617.2956233799208,348.31056899290235,239.6279582357373,0.5978087194704406,76666666.66666666,-0.21493544091912042,-0.0002444044250064318,-0.2421479114357452,0.018260671079662172,0.0,6666666.666666666,0.0,0.0,1.241725633417028,10000000.0,0.0009344516493765394,-1.8632016945363312,0.18899676622029066,49.0,0.0,0.37432028610572987,0.004193777308319031,0.04604040110102547,0.033808235579930554,1.7997168959726122,6.0,195
60.46333407574187,21.0,-0.589134900707601,0.19607395571787262,0.7844171287169789,10000000.0,-0.580917598721753,0.5774937228943163,0.14612287253572812,1.2575075679266443,0.5282098319127619,0.5215444464726918,-317.701861744498,185.0561962326824,209.1273365923189,128.2121773413746,665.7527705105064,434.95947346454,185.68987573680155,0.6160693905501028,359999999.99999994,-0.19500361409115116,0.002687189055201123,-0.3152248345126683,0.018260671079662116,0.0,13333333.333333332,1.0,0.0,1.2599863044966901,10000000.0,0.0007570224340340438,-0.8860364019138935,0.21201211545035545,49.0,0.0,0.473197657611088,0.0013487287997160258,0.003455825430101432,0.04323253515538624,1.7992231703687669,5.0,195
58.06621486801992,21.0,-0.5434832230084455,0.34215932435517005,0.7834905460905525,10000000.0,-0.543026706231454,0.661949326637754,0.12863279100440694,1.2449220955565858,0.5278816919701894,0.5102345668748999,-324.71647693987666,200.82365330347344,222.65845919727457,142.9953455441176,654.4921367197361,452.53622622993754,157.16364094413004,0.6799817393289204,366666666.6666666,-0.12713524309518373,0.0026566528159374736,-0.22388724035608304,0.018260671079662172,0.0,13333333.333333332,0.0,1.0,1.2873773111161835,10000000.0,0.0010079480504715033,-0.4876025830798981,0.19567753992071701,42.0,0.0,0.47795208596385097,0.0002332078668741048,0.0032610346653822475,0.04161635276732928,1.7970009621067105,5.0,195
43.75034955094161,20.0,-0.5160922163889523,0.08650992923989959,0.7955432172767507,10000000.0,-0.543026706231454,0.540972380734992,0.13519754239788423,1.2743267195164094,0.5257787669818647,0.5239138248334593,-315.30732293191403,234.21259540129608,139.4308969868083,136.04946829782685,624.2647326725042,387.23690778342433,196.15631875799556,0.6799817393289204,253333333.3333333,-0.15050730426843187,-0.0008550146993821756,-0.17367039488701208,0.018260671079662172,0.0,10000000.0,0.0,0.0,1.2873773111161835,10000000.0,0.0005530407361877428,-1.0227753413833436,0.18793914463650174,49.0,0.0,0.39688046185400927,0.0029985730906701424,0.007170157467089471,0.03528133430243663,1.7847171747013517,6.0,195
57.20042704039215,21.0,-0.5160922163889523,0.3878110020543255,0.7915505225531273,3333333.333333333,-0.5151791828349692,0.6687970782926271,0.12416264528180335,1.2219137573868977,0.5071715139542817,0.5078607542907216,-322.8317034112481,191.51120090103467,246.757068970477,158.01269172885367,649.8064875629541,453.4949825056839,140.28586293929007,0.7165030814882447,369999999.99999994,-0.09788807730350753,0.0026566528159374736,-0.20562656927642087,0.018260671079662172,0.0,13333333.333333332,0.0,0.0,1.2965076466560146,10000000.0,0.0009701050445869792,-0.31173936656707346,0.1950395123648146,44.0,0.0,0.4831582643171082,0.00016698439950708557,0.007430585421215963,0.041728924932646766,1.7953858845979973,5.0,195
42.57193575435542,20.0,-0.48870120976945897,0.11390093585939287,0.7969422276665454,10000000.0,-0.5238530015978087,0.5478201323898653,0.12596696915149488,1.2573305467355673,0.5282169098842798,0.5225079144721099,-317.0397568920193,236.58972936798236,149.35545246124036,145.30956031574357,617.4632888636041,389.8098504648124,186.0141765452278,0.7165030814882447,266666666.66666663,-0.12494247888609902,-0.0008855509386458241,-0.1462793882675188,0.018260671079662172,0.0,10000000.0,1.0,0.0,1.3056379821958457,10000000.0,0.0005582771610039368,-0.7779705160236082,0.18681115582373156,51.0,0.0,0.39395145125481856,0.003380774567713941,0.011155126632124406,0.03671298345722371,1.7835076224443398,6.0,195
57.521359153789206,21.0,-0.5252225519287833,0.3695503309746633,0.7915064403897804,10000000.0,-0.5243095183748003,0.6619493266377539,0.12284546866376995,1.2397136407077993,0.5038040918616875,0.5044768246513763,-323.70003932357355,196.95798791012277,237.9149390426081,154.61889187816567,649.8291302022623,455.5744639190576,143.25735666301378,0.7073727459484136,366666666.6666666,-0.1064400441299551,0.002687189055201123,-0.21475690481625195,0.018260671079662172,0.0,13333333.333333332,0.0,0.0,1.2965076466560146,10000000.0,0.001012409572564197,-0.3632476615779522,0.19537235302508052,46.0,0.0,0.48325350202654693,0.00012236607228618856,0.006886021278232069,0.04257972745313715,1.795849600086047,5.0,195
42.86915343686743,20.0,-0.4978315453092901,0.11390093585939287,0.785214919680297,10000000.0,-0.5243095183748003,0.540972380734992,0.1283652639489885,1.2592853627911424,0.5287278884366589,0.5198597876112632,-317.04916142047495,234.7471686875882,149.84862623050458,141.74698354431314,620.0682518945035,393.44599455995046,186.6139373208201,0.7073727459484136,263333333.3333333,-0.12911234117020462,-0.0008855509386458241,-0.1462793882675188,0.018260671079662172,0.0,10000000.0,0.0,0.0,1.2965076466560146,10000000.0,0.0006092372519424805,-0.8183635055950063,0.1848839316814836,52.0,0.0,0.39784402141529696,0.0034373088900677812,0.01128229821150338,0.036762235778224,1.785551753429388,6.0,195
53.04957935042591,21.0,-0.48870120976945897,0.3878110020543255,0.7837099874768966,3333333.333333333,-0.4891577265464505,0.6345583200182607,0.1193193039084367,1.2122794594777009,0.5166041870730873,0.5079479782829213,-320.61797232326654,196.28743372139795,247.91303797696722,161.55808689965858,649.6241073766546,455.90542554895455,124.16297049611549,0.7165030814882447,373333333.3333333,-0.08547082096933725,0.0026261165766738254,-0.1873658981967587,0.018260671079662116,0.0,13333333.333333332,1.0,0.0,1.2691166400365212,10000000.0,0.0009289250491279005,-0.2540056712969247,0.19946926454031885,40.0,0.0,0.481063041712087,0.0003682960087425613,0.009235629954462456,0.040549776327913685,1.7949155716681986,5.0,190
39.24905652669719,20.0,-0.4704405386897968,0.10477060031956176,0.7909581823583114,10000000.0,-0.49052727687742514,0.520429125770372,0.1234210782235154,1.2416409801056738,0.5110293787049989,0.5102120185230492,-317.0467265102227,236.84085729545748,149.45148986210887,146.05135160147265,612.1717071953602,388.92558676055535,185.47301910860858,0.6891120748687515,273333333.3333333,-0.1198294909837936,-0.0009160871779094733,-0.14171422049760327,0.018260671079662172,0.0,10000000.0,0.0,0.0,1.241725633417028,10000000.0,0.0004830007355657571,-0.7628825040229076,0.188114069521228,48.0,0.0,0.3954375149769953,0.003380446393254245,0.011539282959466667,0.03673093070570423,1.7865929956432343,6.0,190
53.928871988439,21.0,-0.5069618808491212,0.35128965989500116,0.7867608874607291,10000000.0,-0.49874457886327317,0.6277105683633873,0.12151976177632351,1.2397058185533671,0.5131802326664977,0.5041008740927314,-320.6225191995906,196.41057009881996,236.95182691922338,152.62037323059897,652.5174300147045,452.6482554266713,138.0924064252006,0.6982424104085825,366666666.6666666,-0.1014181313246595,0.002595580337410175,-0.20562656927642087,0.018260671079662172,0.0,13333333.333333332,0.0,0.0,1.2599863044966901,10000000.0,0.0009418850779845453,-0.3513276714157191,0.1979906143576624,42.0,0.0,0.47711322806843626,0.00047561893128133414,0.008548606412386282,0.04097704948482949,1.7956185894513867,5.0,190
40.09526026627401,20.0,-0.48870120976945897,0.08650992923989959,0.7857082970243574,10000000.0,-0.5092444647340789,0.5295594613102032,0.1309856684222367,1.2530918503456643,0.5424103345600828,0.5202610594348763,-317.2635928960215,235.70010128528185,144.52710296639896,139.93745406185568,616.1120360816097,389.52381256380244,192.38507073320739,0.6617210682492581,273333333.3333333,-0.1364765654721144,-0.0009466234171731233,-0.15997489157726544,0.018260671079662172,0.0,10000000.0,1.0,1.0,1.232595297877197,10000000.0,0.00044087019821029757,-0.9136425650171385,0.18930178432859737,50.0,0.0,0.3971532306874014,0.0033481877965495896,0.010507508714054498,0.03682352688695416,1.7868206381835272,6.0,190
55.348180697150404,21.0,-0.5160922163889523,0.35128965989500116,0.7888861618660589,10000000.0,-0.5252225519287834,0.6596667427527961,0.12515676308145524,1.2593701640469563,0.5212382456671558,0.5131675755165253,-324.2115868890201,196.79220934708923,235.6995334365217,153.53442821224925,647.6720863328027,451.67939893670103,148.285652966683,0.6891120748687515,363333333.3333333,-0.10455310811838998,0.0025650440981465263,-0.20562656927642087,0.018260671079662172,0.0,13333333.333333332,0.0,1.0,1.2782469755763524,10000000.0,0.000985405468212118,-0.3631693122920469,0.19648673755985266,45.0,0.0,0.4810798869496179,0.00021344205029009578,0.0054774883053297545,0.04147439310146115,1.7970357393283392,5.0,190
40.822262614141565,21.0,-0.4795708742296279,0.10477060031956176,0.7931865358655305,10000000.0,-0.5069618808491212,0.5386897968500343,0.12964524290642931,1.275913846398916,0.5510744643257133,0.5139976123988026,-313.5547421758948,228.5542143088683,148.25836614299809,145.2308393001838,617.730914734644,382.10245220783474,192.03835823439917,0.7073727459484136,239999999.99999997,-0.1246988891425093,-0.0007328697423275795,-0.1462793882675188,0.018260671079662172,0.0,10000000.0,0.0,0.0,1.2782469755763524,10000000.0,0.0006492109695738101,-0.8071703698275484,0.19226625665549776,48.0,0.0,0.37409257095616266,0.0030211851465826484,0.009436562338042374,0.03407858695153198,1.784801158073811,6.0,190
54.387695955866775,21.0,-0.5069618808491212,0.35128965989500116,0.7869155520890546,10000000.0,-0.5078749144031043,0.6277105683633873,0.1246120339364706,1.246844224542574,0.5097580761841045,0.49100867877988735,-323.5691779475296,192.4573530084124,240.5362475879963,154.25756397869674,646.6301387893783,453.64983614823564,147.60540693922934,0.6891120748687515,366666666.6666666,-0.10604428212736816,0.0026261165766738254,-0.21019173704633642,0.018260671079662116,0.0,13333333.333333332,0.0,0.0,1.2599863044966901,10000000.0,0.000981200422630681,-0.3715994181393411,0.20235770394341096,45.0,0.0,0.4668721193003138,4.5836001969823406e-05,0.00561951522621546,0.042239005438859556,1.798711978196136,5.0,190
40.315610806109525,20.0,-0.48870120976945897,0.08650992923989959,0.7810274982169504,10000000.0,-0.4992010956402647,0.5295594613102032,0.1310798382910613,1.2615388828411116,0.5282775894495008,0.5190046045800271,-315.46772958485406,234.383877716286,144.82985027726485,140.46982432944822,619.4292639979619,387.62311483456006,190.35861537517877,0.6891120748687515,263333333.3333333,-0.13206414060716729,-0.0008855509386458241,-0.15084455603743435,0.018260671079662172,0.0,10000000.0,0.0,0.0,1.2508559689568592,10000000.0,0.000547833478045264,-0.8644448018501448,0.19524246119646077,52.0,0.0,0.3757841958028608,0.0030720395244844345,0.008920679089277858,0.03517008881356499,1.788771227483273,6.0,190
52.56359484623195,21.0,-0.4704405386897968,0.4060716731339876,0.7794272701572187,10000000.0,-0.4622232367039488,0.6459712394430495,0.11730761598135082,1.23513450738668,0.49517724173706973,0.503167273324118,-319.152947908677,185.51651177346028,293.82763076693755,190.86178108538311,638.5672891410228,477.1446411202681,77.09370137285592,0.7347637525679069,369999999.99999994,-0.05908380887164267,0.0025955803374101746,-0.16454005934718097,0.018260671079662116,0.0,13333333.333333332,0.0,0.0,1.2599863044966901,10000000.0,0.0009710827901131229,-0.09690120072847587,0.19828493500592206,44.0,0.0,0.4937398520373001,0.000652006560558643,0.01272878291835313,0.041080722843980164,1.7967943906463884,5.0,190
38.11387292028134,20.0,-0.4521798676101346,0.1412919424788861,0.7844352636917719,10000000.0,-0.4622232367039488,0.529559461310203,0.11487654153670468,1.2312972526778285,0.5031946603996558,0.5412770809184041,-317.28715528221875,239.7666405899795,161.1052204739682,159.52931786719495,605.3624048758825,391.6894625884808,167.52109505123423,0.7347637525679069,280000000.0,-0.08629083923000834,-0.0008855509386458248,-0.10975804610819445,0.018260671079662172,0.0,10000000.0,0.0,0.0,1.2599863044966901,10000000.0,0.0005553271751460961,-0.4508633468640439,0.18853873957343498,51.0,0.0,0.39267022621493397,0.0037638676885049477,0.015783831836012344,0.037530755527699036,1.789363257936506,6.0,190
52.90877256057509,21.0,-0.5343528874686144,0.29650764665601465,0.7700281322712759,3333333.333333333,-0.5288746861447158,0.5889066423191053,0.13584289645315795,1.264525827688794,0.5306867169370528,0.5012210158339232,-325.69053931121795,198.04251274181675,213.71282489724936,136.68194894551792,648.3385814842682,445.03862032850736,175.68305036604278,0.6160693905501028,359999999.99999994,-0.1471304496690253,0.0025039716196192286,-0.24671307920566077,0.018260671079662116,0.0,13333333.333333332,0.0,0.0,1.205204291257704,10000000.0,0.0008667352815624749,-0.6522276970108636,0.20555623135746978,49.0,0.0,0.46257238522955046,0.0008568510446722592,0.0016538256729633834,0.04113565904066473,1.7990855299355508,5.0,185
41.27314476846726,20.0,-0.5160922163889523,0.03172791600091304,0.7817123877555655,10000000.0,-0.5375485049075553,0.5021684546907099,0.15414370186980123,1.3162824348911104,0.5883924010997166,0.5422807936279737,-309.62266314743977,222.7896602793236,131.77869773037486,129.51534497825162,624.7590051182173,375.36023400804174,211.32366010821664,0.6160693905501028,249999999.99999997,-0.17430613254203756,-0.0008244784601185264,-0.19193106596667425,0.018260671079662172,0.0,10000000.0,1.0,0.0,1.2143346267975348,10000000.0,0.0005164033512467515,-1.3164502106361446,0.1983584403079889,49.0,0.0,0.37941332872247213,0.002160218053121632,0.0016314405638601522,0.03072446980318358,1.7845562961000945,6.0,185
54.89965760382044,21.0,-0.5526135585482765,0.28737731111618353,0.7825707387092042,3333333.333333333,-0.5370919881305638,0.6048847295138097,0.13884313071245402,1.2604474286513376,0.5327153191164361,0.5004327325233848,-328.0890659972794,192.34096756153426,218.2356742231355,134.6700710453472,648.9941135910245,445.8973046920731,184.53114826420884,0.6251997260899338,363333333.3333333,-0.1571126074716579,0.002595580337410176,-0.26040858251540744,0.018260671079662116,0.0,13333333.333333332,0.0,0.0,1.223464962337366,10000000.0,0.000945603861854266,-0.692677106573002,0.20864235149063803,45.0,0.0,0.45458372553959203,0.0012718513771705334,0.0044875416702818425,0.042486282502774905,1.7993240360371507,5.0,185
42.34917310533163,20.0,-0.5160922163889523,0.03172791600091304,0.7695007500727026,10000000.0,-0.5370919881305638,0.4930381191508788,0.15540633590869601,1.3185356901397614,0.5993771260248228,0.5503266855266111,-308.82082594666076,220.18339040723012,130.5773525353936,125.73646436346606,631.916776723967,371.6784183217617,214.57450184032453,0.6251997260899338,243333333.3333333,-0.1773804686905577,-0.0007939422208548769,-0.19193106596667425,0.018260671079662172,0.0,10000000.0,0.0,0.0,1.223464962337366,10000000.0,0.0005941071845179316,-1.333111194176243,0.19997098902857158,48.0,0.0,0.37074727524470075,0.0019981947956447268,0.0002403864734738148,0.02982952748891799,1.7821375089776914,6.0,185
50.489967862380766,21.0,-0.48870120976945897,0.333028988815339,0.7839928939145288,3333333.333333333,-0.4827664916685688,0.6322757361333029,0.1268452847385631,1.2404458426307763,0.5121577546746514,0.517693056325998,-324.0525613287191,195.42941442457783,236.35423492022804,155.03995500395357,640.9667924610618,449.15613936664636,149.95778263299957,0.6708514037890893,366666666.6666666,-0.09898314692231604,0.0024734353803555795,-0.19649623373658978,0.018260671079662116,0.0,13333333.333333332,0.0,0.0,1.2143346267975348,10000000.0,0.0008860961398645377,-0.34912273236587815,0.20440645385590916,46.0,0.0,0.46919179681040535,0.0006133018824051262,0.004042443211422674,0.040275689425473334,1.7993670500284724,5.0,185
37.46875851963624,20.0,-0.4704405386897968,0.07737959370006853,0.7737515989571452,10000000.0,-0.4923533439853913,0.49532070303583653,0.13791575158539965,1.2856006503126711,0.5310430357965967,0.5833539748452905,-309.85206043991957,226.19646764939327,137.40601106068635,139.86955625713142,616.6287940960403,369.1970645140836,202.69929562098434,0.6525907327094271,256666666.66666666,-0.1357465951457049,-0.0007939422208548776,-0.1462793882675188,0.018260671079662172,0.0,10000000.0,0.0,0.0,1.2052042912577037,10000000.0,0.0005795086201203797,-0.967242152400772,0.19563117704093108,53.0,0.0,0.3761614237302564,0.002373275296537847,0.00503631006574999,0.03102353508419776,1.7861213955837068,6.0,185
53.4140527775753,21.0,-0.5069618808491212,0.35128965989500116,0.779672775579548,3333333.333333333,-0.4992010956402647,0.6322757361333029,0.12572353869672842,1.2341498382203844,0.5195097785024833,0.48621702965649816,-323.2128020464682,189.79059090947484,244.3080954059329,155.90685224458235,646.6578603940998,450.77478246627095,146.87691361319116,0.6891120748687515,369999999.99999994,-0.10026162215628089,0.002626116576673824,-0.20562656927642087,0.018260671079662172,0.0,13333333.333333332,0.0,0.0,1.2508559689568592,10000000.0,0.0009558089538132502,-0.33933042275196984,0.20419879897252036,46.0,0.0,0.47008827928981045,2.48963473046319e-05,0.006366609734163771,0.041514963985318225,1.7991110396904906,5.0,185
39.03565518663132,20.0,-0.4704405386897968,0.0956402647797307,0.7882629160270549,10000000.0,-0.49874457886327317,0.520429125770372,0.12624500705286712,1.2574746224189384,0.5140243573139249,0.5508377375290532,-314.35967010455045,235.02380411093242,143.59921263119767,145.1417958048507,615.909914165156,381.1181343407103,189.45158910002652,0.6982424104085825,256666666.66666666,-0.12129023054097236,-0.0007939422208548772,-0.14171422049760327,0.018260671079662172,0.0,10000000.0,0.0,0.0,1.2599863044966901,10000000.0,0.0005430376729007706,-0.793157554068578,0.19364079078524785,47.0,0.0,0.37757996349448864,0.0031672038794754095,0.010503055841122074,0.034565833392489705,1.7880215073344798,6.0,185
40.63268300594154,21.0,-0.5069618808491212,0.03172791600091304,0.7668049309511643,10000000.0,-0.5188313170509016,0.4839077836110477,0.13440416766744462,1.2248984882694316,0.49723925223707793,0.4875025215576789,-322.525652890862,244.47731343048352,131.2105352726125,153.1060508308807,583.6406130649361,357.2236037137997,225.49575223582482,0.643460397169596,36666666.666666664,-0.1737279920870425,3.053623926364921e-05,-0.2010614015065053,0.018260671079662172,0.0,10000000.0,0.0,0.0,1.223464962337366,10000000.0,0.000719510401417912,-1.5175309737362526,0.2008460226715009,47.0,0.0,0.32388912146196147,0.007275379219065369,0.06044639628657985,0.04945226660447415,1.811847381483838,6.0,185
53.063099941953276,21.0,-0.5252225519287833,0.3147683177356769,0.7794806245000165,3333333.333333333,-0.5097009815110705,0.6048847295138096,0.13220989694763677,1.24597791098378,0.5282969861119944,0.5167049426894375,-326.99377255486735,192.87399720791856,227.22508510151246,147.50595268101023,642.7066889094344,444.62108479997204,171.90076396622666,0.6525907327094271,363333333.3333333,-0.12476124172563338,0.0025345078588828772,-0.2284524081259986,0.018260671079662116,0.0,13333333.333333332,0.0,0.0,1.223464962337366,10000000.0,0.0009585968693420687,-0.4976140757736956,0.20632856614242223,44.0,0.0,0.4575680274069127,0.001051759357114695,0.00021624354240857476,0.041955859877615666,1.8014967565260882,5.0,185
44.95485602983791,21.0,-0.46131020314996574,0.30563798219584576,0.7676053144679247,3333333.333333333,-0.44944076694818536,0.5729285551244008,0.12496520040115007,1.2427467691173668,0.509720106132095,0.4904810511475547,-324.09996342855106,192.8545940299451,237.003255825392,158.10676623273312,632.5993577382555,443.8698113898123,153.65396516777875,0.643460397169596,366666666.6666666,-0.0908873544852773,0.0023818266625646326,-0.1873658981967587,0.01822643232138782,0.0,13333333.333333332,0.0,0.0,1.1504222780187172,10000000.0,0.0008489993265516484,-0.3243044856346142,0.21237362366007492,45.0,0.0,0.4575911138990918,0.000950079892551244,0.0020967017109127066,0.040131215483818775,1.8005123043116504,5.0,180
33.76211512788331,20.0,-0.4521798676101346,0.05911892262040633,0.758455555783694,10000000.0,-0.4672449212508559,0.4656471125313855,0.14065130093765582,1.3050951657756698,0.605953009152854,0.5321371040474847,-306.0923259802208,220.15407352643683,134.70133100581572,140.32944142615628,613.4169687600099,359.0296160666301,208.2679909483254,0.6343300616297649,249999999.99999997,-0.13273301377158941,-0.000732869742327579,-0.15084455603743435,0.018260671079662172,0.0,10000000.0,0.0,0.0,1.159552613558548,13333333.333333332,0.000575530334014033,-0.9893515266363119,0.20828085348824646,49.0,0.0,0.34928849413379215,0.0019260699400368024,0.002319345186549482,0.028708127397626494,1.786418140124837,6.0,180
36.78666848024668,21.0,-0.4704405386897968,0.04998858708057524,0.76898480399856,10000000.0,-0.4918968272083998,0.46564711253138547,0.13016139449645087,1.2391740243709508,0.499825427241943,0.501303731259936,-312.4196342341707,238.92928053291493,124.88414744447851,155.40785127616968,587.927327295447,341.91442471480957,220.89146633237013,0.6617210682492581,70000000.0,-0.14962390626188846,-0.00018321743558189488,-0.1782355626569276,0.018260671079662172,0.0,10000000.0,0.0,0.0,1.2143346267975348,10000000.0,0.0008022346105400304,-1.2286772653222604,0.2085675819310615,44.0,0.0,0.2992345231275113,0.005589958719393048,0.05016438243058689,0.0404517904015928,1.80822077191789,6.0,180
48.100457973936656,21.0,-0.4704405386897968,0.28737731111618353,0.7732344790950485,3333333.333333333,-0.4740926729057292,0.5341246290801187,0.12334026893774781,1.2308811456809645,0.4963070586986522,0.50727081780912,-322.58713174823265,179.70143348869686,246.83978730027076,158.42130642865573,640.658077097173,444.9779370238364,157.16145272719797,0.6708514037890893,373333333.3333333,-0.10397439701742367,0.0027177252944647714,-0.21475690481625195,0.009130335539831114,0.0,16666666.666666664,0.0,0.0,1.2052042912577037,10000000.0,0.0009193793218210168,-0.3739161307331003,0.22579332356518142,45.0,0.0,0.45225500861734635,0.0003877179373096847,0.008429644281382724,0.04284038640959713,1.8062152312871858,5.0,180
52.951174272830826,21.0,-0.5526135585482765,0.23259529787719696,0.7688937233973394,3333333.333333333,-0.53891805523853,0.5637982195845697,0.14814079001773398,1.278402715843713,0.5454958017919325,0.5322581010703961,-329.87873331053663,189.80284435111423,210.99245174756902,134.673349840312,641.1163863684442,438.18951722997275,201.8793778563509,0.5886783839306095,353333333.3333333,-0.17461230312713988,0.0024428991410919286,-0.27868637297420673,0.018260671079662116,0.0,13333333.333333332,0.0,0.0,1.1869436201780417,10000000.0,0.0009008064506659068,-0.8376045317718421,0.21652496662137077,45.0,0.0,0.4423371880289051,0.0019903687806959217,0.008547888796959857,0.04295973241876,1.8023524921994851,3.0,180
40.44293649219635,20.0,-0.5160922163889523,0.0043369093814197845,0.7715363554761417,10000000.0,-0.5302442364756905,0.46564711253138547,0.1695765240419134,1.3744133516253136,0.6524519437602218,0.6137358192610526,-301.1605960717333,211.2594401580367,119.98000621696235,126.13775062198421,628.4464944173075,357.50153342823006,225.05169454621227,0.5886783839306095,223333333.3333333,-0.1920793958761318,-0.0007023335030639296,-0.21475690481625198,0.018260671079662172,0.0,10000000.0,1.0,0.0,1.1778132846382103,13333333.333333332,0.000627847735425521,-1.5580047952342193,0.2090568328784042,54.0,0.0,0.35463079037059264,0.0011744594199377366,0.0050098773662873575,0.026526368642054914,1.781800594967987,7.0,180
43.93688763018243,21.0,-0.4978315453092901,0.2143346267975348,0.7650229378732641,3333333.333333333,-0.4969185117553069,0.49303811915087875,0.14376615919171415,1.2602531846305054,0.5208386755336962,0.5049715025931172,-327.19971503041654,181.7466893892078,216.2245587496057,136.86953101528331,633.4813288283709,431.9232245739151,202.38081188880616,0.5612873773111162,359999999.99999994,-0.15482956706992312,0.002381826662564632,-0.2558434147454919,0.009130335539831114,0.0,13333333.333333332,1.0,0.0,1.1139009358593928,10000000.0,0.0007775168639868642,-0.7676790289108559,0.2336655538489204,45.0,0.0,0.4235999373060475,0.0017319443064873874,0.006224572104530495,0.04113304410947746,1.807320759066536,3.0,180
34.96938206374655,20.0,-0.4704405386897968,-0.013923761698242387,0.76196635775219,10000000.0,-0.4969185117553069,0.410865099292399,0.16773035350835022,1.3546813938049262,0.6293721871353436,0.6003090854877617,-303.02132099696826,202.87620273799007,130.7597355685791,129.8281750492615,617.0033367510298,356.85445645585065,230.44673415713294,0.5612873773111162,256666666.66666666,-0.17953983108879248,-0.0008549001884849367,-0.19193106596667425,0.018260671079662116,0.0,10000000.0,0.0,0.0,1.1139009358593928,13333333.333333332,0.0005218729420613229,-1.4462195999153398,0.22729914717531077,47.0,0.0,0.33032940590502813,0.001055191093893111,0.004578050244359853,0.027403849073911364,1.793332054849915,3.0,180
32.07331533729644,21.0,-0.4156585254508103,0.10477060031956176,0.7628919606943183,10000000.0,-0.43802784752339646,0.4519516092216389,0.1276493316368073,1.3901540190376651,0.6273233396734403,0.5800337045591542,-281.9523445728322,179.25384370571587,144.3678906183336,189.9601102603479,577.3364903345399,293.4085778845264,230.14578714871686,0.6982424104085825,203333333.3333333,-0.09715502548885337,-0.0004884653173211472,-0.10519287833827891,0.018260671079662172,0.0,10000000.0,0.0,0.0,1.1960739557178726,13333333.333333332,0.0008569026886065548,-0.6459338425954821,0.20916831727744684,48.0,0.0,0.3188421757131167,0.00034747815936212085,0.012236319069365299,0.024687145244608993,1.794617883814312,7.0,180
42.65581667423099,20.0,-0.44304953207030356,0.15042227801871721,0.7566267424909874,3333333.333333333,-0.42022369322072584,0.511298790230541,0.11356396214175893,1.2132163775588651,0.47906131725463774,0.46580501304884536,-294.62704638153133,146.77645647515322,266.2894981539619,201.58054814163916,631.8781879032335,408.9691427278354,129.00223558884224,0.7073727459484136,373333333.3333333,-0.09755147226660575,0.0026870745443038834,-0.21475690481625198,0.018260671079662116,0.0,20000000.0,0.0,0.0,1.1869436201780414,10000000.0,0.00048284472175993775,-0.34176386394097347,0.24840266139001252,47.0,0.0,0.46786964440668755,0.004294792665092753,0.013509580522801148,0.05370868869521508,1.8106915912713242,5.0,180
41.57633749294866,21.0,-0.4247888609906414,0.30563798219584576,0.7753642495180748,3333333.333333333,-0.42159324355170047,0.49075553526592103,0.1146602142527835,1.2423254086290294,0.5021053028426872,0.4781565831312956,-319.20459693596354,176.022585840376,280.5380285480654,187.8140018504356,623.0711548338036,458.51838424806067,110.47247266895882,0.6799817393289204,373333333.3333333,-0.06395195160922161,0.0025345078588828772,-0.16910522711709652,0.009130335539831114,0.0,16666666.666666664,0.0,0.0,1.1595526135585483,10000000.0,0.0008284072288216017,-0.1548574702022288,0.22999855611842546,47.0,0.0,0.46099430100509553,0.0005315316986144751,0.012505713018077931,0.04102982465664625,1.8093437326002673,5.0,175
29.527436298533626,20.0,-0.38826751883131705,0.10477060031956176,0.7562324533483215,10000000.0,-0.41383245834284405,0.43825610591189224,0.11482970629348384,1.2266964940448855,0.5222419168183798,0.4861075556251025,-314.9589482421171,230.46137067778767,159.78844636957518,158.6632308007256,594.3183537494723,383.45947356798973,177.96426265571242,0.6617210682492581,293333333.3333333,-0.08309419462831924,-0.0009466234171731225,-0.10062771056836337,0.018260671079662172,0.0,10000000.0,0.0,1.0,1.132161606939055,13333333.333333332,0.00046645157504463804,-0.4651658195278959,0.22033413729839416,51.0,0.0,0.3185800790468669,0.0032197584771653607,0.013929463705063542,0.035394737045144786,1.7932555006503037,6.0,175
41.57633749294866,21.0,-0.4247888609906414,0.30563798219584576,0.7753642495180748,3333333.333333333,-0.42159324355170047,0.49075553526592103,0.1146602142527835,1.2423254086290294,0.5021053028426872,0.4781565831312956,-319.20459693596354,176.022585840376,280.5380285480654,187.8140018504356,623.0711548338036,458.51838424806067,110.47247266895882,0.6799817393289204,373333333.3333333,-0.06395195160922161,0.0025345078588828772,-0.16910522711709652,0.009130335539831114,0.0,16666666.666666664,0.0,0.0,1.1595526135585483,10000000.0,0.0008284072288216017,-0.1548574702022288,0.22999855611842546,47.0,0.0,0.46099430100509553,0.0005315316986144751,0.012505713018077931,0.04102982465664625,1.8093437326002673,5.0,175
29.527436298533626,20.0,-0.38826751883131705,0.10477060031956176,0.7562324533483215,10000000.0,-0.41383245834284405,0.43825610591189224,0.11482970629348384,1.2266964940448855,0.5222419168183798,0.4861075556251025,-314.9589482421171,230.46137067778767,159.78844636957518,158.6632308007256,594.3183537494723,383.45947356798973,177.96426265571242,0.6617210682492581,293333333.3333333,-0.08309419462831924,-0.0009466234171731225,-0.10062771056836337,0.018260671079662172,0.0,10000000.0,0.0,1.0,1.132161606939055,13333333.333333332,0.00046645157504463804,-0.4651658195278959,0.22033413729839416,51.0,0.0,0.3185800790468669,0.0032197584771653607,0.013929463705063542,0.035394737045144786,1.7932555006503037,6.0,175
45.69944003100896,21.0,-0.4978315453092901,0.18694362017804156,0.7613751400311889,3333333.333333333,-0.49646199497831534,0.49532070303583653,0.14309230151169242,1.2568230776443627,0.5295990893200867,0.5330271768688204,-326.91461345885483,180.98896431346878,216.26805600349377,135.67255391315035,637.6461205001901,431.91762482023984,202.69315118515095,0.5704177128509473,363333333.3333333,-0.1603382028456212,0.002473435380355579,-0.26040858251540744,0.009130335539831114,0.0,13333333.333333332,0.0,0.0,1.1230312713992239,10000000.0,0.0008151959759912005,-0.7812005450512018,0.23357887320639226,45.0,0.0,0.4304474979365014,0.0013540731148069802,0.004086337031793145,0.041247585090969596,1.808770349232557,3.0,175
35.43017205842226,20.0,-0.4795708742296279,0.0043369093814197845,0.7589006554960346,10000000.0,-0.4960054782013238,0.4245606026021456,0.1625658173756226,1.3483293250109238,0.5967359428051445,0.5604004870108947,-305.73231748796036,213.23071184716264,126.54712141323193,126.41720995532698,619.6361765215743,365.5370254826153,222.54605484599287,0.5795480483907783,263333333.3333333,-0.1767705242334322,-0.0008855509386458241,-0.1873658981967587,0.018260671079662172,0.0,10000000.0,0.0,1.0,1.132161606939055,13333333.333333332,0.0005024500627297794,-1.402135866425477,0.22023912970925338,49.0,0.0,0.34510469617931694,0.001340302144981695,0.0024520144581230124,0.0287611833301104,1.7923792919722519,7.0,175
44.59960627889798,21.0,-0.5069618808491212,0.19607395571787262,0.7709941128408296,3333333.333333333,-0.4973750285322984,0.4861903674960054,0.1444901568421813,1.2645605937553182,0.5176654823393931,0.508514095569217,-329.3971964111612,188.27680653728905,207.85221003734927,135.90690374455463,630.9537797691468,434.0819073380922,205.57629948209794,0.5521570417712851,359999999.99999994,-0.16319892718557402,0.002351290423300983,-0.26040858251540744,0.009130335539831114,0.0,13333333.333333332,0.0,0.0,1.1047706003195616,10000000.0,0.0008022410348169448,-0.8257733304728017,0.23666480860600428,45.0,0.0,0.4103353563610237,0.002309570495096056,0.008833512280405114,0.043862842910351925,1.811391213836241,3.0,175
34.899524443368136,20.0,-0.4704405386897968,-0.013923761698242387,0.7532752082888522,10000000.0,-0.05135813741154979,0.410865099292399,0.17274253819120747,1.390286250378852,0.661026734952525,0.6529283110500181,-296.8215744654217,193.5149248722657,127.07709128275866,135.5755965067181,613.7098341756605,340.89261631198343,239.10877175982426,0.5612873773111162,236666666.66666666,-0.18215696568515555,-0.0007327552314303401,-0.19193106596667425,0.018260671079662116,0.0,10000000.0,0.0,0.0,1.1139009358593928,13333333.333333332,0.0005996004485266296,-1.530193697902464,0.22644732752050248,50.0,0.0,0.3334232245450739,0.0005334741924048596,0.00797758702769593,0.025550810668462307,1.797901792961373,3.0,175
61.612767613422285,21.0,-0.6347865784067563,0.04998858708057524,0.7660141094234236,3333333.333333333,-0.635243095183748,0.5273111161835198,0.20316164676236928,1.3080821135928695,0.5686020811439374,0.5596450680906356,-337.29174976991067,184.31249429756573,182.75048697771845,116.5499472964638,632.235913336085,425.13276693788185,257.0086668802005,0.3969413375941565,329999999.99999994,-0.2952230084455603,0.0020765787808253787,-0.3837023510614015,0.01822643232138782,0.0,10000000.0,0.0,0.0,1.0865099292398994,10000000.0,0.0007409018181817061,-1.7850180428415916,0.22666751503171595,46.0,0.0,0.4399988647873787,0.00549213936308246,0.036691023937222574,0.05278444736573562,1.8183079167448173,4.0,175
56.56558572686384,21.0,-0.6165259073270942,-0.16910522711709652,0.7489020163718081,10000000.0,-0.2015521570417713,0.39492125085596896,0.2527990067486668,1.4185719639123868,0.6860058164719912,0.6672025252796765,-286.1412366919699,137.49359111966572,136.6941993307846,128.89158306103397,621.1605770876961,323.90946108462936,292.1246480700515,0.4060716731339876,179999999.99999997,-0.3317704481473027,-0.0006412610245366317,-0.35174617667199265,0.018260671079662116,0.0,6666666.666666666,0.0,0.0,1.1047706003195616,13333333.333333332,0.0006628766493256246,-3.175552962588538,0.23271329128451868,48.0,0.0,0.4115414270657144,0.0028056782773759146,0.037370048120715704,0.028065615040032046,1.7966399742921306,2.0,175
44.253516185140114,21.0,-0.4704405386897968,0.28737731111618353,0.7829589615461507,3333333.333333333,-0.46770143802784747,0.540972380734992,0.12775571632750737,1.257267521963356,0.504361877037853,0.5146883024763205,-325.24798341698477,187.79852367671063,234.14457025540548,154.71033610932295,631.1326310374793,442.61824255681233,166.8663666518518,0.6251997260899338,366666666.6666666,-0.10625652438560448,0.0024734353803555795,-0.20562656927642087,0.009164574298105466,0.0,13333333.333333332,0.0,0.0,1.1504222780187172,10000000.0,0.000888680028170137,-0.42183944231085607,0.2262323115035677,47.0,0.0,0.4310059818534365,0.0009285605384103967,0.000789880491072464,0.041319691916579006,1.8058721236368611,5.0,175
32.149375048226815,20.0,-0.43391919653047245,0.05911892262040633,0.7524684895406762,10000000.0,-0.45857110248801647,0.4473864414517233,0.1365741270006056,1.2937061713977203,0.5286977951004573,0.5736136469874273,-307.70962226595844,223.63780347938757,137.3015770682486,143.49001222282072,608.265569336101,370.33660586851414,199.78226468490936,0.6343300616297649,263333333.3333333,-0.12311572700296736,-0.000793942220854877,-0.13258388495777218,0.018260671079662172,0.0,10000000.0,0.0,0.0,1.1504222780187172,13333333.333333332,0.0006050403933195439,-0.8792892019427877,0.21572312563858803,48.0,0.0,0.3283636664141505,0.002133125070534357,0.005249138735719369,0.030221134802669324,1.7893347542775864,6.0,175
46.35621788042104,21.0,-0.5252225519287833,0.11390093585939287,0.7768601320859015,3333333.333333333,-0.5443962565624287,0.4656471125313855,0.16533049591595805,1.2674450359335991,0.5385118975137579,0.5295838731607794,-332.42532018854143,184.1412684345996,191.42731386250634,127.27956452772092,627.6183051667581,419.4879364635308,238.43045749380155,0.4791143574526364,343333333.3333333,-0.21052255953739632,0.002076464269928141,-0.30609449897283725,0.009130335539831114,0.0,10000000.0,0.0,0.0,1.0773795937000685,10000000.0,0.0007450576430990738,-1.2188349209820648,0.24406764102534964,47.0,0.0,0.3890850678910974,0.0038996129774922818,0.020945857337536723,0.04646092992044498,1.8164903068193354,3.0,170
39.380010131864154,20.0,-0.5069618808491212,-0.07780187171878564,0.7488422980945675,10000000.0,-0.11846610362930826,0.38579091531613785,0.21846185321775594,1.4632767072886685,0.7372216325492715,0.6983805006090176,-275.45273813192216,125.90429735963015,137.59180385240808,153.27385094116343,602.5576125760581,277.8283033272384,299.8277597881496,0.4791143574526364,189999999.99999997,-0.23952145628851856,-0.0005800740351120945,-0.2512782469755763,0.018260671079662116,0.0,6666666.666666666,0.0,0.0,1.0865099292398996,13333333.333333332,0.0006629795518867248,-2.2700950097427652,0.24216111220167819,49.0,0.0,0.34292919331298155,0.001359800041424765,0.023028467162113278,0.023727206259235762,1.7939752847654407,3.0,170
37.33628901370128,21.0,-0.4247888609906414,0.25085596895685913,0.7685887352052214,3333333.333333333,-0.43391919653047245,0.47477744807121663,0.12356703760110924,1.2460763335481062,0.497063195522397,0.49076343704612224,-324.40850764520974,183.9282052702283,234.02443991210583,160.8323591848389,619.6805569321971,433.98013686934286,170.90555426989172,0.6069390550102717,366666666.6666666,-0.09195119074792663,0.002320754184037333,-0.19649623373658978,0.009130335539831114,0.0,16666666.666666664,0.0,0.0,1.0956402647797305,10000000.0,0.000788915993915568,-0.36392842606823145,0.24647124801201525,44.0,0.0,0.4013174230501829,0.0012195922594325944,0.0017281764431376345,0.04060683255388098,1.8099891905343528,5.0,170
26.669116984951046,20.0,-0.38826751883131705,0.04998858708057524,0.752589826885313,10000000.0,0.009358593928326941,0.3926044282127368,0.13585023084178985,1.3172288876186355,0.5625228934352027,0.5809300223174924,-302.759133673532,213.23849614680628,132.70791689227337,147.77970185096436,599.6961840194443,349.5335759931749,212.77624337340112,0.6069390550102717,276666666.6666666,-0.1133448984250171,-0.000793942220854877,-0.12801871718785662,0.018260671079662116,0.0,10000000.0,1.0,0.0,1.0865099292398996,13333333.333333332,0.0005925503207358922,-0.8310242458059104,0.2425504206495298,52.0,0.0,0.2703737584481738,0.0014533475607818225,0.001973161114532734,0.02750212173372441,1.7944959376420906,7.0,170
37.20450028554441,21.0,-0.4247888609906414,0.24172563341702807,0.7587831181137553,3333333.333333333,-0.426158411321616,0.4793426158411322,0.12488085336220214,1.23655925832194,0.5110076595763027,0.50506265834305,-325.5322515654534,193.0658708322844,223.89158898328708,155.67205105424208,619.8744181272936,430.7267027100969,173.4646312001688,0.5886783839306095,363333333.3333333,-0.09277280681731717,0.0021680729877190876,-0.18280073042684314,0.009130335539831114,0.0,13333333.333333332,0.0,0.0,1.0682492581602374,10000000.0,0.0007538365176844043,-0.3822871847462891,0.23316404817419858,47.0,0.0,0.4075271530979838,0.0019833465079499703,0.0026558701109062354,0.040594741046985565,1.8075466218035074,5.0,170
27.73833048409795,20.0,-0.40652818991097917,0.03172791600091304,0.743022046267472,10000000.0,-0.00388039260442824,0.39488701209769456,0.14517860096096005,1.3548681816148633,0.5751361920741235,0.5991642978929117,-295.6526782374216,197.99498181358476,127.96966696037886,148.33569592451622,602.0914741031495,322.8983833910828,233.5912889582121,0.5886783839306095,256666666.66666666,-0.12990158259149356,-0.0007022189921666914,-0.14171422049760327,0.018260671079662116,0.0,10000000.0,1.0,0.0,1.0773795937000683,13333333.333333332,0.0006001790569997931,-1.0389261903075784,0.235061438989015,46.0,0.0,0.29892219695031097,0.0005997064760356176,0.003972236631056057,0.025324462629373882,1.7980912195735579,7.0,170
32.390873665234196,21.0,-0.4521798676101346,-0.004793426158411301,0.7530755162160394,10000000.0,-0.038119150878794805,0.4017347637525679,0.17793793212592734,1.460444935513245,0.6850586060127493,0.6961463213014705,-287.2308582840997,177.60195548263235,125.44353260504644,146.56967925288555,609.9775281722956,309.95435129015925,251.7605999444124,0.5795480483907783,196666666.66666666,-0.16815700372822034,-0.0005495377958484459,-0.1782355626569276,0.018260671079662116,0.0,10000000.0,0.0,1.0,1.1230312713992239,13333333.333333332,0.0006733482587403211,-1.4528775543760284,0.23462825427587794,54.0,0.0,0.30105541416537773,5.25078556528701e-06,0.010509080663229687,0.023328133467021308,1.7926161547678194,5.0,170
39.07188419380215,21.0,-0.4704405386897968,0.01346724492125087,0.7619304345283006,3333333.333333333,-0.4791143574526363,0.4291257703720612,0.1709142470951123,1.2943683003295123,0.520444643556945,0.5300994321584057,-294.0832032280822,122.15895318390605,222.04052925490726,177.6208309865098,609.0132258921087,363.6545666510948,234.51258739897833,0.5704177128509473,353333333.3333333,-0.1914412995510918,0.0021374222375581996,-0.287833827893175,0.009130335539831114,0.0,10000000.0,0.0,0.0,1.1047706003195619,10000000.0,0.00011523287132620408,-1.075499367003788,0.2715281122447751,47.0,0.0,0.3690827320460581,0.002706550168617673,0.017004094414809868,0.05088120024886723,1.8213133191406763,5.0,170
32.390873665234196,21.0,-0.4521798676101346,-0.004793426158411301,0.7530755162160394,10000000.0,-0.038119150878794805,0.4017347637525679,0.17793793212592734,1.460444935513245,0.6850586060127493,0.6961463213014705,-287.2308582840997,177.60195548263235,125.44353260504644,146.56967925288555,609.9775281722956,309.95435129015925,251.7605999444124,0.5795480483907783,196666666.66666666,-0.16815700372822034,-0.0005495377958484459,-0.1782355626569276,0.018260671079662116,0.0,10000000.0,0.0,1.0,1.1230312713992239,13333333.333333332,0.0006733482587403211,-1.4528775543760284,0.23462825427587794,54.0,0.0,0.30105541416537773,5.25078556528701e-06,0.010509080663229687,0.023328133467021308,1.7926161547678194,5.0,170
39.07188419380215,21.0,-0.4704405386897968,0.01346724492125087,0.7619304345283006,3333333.333333333,-0.4791143574526363,0.4291257703720612,0.1709142470951123,1.2943683003295123,0.520444643556945,0.5300994321584057,-294.0832032280822,122.15895318390605,222.04052925490726,177.6208309865098,609.0132258921087,363.6545666510948,234.51258739897833,0.5704177128509473,353333333.3333333,-0.1914412995510918,0.0021374222375581996,-0.287833827893175,0.009130335539831114,0.0,10000000.0,0.0,0.0,1.1047706003195619,10000000.0,0.00011523287132620408,-1.075499367003788,0.2715281122447751,47.0,0.0,0.3690827320460581,0.002706550168617673,0.017004094414809868,0.05088120024886723,1.8213133191406763,5.0,170
40.05972885706528,21.0,-0.44304953207030356,0.24172563341702807,0.7739646208915502,3333333.333333333,-0.45126683405615153,0.4953207030358366,0.12655525597975076,1.252120875750139,0.513907991375173,0.4580416682644397,-327.4879161736391,191.66335368707072,219.25574873509794,151.52400669764285,623.2277803272142,432.8442359652223,183.9467999966306,0.6069390550102717,363333333.3333333,-0.11173415506353189,0.002290217944773684,-0.21019173704633642,0.009130335539831114,0.0,13333333.333333332,0.0,0.0,1.1139009358593928,10000000.0,0.0007957483379580218,-0.49060905001476,0.23670362004217352,46.0,0.0,0.4060290004003211,0.0019845882422321708,0.003052437287452605,0.04290550192432058,1.8087664454237742,5.0,165
29.080760469054574,21.0,-0.4156585254508103,0.040858251540744156,0.7482753905870072,10000000.0,0.0034238758274366676,0.4017347637525679,0.15496096213428512,1.3634878696757655,0.6636757290307691,0.6236355498981356,-296.5766295130873,204.59544277809815,126.07046223378288,143.2837426168844,610.3729518170699,334.3201475122855,223.15190294156392,0.6160693905501028,229999999.99999997,-0.12838020238910444,-0.0006107247852729824,-0.13714905272768774,0.018260671079662116,0.0,10000000.0,1.0,1.0,1.1139009358593928,13333333.333333332,0.0006763897670840484,-1.0169734667653976,0.23147391833864095,47.0,0.0,0.29115313923675457,0.0009390279185451645,0.0028074409874705502,0.02469374103628951,1.793801078487385,7.0,165
33.55308171527869,21.0,-0.40652818991097917,0.20520429125770373,0.7637833039809,3333333.333333333,-0.41839762611275955,0.4040173476375256,0.12590931899540814,1.2370136451816756,0.5370161053268607,0.4935847284285588,-322.75217672895457,177.68842371264125,226.64483968178067,154.9131673953543,617.3681192545799,422.990395630515,186.75343671040952,0.5704177128509473,369999999.99999994,-0.10503686372974205,0.002290217944773685,-0.21019173704633642,0.009130335539831114,0.0,16666666.666666664,0.0,1.0,1.040858251540744,10000000.0,0.0006466273602537854,-0.47493484648639245,0.26443713832733723,49.0,0.0,0.3847314068174258,0.0009394785000336933,0.0015957841656821378,0.039300657983335756,1.819631799147049,5.0,165
24.91920295750137,20.0,-0.37913718329148594,0.03172791600091304,0.748784559992179,10000000.0,-0.011184661036293064,0.36521342159324355,0.13831337847234107,1.3041552293330394,0.5293695640631184,0.5681475122875368,-304.3514454914074,204.57368869464503,137.40384751428434,147.8921868604693,592.289595713237,349.6139446400449,223.61868362775516,0.5612873773111162,286666666.6666666,-0.12153108118390019,-0.0008855509386458248,-0.13714905272768774,0.018260671079662116,0.0,10000000.0,0.0,0.0,1.040858251540744,13333333.333333332,0.0004787260526486505,-0.9229159888414752,0.258832130388017,50.0,0.0,0.2525781520749105,0.0014831386923198002,0.0027964401319840095,0.02841645919037202,1.8034166901552524,7.0,165
34.65298897143623,21.0,-0.4156585254508103,0.17781328463821044,0.7651406741268574,3333333.333333333,-0.4457886327322529,0.4017347637525679,0.12996626953039347,1.2626815240282627,0.5119209253970605,0.5018510754248523,-325.52020529786586,180.60543140316207,210.77189109415843,149.3407070570576,615.3417418764193,416.1020297362726,207.57638442088393,0.543026706231454,356666666.6666666,-0.1255813741154987,0.0021070005091917894,-0.23301757589591415,0.009130335539831114,0.0,13333333.333333332,0.0,0.0,1.040858251540744,10000000.0,0.0006975448323414499,-0.640503777106806,0.265573728057543,46.0,0.0,0.3544360394351159,0.00198334731662286,0.004240014516663884,0.04032589745815414,1.8187771412159615,5.0,165
26.004236200462238,20.0,-0.39739785437114805,0.0043369093814197845,0.7449919067139835,10000000.0,-0.024423647569048135,0.35608308605341243,0.15462873970399027,1.370732024821026,0.64701403885373,0.5339788754186042,-294.7259166017422,179.15210435139136,135.8357418458464,149.28668373126203,594.1047106350755,322.9237377504441,249.256164793818,0.543026706231454,256666666.66666666,-0.14292638666971005,-0.0007327552314303404,-0.15997489157726544,0.009130335539831114,0.0,10000000.0,0.0,0.0,1.031727916000913,13333333.333333332,0.0006286125718422404,-1.18920425130407,0.26388837244816965,44.0,0.0,0.25204526853896725,0.0004044848694084221,0.0059506775438671455,0.025383115052560593,1.8014523006238332,7.0,165
32.69800594987974,21.0,-0.39739785437114805,0.20520429125770373,0.7681678651520335,3333333.333333333,-0.42752796165259066,0.4336909381419767,0.12448730426268617,1.262095226170043,0.5068028496378048,0.5161644474213856,-325.04975032306095,186.96568048746045,217.64664282472208,158.85141964381535,607.8748824195027,420.3213252463262,189.29226115050747,0.5612873773111162,353333333.3333333,-0.09490184889294678,0.001984855552137193,-0.19193106596667425,0.009130335539831114,0.0,13333333.333333332,0.0,0.0,1.040858251540744,10000000.0,0.000694296111266487,-0.42861172972176426,0.25477275944116523,44.0,0.0,0.3594926693277942,0.0023164280861872263,0.003661779025591194,0.04061612948379476,1.8118997759476685,5.0,165
24.583539885248705,20.0,-0.37913718329148594,0.03172791600091304,0.7510638808777985,10000000.0,-0.0020543254964619506,0.35608308605341243,0.14591243130313472,1.3751998782701857,0.6288495081204285,0.6435558317819636,-289.2375960038404,166.03337455928414,144.72253424817293,164.69583840501593,582.1866588890896,300.522529410907,256.72736586085057,0.5704177128509473,256666666.66666666,-0.1263087194704405,-0.0007022189921666911,-0.14171422049760327,0.009164574298105466,0.0,10000000.0,0.0,1.0,1.040858251540744,13333333.333333332,0.0006398832390587384,-1.0298200149440238,0.2610162588116524,51.0,0.0,0.25303918563879035,4.4364605837753646e-05,0.008328421732176523,0.02467335623259891,1.8010880504103466,7.0,165
38.4501429451876,21.0,-0.4704405386897968,0.07737959370006853,0.7594334015430734,3333333.333333333,-0.5110705318420451,0.38350833143118007,0.16214082773197575,1.2716624511784633,0.5417418533679073,0.5018577008526037,-330.0181506300431,173.68095256562947,193.99243326021832,132.18434748120833,615.7628745517468,409.48165404908355,246.43103393054196,0.4517233508331432,343333333.3333333,-0.19305272768774248,0.0019543193128735443,-0.29696416343300613,0.009130335539831114,0.0,10000000.0,0.0,0.0,1.0134672449212507,10000000.0,0.000619811528048655,-1.175987251423045,0.27583690845063286,43.0,0.0,0.3391638579743348,0.0036635373853250723,0.01775440318903076,0.04478993537553542,1.8280447006233047,3.0,165
32.41159246371663,20.0,-0.46131020314996574,-0.06867153617895455,0.7402334153585431,10000000.0,-0.1047706003195617,0.34013923761698245,0.2022257763913568,1.3889395072548067,0.674413803016305,0.6390120694006788,-276.029368624899,105.66363833484989,153.09401354800332,160.60123698751988,586.6313034454408,265.80587983764605,317.2977983709289,0.4425930152933121,233333333.3333333,-0.21998162519972606,-0.0007022189921666911,-0.23301757589591415,0.009130335539831114,0.0,10000000.0,0.0,0.0,0.9952065738415886,16666666.666666668,0.0005974544128630764,-2.0975489194350265,0.2790716212211248,49.0,0.0,0.2962150184948541,0.0016125924223329596,0.022873282141477273,0.025259340015044075,1.808845003838706,3.0,165
17.411830140824637,19.0,-0.3334855055923305,0.0956402647797307,0.7375258666412554,10000000.0,-0.11435745263638436,0.3378224149737503,0.12691692573907387,1.2310987010031402,0.47873919039200297,0.47550317394773545,-312.69037744446337,219.789852956042,89.2641129586037,161.02245399112869,515.7098740511643,298.96735311256606,280.8243009532288,0.28737731111618353,300000000.0,-0.12466206345583197,0.0007940567317521161,-0.13258388495777218,0.009130335539831114,0.0,10000000.0,0.0,0.0,0.7304268431864871,9999999.999999998,0.00047651576407101924,-1.6375694937793988,0.1328750270394262,47.0,0.0,0.757328811431091,0.00460413230562406,0.03019682528702619,0.036958517585884226,1.8477656261228348,6.0,160
18.246029775006836,19.0,-0.32435517005249936,0.13216160693905504,0.7338410530549598,10000000.0,-0.3334855055923305,0.3834740926729058,0.1393469352824921,1.3333723263163837,0.5710931062446076,0.5631112101864403,-291.8706726467116,212.4741137606807,63.85705313734704,156.90655125208514,533.7662946432002,273.5968226495709,274.2587943039395,0.28737731111618353,253333333.3333333,-0.117876778513277,0.0006106102743757437,-0.16910522711709652,0.009130335539831114,0.0,10000000.0,2.0,0.0,0.7304268431864871,9999999.999999998,0.0006009865528471122,-1.530697378901518,0.13204347395044003,48.0,0.0,0.6159543956228577,0.0012719719165863851,0.0066677455864785524,0.02118992576514809,1.8134444686126936,6.0,160
