Iteration,Actual_Current,Pred_SVR,Pred_RF,Pred_Bayesian,Pred_XGBoost
1,385,379.9402281671623,371.9435483059111,370.1650527574383,379.53403
1,380,382.1447422773375,359.795001726215,371.3638639024471,374.5843
1,355,350.13828426268805,353.6349956851429,346.9303661685938,358.36108
1,340,341.109167006772,336.9506868835674,349.9231475755181,342.69522
1,240,238.02667837398116,264.74420028289273,229.16865009063295,255.38426
1,320,330.11043297301774,329.3949689498363,330.527387797101,324.8427
1,190,187.63316228486903,196.85913395084447,182.40344927562234,190.18169
1,270,271.96190945064353,272.78393055118255,274.6545858272135,273.02295
1,330,347.2110120774133,337.938246592732,339.2445126446784,335.82993
1,295,304.4427539115453,308.9246244496245,307.443297991182,303.58557
1,390,378.16290130444185,349.6083559264809,372.7527122951857,374.76294
1,260,261.2483121695492,274.312851615444,259.59899126425336,272.56885
1,205,202.5288980991216,211.08952559623606,206.9441069482517,206.47862
1,230,229.67422518188036,230.26321305272256,227.25135470103612,220.57378
1,175,172.50036930497126,189.9014543490278,182.55101555955486,176.25366
1,390,382.4650301593449,355.0606930883016,374.20080984446605,380.94785
1,210,196.52728237952726,208.19421916046932,205.60875674560322,202.94696
1,175,170.85065192166547,179.6771688415071,170.426862924714,177.27249
1,260,264.2845489219091,275.0500575815926,264.9051285432678,277.00525
1,375,375.778561927597,355.84789125226627,371.1662507015884,369.55933
1,315,318.7456830214786,321.7491831694133,313.3617262337543,311.99063
1,240,253.208623132842,245.65281520308608,252.86897850668132,240.60153
1,295,289.60639527328544,288.7504941626898,289.34507420793733,283.80057
1,205,213.76244064193557,223.0709856418092,205.75810068732693,223.73982
1,250,252.0939196683134,258.5936283161283,240.88273750318405,247.8032
1,250,253.26646832081522,262.711260073575,251.39989552316115,246.90427
1,185,185.0462852919418,195.0019514826132,181.40358267730215,190.17032
1,375,357.3015499332929,359.2165666509416,341.7637301798977,372.41156
1,385,368.7092329072442,354.3281527758734,360.46045232076415,380.94284
1,320,326.41453023094664,330.56793575576467,338.15768081789906,320.45233
1,200,198.76392094940223,230.82932635882642,187.51352497079017,209.54471
1,185,188.14789642783376,199.0866081141082,186.02882343609963,191.60497
1,345,347.33297811992463,348.54906105569154,352.54508096376924,356.8218
1,170,169.01086181790123,177.12894077872016,174.92531501370894,169.5543
1,305,305.92365776045193,313.2396103828089,304.55532248750256,302.5436
1,320,286.3136615599595,227.63526679339168,294.4928556636316,193.48138
1,170,156.4574674925094,170.74382773816592,163.66658396514222,167.65883
1,340,341.09705180004835,343.70630409214954,354.8901876026097,341.48544
1,360,361.3931958960766,351.59730511182744,357.80711081304776,360.98737
1,240,236.69451452245082,246.6136014661237,238.11239851220955,235.1417
1,350,354.96186953176243,341.90636446886447,351.31446759400546,354.4613
1,225,222.31074103655564,231.32830112017595,213.08849243798568,224.78458
1,260,267.262149098285,267.99179546948864,268.6897000781212,270.68253
1,305,301.73759957307914,304.5587539195839,306.533191723916,303.4286
1,330,328.2296457663547,328.40368738151807,340.26692998291685,329.98145
1,260,260.17844378663017,272.1241009181577,258.48199313398305,261.78488
1,385,368.5849005870328,354.01650125337625,362.4622217512155,371.36087
1,245,251.71653836706506,260.6912087061143,246.72615651779483,257.98065
1,170,172.4996573676957,184.19547248231066,189.5433684306065,170.1239
1,170,172.46357378010032,175.00019477526834,176.0363961120113,166.14854
1,295,295.19219400475856,301.36787310191517,301.4219539587356,293.90576
1,300,290.8129788940311,287.2342097070198,296.15614599718475,286.5532
1,185,191.3054358952605,190.62634826638504,205.3829317608119,190.20766
1,255,251.13931714308606,264.2435587065553,245.27810921877202,263.37875
1,180,190.56317272490276,185.2433903799732,165.58495815909208,182.67233
1,195,188.76703648216747,204.01063480157336,184.1082663420966,200.54184
1,265,270.5726451393233,271.3949168655418,246.87299539893877,269.77676
1,355,346.1830354353418,332.1210762044972,357.6059187497411,345.21732
1,260,260.4355517520892,264.7088059101275,255.756050535582,265.66284
1,280,274.8268849510069,280.7792149285899,271.0165591063012,286.36942
1,225,223.9273932591127,225.1265054063582,226.62895935201993,221.82262
1,290,288.84614574723963,287.6645276444818,300.1212559646393,286.3516
1,385,377.93257612765785,374.40977508838773,367.2470254006672,379.99466
1,230,224.85572308123272,231.6979376641877,232.66666712280744,223.36526
1,335,349.40345757840123,348.82102936243604,353.4600587829158,344.02603
1,400,398.82625454068267,374.28315363930284,386.06510368580877,392.21756
1,340,341.99671557851536,340.7945524383027,342.3920759935233,338.08527
1,250,249.00513873500086,259.9813207775569,254.11258453175418,249.3876
1,325,326.99422859817025,321.09401616901613,331.1304648553556,320.1522
1,325,337.48959332601044,329.9544006183856,336.42019737246454,339.70935
1,290,287.64945441457655,287.8975353758756,291.7583555434084,284.287
1,220,220.74087722227017,226.4665323796574,215.49372893310863,222.23892
1,330,322.88919502273353,336.06364836824395,337.2595776133145,333.2453
1,280,273.74244897673475,276.7340553523587,279.9460732001492,271.57568
1,315,287.6804537408824,332.5236813458871,338.3016084210044,328.33243
1,395,391.2457399762678,372.9768671344135,374.0688398081589,386.26767
1,365,355.24856374184776,351.814900243307,350.2371680909068,363.97876
1,395,378.83523805485174,372.39044738722157,371.54334630293715,388.21075
1,195,203.51118009859752,199.51446202990056,199.152260924022,193.63403
1,335,334.6669494603203,314.49459281731333,331.81501456295615,332.03976
1,360,365.72139415221125,354.65004474062255,354.3225931656839,365.37332
1,230,228.89128284585894,245.56024519462017,216.90104843108742,229.49977
1,205,214.18107827299437,226.43366480741486,193.2391091575493,217.54648
1,255,253.43956737814352,258.7355419654475,257.6205057889375,259.20004
1,360,343.5546690660034,349.4396553636995,348.66273277372795,368.40836
1,225,226.04999258314737,228.7680472311199,225.9542301158254,221.50787
1,360,357.5358933192042,359.2284379509381,352.1484871087822,360.3498
1,235,232.4924441228101,248.69473331169462,234.13787523075155,245.43896
1,375,378.5460281977264,359.3055763503927,368.2231717715715,376.00714
1,295,294.0614957059046,291.60136133881434,300.2721467426558,287.48862
1,290,280.4214227568296,279.08621312515027,285.05163552928565,271.12335
1,275,279.331456067456,275.6409184361518,280.47059165277506,272.97116
1,215,217.45350996915317,226.76717567098672,220.4950691487841,224.09155
1,160,170.40767798314414,182.89951443436738,74.60377772811714,166.62035
1,165,178.69029821572627,168.27830570430027,170.60376061967287,166.47154
1,305,306.45811402322437,316.74221096033585,314.3565363702014,308.2278
1,215,210.95804153421878,221.859959911004,204.97287928884853,218.4022
1,325,288.8957077769909,346.99525753930175,349.5857316550131,359.2307
2,215,209.84378561170388,220.482996031746,228.66203693645213,212.4496
2,210,196.34584815915048,209.477531080031,207.0063179653779,200.86829
2,370,371.70860851844395,369.69891821958,364.17728471731016,378.0674
2,395,402.34168829451835,378.1347947654196,385.0706447447431,402.70862
2,175,167.81531908283682,184.61603294037118,180.8239217239298,172.85614
2,370,373.2424167442301,361.0693942168941,362.83097639909533,371.17886
2,385,369.6470809652792,353.83059245221,364.7407761747708,384.86133
2,305,301.3195775375294,299.60848743848743,303.0600087686091,298.05945
2,255,259.0003442813463,259.5067319934967,249.802573304195,259.38403
2,220,226.46548016867007,234.40447950197955,219.06470280923412,227.84676
2,245,242.93081505321118,242.983732956858,257.12544800304886,243.36826
2,265,269.8807816878216,280.0812075098103,272.2483254191284,269.53635
2,275,268.8073491152336,282.5217645780146,270.1734987312611,292.51184
2,235,240.40977607446996,249.32890771265767,228.20884238138876,241.17908
2,295,280.91917274744264,284.867577259342,290.36325851486464,280.16037
2,255,250.81768688521254,263.8480504461427,257.776490928308,262.84726
2,340,338.7797686976111,343.5115655599845,356.35697168072187,341.31213
2,265,266.6431289958108,270.5702690146112,270.5731986914746,268.44028
2,205,205.7369211704588,211.2097059503677,218.63433241752966,207.4455
2,175,174.00000905898867,189.89133997402388,186.9372050203949,174.52005
2,270,271.5546743826262,275.4151057330469,273.0887092048388,272.44296
2,380,354.91930506141205,347.6674001461501,358.02469057707174,363.85144
2,355,348.6997601374492,338.0650069837567,360.9190628183557,351.57135
2,325,348.1570097663623,347.3399077774078,361.7952921217145,346.06442
2,165,183.54742844865922,174.83062701187697,187.97508784700705,168.04013
2,220,216.49474671290022,226.14613895363883,214.2531707204421,222.56865
2,170,171.00017036764268,188.79199674508504,193.25126021765357,169.98785
2,305,311.9112321086345,320.30722483398955,318.0456650084914,309.17468
2,250,248.34067143453035,259.56870086054295,253.7324126800439,252.89833
2,275,275.219918659712,272.3947895854149,277.29525100474393,266.4489
2,365,358.5651193582104,348.51006479631474,354.39656975736114,359.10776
2,340,355.5946956697019,355.61612822362827,356.43965494395263,361.4849
2,205,203.7850699299347,210.8354020054021,204.05024513655917,206.87614
2,260,262.7233828268261,266.6387195918115,266.56556435090965,272.6657
2,290,282.6311729515271,280.5969576080238,286.25805610236915,277.69592
2,350,351.7497715703196,349.9825967319715,351.8204820953084,364.82654
2,395,403.52995615771954,379.7451905964406,382.5948499005946,402.03604
2,165,186.63878571724103,173.3586280195839,173.3277707925155,172.1604
2,315,317.54976714907093,325.77993251302064,312.4051679214428,307.96533
2,400,400.23195422388085,366.05597481222486,395.4348531442756,397.86185
2,215,213.77883556096413,219.19983412420925,219.05917838534475,212.86789
2,225,218.7705544844531,235.31824542559852,214.31133783797486,221.19861
2,190,195.08607687995777,189.38691079209468,200.6461134377662,182.67903
2,395,382.2422796699735,362.43506484256466,368.310570640859,377.8666
2,320,345.73759344679263,349.1535868760869,355.31708612276157,339.11224
2,210,202.14739578656565,208.61731365856366,197.30566535602333,199.2582
2,390,376.9285317532605,376.5125954600955,370.228201543869,399.5331
2,240,247.36279808755626,244.16484677359685,250.61190584732822,243.77054
2,320,325.3951839512798,329.0688184731936,338.85013891430395,317.2721
2,200,206.5140273429056,205.88386493136497,206.96989853259032,197.5692
2,245,234.79980141689566,236.94191206805183,241.49901024045286,223.99815
2,290,282.288042817446,286.4749043086543,291.88792789183765,274.89825
2,370,362.284618452008,361.34510920452095,341.9474867119204,373.18954
2,230,220.77181957578546,231.09084392459394,237.1387038378454,217.58629
2,365,361.4791894937489,348.44206087893593,364.2591444177135,352.67493
2,215,212.68003166022322,216.0928989746637,223.03074197364154,215.1274
2,270,254.49863266051182,268.32615560365554,264.754623301072,274.92007
2,180,183.80036468325693,189.90676859088614,209.58718684909698,171.33693
2,205,216.08555827305713,227.7667656648905,195.0721027013304,209.92654
2,285,287.919107252104,286.97919432963533,296.16250844901714,275.86276
2,340,341.01194105928425,340.74667163718635,344.2048770011005,344.227
2,355,354.0450485432916,353.95426782367946,356.6315467608913,349.5731
2,220,219.34174201791586,228.70804840992326,220.71874505974415,228.25987
2,200,206.28048399576164,207.5671261227879,199.27564165010995,205.56233
2,290,279.68611361018066,295.64324146169736,279.9611447245174,292.34842
2,305,302.3770778991335,301.6743168174418,321.40508995415087,303.54724
2,290,287.1164249584849,286.10488134550627,298.90396993104594,284.43552
2,170,182.9852977889587,181.6077535427535,170.21300981212178,172.17152
2,385,371.93209693210736,343.8645134263884,360.0357958120488,373.31158
2,335,354.1923374937064,354.6775708632325,346.18639700726624,349.10425
2,330,347.2795395930506,335.95448938452625,342.06449225250924,339.13287
2,375,369.3494280679363,361.009823101735,372.66150147615934,375.70233
2,315,324.1304350324933,322.67629504754507,319.9482257167198,313.58325
2,270,269.4347331913806,268.0812791606541,258.95730802076093,271.4613
2,335,358.1446182751181,341.3805378309055,349.6533221509962,340.49918
2,195,196.03090604477904,208.98540117290108,191.39780449315043,201.61282
2,195,188.44645809129076,197.80491851013915,191.72270939796846,182.98473
2,185,179.80098502676026,193.007127089958,185.40721168364877,178.55118
2,380,371.8055589097754,343.4678113933995,375.4431974826389,367.48242
2,325,301.1106436509807,285.77383796758795,358.6400535225102,306.19247
2,180,176.35162084388617,191.1931912069413,174.29406277457963,179.007
2,310,307.23040451357724,310.59176008359833,306.6572209839661,300.7494
2,400,393.73916287958355,373.8121716246716,377.96690550488125,394.84726
2,355,346.6882782657532,343.8996674390422,361.5072106313636,345.12573
2,200,201.48592031884561,230.02799131424123,190.6745192612383,205.08138
2,375,361.828881134471,355.8501377788876,366.50313689742933,377.13284
2,240,245.9015245913082,244.9878314509565,239.36730883108152,244.19681
2,275,269.6302660926955,270.49957315832324,276.1132543374485,262.53455
2,345,343.1546715252849,344.261145151145,341.76133170367245,345.0544
2,250,245.93953058848172,253.28115863303358,259.2663782600857,240.45003
2,330,337.7404995452272,341.05625333000336,353.236288660265,336.73877
2,240,243.40678535785196,255.44789652598877,248.71632247855288,259.2167
2,290,291.28081715235555,293.7254578998001,289.0268662769181,289.58203
2,260,262.3299285043761,267.03951846764363,262.51734134484195,265.61823
2,345,344.29256379962806,343.6677566496683,353.7286478243937,346.77548
2,315,309.69799616218904,317.2383641358642,322.5153695030838,308.84457
2,175,163.9494404130554,181.23685071056389,170.61276598974376,171.26402
2,295,294.06604642663774,282.4276965708583,299.1321907332822,280.19327
3,270,272.7405893893654,274.3387321942763,270.07180581951565,267.0912
3,300,292.0718430377348,282.5096509269884,300.9003983644801,277.7135
3,205,206.53973722533246,219.9539761349761,199.84461117058868,202.68393
3,390,387.10121677653143,367.73679023754,382.79303482259206,394.66315
3,240,251.6691952856499,244.5254273953171,250.06113869652506,235.34131
3,400,409.1877703894369,380.88836804861813,385.8245826190047,395.9102
3,395,378.2061132494896,221.30565476263513,389.7990900767372,301.3818
3,345,345.43712853522095,344.8368653740052,352.670189738721,345.52216
3,275,269.209148723574,282.160232017982,270.0181216373519,286.52316
3,310,321.43606608043194,327.7084154734155,332.99187388889607,325.96716
3,375,366.0185459331691,354.2411143856144,369.809844428054,363.45334
3,325,337.66495002748775,343.084719653712,352.81771551406285,337.93057
3,255,263.6818074909988,265.1729270239564,276.5137647728662,259.41476
3,265,259.5241880964432,257.43238776827747,261.2709100175841,245.80101
3,230,229.62791394847997,234.2545909507158,225.96950715780298,232.38945
3,240,238.20056290248948,248.99384463051575,234.0405623154952,243.77704
3,245,250.79139657358382,258.44233841240447,247.56001128136955,258.19122
3,320,325.9045417073969,327.53071520146534,337.3994039361533,322.39197
3,350,343.83817874760155,349.4170370585297,351.063034204087,345.25836
3,360,360.2135288975066,358.66382481244256,359.85098425181945,367.6129
3,260,262.5048916070907,277.94542501534414,263.2305192573847,278.9692
3,350,355.1174074841824,349.6214494029363,348.73133121428475,354.236
3,190,187.95989927829677,193.46147729884493,182.5527425246271,188.8443
3,385,380.3072749561171,355.19708861644904,366.8139434036683,378.4065
3,180,176.12166656441397,174.71843313703826,178.5851627405484,174.09935
3,250,243.2722888290111,251.55840129886445,248.7481731364607,240.17433
3,245,241.58278872790453,246.04723869375374,244.46723673915182,237.40987
3,355,347.34331077885696,335.2347827865289,358.63469337767293,352.97708
3,215,213.86004778600176,217.15666819046976,224.55112486437167,196.69272
3,295,305.93259200233683,305.04479428333116,308.3275392358687,302.90286
3,275,268.67983939584497,271.93524808116723,275.05660809082616,268.3304
3,390,377.74204754056785,374.76691709679193,369.3922168166185,396.1942
3,340,342.54213760847097,341.998555056055,355.1914082154253,338.01962
3,325,345.89030626279225,361.91543450830216,331.3360200164899,369.63217
3,225,222.97113283531417,222.88817793154573,225.87747833578618,223.71048
3,335,332.871034707714,332.5878890831388,348.96732313515804,344.4277
3,300,304.73432404076755,306.0706564852417,302.90066278343943,303.2576
3,285,276.41023116167526,282.510464132273,285.880122925521,284.347
3,235,236.29900485698832,241.47332926387335,230.56705164603653,236.41217
3,210,201.80849645718874,214.35482518625167,192.31279083623855,202.6703
3,295,274.19330245120227,277.63617048113565,284.494789024783,279.07025
3,385,368.36402159175816,357.53465795973005,360.86274647607206,377.94193
3,175,168.7161010788134,178.27595300605827,172.36769094489557,171.65894
3,210,207.08101850688254,205.35068195529968,204.35261368167434,197.70279
3,180,175.11377467659756,177.97875964386495,192.23473349521646,172.19196
3,280,290.24324497387016,293.0141446755858,285.7557911799179,288.8586
3,205,205.83418184342693,213.62448430980783,205.54379731772636,207.4118
3,325,331.52220150672355,334.3066939150031,333.1149528156729,323.66766
3,315,305.6398355447897,314.6292783240153,319.9225512313133,306.2155
3,320,329.6193913120297,325.9967187387775,337.19750887811506,320.79984
3,285,290.8695387573219,291.2825638071079,299.4199589821693,290.9279
3,400,400.6274621996157,375.6667123987125,379.40709823524037,395.54056
3,335,343.6304043616169,328.62416550116546,351.36715004739676,341.70108
3,240,250.6585618531745,242.56876585832475,243.0297900906383,236.74904
3,175,172.49971558514264,182.06982124647803,183.68905003704464,175.67357
3,305,299.0941664484044,301.6105637559037,300.1007749800038,300.28088
3,360,357.02416801518973,350.32312709512735,347.47002177795287,348.77664
3,365,361.06755190940703,350.13116180224995,363.45253921678585,355.54474
3,175,192.05344679665367,239.76539640261697,214.0510361372155,214.00134
3,180,174.6514803853333,185.79551965917642,169.5434857994908,177.92107
3,205,209.25554843173276,229.7773862567601,194.31547822033428,231.10083
3,250,256.43732384949305,259.65869565973253,256.99101935761104,260.5017
3,205,205.24408871565782,210.40227598381992,218.58713394848309,206.60632
3,300,306.7278886606398,301.365071942763,314.9926781107297,294.17877
3,285,284.8373447802228,290.0396715090465,291.59632511199806,289.3388
3,215,206.33888318434063,216.51444263906038,204.29060889468906,212.57784
3,170,172.5001952592402,183.78811338734357,192.54178212834358,169.3185
3,380,379.94309654162976,371.5133214460977,367.89693993729077,387.87085
3,250,254.3032680683781,255.06478930383338,265.4931852634845,241.50208
3,200,204.47905887591853,204.39264898010478,206.04287435831714,202.4993
3,225,225.0637396142324,241.22590071040057,217.24202826095888,231.48903
3,185,191.02413773982502,190.246872960373,201.52708012323907,185.10425
3,205,215.56534048403105,224.23792271617293,205.16007772701744,215.35591
3,330,339.75862833096414,345.0379118512209,341.7829015121322,339.29373
3,365,348.12653263594325,345.3763679514928,349.7589049154289,359.28064
3,170,176.10370142284623,173.01297532730422,178.6986448223244,168.00246
3,310,298.0694123177042,288.70030951646385,303.4947170929521,290.08414
3,320,282.0856126274258,214.6718874926243,298.6779078062579,203.30183
3,365,358.9725424386958,356.6897777967645,355.85269910502086,357.49777
3,360,344.04397184190157,345.8321028693527,350.57420881742866,368.38547
3,200,201.46187408056892,204.57164551951328,195.83208958187313,196.12253
3,330,336.1015292657936,334.36431126329796,349.7786833033915,334.79517
3,165,175.42896597878823,173.02455300328327,179.7648507173965,167.65138
3,260,267.4593896782687,265.5047541293415,266.388224565893,263.20563
3,335,348.8889498433116,343.99428920056545,353.04659198410343,338.67572
3,220,216.0909918692016,223.40250208614927,212.27082909034328,221.25005
3,355,354.76047303240375,348.0523337773337,355.5782654778613,346.5769
3,215,213.74796203626082,217.09622691197686,220.41879347325616,208.03351
3,355,349.1833121257986,362.1669612870788,347.6564019953934,362.52716
3,325,295.8656460919227,287.5421437173938,359.47420503429237,316.75357
3,275,274.29214942275223,271.52784487734505,278.66510598203917,265.20068
3,330,343.81232300688464,342.9114596412361,342.14585504840466,331.60303
3,385,376.62639568664713,359.6693982373834,375.07889490732214,377.22223
3,220,227.42772183118217,232.01834847831927,219.17321386742532,230.16408
3,260,257.6854124085417,270.8481989113827,258.76856376605895,260.2212
3,185,190.96891975375075,199.22885546153194,189.65575948698594,185.23457
3,280,273.6138736118381,289.13817880648764,278.50471061422866,284.99185
3,390,375.04745085386253,367.7573714341215,374.83568612691647,369.13385
4,170,173.22627654548495,177.47648545898545,176.85021240070938,167.49603
4,350,355.7055309088293,352.40585380305964,361.20269205228703,353.22552
4,230,228.75417651399442,232.85449009324017,222.79289191051586,230.53433
4,285,279.4986456119911,279.1972976125182,294.02232012452646,270.30698
4,400,409.1608036908719,372.2338594738594,387.2596191853011,395.06677
4,280,281.69141053718073,295.9499277111777,291.40502215536105,283.92145
4,380,366.91641629823147,349.25873315410087,376.20937956645696,375.409
4,245,232.67115460941278,235.13744366744365,238.61846553549276,226.03392
4,300,307.6001969859647,298.84374111999114,313.49078339130256,291.46414
4,310,299.5311019899711,314.26962259962255,292.9349181725777,322.86038
4,230,226.6064750665367,231.74481423804963,224.99298667738242,219.65356
4,290,281.04221374182276,285.2584012923351,282.65884607081,285.4161
4,165,179.90829415051041,171.70801309801303,167.68211178037473,167.16118
4,215,214.1164684696774,219.0397854922855,218.23113484541108,214.21758
4,180,168.07585557346266,176.64078601953605,162.41706488695945,176.99971
4,305,314.2662220713116,326.68190094627585,312.3812162003109,315.8534
4,290,281.75574753089705,285.3577480158729,295.89719731238995,273.97397
4,335,332.7628385912971,323.58470480907994,342.66761752904733,332.0397
4,345,342.7837633174125,342.5786025086025,350.3824612692155,344.8081
4,265,281.1375738047722,282.9821166333666,285.5986534364619,275.2849
4,330,342.89657808795,335.99849872349864,352.71463198377234,343.1725
4,380,377.0592385715203,370.8052282439783,366.6522561204149,385.97272
4,235,236.19387011594102,242.86683719058726,232.8034283963873,239.59277
4,225,215.29858784645097,222.58467227217224,221.78623973261332,217.93985
4,165,165.25485543416949,174.65410644910645,183.22008698310236,166.36864
4,325,296.3012468313762,276.240167055167,364.1666363419097,315.71353
4,305,317.7872934154953,314.58949397824404,321.88361364259106,311.856
4,320,330.9888014453814,332.88012522200023,333.83737439510423,325.13544
4,345,339.41218049740775,340.5880286380287,348.9039565009255,344.03787
4,290,286.8444229596275,300.37529415029417,297.46007659313284,295.58716
4,390,378.47743256864595,371.60319146131656,379.75616995271844,353.76028
4,225,223.43015518623855,222.2163734304911,225.38125826314896,220.05786
4,255,251.83165181289093,262.5917869630369,243.56947676752887,259.6829
4,335,350.9117547640265,355.6419228687979,359.9851635560923,347.5008
4,180,165.25128105872346,177.66088383838385,167.3316200420859,173.99393
4,360,366.4576825661898,364.10333825896333,362.9830468869669,370.00476
4,265,255.35987593371777,263.9305727605728,264.41926727465136,258.3982
4,230,239.4533619256095,235.84684079809085,237.8316213954376,230.56586
4,330,330.15849173447094,336.8227086108337,347.54138174252927,334.66928
4,220,218.4488670096486,225.8184885253635,211.75405246077884,219.46602
4,380,374.3052967512561,355.9965726634476,374.79992819589893,377.1821
4,315,315.9589339028316,333.69283362470856,327.5676994364575,328.00607
4,370,362.8459298718205,357.09712370962376,345.28961888795857,374.6818
4,195,190.11251440612233,196.91514173326675,198.99950558337548,195.49054
4,275,268.4453880556187,277.02685471391345,259.2300093103942,270.032
4,275,274.2179783124771,272.96761127761124,277.5977390291001,269.97934
4,225,221.57681891494946,231.98844454156955,212.25234512387829,224.17435
4,185,188.27581027149603,191.7669263375513,192.37164515408833,189.31596
4,355,353.72810334085597,348.75966366966367,354.7002338386087,348.56085
4,200,202.47934409639316,203.13722150398627,203.36744946526204,198.99675
4,305,305.3506854557224,322.77695131257633,313.1045446821845,309.96283
4,385,369.2663920214058,353.74610001518084,372.10951246323077,367.50473
4,275,277.1901622335925,273.5868094405595,280.3032617044519,271.89676
4,200,205.13150130625053,210.12093263762378,194.26247704231872,204.01279
4,235,234.69803448429508,245.82346930846927,222.91915547856317,249.96513
4,315,305.93122188609624,324.3552452408702,320.43398881419967,310.89908
4,320,279.16469795958534,212.76693292818294,298.86295973116165,185.49605
4,255,253.23626616733094,268.7284367021866,251.3208882654478,265.42554
4,370,368.5514187144734,369.40481712731724,364.04094418484897,375.4703
4,200,205.825835207156,217.69295301920295,205.56824771252292,207.00986
4,350,351.9522918666939,354.24457570207574,354.0408558544921,363.3723
4,210,209.93153119838536,210.63437657114125,210.08204839883598,202.46115
4,235,237.7431944196415,247.90318778443782,225.6828623830603,244.70885
4,190,196.49301146917725,203.47567654567655,193.20265577449453,187.5394
4,235,230.0313142518392,243.81279617441388,237.8638357169861,238.69217
4,190,190.2829185437601,193.39147810522817,181.40838089313348,190.54219
4,205,208.28260067361322,216.09090250027748,191.50171430883495,215.91147
4,355,346.9087369665098,356.9929944483621,346.0610853270556,354.78653
4,270,271.34037790699375,271.2150018527225,273.20125884178606,266.0739
4,300,295.39203660795107,309.79773545898547,320.8136464474973,303.21808
4,365,349.2167513395469,349.4942701742703,351.14608471022655,355.9105
4,370,371.7523064021348,363.0364481351982,357.1062856559645,377.96985
4,390,376.345006976766,379.5269823232322,372.30997715220906,398.30832
4,380,382.7521946413394,360.09408162507424,371.93382570452025,372.37424
4,375,397.67447173282295,370.8091458541459,398.60026870110886,371.39252
4,250,246.1532104806675,252.87909021534023,247.08158071615344,248.6898
4,375,378.04132607718185,363.34149975024974,374.78781404681365,369.72006
4,180,174.75585400289657,184.14644695582203,177.7081287525486,177.60063
4,265,266.6658281997896,266.6278182030388,268.70066235660636,266.68347
4,180,189.1941846746705,182.1958216089466,156.79511202257783,179.72044
4,385,377.1597635214676,376.604910991786,369.9245882031855,359.88495
4,175,172.50030467485436,190.234266983017,188.96590889858572,175.08942
4,260,262.7771779689555,269.3450752025751,260.79572050646357,259.5543
4,275,270.3066719587901,269.0389603248059,279.08979744331435,261.9697
4,235,241.2028697721957,240.50900613275616,234.78109160864284,221.36983
4,315,314.10316395088654,330.86168414918416,319.1679603734441,318.95175
4,205,205.44491330514182,212.57354825729828,216.74792131079707,203.48651
4,255,260.795798990169,260.5327871434122,242.2012335265373,258.67603
4,295,275.6148442072643,286.09226124365836,287.5597200790988,276.95294
4,310,316.8237131509283,310.9775159562659,325.21158034120896,315.66736
4,340,349.4046399732302,347.15333291708293,349.7901517149449,352.33487
4,285,292.3931954331761,299.2102266483517,305.1311004691159,291.20444
4,340,337.3946478326787,342.7406392912643,341.61532127998146,342.5958
4,165,179.350460088207,183.41756132756137,176.3593631147638,175.57043
4,355,358.6541012446415,351.49965451215445,359.9847252048711,364.503
4,385,369.923488601835,348.6955575674326,359.85351663326026,383.61154
4,205,209.48489228725174,226.96597495233527,195.00686210071535,226.26419
4,225,229.73699518744314,238.7102136058386,215.5033455899316,229.1132
5,235,240.44521680187654,239.2659823787324,234.84512001043913,231.47249
5,375,372.76228526487785,377.7687744967452,373.54189944345984,384.54254
5,330,338.8432243348405,337.0744588858855,335.3339877264921,332.80038
5,205,204.92494144507248,211.6355027056278,216.54180553199234,208.83134
5,395,388.83086779654633,379.9275327540109,383.0865152993749,389.91034
5,165,184.14282629459763,175.99252739417452,171.71724513110468,167.685
5,315,305.33406467589674,314.745007853258,317.7862090908899,301.71823
5,370,374.4296972049112,358.0007278685366,365.85278958725905,378.74118
5,195,193.02181014065786,198.55918361132333,201.38164372020873,195.52705
5,210,202.46241734034442,208.54540482230175,200.24342223711017,196.05699
5,335,335.68348272268867,338.0991892037703,352.5105094385762,342.72958
5,175,185.34464655324285,200.0158020345668,193.1970772090315,170.66148
5,315,315.339350541241,326.5787423147027,327.21925138996585,311.28436
5,345,350.7273882170376,344.9469905511159,345.9397947593056,348.31662
5,360,365.12123399332586,354.63827094310943,354.12035466908657,369.3754
5,235,232.89112323970403,244.47782520339143,224.49577692174503,244.72908
5,185,203.86101565511524,212.41273172660684,212.83374339413947,201.67413
5,375,369.7762910050486,358.66441872016867,370.75490488013344,375.35468
5,325,297.9232397930926,281.3479675447101,365.20694623621733,312.46338
5,395,401.62590805949657,380.47974820032897,385.97346838867895,398.56705
5,240,244.29870262424947,244.95116222666218,239.63231290082183,237.00316
5,400,403.84246688690706,381.4565592577357,380.99886883239986,395.23315
5,295,295.3814111377225,303.43560862748365,302.1153865194815,294.48273
5,380,367.53998719108415,352.3477679395768,362.0530609532495,376.0341
5,360,356.3586151275166,347.9217992048801,350.485997680895,357.88428
5,290,281.5329673015867,284.18995640470655,300.724943674218,280.95624
5,225,223.61613225673932,239.00268758039337,217.47980799833817,221.39774
5,365,355.6105233010048,345.902806027306,354.0085374483151,357.16843
5,220,215.1301375177169,219.31012293343903,211.12948714554167,220.024
5,310,319.64258760423917,336.5348198606947,322.37289588928206,322.16995
5,190,189.42442405683948,202.45495901320922,204.3117519119105,190.34398
5,270,265.26135911097845,272.8516336449497,267.9499513414963,264.4762
5,275,270.62200062610583,284.59820704295726,275.3454478895363,281.78256
5,315,283.11503024187965,288.90502022959845,307.3579886422558,306.5593
5,210,208.0680753730839,207.64649325674327,206.43680842329445,202.67227
5,275,268.36314707309816,282.9040862340273,265.1579748516708,289.7839
5,325,327.8173805632882,356.3557318098567,327.6853283655994,362.3994
5,385,380.21155155304484,353.2292310791205,367.23493220403446,380.1373
5,255,246.7298330988068,263.5546318975144,260.6839321975895,256.20364
5,245,244.65204666685804,245.81103948176002,242.26265103971684,236.43262
5,225,215.10325381203603,227.03272924297934,224.5082190139883,216.31676
5,340,337.55421049538654,338.7750975690977,340.65636083830316,344.72083
5,195,199.790539237597,208.03672599949064,189.71481242074807,194.07004
5,250,253.65666736727565,256.3514971213427,256.69742231116624,255.56941
5,180,199.90383354367657,199.8092961482963,212.25481854726354,177.2197
5,335,319.8241620613406,311.73462594676585,325.7976177323398,334.70993
5,175,186.26274090230282,180.50273849026792,178.54755864026495,172.72176
5,310,306.502977261507,310.2926587513795,303.7818893595962,305.82132
5,335,332.1199964811373,317.5691743395494,342.1037127782044,338.38095
5,175,172.1123247659661,174.0065740640938,174.55553956431174,169.50578
5,225,231.51977748230775,238.2961757548008,233.09313634570032,244.92348
5,220,218.53390128233315,223.41726730540708,212.9178209265492,220.30388
5,190,194.0505686534911,203.11758641358645,193.11233158023097,189.72609
5,395,389.2592380151328,369.75996515739166,370.07404343371786,397.52435
5,280,279.81443248905225,293.7134947413699,287.8803489747348,284.82446
5,290,283.29126310964557,285.2964761904759,295.2025925611778,276.88718
5,270,260.2374311958303,268.52295479275637,265.9519418986509,265.2804
5,250,246.02608380580546,251.64312085137084,257.52853537361244,234.63629
5,290,284.44026665494204,285.58390065490084,301.6171917971271,285.40234
5,160,161.19527049271983,189.72091133866135,81.98133872941767,160.3246
5,265,266.1693682422778,269.6462086524587,245.3956791917186,267.01733
5,330,324.3016425672478,341.61118584193605,334.18177199149943,332.36807
5,330,341.9069140986956,337.86501524863996,349.75993820609443,345.4415
5,390,363.9116296659578,350.3973316822068,366.7117429583415,371.81577
5,180,181.83543925524367,187.89731203518704,175.22725503281126,169.88565
5,285,293.45407954855364,299.0428936494792,289.79441139894914,285.81708
5,250,251.3597356743703,253.54693727106218,261.88762293202944,247.77567
5,265,266.40135001930554,262.4419622330284,271.53525398013323,256.10025
5,255,251.49716276080193,267.5029363071568,249.97448329185124,263.19446
5,265,266.60996246557335,270.59856800470766,271.5915539746787,265.85388
5,195,190.78702466026232,195.66579366466866,199.19013572527155,201.23729
5,170,172.50012352070945,193.23548478563927,189.7701694253907,170.76923
5,225,226.61645475366123,245.34741214667667,212.21091876697483,222.36375
5,325,347.1922314119248,348.35248347241003,361.3173266133814,357.17624
5,380,379.3217310631015,369.42285052447556,368.30920206555305,386.2363
5,280,275.4414871061675,294.62478430637947,279.76824452976837,285.03238
5,290,282.2935695280804,280.4350725002122,285.1500282688517,272.10352
5,320,324.67325160724573,328.66120220040534,336.51846395255546,312.82346
5,200,205.4773722386575,211.56523364135867,200.72103050646336,207.52757
5,300,293.9409261097278,292.65963543547116,298.33736043876934,294.25266
5,345,345.4561228873974,348.34151213574006,350.1455387300084,347.55066
5,225,224.29667660796815,223.28193608434034,227.0671848786822,222.16136
5,360,353.54449520356553,349.3805174131426,370.91458469324186,347.8146
5,355,354.07505976085685,343.67211491123265,357.7645253411491,351.87787
5,355,347.60461247759827,358.4323150019913,344.08037590869463,360.59528
5,335,353.99152744294224,354.648884074259,349.57199326544196,346.56012
5,250,253.0260384343345,253.86667153434811,251.76218942705918,241.79868
5,305,306.97994017595823,303.22643247030754,311.22774362881825,306.6948
5,385,378.0831829958215,361.4077840933574,375.2295684382791,384.66553
5,260,262.7946053220974,259.1784524087023,257.54260948594674,251.77115
5,170,172.94307883414456,186.00271430448646,170.76203776701396,169.03093
5,230,227.63942775187843,228.29529860743853,227.85650514528183,219.57326
5,370,364.49889164660027,355.57186250350964,346.662514296515,374.93268
5,300,309.78967294792847,308.90631211843714,311.5279841636561,308.45834
5,385,366.0317264519979,364.0053016289267,366.62587539781407,366.38626
5,205,214.3177436434159,222.2168321784424,205.14960120382995,224.87024
5,305,309.23012397295383,317.740991386881,314.1077971651919,313.796
5,185,185.4810379566536,191.34652150880598,203.25952440510014,194.23784
6,205,203.76221633739516,210.48583663341003,204.64863021937214,202.96402
6,365,365.6000323268882,346.6646117399305,360.18993704540696,365.5773
6,275,272.7320604069809,272.9989642523168,278.206798444361,264.38187
6,220,216.52826527638177,224.2021830770709,213.0028392101421,222.75261
6,170,171.00013347258678,174.56948542198543,177.81367274554316,170.81854
6,285,280.92872741269895,286.5277485928073,284.7437685823025,284.9559
6,260,266.41595473277533,265.57374661966566,265.97248221085346,270.70374
6,275,279.2732268524565,274.5705326970758,280.6064196689007,267.8011
6,185,181.3442375028024,193.6663084546172,184.07128552207536,186.55814
6,310,313.90363380625826,323.7500669201657,329.26335220605165,323.70667
6,315,321.69043575047255,325.58291394879643,330.82676144283926,313.41614
6,400,409.3307781040323,375.4655570355569,390.2134182576959,404.0529
6,285,283.9298350894623,288.3355245899583,291.84045932490477,288.94254
6,380,378.96851613334735,358.26939628998457,374.302434309842,375.02475
6,385,378.9219430508047,355.586829680224,375.96119578981717,380.9882
6,270,270.23027247727754,271.6767055506383,275.65711885058334,271.39832
6,180,172.9824734465176,179.74498154623154,166.8775644717674,175.13205
6,165,169.75864796798908,178.80448720125193,159.82710494446877,169.77249
6,365,353.96145101789335,352.86341807387083,357.11008030302474,361.78122
6,355,352.9622978958725,353.3956036692066,357.60542201972373,367.8649
6,300,295.3724726064094,308.1675984187382,321.39570095773394,304.1622
6,260,261.1383311476466,257.15328925931294,257.6253420921346,252.47897
6,380,365.536066226222,351.4662404724905,368.52395980480094,379.47156
6,250,249.16228000477196,248.0303805671995,261.8765940264188,244.43738
6,290,286.60764467467294,284.2487741363671,293.2781708788698,275.03214
6,300,303.95801498140173,303.7995648994683,312.9741432199229,301.18762
6,245,235.8716543019844,242.46081319182107,230.97147066003345,234.83022
6,305,321.66696272937253,318.95463528101317,324.8285052402214,309.2934
6,380,382.7386775964441,363.7079215028142,365.643124148198,374.47415
6,230,238.8949657428173,237.1568659087157,243.5221148557735,235.4925
6,340,340.30136171609234,344.4343138425819,355.35723004088345,338.11395
6,175,173.9999349057348,191.00759957634952,179.2829511500185,176.2945
6,300,288.19699782891286,296.8554279027075,300.0467408412548,298.31482
6,335,332.2569038832989,308.6397107454094,328.21206744201686,328.50534
6,205,206.3964111107154,210.6286429284223,217.8622182723402,209.03265
6,395,371.0458221903281,360.6533183282109,363.2586109262849,369.31262
6,195,173.91851703989,203.74978581603574,186.62999112829553,174.3384
6,225,228.53058142273545,228.38671445026708,231.08746935554814,215.56259
6,295,297.87446558512016,300.7309284168387,311.9940325815684,298.11545
6,310,308.82000145314356,310.5770147153045,318.1337229535794,305.0759
6,320,323.19284973770567,324.2493000518001,336.6711475681125,313.0752
6,245,244.73047153892406,247.03552502867888,257.30025010569364,242.21156
6,210,198.41872850075498,209.53530932030932,206.52918338962326,202.35098
6,350,354.64284325925604,349.6652909978404,347.3082506577913,351.66855
6,365,367.8094499868916,364.4118463538239,377.7732369362228,370.2557
6,375,369.4728701934061,351.9266054316053,370.96044984185266,381.57626
6,375,378.4684980728072,357.19019711344424,370.4286201179383,373.92413
6,245,231.97392328451912,237.41040250198145,241.41511223170818,226.6966
6,185,191.29576927965292,200.86648138898153,209.8060700502042,179.3804
6,230,216.2850623765258,225.30259338435624,220.48197735657405,222.90158
6,385,376.3822967245355,375.8248598433156,367.76444669586687,377.0953
6,350,352.5560265158311,348.9170397633556,351.50161066737905,353.9291
6,170,169.0447067534119,178.92539786738314,170.46266899276927,170.42633
6,200,204.52490868409842,215.93792494542498,204.89819812889647,203.70888
6,230,223.22739584425625,236.286218214047,239.35094867330548,220.44984
6,345,341.89797506858,343.7372569061057,340.833230646155,346.82242
6,180,194.20202342521975,185.24520197395188,157.54602424298315,179.89775
6,355,360.93076772074966,349.1729512612717,351.75126193963695,354.5285
6,350,350.0003936802911,352.0886039464111,353.73230640748847,359.10776
6,265,264.8742434612191,271.738303073607,250.09125695773713,261.68137
6,220,226.96776900516585,232.94574216232115,218.02882009576166,218.79677
6,355,356.7597443479311,341.6095925364829,361.6976432712888,359.2231
6,210,190.0004938776163,212.05598671481022,194.40127880012955,175.13988
6,215,219.59932151948334,223.06004828146848,228.74950848426488,206.77187
6,315,334.3544535932428,333.90553283862107,348.50041382687385,334.3585
6,180,172.58689387141186,186.746091291606,180.0170397231055,181.86331
6,310,305.8998649509526,311.72889907478145,307.47129892786336,304.01846
6,360,358.98953799423936,352.82528296866553,363.6451833291516,361.71756
6,320,325.9349781783408,315.87131438822615,339.83098524915374,316.81696
6,400,409.57522118079413,380.5462989842399,387.0359707599014,392.89728
6,350,358.94430725387423,351.7626372362362,359.9684582478436,351.82886
6,165,160.17469071554788,171.37234813797303,154.03055853468896,167.95193
6,245,243.24508382216612,258.73965659754174,241.68632619742021,258.79095
6,350,343.92898619777674,345.46512927658773,349.9712977226014,348.92392
6,320,325.1970009729312,331.45469783420066,335.3950926150245,318.3634
6,390,382.03503933488963,350.5232731672925,379.8002329896556,376.2032
6,280,272.43978770649215,281.7208680873047,272.0770240158852,283.6168
6,245,243.41225672355182,246.5734945251412,246.12618524260034,245.78387
6,280,280.2197009847733,283.0402403435172,284.4267327737831,288.7672
6,215,214.63955377429983,219.53711572604956,201.1275685625738,218.30766
6,205,215.18546089310536,218.8610264522628,203.67889179814227,223.03227
6,345,358.2019710394167,337.0424707200696,341.0871334121966,344.24524
6,275,255.73417452044413,286.5783841889103,254.9809908100425,265.55405
6,380,381.62825326486353,348.05211279082914,376.97685958531554,373.74225
6,335,330.3006794885285,322.37933587525293,346.0568949099399,340.70374
6,305,308.15848563842,294.0655916768417,317.91714175040465,302.52136
6,255,264.1686831690276,266.8096164168153,276.6700790682348,256.99268
6,265,266.6246158959315,271.0792053251989,269.4851180122984,270.78122
6,355,355.31494500650837,347.3935532897818,364.3930639489687,343.09225
6,320,329.63168460381047,331.5188367456129,331.93479724701274,325.17462
6,190,189.0683270322849,196.43840745802797,185.01833512445722,192.84799
6,235,235.3743627165871,242.6831982524346,229.32314280106488,236.56021
6,245,255.37562588207055,258.03004292679486,251.62298326923516,256.7004
6,165,182.03141732468546,171.7201443695193,160.65212819387247,167.01062
6,300,293.4225842088717,289.4335450727005,295.1700798850792,288.54556
6,250,251.91271277504478,259.25628117253115,252.53488158063726,248.48653
6,190,185.50688273958912,194.48080455983683,202.39897650498415,191.3918
6,185,191.25338044253095,195.8191131031453,192.99443879446167,189.87897
7,290,284.80564245246006,285.70658349003935,293.02640147051875,281.28885
7,285,273.230762712332,280.1803282216589,285.8845204117929,278.73068
7,260,264.5950161256072,264.78806421791717,251.7956675091257,271.14166
7,250,253.8043611778765,262.34339348972395,252.3569395349062,251.9027
7,225,222.59752956452797,231.453307040182,212.70258750562425,220.7306
7,240,237.78946214380647,248.5381270704135,235.08680356646312,236.96118
7,340,355.5760712450355,353.3013359678741,358.2173559274072,356.9941
7,200,205.907315984612,205.61666461321767,208.66501121158907,199.95746
7,355,346.99377149038247,343.1564113323246,360.0174226777519,345.0857
7,340,340.37068302144877,346.2276382344897,354.42845340195504,337.7771
7,320,277.34117280559866,234.38677351379567,272.28746321621077,276.96555
7,175,200.06321254327693,245.6236991711992,215.68595590469567,205.25085
7,350,339.93760716375385,344.17650058411095,339.93269800801664,340.6788
7,255,267.84511711512306,260.6264133483619,246.95200032227268,268.39667
7,205,204.55465015679567,211.96697793415603,201.6277400327612,204.73584
7,165,154.19445151634727,174.9764802109655,180.3686650867022,165.45703
7,325,333.29429910996606,337.5318789859378,348.38264803558576,331.42044
7,200,204.26655460138903,205.21695948038763,208.82475859572963,201.50926
7,270,268.37765392275213,272.97676374954887,272.83300125461125,273.17343
7,240,239.92211378054174,251.24613215896292,230.12950874531725,246.48076
7,270,268.05155351406387,272.217020698719,272.02588808963117,270.04056
7,265,266.14297761690506,279.8090776404927,269.8346830615439,274.27695
7,180,186.6450777065195,183.68174173049167,153.75834255574017,179.1851
7,400,400.9051206512018,362.49531304343805,400.23208979314586,393.12915
7,275,291.91062473180705,293.2955935539966,249.9217886759887,280.52573
7,370,370.6325460829784,356.83319919967937,379.84600439605344,375.75626
7,290,287.70801897242853,286.1113121820176,300.1774362558575,282.49103
7,305,303.1392167166302,302.50448349493814,302.057573697143,300.01688
7,295,296.58856555613846,301.68956697469184,304.666331201505,294.78323
7,355,349.75128180888765,333.66258716043166,359.48020166973185,348.52502
7,285,280.36768746303466,287.6446291943351,284.94345983129756,287.31577
7,340,337.2244336617161,344.39119217876834,343.77837894727764,347.03766
7,310,294.33516089691824,287.2042076033987,301.3213290833509,287.2271
7,170,178.18104621185313,192.22536018948946,220.57708528752744,178.62741
7,180,179.05695173674917,176.28735454360458,176.45646279193954,174.76549
7,310,325.7643189967251,304.0443614120084,337.6596531477856,318.23138
7,355,347.2653847799126,342.3711234272264,357.19819069713037,356.98465
7,230,229.56604325541008,234.70954550079574,228.01443582498493,230.43349
7,185,187.9647708277933,193.7883698749268,196.98463908696382,189.85442
7,385,372.6659951948606,362.416050972448,367.05288892443843,373.02814
7,335,333.1586142391313,329.7171947959449,349.7586954676167,332.06964
7,300,311.7400592371425,310.86359284261476,310.67887722418857,307.40393
7,165,152.27731241884413,173.65883819883817,167.5968084550633,165.31964
7,310,303.62109097782144,312.0764179187672,310.04238573952034,305.35526
7,330,346.88091110320295,344.0012471368503,343.7609686125196,332.7971
7,265,270.66960673577904,267.35459388788036,270.1375515444118,261.693
7,280,273.07744306826106,295.43890092388574,278.995382114906,288.93442
7,185,187.69407249967867,202.3069579494579,206.2324904892455,185.50772
7,250,244.55785502497173,252.0718159308975,246.86349509538906,239.99033
7,215,218.91074601469228,223.23823898483388,220.73419266448357,222.83875
7,380,370.72653101424584,358.2536747127283,370.227874006501,388.6223
7,280,278.89488718416766,286.73356977173137,280.6443916703497,286.75797
7,390,371.7471601719254,379.2160189165838,370.30152753567273,397.7411
7,320,317.40373041831987,317.69857689461736,325.5275685726373,314.52924
7,375,367.7513238483585,362.7486913505884,350.4243769204686,379.19427
7,200,199.791504949816,205.31318198936017,205.38767613775585,203.47324
7,230,220.85199454225568,232.85512222526924,231.50537918928978,221.01065
7,280,271.91742646193785,280.8383231025511,274.56579501966246,283.869
7,350,352.2987054284619,348.20868235786116,354.2422828078488,357.35086
7,335,323.5955420556916,316.6752921331953,322.6519989535144,330.5674
7,325,327.3308094797533,308.0945463332963,342.94063636027334,324.12656
7,280,273.675869466492,271.80082837383185,278.69186753059347,266.2043
7,250,248.94223022256278,258.92504677239975,244.94236213053858,254.32152
7,375,374.73184540732774,361.8524784977253,370.9183699848702,371.61972
7,210,217.10207544588826,217.40273380257517,199.76599576374053,202.9453
7,205,215.51731458603302,221.63180860502845,206.5647154037123,225.89001
7,230,227.511883135265,227.99326032460522,227.1417456184789,220.49358
7,320,273.4312682692162,218.00141233766234,294.74687531938787,190.26971
7,170,178.18104621185313,192.22536018948946,220.57708528752744,178.62741
7,370,369.5579573422414,358.5028904060764,368.3694556016367,369.9433
7,350,355.40051896811275,351.1363293504791,346.23692650843566,353.96585
7,235,240.0120113151458,237.34848665223666,232.46696793238553,229.85237
7,385,371.0946532287563,357.19639472352736,369.92204025547704,370.97144
7,395,385.120113129735,380.91156759362644,381.33992133468627,386.50635
7,365,375.77254428488214,365.7195805266858,361.32726824512326,373.36075
7,390,392.86838254230764,364.4783030395532,381.33255807969755,380.84653
7,210,208.10508051684707,211.50218881880653,196.42169216034227,196.14175
7,230,229.442533062397,239.17098815073822,216.49819784373153,227.38326
7,200,203.76112452729097,206.89241826996414,196.76418033217328,203.95381
7,170,174.49588059328994,179.5087823995177,167.10430288257277,171.92953
7,340,340.71556767343844,339.7835595423093,353.8596641266199,334.76416
7,305,299.934600693459,306.04207656722366,311.602566001539,297.54813
7,360,358.2104165470499,349.2276355752092,354.70792140697836,360.18237
7,310,305.8466593111704,300.6394646881741,313.7499284335369,302.44736
7,205,223.7724662591133,222.19530700415572,204.18139694424332,234.64131
7,380,357.17444069976233,351.7334008815258,348.0501932403714,367.8693
7,390,372.66351990868446,368.80831303457455,374.1011157089557,365.33148
7,235,242.86480010823453,244.7490809653309,229.4404516336148,249.30435
7,295,287.99923471914013,292.0269914576166,287.3792774916799,293.2164
7,240,249.34509500212386,245.8263170938978,250.05592748288785,240.39572
7,210,205.19980130262184,211.35122807747814,191.12643748736826,201.12971
7,225,228.6614815549903,239.59670799611024,213.77592808027623,230.10942
7,175,188.15886308150357,180.00610597463537,174.821419007989,173.44122
7,240,246.25660439815766,255.0201685388542,248.91167688806354,250.52658
7,355,363.5534884861462,349.50349960524255,361.3358053403079,356.72925
7,285,294.9892694956206,297.89633373462055,302.0245055238716,292.4312
7,190,197.18271063262767,200.4533603017883,197.21939733982708,198.54482
7,400,404.50955277679174,364.32561433084464,393.6813396062287,391.96945
8,400,392.17081565712226,329.03174696137194,399.9226797017847,346.05472
8,385,369.2111741475866,352.9064686922556,363.62298889537203,377.0202
8,335,330.18758929713454,318.3917577422578,343.6535070440895,335.04602
8,165,172.7502164886755,173.200582402075,177.4742426266948,166.85114
8,325,326.7044293766404,325.1208896838456,324.19229688799135,317.44608
8,220,216.075500853343,225.3810258075258,211.71444978209212,224.45303
8,170,167.6297301821433,181.73307658354722,168.01158276007453,169.64445
8,320,288.21911828319026,227.659215632278,280.16958749336817,209.80672
8,200,204.9636476573421,219.309758907759,207.85396530662706,206.8219
8,295,301.9872235967075,304.5298035510243,308.7904511378839,304.30994
8,250,255.40197850903735,256.5382993028214,253.5047148269754,255.12617
8,320,329.3835983140874,333.90277650127655,334.2617683220839,322.64008
8,320,323.8533729400159,315.04641202261803,338.4265040181972,312.992
8,220,220.41163737529098,227.12112135087148,212.05965905891432,223.40112
8,400,406.9936206946205,367.79979262404294,378.0530200597609,391.42984
8,220,218.92427901202177,228.50625944888438,219.74555176686016,223.90242
8,275,276.6764666377858,273.3120097231202,279.8594831255189,266.86935
8,205,205.21005614994078,211.4073146853148,219.89406940651733,211.11436
8,400,408.5935820324253,364.64642671217706,379.5051641792213,395.646
8,355,370.8189229442312,348.15965791479783,371.97016078673323,360.20105
8,365,365.8121625857393,358.1101422654141,359.3821713347388,367.60266
8,255,250.69785922058838,261.809370837496,245.438638980235,257.65527
8,205,210.76099535945593,216.2832526501275,211.8688963650357,213.36003
8,315,317.98247921872286,334.08272030747025,323.3448257763083,326.36362
8,295,294.1505791835349,300.29506065176656,298.2824866047836,291.2318
8,305,313.98404077723353,320.1550837773336,313.6145748783131,315.69138
8,215,213.26667250826813,217.13516572398183,219.5711269987377,210.31808
8,240,236.37601588583505,246.95264468864474,235.88450707016312,239.5741
8,190,187.53159940680496,202.6124208169281,207.26155021295418,190.70901
8,295,296.4437030164589,294.4690876900877,303.1415663011043,299.77402
8,290,285.4130583519626,285.38220201367255,296.2747646052927,289.03235
8,180,184.19495734837562,176.91664631038898,192.3185205046851,172.78278
8,395,404.61354319175246,378.7283587956162,381.54021636098275,393.8154
8,340,340.22507471126255,336.7338833943838,350.7956342449261,340.4574
8,220,212.92475938645373,220.4873733211235,209.7325667134907,220.33162
8,215,214.50367466514956,221.7114318459319,199.39724787364233,215.2535
8,360,354.6024054355448,344.26654628704614,353.3727602980581,357.75366
8,270,270.5575625309243,271.819639211279,274.59939739252934,266.11377
8,310,324.1598161840142,306.74160819001287,332.70378473987,317.85007
8,235,241.0942442265998,239.60281017743876,227.76999395463926,230.36525
8,340,354.71920609252754,349.262539886584,360.93527037920285,350.60144
8,245,243.62591277997046,256.6891163475759,240.92815342846148,265.89206
8,400,403.35844926761445,369.2475665168167,393.1900256192835,389.4069
8,210,209.8108678936677,213.10759491896988,211.31822264519346,202.85173
8,360,345.3950559436872,343.4714790487292,349.0590903311102,353.81488
8,280,273.57302119967676,270.22419250194264,276.40719625342655,265.48633
8,170,155.258041002381,172.17133463105517,169.872084308042,162.90977
8,275,267.95708597178987,283.63675966109065,259.45421083868814,271.31183
8,280,275.81096163401463,294.5600135183443,289.36358649310074,289.52545
8,260,258.61814761071946,273.3618581557333,262.3954810222788,264.1105
8,195,196.0587994448797,196.5811922660672,209.40597050644203,195.20648
8,190,183.3077464646567,194.03103675491172,203.03165755693666,187.08678
8,300,292.6319622187708,307.87051132364365,321.40586564272786,302.99847
8,370,363.91345074285607,359.2419385336885,374.5833986001418,367.27023
8,230,229.07574536773154,234.4952762172469,227.13705934264183,229.28624
8,210,202.42354701964427,205.77890270105718,196.8300100749306,200.03262
8,180,175.7587903071872,174.53877264402266,180.25818114109026,176.14735
8,375,352.70748118630854,328.6837412587413,364.1223342702825,352.16025
8,170,170.99973486350615,172.11723996183554,176.74354778180583,170.19128
8,165,160.3595655328411,172.7268125697832,157.1918774151706,167.21207
8,380,374.4911338095401,361.59188210400714,374.16933228004325,374.74524
8,295,290.6609201843694,286.7896028971029,287.6733514153356,296.2275
8,245,233.32273434946933,238.60482249763487,238.25548301860837,227.41713
8,255,254.1894482940893,266.257674373829,249.53366854830966,262.63672
8,340,353.09113215471996,339.5078593628595,349.7029109991231,346.4756
8,235,232.69127187631,241.53593722943708,234.8045293991914,238.1719
8,195,196.39342309623862,202.53461238761258,189.94345784665933,197.91318
8,315,308.6811826791462,312.75904470529457,322.0127577416846,310.46948
8,275,272.88153927607937,273.16711254023744,276.74078919301024,270.90683
8,350,341.1221822374573,346.8054608683799,349.51682849679725,332.77112
8,180,187.87715941772234,183.5156256390669,153.48444603856439,185.37207
8,290,277.2236505111797,287.4687384004882,278.6023422680884,286.508
8,175,179.249666421681,184.15112081412732,173.4509366052269,179.82791
8,310,316.3805646358137,319.86918161985085,330.7884484720757,311.92725
8,310,294.2580535978657,311.01868053188656,299.85684332450637,320.126
8,355,361.6883790308524,352.9915462388919,353.5291740387195,360.28183
8,355,351.50881215730453,348.97091049228555,355.32849933413775,346.74313
8,340,346.57807848274774,343.31686957486977,348.40926758313174,343.81094
8,195,187.0261806194559,203.46328055278062,183.6390560529195,197.01292
8,200,197.6281484196985,223.87364347009213,189.8255037393197,209.81107
8,330,342.8297134446751,343.4420827367078,342.6618816125122,333.97766
8,355,354.520681615925,351.58366343378844,367.02845765528855,346.3288
8,290,278.2383920562603,296.5637259619466,279.3026356438266,293.4682
8,340,338.6834406518183,343.0210991508494,356.0146360880705,335.5297
8,355,358.1869034739244,342.57401116204045,357.0850882268896,348.89117
8,185,185.0304809099307,198.79833195970693,207.40561957006656,190.66034
8,265,265.1974271385742,264.1514789377289,270.8248340177894,255.26347
8,335,346.9557705118002,343.08209781884796,356.60580920459967,340.79446
8,240,244.68307187168477,245.20971747696743,250.4087860942605,244.61873
8,235,234.50423206340542,243.02987515262512,228.34773339877606,239.13367
8,230,226.98782912735282,230.8731823340059,224.84827570144728,222.15544
8,260,259.8345031588136,270.0422600389806,266.6577716711067,265.6293
8,260,260.43975332338243,258.0022038842223,257.49570601061384,251.98306
8,390,385.4641737191748,355.0282902807975,378.68786028586237,371.7271
8,325,337.09121814622097,328.78221571484085,335.4034346180676,340.49277
8,345,353.85786714782444,344.4874306355413,349.315297140892,348.7965
8,380,376.29639765731497,371.1695554527173,371.40053026329,380.6786
8,385,364.9588745018759,366.3951482545231,366.18382744876243,371.41852
9,400,400.7463778847678,369.18019050394054,387.9079019971038,395.29486
9,280,276.08096054902495,273.6103081722198,285.81090295145265,273.14655
9,300,291.68086449338324,289.9870576740797,292.60970957809093,288.39215
9,275,273.66279033651887,280.8243294518663,277.2904720978439,280.01312
9,370,367.1993178426814,357.71797713860207,366.548571295523,370.76508
9,350,340.66353300373925,342.6549994137126,336.5450947725689,340.70868
9,360,345.8581807446183,346.85466350370774,353.75413189603927,364.74457
9,185,177.32028754305628,184.44843085155588,193.96275917840768,177.49854
9,370,357.297972220488,359.59915713507627,341.2344130695908,359.7454
9,285,276.001438325857,279.69472495097494,283.87774267263956,279.5576
9,225,221.75457545813464,232.4370106976356,224.48385484000346,220.87067
9,250,251.54881014207632,259.28223269377696,243.09465614849333,248.9256
9,295,298.7463227737206,294.8945957950003,307.83275231840304,284.7788
9,180,183.09526544028216,181.10009918050358,193.66187471518438,172.87187
9,390,383.9247650150459,368.5379996935897,367.8015733782311,393.05215
9,365,364.2054150210607,361.2081046962298,370.99118642128917,374.06268
9,195,188.3194119717752,204.15472609634378,182.42352707572815,195.96397
9,255,259.2969074093052,263.00446521887676,246.8730868399611,265.03732
9,335,351.4332460882949,350.9652914446665,345.01976966926316,344.9895
9,290,282.12163191773476,283.5287851500351,299.0506301885119,278.6233
9,310,323.27834338713757,318.3166707965236,336.08513799258264,305.15546
9,175,210.55421753433063,247.6352481639302,211.01541057202434,213.32756
9,340,356.3001125209842,353.7338379458232,354.79979526950444,359.37268
9,275,281.2018437313504,278.2031054362307,280.73527389000856,272.27277
9,250,252.35763255398666,255.7590029374222,263.671058815636,241.0019
9,225,216.01938759065314,229.80693231719545,217.3539820176319,220.55405
9,215,214.02666490003145,216.53585640236963,212.63616143810083,216.9714
9,185,190.14370667835118,201.61034238909232,207.92177614635932,194.32932
9,170,191.57737968143164,212.22502220138253,178.8740263311907,191.64009
9,310,305.24363350380287,301.1312647075147,313.384010452022,292.70248
9,335,343.2545652847186,334.9656074725927,341.57168367515,338.5487
9,355,352.2228002796915,338.76821504475913,352.56874706650547,354.97153
9,395,388.9981079828788,379.0995477207976,383.40101621573785,391.39697
9,200,202.7460578913687,208.3351355953988,194.91205459163103,196.88187
9,310,305.6892347120743,310.7662014973048,291.03962490693544,329.95532
9,195,195.0102384794506,198.46246306933816,195.90985531477583,192.98665
9,395,379.90285388695867,373.56051853239364,370.2875669477238,393.5813
9,230,216.97494299903877,226.080565036815,220.61627143251127,222.54572
9,320,327.7121424132726,315.8815145271396,340.19846827409924,314.84818
9,175,174.19594212623082,180.3606673187922,171.70958828687793,178.9806
9,225,224.15495194883948,240.48003626139646,215.61881912244755,227.4352
9,335,330.2362974319697,322.77738307988295,343.66604550304885,334.73807
9,260,263.4069133123381,266.74986932729576,256.43165857875846,266.91666
9,330,345.8773763551521,339.2717861074112,341.8607289061598,323.84952
9,270,259.44537686498967,267.3944540263656,266.4637524773727,263.26227
9,325,329.8207337129116,318.4950285594037,330.3024506571226,321.13193
9,180,190.25258567022735,188.60016132016133,157.45310842525353,185.34483
9,315,317.6815077852271,326.90160561660565,316.17677555071333,324.82626
9,375,373.4803836400179,361.66043896599064,371.0878970232189,370.98868
9,195,192.84086753248783,200.9724234099234,199.40220691675566,200.42604
9,375,392.1530465095938,365.607067145817,396.00920427309177,394.22565
9,245,247.4566903314833,262.94278695841194,228.67958900647687,257.06036
9,225,222.94645416257953,234.00785746932812,211.18386563864544,222.86015
9,395,390.9902787147441,370.0594972388723,370.37189774995113,387.5441
9,340,340.841667913829,338.96679783179775,348.96693613159516,344.03494
9,310,298.7992778784043,285.01641005644694,304.97931598213376,282.79556
9,305,309.4821674858469,300.28879315129365,321.13729086208826,311.1501
9,270,275.0209244212712,275.5204425857368,280.9915630332973,274.29828
9,330,341.0919437442006,340.4958850136791,337.2262745242384,344.13004
9,280,273.38086393724524,274.6584922797789,279.21323922009793,266.67798
9,235,240.8288133195503,247.0609992322492,234.5786033813395,241.54622
9,180,172.19759271451534,178.95010551948047,162.45931269573074,170.91414
9,290,283.3985714135004,277.93536353352505,288.7185072931846,276.89218
9,185,189.35254326219973,193.18078627391134,200.14051659098436,197.43076
9,400,402.506886937842,375.46226874568777,376.63138918150594,395.8315
9,235,228.69586500080612,240.60710345210356,235.18500501631826,236.8323
9,390,372.5583036923569,361.9746309667999,352.97398095834274,374.61716
9,200,200.4452551637126,207.79870082646406,197.0773917521522,203.30066
9,285,285.2051636832828,286.8383040420907,292.7782051987655,287.51694
9,270,273.19955491173886,277.01276621526625,271.9233527117331,282.5683
9,325,325.5881978557724,327.96041722710834,322.01128300313576,321.15607
9,390,383.1037514227393,354.4174000073998,383.4223804683606,382.35684
9,210,206.8648181655886,208.10316192092512,205.51119965414483,199.59563
9,385,371.17707972492036,348.94384834392173,360.5350654103699,377.85754
9,375,366.29688275109714,366.3897499259998,350.20643894977655,377.91443
9,285,292.2581986796136,295.6382555176306,301.7051010221746,289.73315
9,375,373.2518903740499,357.80990835553325,367.64251383966155,371.5426
9,205,219.61802995533475,226.01553390781342,208.07128536298768,252.68805
9,255,252.0221568427374,256.52950815116253,257.32378895049146,254.20732
9,235,238.4975824575667,247.66178215031167,225.59722812359487,239.99608
9,200,202.2621720617896,203.02791458541452,205.96109207703577,196.68689
9,395,395.88737901108647,366.97968008842986,368.59308469854466,381.59985
9,180,174.98491560963197,177.83059188224613,174.32639927077918,173.99644
9,345,348.10634078183665,348.918107837152,353.17019987488106,357.00006
9,280,280.67079619901,296.7823345499815,290.00403664515215,286.7205
9,210,208.5477363556135,210.98358280021202,211.35408079716646,195.35307
9,175,183.32266025719565,188.6327593784212,174.97523658789612,187.07538
9,255,264.18196968328124,262.6380471149222,245.9855004738855,264.7342
9,325,327.67427894334645,312.8936035913976,330.51851755227926,323.09247
9,165,170.45019274936254,182.26453862722246,160.85792203105132,183.86165
9,355,354.794295556917,348.7941029190682,361.7930950307002,346.314
9,245,254.87377390630564,258.8151688820439,250.35608532411254,258.7564
9,230,229.18505975350007,236.86250804750807,224.339544095578,225.54384
9,325,348.54614823041373,342.18149151774134,362.4780055868755,346.60303
9,295,292.00272982642986,286.6741450216452,301.2077469466426,295.25122
9,260,260.2662868598937,264.84256117384774,261.93161913187447,256.47415
9,330,331.31004097350495,331.09330782643286,341.9488208594206,330.18692
9,230,230.44974407323804,243.81620712620716,226.33674447154397,221.34866
10,240,247.99078189821657,245.1367643609054,248.73584177826226,236.06178
10,215,217.72663832399326,222.32862148472444,221.5001354940785,222.63945
10,340,341.8857367473202,340.85944028532714,343.9257278230128,340.25854
10,235,238.31036056068257,245.37991554645308,225.25754870299124,240.67441
10,215,211.87640052653364,221.122288036038,210.26928463591946,221.93416
10,310,300.8739871817558,304.7422300297689,315.3589818488587,297.31876
10,275,273.68063693095894,282.50624315273785,280.1923227755278,277.81277
10,350,356.70996730441294,350.14571915229334,360.274063167332,359.5229
10,320,291.6481180260734,232.80816149264675,278.61024562229466,262.68518
10,255,258.2698262925375,265.1409072591154,249.05435142085767,268.28946
10,265,263.2589304124898,265.0126033541209,260.63693780011346,267.2117
10,205,203.11010516708853,212.01128256003256,204.20692259929427,206.20403
10,390,381.0848900606036,366.1673327734358,368.06764235383895,393.2952
10,270,268.9085078774566,272.29552309869956,275.1355886715894,270.5874
10,270,264.9023918016756,270.8397935369652,266.50132580714757,260.81946
10,360,357.40291116205884,349.1498830030124,347.66281657072545,350.1115
10,225,230.9249236486732,238.19619610917385,227.93884151379896,237.12943
10,290,285.53352510192445,284.44066744363545,299.6378550887583,287.08115
10,360,343.7302335433914,347.18796197196565,351.4425859556818,355.6699
10,200,196.8326461772765,204.5421768985371,204.64870429071271,201.4222
10,385,376.92388673053233,374.6467281322761,368.53123897218234,372.66785
10,205,209.41413631196065,232.09129518629518,194.84200538072457,203.62854
10,285,282.08595115500447,288.0223743642953,286.90169122138525,282.82147
10,280,273.54931823669995,293.98344042193577,279.9579275275419,285.51053
10,220,221.0654866538881,225.51565394569582,214.09199614340633,221.20161
10,200,208.76218270338723,206.50157455969946,207.17561388306257,201.21878
10,230,228.2871039558558,229.2314115309755,227.16750828054847,216.981
10,315,320.7491909905128,322.84542941664466,332.54089556347316,314.061
10,260,257.3860359623711,271.5955182629644,262.5290098802938,267.5854
10,175,178.85685214656957,182.63759866631193,174.31234593157131,180.89606
10,370,369.15475959373254,359.70686901958265,368.4319748467793,367.02133
10,200,201.0664590409786,204.54328404574713,196.3345720586524,199.72247
10,395,390.15967761436985,370.4241422107018,369.5645650492928,393.27444
10,400,400.12533005314475,370.43350715333526,396.5763126105368,396.71274
10,375,376.820596636133,356.73129872927353,370.78148949179484,368.51416
10,250,249.2867543195137,248.63564933360996,260.01952998906677,243.76337
10,365,353.4911977866638,350.32591419337746,350.2427718225192,355.72882
10,195,192.41322463426934,201.03256796444288,201.19821350716796,200.57196
10,340,354.11947858579094,353.3895608633427,355.05055427847367,360.19736
10,255,261.1170609012837,262.0584355356659,245.5463580541386,262.5368
10,365,370.91661651931685,360.8853360548546,375.258449755135,371.87518
10,355,353.88562162258575,352.9666003394611,356.52404631396826,353.84125
10,290,281.8516011227056,285.07702458952207,283.8063441563659,286.48795
10,325,325.15934098193276,324.7196140737969,322.4814372813146,322.91095
10,175,173.7603245580879,180.05431420431415,182.23874773281892,173.4192
10,395,389.5323367241636,368.9207776257856,368.66563788166155,379.91638
10,190,187.4654878983527,196.02664550727064,183.44131317930112,189.66489
10,300,300.7011916761187,303.5135521268856,301.7217784432743,302.08295
10,285,287.8097831489851,290.667240795124,293.3795980256766,273.92136
10,310,307.5601810363422,309.10081026544265,310.6149171057497,299.77747
10,265,259.5853901674181,256.0981661203235,257.83651198724976,245.09142
10,345,349.57637091199314,349.0277512167664,354.0298537045604,356.438
10,270,272.38063273129376,277.56388868427183,274.1515578339967,272.0274
10,215,211.24833690951908,218.90649181836667,206.57250671931268,216.81586
10,230,225.9086284029305,240.01344807969815,222.33365795367106,218.67177
10,270,269.37236130229957,271.9053490216874,275.0442598345928,267.92056
10,230,228.0676178435085,247.18271221854883,219.26553223350868,233.56258
10,350,344.11351130022143,344.51099805154604,346.7091820276635,348.94034
10,280,274.61295906635314,286.57619668689136,276.7944808301103,284.0816
10,240,252.44908570884226,252.44708418599592,243.6149004673681,246.68027
10,345,356.07385717243903,336.8144975898618,339.32496348971176,347.76398
10,175,173.06848975800995,174.1158642746143,181.2348732709346,172.46825
10,190,192.23336870338844,197.2316098947349,190.20331278533064,195.60274
10,320,316.46713320787916,318.422499051874,329.33589463559156,315.4275
10,170,172.49977862272067,174.0627878140378,182.88804081687786,170.37875
10,285,278.43477785621445,292.11230343999256,287.29879584499344,285.97153
10,380,381.2990975671245,359.4452499746986,371.1697464374597,372.52448
10,390,386.0980323222028,367.52105588864146,376.44945875064127,387.84888
10,345,345.6335160232171,346.98372436191977,353.61907205481674,347.63748
10,205,208.2443654871916,218.55012236946058,193.62319613733365,208.88748
10,300,288.766979038286,282.2438798887675,299.4667756410648,278.48083
10,385,378.5507462821235,361.19511627739433,374.3954834221337,381.4495
10,245,243.41498460764166,244.3807003721588,255.28611069886264,241.84804
10,320,319.0846934156612,326.3260100411903,318.35319440756774,328.83533
10,370,371.91705390822233,370.7759050052398,365.0303282004257,373.82837
10,170,172.4998991321749,183.78634120509113,193.8751137989468,170.07689
10,325,334.12221654974763,330.30723785621626,333.3166251579744,322.3448
10,320,344.7355751703026,343.76360596290766,353.94470925280655,334.7971
10,245,252.35832149794985,259.03004571160955,250.14388175128337,258.5594
10,300,285.47217394379334,283.58421021210745,291.3619522740197,274.95673
10,170,175.00673615371744,176.67667165350997,173.18335191180194,164.51775
10,165,181.4037924727239,170.9862830456581,171.2960215216974,174.35358
10,340,341.8617827378441,338.7964924441358,351.04698021050604,340.93942
10,245,252.49359320782807,263.8050818904005,251.05578149259912,264.24518
10,305,298.9224782408484,298.77089501115864,304.9298249391222,298.4067
10,395,403.8895297263807,378.25923886241605,387.72687629287924,400.22546
10,210,208.33492763949903,214.2580091912444,199.5567041769082,207.31236
10,195,191.42432495369158,196.48232140680668,201.43572347639216,194.70836
10,375,352.9027922915389,354.8216214049639,341.45986731547265,374.43887
10,320,324.7800538904509,320.28657090410763,327.0491878198009,324.5907
10,250,254.19783970259243,255.2966131643493,257.0967289087843,259.82233
10,355,347.9469005810078,342.38260357094595,352.16517764366506,352.98892
10,170,177.58827599232137,176.08284252784256,180.31271925391053,164.37434
10,335,344.82929167752815,329.44534650534666,347.797919447764,350.45026
10,385,371.34731528563583,361.86600553773377,364.62649204600035,378.16153
10,335,349.98463181334637,348.52792803259365,356.92684432122564,348.68918
10,215,210.24309362147,217.68523027081847,205.1119541827237,213.63773
10,165,187.261031818828,172.4139183732934,170.56837158506391,178.67682
11,325,319.5160634383404,277.9245303770303,369.4942575042955,300.0488
11,165,173.56709773412666,173.0836882099382,183.35114392094647,167.57536
11,185,190.18666055933448,190.61524171090346,202.1311461299477,192.38776
11,240,238.459029516037,250.19350135975125,238.71063089906198,244.81052
11,310,317.6120847766916,310.86761042198543,326.24647609269016,314.41507
11,290,279.7772355260734,287.4084223293048,284.08646151130847,285.78607
11,350,358.6172211820245,347.2934666626948,348.96256665102203,357.34354
11,245,236.605488406338,243.60149410774423,232.57700274338652,233.92433
11,210,206.95778090168534,207.942981092981,204.1604564238399,201.95946
11,255,261.96291750157087,264.1458089364341,275.89661232407855,258.42355
11,370,373.7278398854384,362.4682015438264,356.36066617958954,379.89993
11,245,246.79378038813945,262.89175898175915,228.5028792704918,261.37717
11,395,363.6497932273015,224.90828117688406,398.7775927167823,310.41882
11,380,368.2274066704228,361.06607811170295,370.0943888553603,386.31802
11,385,378.90557454115486,378.6226835664335,372.88042063610305,377.93665
11,365,368.98508159922613,356.2607922537702,355.6854822571507,371.382
11,325,351.29764826635216,348.32945219132733,363.84170334059706,358.787
11,220,217.48050320732017,226.51842157842154,212.48680861543113,221.7015
11,380,369.8775019310264,348.56479141229124,373.72639101526875,360.0413
11,355,369.0641981786972,338.2699578662078,362.7188694742483,352.9275
11,180,177.49479288200195,186.26824555074546,171.19677737817898,179.11203
11,310,309.11454008960897,306.415968892219,323.53928566093435,303.7199
11,290,273.1386453935252,285.70113734576984,276.3667834667049,286.84106
11,375,370.4992866299912,363.8342574555075,369.9122767186956,374.24277
11,335,351.08341116925106,352.94234342046855,361.66228528049317,351.38498
11,310,326.7243801386485,305.72206497206486,340.6985206148618,317.58575
11,390,379.8058187391384,369.65443978901203,365.4950608907958,390.12628
11,355,353.604768165136,350.36640117779814,354.47358251244503,347.9074
11,175,172.49957085597424,184.19635327635322,185.31601109279364,175.51566
11,310,317.93453900258413,337.43842180967164,323.8124794687518,329.39557
11,210,211.3579389197244,212.76717541717554,210.9929590252184,200.81572
11,350,350.2239743892853,350.49632753820254,353.66986293319076,362.32483
11,300,291.88225874708127,286.2438979783834,298.06287895023047,290.79926
11,240,251.15918949980215,245.31738585488588,249.14702227002766,238.15498
11,280,272.2299796583455,293.44133124772816,281.27674607501604,283.11353
11,400,388.25632986192045,335.38595094720085,403.8859817421311,376.3447
11,350,356.95118059277166,345.62995950808465,352.90993305624113,353.27942
11,295,291.7284974365538,293.6470808956839,291.4088479122411,287.4407
11,215,218.60813277977383,226.3476735764236,218.461779011864,220.13806
11,255,251.76949077601233,254.76327152150688,258.60958111817325,258.98865
11,175,176.5577439073732,185.62461159619252,181.4158897507995,182.14151
11,275,277.4324095877633,278.86281919469434,284.2435908581315,272.782
11,190,184.67266715744637,194.64446239354322,201.9670429178629,189.49625
11,330,341.3853581473175,336.7792209179709,352.76597909139207,344.67206
11,230,231.31065426670108,242.0375902800903,221.56393333747022,230.97461
11,305,318.2109097992897,316.80251473880156,320.18164846637615,311.36954
11,280,288.5340716660102,296.7107015343046,283.9796658162301,288.58322
11,165,157.42104572904742,185.83875461140167,198.10970973856595,168.56308
11,185,185.45139750335392,193.8194534400784,183.72310281464263,190.64944
11,350,357.28812485514396,352.4100131812631,362.29506244515,353.9557
11,385,373.24078978926406,364.69447027509534,367.5235737960778,371.82053
11,385,375.0627290059877,378.44091274466274,372.16668769812077,378.7937
11,235,240.99753920144843,239.63021490083983,237.47364912746858,231.50662
11,265,270.87580967123614,271.0890754860608,241.5290864830662,269.3942
11,205,212.30597041242726,214.4335951317201,211.72574184962707,208.72017
11,255,257.33382350206983,262.7948367400573,246.06713837955644,264.9569
11,180,196.65495829162364,182.4652507215007,155.7776104399893,184.75664
11,370,363.20586212292034,355.5306632392663,345.54190094679586,371.77478
11,305,296.5949873923634,303.3077713599039,301.1090162295058,301.0488
11,240,239.89755542132167,255.14599960224956,232.58526668034483,240.93893
11,195,187.8142637854341,200.3882292938543,182.8472734470791,197.30101
11,200,205.77747810801264,209.75869808432313,198.8122266323157,203.09557
11,335,325.0472869436821,308.7262952787952,326.1881527786567,331.07257
11,375,379.2185821249672,362.93310845608613,375.56893198051745,373.02997
11,275,272.6033603893905,286.2087116015792,277.6025835397467,282.71603
11,360,351.5491402999955,345.6316854346633,348.19129525530684,351.48267
11,185,190.9772071313186,197.34368322309498,212.89487280473577,185.76964
11,300,304.1026619680536,305.904006063381,298.6923682646415,303.40576
11,280,278.2411870237301,297.6252356902358,290.0715331772868,288.94452
11,195,195.24517909670095,197.7907098266658,206.31978409765566,189.93385
11,320,324.14536006164775,327.7794170725787,335.4607042611904,323.6002
11,230,225.93707380739414,230.69987986550495,226.15352865990036,223.58997
11,400,411.85063395548144,375.4831466839689,392.00988520552295,399.62128
11,365,372.7780624886113,367.57076143763646,353.7275796289126,369.47916
11,195,197.31706578087648,206.06610190735185,189.058128712801,194.21236
11,315,315.8375680712382,332.7158602277352,313.5011410718547,320.95755
11,270,268.5892460973035,269.70273831016476,274.7670107711979,268.59116
11,395,407.0731211718034,378.4075733988233,386.8780118118208,399.15958
11,170,178.71313347523818,174.15932201104997,171.6673901544278,170.33076
11,295,293.58794463050975,282.0289171639905,301.4552741409196,276.97882
11,330,341.4620229896714,337.79457886612283,350.37668622210526,335.849
11,275,275.0676510170668,271.25189536226304,277.83728876784585,269.977
11,190,197.31013206710423,197.11074952824964,200.2529986305926,196.30374
11,270,274.5991801809916,274.7074264624265,279.08231092453343,273.36563
11,235,232.82337021519498,245.93239860357508,223.12896622711907,245.7993
11,340,359.17708003694605,351.4829346484125,363.85101080151355,347.6473
11,315,306.75570959961277,313.15503932342176,319.86345497512167,303.9916
11,225,227.8166231898942,229.23434713434713,232.50570440391104,222.08842
11,220,217.44977881919493,224.80689671439671,211.57109583989512,223.15652
11,375,397.5508364708948,370.2249988500493,398.1469358543791,389.82126
11,165,176.48020339695387,170.14380831178624,192.21610524591415,169.1095
11,175,176.5577439073732,185.62461159619252,181.4158897507995,182.14151
11,220,218.40182591432284,227.59631359381368,219.8001998626766,227.7506
11,215,214.66007582575884,217.9443637149886,218.09958560636792,214.4781
11,300,314.3416729512315,309.48953597600695,313.7314294725393,304.83533
11,330,331.83932418224555,334.05554691631926,347.7090736228482,331.07227
11,285,284.9031623462956,291.91376546111843,294.2677329301679,285.4692
11,265,259.3543023408827,255.25840713208362,261.22459764507084,247.31392
12,340,343.00456855020605,340.4543508909392,344.04926964272255,338.99838
12,375,348.89844153723527,327.39481814019314,359.07604822089337,358.66776
12,175,175.9507385060789,198.51921796749005,179.42021865390058,184.85072
12,265,267.12450551102586,264.4210315517815,267.71251035892715,260.01492
12,275,274.7574855667442,272.5615362325581,275.67846458219736,267.47253
12,330,348.4602100822658,334.9646354968561,347.6336108014449,342.03204
12,240,244.83839834705668,245.0523864885113,238.0098204014994,245.80612
12,345,343.2778713716458,323.561616815374,361.5316353232496,354.4248
12,210,201.9197008231331,214.8749495088245,187.28723517755745,197.0234
12,340,345.76090074352703,343.48112391774856,346.5788035400217,336.1
12,240,236.84208815374848,245.91274478299482,236.3696445498727,234.9522
12,350,354.2311446427035,354.27131855644336,357.65539146422407,356.81946
12,305,301.29158241397715,300.77629577367077,305.8420232649847,302.73895
12,240,245.88964759657597,243.48037896907024,239.33076579018126,239.42375
12,390,376.601480143706,366.65143444055906,363.1711822523797,390.88
12,235,233.2938433012149,246.2089514007235,223.31822034481283,243.68848
12,390,366.60122650361063,355.3522170900992,370.44771484115944,370.57123
12,200,204.9714161034508,218.61046947986654,208.15036320639805,203.10454
12,320,322.97013644873743,326.59403049075115,319.1547336181037,326.9604
12,210,210.9509325225372,209.20326066988576,203.24432605523742,199.66754
12,300,290.98353310465416,288.7389759407261,292.1616875074876,287.15518
12,325,332.6040354748628,332.1460375588464,338.3062316536376,326.32986
12,355,346.9631380607633,340.0589749278499,350.5787482893327,349.2314
12,195,189.14139445221122,204.95164227439224,190.11640173092604,199.25658
12,250,247.4956285451126,259.4074241420344,251.42312734876847,252.11652
12,185,188.29945411686185,186.90191635651925,188.14297436040025,177.72298
12,285,285.09779497241993,287.5536392496392,289.49822689271315,283.4559
12,195,192.56507011291285,197.27395433243237,200.0684465037125,199.13406
12,205,214.20778614400115,221.63593264905026,206.9886232628213,211.69742
12,345,346.4495186070966,339.0923159618159,342.3321348179239,346.89496
12,270,272.04349699705165,273.12385225885214,276.9979653944457,265.15952
12,370,372.8071793336511,358.96746944395477,368.4728555023136,375.55032
12,360,343.9842054085774,345.5110899272298,353.7166993437711,363.8334
12,275,279.3039912100626,274.2037150904651,279.18409264040434,267.51608
12,345,347.165485834627,350.6611358780107,353.2227573892489,358.59348
12,340,353.19033797266434,345.2092736430235,359.5533768044525,355.78223
12,175,181.6648091214197,186.2639855283605,177.43815290412704,182.52827
12,360,347.36587012198345,351.5888104534354,348.83840967380735,350.8188
12,300,287.2753633722858,296.7838928016427,298.24489702923455,295.8999
12,355,352.0573672658994,348.6720543378192,358.4586283772396,367.5048
12,345,347.6826259639986,343.4404006826508,359.2176936282093,348.30753
12,320,325.96709088367584,323.22521794871824,332.9668200332426,318.2667
12,230,219.6941346433806,224.64337968975457,215.90332039341757,221.56508
12,320,334.4596508198589,332.14141110278587,336.0477700920911,329.96713
12,380,358.33818036449657,351.37037971750425,372.5543808789414,380.44006
12,170,172.50020431166746,172.630327835563,175.56668394445114,173.00899
12,165,175.28512816641216,174.68633238820004,171.81587435750018,168.34767
12,340,339.7139097103973,336.56481857031883,339.17816544745966,338.4713
12,210,198.23948544162113,208.64267446932155,206.00150541503223,202.66562
12,180,172.0684663945853,207.8499320728292,150.4500924789549,192.46284
12,385,371.72909608082864,365.42658251470766,370.1076014564375,370.11047
12,300,291.2621044141832,290.38246101121103,289.8097953747158,287.31815
12,325,329.41954121754736,322.3016461716389,327.9301975960546,324.614
12,400,391.8204456948291,372.15834500221973,383.8566409739018,395.63925
12,250,255.91838517999167,252.54341964163288,251.4695105137527,255.55574
12,195,197.0819002244276,203.2488778305029,189.94432274924435,194.65796
12,325,335.8900297907661,339.03121518106076,348.95951968365046,332.56534
12,220,220.267477282816,225.16176908957067,211.37812764394246,222.74289
12,230,220.38719108185194,241.4858446553446,225.25186618591778,230.51787
12,270,273.76886621451047,276.302282106782,273.2164887290286,272.8979
12,265,266.0069510914991,269.9284113019332,251.02548095471647,266.829
12,235,229.75549294775453,245.29556472693966,237.55563177702763,240.1084
12,365,351.61777301413053,347.0363903620886,347.65442855082017,363.94727
12,295,293.16357620800443,298.08637354312356,293.4985879112139,287.01978
12,205,205.87162427447174,222.36488009213002,191.95578316807195,204.22668
12,195,198.84377844133348,198.93875595238094,197.6911999850421,199.06413
12,295,291.34210952108947,288.4107840354091,303.427315842515,290.98334
12,315,322.66376289715276,324.90449754249016,332.95579787874067,314.2159
12,290,290.5037766625047,287.7815539672744,286.4779211293977,280.8931
12,265,263.2047908957769,269.9145268930415,244.921053922527,271.46622
12,240,243.377671481138,252.6694589356723,233.28951805515692,242.35303
12,180,189.96560989454713,191.9732972027973,205.4751759859688,175.76373
12,295,286.5925721748771,288.75400758555173,288.5739499632743,283.88962
12,255,257.4233252949771,264.0048661665133,249.52742501198904,264.8679
12,210,202.8819290391832,225.1175555971806,193.76074427385004,199.40341
12,355,350.16388456416655,338.18126893355173,356.055969317938,352.95126
12,315,317.32373861486656,323.3699743663199,313.0759079573048,310.6657
12,375,375.02066394250664,360.2975095737592,365.80184757920745,372.20227
12,380,374.6779809230243,354.08466782890343,372.8833527283252,375.22586
12,190,188.6296122448956,194.9053649544901,186.11734746207193,190.73117
12,175,162.38994888920854,179.8359691974691,179.3651059401874,174.59338
12,315,317.5770058109341,326.305772554243,317.4134846714234,323.6759
12,390,389.86997820429156,368.10969000444004,374.276616903127,384.05518
12,230,239.82892082735373,240.08222630293687,232.8611415478282,230.5386
12,400,405.61248994594064,385.4701827510721,391.6822513144267,395.86206
12,230,232.23509649209484,242.07941190753695,221.5017913928734,229.94675
12,275,291.0132425908809,291.5674595127096,248.4007414529219,276.8701
12,365,369.9311308641378,367.78028940667184,356.62066156984747,362.13333
12,205,212.93425424872407,226.01115957653462,199.0078036285157,208.6864
12,305,316.3782342225038,304.21922560690933,320.05447812996687,307.9781
12,210,201.62688873168509,208.51796661181945,194.23693861432545,199.9707
12,270,258.0450275546883,268.870889934412,259.66792591212896,264.60892
12,400,399.214363722082,373.094666797255,396.58319351842226,395.69012
12,280,274.7116969517907,272.53627496604696,277.3903798191165,266.8109
12,175,175.9507385060789,198.51921796749005,179.42021865390058,184.85072
12,160,159.43240986722725,176.7460410096438,47.923284474921104,165.20682
12,385,369.4470386213584,357.26078556350785,372.701960531779,370.7867
12,255,253.54609143436062,266.521135092032,251.43704616829166,265.1124
13,330,344.5763854840916,340.67330077765376,343.5048841903483,322.9324
13,280,275.65571228769295,279.1284027263586,285.62247834865894,268.2035
13,355,349.40642581941825,340.78498580586086,359.945084274171,346.30078
13,205,201.31546380007558,212.71033308358304,204.80018742581476,213.20602
13,210,201.4031845099537,207.62510965668318,197.2101431856916,196.37154
13,195,189.71662271263028,194.65649031197572,202.0567416713262,192.85178
13,190,195.04220657827625,213.05536856199356,195.40588988562052,194.40929
13,340,341.5874103086795,335.2233797591297,339.3860456674811,335.01807
13,260,258.99888520467675,270.349333483338,264.1795461401736,270.09558
13,350,355.85065622912896,347.2271264152516,343.2192785967284,353.46255
13,275,281.3329176378411,283.13314002664015,281.9673473339963,282.05374
13,390,382.3716297366044,373.6804922863086,375.674912354542,390.99216
13,285,290.8030469182896,292.325201881452,300.1701980582272,295.69666
13,315,323.41452566194505,326.51385191197676,332.17732493659514,325.66602
13,310,322.0520978366866,343.26784424480763,325.2329854421511,319.18762
13,285,276.2175876417882,280.28271450689823,285.9984362696427,277.31845
13,365,350.05235696368516,348.9818127297539,351.3147610190754,357.74423
13,360,364.88190018633213,356.056314005439,351.8638742526218,364.88455
13,285,285.2095789644768,290.53699211899203,293.39498155615325,288.96988
13,205,207.10478555500924,215.85101403171993,192.89780242034306,211.45615
13,375,352.9853911057686,356.12730853868385,339.67428022516157,376.02106
13,290,279.949996531937,295.86019143356646,282.66115070551336,292.81616
13,300,305.4395920715723,301.79808165445667,311.58436994483696,297.25253
13,185,188.702850137552,190.2920332837098,202.81271780879268,190.81757
13,175,174.06189877195777,193.89407169301296,187.03872298056336,175.35118
13,390,373.15238161435934,377.48034540459554,369.1535777957652,401.3192
13,230,227.96531541550792,231.00625975903185,224.82516825475972,216.57578
13,245,254.49664207611033,260.9561172438673,250.08668477384867,257.84897
13,195,196.7688951739466,195.9385828305681,209.42311500483578,191.18344
13,400,400.69167603436154,369.5372104325414,396.68413503701754,392.1422
13,225,227.95794329386558,227.97275962925974,232.3332367864428,227.08493
13,315,327.1471018611178,323.4124995935439,319.6327078338938,312.34695
13,225,219.42888305963322,231.97315195343876,218.21549310730063,215.5062
13,310,324.59663061731004,330.9515348401599,345.20475469372775,332.07193
13,255,264.30672840389366,267.2349279046119,276.6122750143228,268.10092
13,180,188.7247906990608,189.2080841723636,208.22868819882174,184.05508
13,340,340.3644923805956,341.31593373293396,355.07952164854146,344.11038
13,325,299.720832492353,287.91718532856015,360.83334011497493,323.36267
13,280,274.9175839127448,279.45694101160285,277.09536213391,284.18182
13,230,236.2581243668127,235.25683997864894,233.9673144490415,228.62027
13,245,244.91461778108476,246.59625050847845,252.88137367950023,245.55222
13,395,385.53166572678913,383.0489005439004,381.0254930522178,395.51013
13,305,315.9485740695603,322.72982579511984,314.51985791244095,314.47824
13,195,199.5384652602561,207.51006212006956,187.50892447637165,193.85506
13,220,218.1527675035112,225.48430551066565,211.9356284505284,221.86646
13,175,176.00015336976713,193.16555765639606,174.08171073782378,175.82933
13,165,181.25632658222662,174.46120597213252,184.95243456661888,168.71991
13,235,239.72792665111285,238.68292729492737,232.82821132591346,234.19057
13,190,189.78086724873629,205.09539251026743,194.55368383682907,194.17363
13,355,359.796654956113,350.8247221242809,351.70450875856363,356.44342
13,380,379.76352823363936,356.6810517195224,372.84823382670663,380.7557
13,245,258.25544448106893,270.6885218107058,267.21665711416426,268.10107
13,335,349.0957843075249,351.4001174381173,359.1940612121276,343.8466
13,325,330.0148405674403,332.801098337937,324.7840672419748,320.57608
13,320,287.2951577974899,230.03081643764722,276.54549282061504,254.01448
13,355,352.9757624379789,349.0338986087011,363.10507867718684,347.00455
13,390,388.433307318131,365.52020613700046,380.85785647221445,391.3537
13,170,175.81083935075168,181.73134648847892,165.54299245435817,174.38411
13,265,268.9515523165155,281.1507509230537,271.1342045181538,279.96332
13,335,349.6592150133097,341.71981984192274,353.27481039525554,339.99945
13,370,372.1740062442956,361.9050908111496,356.4002267695587,383.425
13,180,166.40452191839398,179.4417531137165,159.32957272999857,174.37407
13,265,269.64513093417327,271.9552088065442,271.2638929103441,273.16235
13,310,305.6242270848119,306.6673598819484,314.6344377968876,297.18143
13,295,297.78054538981576,297.28170690420706,310.62737940659963,304.3496
13,270,272.0610947209914,274.3087031579531,278.1721335772452,271.66913
13,235,236.32592268688666,243.45251264585085,229.8799923318926,237.78635
13,390,376.3662627885243,344.14835160427805,371.44250961002194,368.01328
13,180,192.52628084180037,196.2860423179763,184.1760723366929,192.73361
13,375,358.4403565689496,327.2589138524875,363.57621756863506,334.44803
13,235,230.63920663415263,245.19943061187172,237.0845205734193,242.10016
13,245,243.88217179530625,246.334786907537,240.0991508105123,241.52806
13,225,227.47516966080775,228.21129738970174,227.88798207866128,223.15665
13,380,378.2923890210561,367.6589975669753,370.87639247973897,379.00488
13,215,212.537293922014,221.57467233828257,202.00565558848757,215.64978
13,395,398.6393867306043,382.34492675380176,381.5615806547574,400.61502
13,205,204.9140484340063,209.84299135749882,221.38012304060962,208.20746
13,235,237.93622122906504,245.93644463787842,232.06441497649388,243.76338
13,295,301.93954457540906,304.92415166777664,310.2587920287478,307.39673
13,355,370.71305788977475,343.8681753793591,366.253571567078,357.92987
13,310,307.7563511381993,313.6992038051819,310.9340135655315,307.46255
13,350,346.128036813162,356.1741542958678,347.32276951199515,350.36392
13,350,357.25497136272384,348.1382876845379,348.4261167183538,354.57257
13,280,277.26709105831446,288.0166621295373,278.6446810712227,281.1825
13,325,315.63302993803904,350.2713169469422,341.09687175311126,349.89746
13,330,348.79156958452813,344.7114189617574,344.3940137871859,336.00296
13,290,287.25988354819515,283.8237733100233,290.9170997384177,282.52716
13,225,220.9657022603394,231.8906424686424,213.82163726913467,223.78746
13,255,252.89185209472794,270.186590950716,251.4929529405287,265.55203
13,175,181.9622002404161,180.14545539754383,173.73384921798686,172.21205
13,335,354.3673104236959,359.8729300625845,349.164755665276,342.7491
13,180,160.8352915577159,180.0316124977964,163.2095615943094,172.27144
13,275,277.5471109487471,280.53980779514586,272.76280201287994,284.41284
13,355,345.64833159558054,344.7383436008438,361.63555197604717,345.5062
13,220,219.72304848232773,226.7616717449219,212.89049331244826,223.70503
13,385,371.0148999258199,360.01959301809296,365.1604537486707,373.66757
13,265,268.28155676252686,262.5013599766246,271.81612655393553,259.28784
13,205,210.32199338468592,215.17094271006775,214.55528202538318,203.90633
14,340,346.46907070111126,341.4219300212315,347.34290282615655,341.30444
14,255,251.87917633547772,269.40242388318256,251.24956693052104,267.1711
14,390,381.3531180698791,363.3315052652856,373.22286370385615,383.0567
14,375,379.09221986554155,360.4284870140753,370.359532124698,373.3951
14,395,413.195084781305,238.14220617345626,438.24745489370866,297.10422
14,170,155.30818585270595,171.97958742646244,165.34635181156142,166.86128
14,365,352.05733953145534,347.5555772639198,350.75035898931236,355.51773
14,185,189.93612819804798,208.09013790790107,183.76097330364513,198.34363
14,165,167.4822949284321,171.2260213166463,183.3013007985811,166.12227
14,230,229.15528198293293,237.4104017218162,226.30976628386648,222.63454
14,295,298.2117274287957,301.3699906914276,301.37418886884916,291.49112
14,335,334.36143990889,335.316279054279,349.6338863406008,335.3349
14,225,218.52773638929546,236.36655802530794,217.05269024250683,236.72014
14,335,348.08481465711384,344.9151008586349,351.6710097696965,332.119
14,360,356.7110736640336,342.0305410412029,361.00582670659395,352.96542
14,320,315.60635038852365,314.223197453418,328.8008193590804,298.55194
14,350,356.04197872132465,355.185459040772,354.3977661900781,356.6057
14,350,351.76505411896915,351.7615399980996,348.2822771811543,357.44757
14,245,233.30299054680142,260.1402506798758,237.67268429117428,254.08122
14,350,344.71355288390373,338.0012546086811,346.7041637861179,353.58234
14,390,377.91908538048153,355.82826923526414,372.3796952142127,383.95447
14,230,221.57152414332108,232.67355080105088,233.94606345068507,225.82776
14,315,335.88322178681494,337.0496612860243,346.19138524923045,334.2375
14,245,257.9809226645199,267.5482331127461,265.3941958495366,264.42715
14,315,312.88128993294833,320.20155747030765,327.9674354774335,315.9696
14,375,356.633190339875,355.7507182319314,342.13950973794147,370.42728
14,240,236.18281156868443,246.07719333725458,238.04156386894797,238.18988
14,365,361.9955788777347,351.8348177833937,367.3605945683544,360.5482
14,215,215.2045858252418,222.68276568339067,197.02442525303232,217.09343
14,285,294.8291095440168,297.49865225330274,287.1619137603733,291.62177
14,180,169.6713273896935,187.72024064965828,175.8858811792428,180.79196
14,370,375.86243437640985,362.5400378737606,366.65946026767733,374.59158
14,285,274.02475419996426,278.95149520664563,285.10077854007585,276.80563
14,280,288.9892692333261,294.82376006210575,285.10287134298676,290.92593
14,395,376.56800448313754,375.9430579153132,369.2047391653566,393.02866
14,210,207.0380652859692,207.90571552472863,198.9995132826977,207.49084
14,225,228.36276586973747,238.94159225034235,217.42425884758643,221.77483
14,320,338.5865130312859,337.7460831317663,335.9151606740412,324.88037
14,185,189.6054390758262,199.97183742183742,208.27581923425078,185.23384
14,345,342.9186291437279,318.52943408538033,355.46687033163033,340.8916
14,225,221.5532705761243,232.39866543179042,209.85937029080378,223.34505
14,275,277.49278626809337,278.9815491900663,273.44861466053646,275.30292
14,195,191.08502981122217,197.76881828819327,201.26634138757308,200.13213
14,400,399.6183215607457,376.20416479454525,381.0935036558561,392.54703
14,400,389.0080114810936,328.0351067081068,409.83128640901396,366.60757
14,285,280.3763482690448,289.0832356379487,284.9635143697105,292.0002
14,395,393.22905651859,367.8945850908353,372.3882376855159,385.9117
14,280,273.477309586759,283.1430047427615,274.2727068164927,289.68948
14,185,182.3753467511557,195.7786322349248,179.89728681381257,191.46654
14,345,349.7047456479264,342.32586482689425,350.6035604108704,341.98502
14,190,185.75598224958685,194.58733043487302,180.23755436881547,190.2932
14,355,352.7707284016741,352.6308972077816,361.7756555164477,346.74112
14,250,252.13178934669645,263.34195534403864,247.9630508011909,251.21654
14,250,246.8012997767314,249.63215484950774,261.158671194625,231.01514
14,375,369.8430059056127,362.00810607230017,354.67864037402774,376.5453
14,205,208.7660061902203,224.68545921649454,191.01396594123582,215.89166
14,275,276.1001408011133,272.02812300780863,278.5341814734116,272.95422
14,245,241.8928366381091,243.3565926341366,239.06911704007615,240.89201
14,225,231.0547422748191,238.5065333971584,229.9976716800142,235.8258
14,385,363.86788652207406,361.3133536178418,363.12748980894025,371.95825
14,275,276.45496087187973,274.2330100122918,278.73194247296124,274.61453
14,365,367.55875192896656,347.59770863123805,360.448767320325,357.39893
14,165,167.08386928213645,175.69094879385324,173.6249005125214,169.66023
14,305,304.4836236467744,298.7043099030599,320.74602564386566,305.69574
14,325,314.3951475753604,350.0236865410734,339.1468581936839,352.02457
14,270,271.9578647124256,273.564920593594,273.9775081497765,267.3673
14,175,174.82028674532225,173.63160064200508,178.9900939286847,169.37497
14,310,318.5520588445602,338.693616635071,325.3816532230197,326.84393
14,205,213.89182084369315,227.20464690402204,202.83933179043044,224.64632
14,360,356.61389195175013,354.58010533992154,354.5499105508702,361.33234
14,240,248.90032540113145,245.08643606150184,241.74652341251362,230.68022
14,195,203.22099251993075,211.8588472175972,191.69192912961876,201.80006
14,280,273.8619448967937,293.4221569243504,280.68518773483976,286.26083
14,310,327.68293273614313,323.981772217448,334.8213727071414,319.50302
14,250,241.92049413575444,251.69257150278878,248.75837098766254,239.64786
14,310,306.13940991632217,312.5172258066008,316.65429443117716,297.60098
14,330,351.2274743389196,345.48101932381337,345.4834898741892,331.50626
14,300,303.9477466449665,305.4574902412402,310.84282760746237,289.7627
14,400,403.56804480129415,382.44654374610883,382.41808550133044,402.52338
14,180,167.12405072461837,178.91539407351905,162.44022026107706,179.17195
14,205,212.1824884532797,230.84665048867265,194.97375524471533,217.65837
14,340,355.6810269254245,342.22237820052214,351.63956532650286,353.23508
14,180,191.93319880071374,205.13674606553855,184.0613084085303,190.18033
14,385,381.84049964727194,357.1184766721225,369.02582001276534,377.52722
14,295,295.8256184899217,299.24680067919456,295.6523507357796,288.65256
14,320,327.96512802570044,324.19235691056167,328.70881688431376,317.8322
14,220,226.1181833312694,234.94153218857167,218.4071028862269,235.51756
14,255,259.1943708992096,261.4280547854045,247.41718007484053,260.315
14,175,173.99992153541456,186.5404216154216,189.01972448311213,175.60207
14,280,276.41414923378625,289.47847740792446,278.6308777888973,280.5504
14,285,294.38554006272443,291.4687726844368,301.1400416142088,292.66248
14,200,197.01909406767822,204.8634315110843,205.9594922745552,202.7248
14,290,287.7806040078508,286.6254613160307,299.7785746966879,286.96335
14,325,333.82310865818056,334.8085319560901,335.40951625736966,326.02884
14,210,206.01199211046566,211.21868349243366,195.91180871204529,190.90282
14,265,272.9356462578661,271.33499666296035,244.78611520593182,266.52118
14,260,257.3733072600794,270.50849518363555,266.2062579072476,265.28256
14,180,153.26847055411326,179.4601498501499,160.98913165478768,178.80527
15,285,276.7089207620962,277.6858833666335,290.2967808221733,277.31116
15,235,239.08006457469895,244.18045087102428,229.55493115781383,234.38611
15,260,258.67873143619113,273.0991835664337,263.72549593034586,271.82675
15,400,404.6400366165908,374.9995836940837,381.07806839125567,399.627
15,185,187.60005528323904,189.59031222780484,189.3437255142399,182.53572
15,395,387.44408037262946,229.61398396048386,402.21916400192436,317.99738
15,320,347.92293008502617,345.9653352064603,355.5349591374336,343.50082
15,260,259.5137370320851,272.4802458513709,256.47459833050635,267.16272
15,285,283.31598183800384,286.746451073995,287.77118596364795,281.4728
15,200,206.54560487256907,210.23423791894413,195.74896764739077,197.96942
15,275,282.13706255074317,281.59145105792913,283.2782514799324,271.623
15,390,365.0935768303518,362.6504375257097,354.2709695956665,376.80704
15,240,246.59173887911845,255.81975029627247,250.6406291218944,258.13022
15,310,329.39966540696497,306.9253920972818,333.13534952412806,317.2882
15,385,378.03651001180094,356.1303770439227,365.3418622164061,375.12494
15,370,356.11391898613886,361.6148529526032,341.89797943353295,366.797
15,175,184.28600050112567,178.69055612279882,173.70502253992754,172.47844
15,190,195.12820080111504,202.58895451770462,193.4409924414013,193.04684
15,170,168.09146002948555,174.52554609198003,172.60048750500482,168.60397
15,300,288.5751512278107,298.40274044011545,296.75979541389955,297.89392
15,330,343.47005777818805,341.99312379558,343.6037818393554,326.4659
15,265,264.4004056944613,261.00056937506946,269.0522782957937,255.54623
15,360,361.43649480245364,350.9780132996087,362.74958696474073,364.69867
15,265,259.60973110974544,255.855828268137,259.2541801604812,247.38303
15,370,371.7290176419402,367.4905308746125,367.0183705802764,373.2432
15,255,249.8053825667469,264.88260678700385,258.52269393623527,261.1336
15,385,370.5639149341381,356.173733463432,373.8554605643974,372.33087
15,300,290.17503296113625,289.55615124662916,291.8300348210049,291.01843
15,335,322.1061532630928,314.010070445894,322.03848414584667,330.53485
15,375,351.47773241513477,331.17505874461796,363.5528446433027,354.74478
15,330,346.692236158284,338.80495010055324,343.6947347636773,333.5151
15,185,190.75360660884525,194.6479529783943,192.65721325301942,188.58253
15,210,202.37780849563012,212.602516973223,193.2135420576776,212.47716
15,310,302.25216997714506,302.7243839722368,311.47316319396054,303.49042
15,195,199.09374350485507,204.01858637277783,191.9408308994627,194.39665
15,295,287.7031422071306,289.00541688540227,290.5258416128478,293.12637
15,295,290.33842711904214,286.7296655915037,301.57550899889054,284.16394
15,250,249.61172740696594,249.134588079404,261.38286106383475,244.42473
15,340,358.8617213301019,349.7847714360801,363.57586012683987,350.85062
15,220,219.68638323377098,225.92469735901352,210.9369031674702,222.29062
15,230,218.3750382698172,224.94722907076599,222.3114508084307,228.45154
15,370,378.5494432555004,361.7147311430397,364.65847002923636,379.26968
15,395,387.6688495681403,379.6457930125429,379.36479520844864,393.21365
15,270,268.2065068279807,275.2677145395454,278.2066460844931,267.08945
15,350,352.4389468182161,350.1143210139534,352.537735834719,360.11957
15,350,356.8228506448337,351.2053467719072,360.71369738671507,353.85886
15,345,348.41016594799635,348.2525644567852,354.35471683124786,353.9433
15,360,358.3037894578244,348.0583039533998,346.42889747027925,352.00928
15,165,163.93598660588228,191.2796866466868,197.870697238636,170.18271
15,165,156.22370000856375,173.8753579476081,170.65589267522967,165.89386
15,245,236.6090329151544,241.92521245421244,231.21013841707267,238.56572
15,400,402.8527658819394,379.99850314065014,389.8700686180791,390.93936
15,290,284.2059441340226,283.8906180951402,297.8052744395201,276.9696
15,260,261.1494515366001,274.005027972028,263.4019389877358,273.06265
15,220,225.43084340619345,231.59186702268323,216.94402613969936,223.60527
15,225,220.77970346226095,232.23266761016754,216.2695519463925,223.01616
15,170,179.70184526465545,198.13279645354658,173.08859159194603,171.2175
15,180,186.17818212514976,185.8721606565949,149.9902310341511,182.7204
15,390,379.76517234838843,353.3823871961368,377.8836234632761,376.77304
15,190,189.12655984963988,201.52051571712613,192.42419016402602,197.87357
15,190,195.5748439700008,198.57780536130542,191.4878319988033,193.85461
15,375,373.2234140599968,358.8003455155953,373.64293796486817,370.74902
15,325,334.2377085309663,332.54062359862365,333.7618586846656,319.76837
15,380,370.65378243962573,358.5642339882338,373.4265067842682,385.62732
15,355,347.1846710015818,343.88037240292414,353.3289758813588,350.4975
15,335,351.28682747064175,346.889011830275,356.9709750589722,344.03113
15,215,211.6849746848066,218.3867231518482,207.4411650285041,222.79895
15,195,193.51415094604806,203.15759889130496,192.64349110037233,196.98343
15,230,226.37112002136632,230.03642886851722,222.38968902133448,218.76942
15,340,348.69277692707396,341.52445859695837,348.46302803992137,345.2367
15,310,305.43171244176006,322.2315661217867,328.47602099127033,318.27698
15,370,371.98358084691927,366.0640848179597,362.2822447546748,374.60693
15,250,247.52548393889657,257.8173067520712,252.62475252313158,245.56079
15,180,174.73354898553345,178.8565290542791,163.02888148970396,175.40428
15,175,177.50030230364519,184.07226974414473,176.58908401882803,174.96017
15,255,252.6520474255264,262.2551899905651,245.00697980971427,262.58707
15,235,235.65165263523005,243.28744714109425,228.92516374501224,237.42604
15,320,271.8515240129097,220.29682661782655,285.57092066064985,181.69643
15,395,387.634235882902,372.1552484370206,366.7618276786029,392.73663
15,205,205.29717043429383,211.04842675380186,219.28967011772224,205.30948
15,265,268.6227415456685,272.6010532544941,269.755397524963,270.0737
15,215,214.80302076209762,213.70983166833162,219.27422722768216,219.0091
15,360,356.52352029238693,342.9604702987074,361.10304579521994,351.76965
15,240,245.2424478071004,242.4788676225736,243.77147569029313,235.17128
15,305,307.81862290452085,301.73356139912715,317.88724846550423,298.6011
15,275,270.4204826023596,273.55715236152747,275.0619534679215,265.0108
15,345,355.19550385798453,343.93377055624126,348.1725996995638,343.22208
15,240,252.06741155620864,250.9657564241313,240.71812850992353,247.85149
15,180,187.40042761531572,190.96815786990774,209.11960804275432,185.30133
15,295,293.30191838632135,297.8892400320271,295.09289522065603,290.12823
15,325,322.18536443857215,311.9599465395713,336.9278109894984,327.28906
15,280,289.5371279981816,295.5881458416886,284.7065859040427,287.91565
15,320,327.0334234693292,325.1734529351369,337.5384389635311,312.62497
15,320,281.06373592470374,224.64006639112506,271.3970498729836,234.58517
15,305,318.4198737457282,313.4696943195692,323.9297955753907,312.35175
15,205,201.7838657037039,212.10905681165244,201.77761316276494,206.43527
15,225,228.1222013515973,228.10797154561126,230.91449411484427,223.11989
15,230,229.17539944449487,235.5380566933067,224.0561070800976,222.05867
16,325,286.7942453097046,349.3940240555539,347.7029165240235,347.667
16,320,328.95132939498063,332.40251769539805,331.42654146096817,321.67557
16,195,195.6534346714061,201.03099579668685,204.07674620564774,203.2779
16,215,207.4663109809938,214.0724573783744,202.94035685653296,212.59747
16,400,397.3339436413232,372.13430280830306,389.39581023718995,395.0841
16,310,301.68703978364755,309.0117563991564,313.0812372028348,310.60178
16,370,372.68013533017626,366.1163450316882,366.5284886248928,378.13034
16,395,388.8081223381866,380.55056259585126,379.78059333021145,392.3912
16,215,216.19513334478745,215.9627535797536,223.85866221041454,207.33037
16,315,284.7660960735657,334.18030488547424,338.2344540093678,328.1951
16,220,220.2273178307277,227.52105146615247,211.54295060646362,229.10222
16,335,342.83494941120256,338.06647743472274,344.8372612057167,333.17017
16,205,204.0481055174851,210.7539200186207,217.26362636126123,205.80214
16,245,247.145980692891,261.5098988252561,241.71656806103016,268.44614
16,240,245.79220880798795,244.0238146621974,239.8024270005662,244.50887
16,355,350.7952774347984,343.5291367027797,363.8875404733393,348.07336
16,390,378.57713644805773,351.28307222309184,376.47486605929225,378.5777
16,220,213.15657540286992,220.1718692991333,208.57081817076306,219.11176
16,270,270.616262832504,270.9390415902295,280.2371188264002,272.1021
16,335,349.5860448992351,336.9301295232544,342.027359210663,321.15158
16,335,351.4281725669396,344.9573416062753,353.3907726262553,338.1042
16,270,272.6318585495764,278.41308626087533,271.3964347341577,277.6898
16,395,379.61236163291807,367.29347378624476,372.4366057460731,380.0123
16,310,316.0711674401013,310.9344394889435,322.5011303543392,325.6205
16,350,352.7830648526506,347.36115983249493,355.1405269573469,352.35043
16,290,282.67309266488616,281.534475563873,284.7768449775851,278.7551
16,185,189.3460399497148,187.28703118450173,191.90274614200865,178.7658
16,360,356.4878357112464,346.83910294316087,351.5179153963568,361.09006
16,275,258.5144658735703,284.428126589808,262.4998255589744,285.363
16,275,276.54365776036224,281.43412642135655,267.2278560635194,291.48074
16,215,210.36552848870548,218.74679010463498,206.4433712316785,215.17307
16,295,294.4335747216625,281.47196230954467,301.1806938822475,275.65778
16,355,342.68272327976837,344.9439577998641,358.0513995969014,349.98438
16,400,399.2653990192703,374.0868844548915,382.9101434196156,393.92188
16,250,249.3744540469541,259.8578475399558,252.33251077975495,248.31284
16,180,171.9008809248637,185.24934453455023,175.8753645467353,179.0756
16,265,260.08397132812246,258.2831959621092,264.21071140472634,248.93639
16,225,219.66334139373288,227.2224195893975,214.0881063895328,217.2017
16,295,294.05843763443664,288.90736804861046,302.06542039951796,295.49918
16,380,380.909910811453,365.40087278891474,365.6555484409373,371.57144
16,290,288.76389511042663,285.63349852874046,300.3131749657931,292.28033
16,265,272.713223627402,271.0456856245802,246.04385488220245,272.734
16,365,356.1441889547112,354.00698111417216,357.5105926530875,357.31033
16,340,348.3203848661381,344.46630409662754,349.32024451621515,352.8915
16,305,300.70954999475117,304.9576907398156,310.421836114636,299.75595
16,355,345.9184288582863,350.1799461788211,345.55769534598267,356.71173
16,390,384.203181105347,369.15976310441346,379.4167590166214,390.86008
16,205,208.7121736277823,227.33268608425456,192.85706469001389,229.20003
16,160,163.5330389742955,184.76583477470228,62.15218532633958,173.62094
16,220,217.5870731055807,226.27447912183018,210.63619533186477,224.3017
16,175,198.30923416096624,245.72602489422343,213.76758173975844,203.24117
16,360,356.44432197601026,349.6376294536697,356.18638365755345,355.97305
16,240,249.10171114314556,245.03764601439718,253.68389626375048,237.92522
16,375,371.0920865216521,369.9103775285461,354.8660683529941,379.0428
16,325,298.06038049641796,288.6584593389068,367.2048556019726,324.53275
16,340,351.31680292720074,354.5345279330699,356.16695198623347,359.2218
16,210,203.60602705071142,207.73048012445076,200.74434393709788,201.47867
16,245,253.7255125939825,258.9351084445186,249.6899478492274,259.1706
16,320,328.8213381809589,316.4552871754915,337.81563152904573,314.51514
16,220,215.9493019010045,226.84323883433984,212.54941097206915,224.18517
16,195,194.8668774099786,202.61775634732476,187.1251413219463,195.37627
16,175,172.49934864026977,184.07544132827945,179.238275489523,174.82104
16,310,305.77308518906915,299.7769926260368,312.3689908130035,301.3088
16,180,191.72057971704368,182.95515378412426,166.19813427068235,182.40547
16,385,363.32956864101465,351.0938440344844,361.1985499003049,382.87527
16,185,183.2387169665073,193.13183950200107,180.78087098771243,190.34058
16,170,173.50680999480636,173.9631035378019,180.64683070608015,167.71666
16,340,340.6150096441823,342.0200386274794,341.42869805357293,336.51663
16,345,340.02518584847604,321.5306269202475,351.61654814515856,352.10736
16,170,192.64557068216686,206.83438669337207,188.6713823114664,180.35663
16,330,335.9538429499532,336.7570984483689,339.2313019575141,330.18854
16,225,220.05252778457526,231.0025371092642,216.77656221856068,224.83063
16,385,373.54542137011737,357.24615605499235,372.23638131745935,368.5109
16,190,195.6763736462354,200.31627252241222,201.28702209024055,194.39792
16,285,281.4794230771561,289.3265678048731,283.7149985889479,289.36795
16,270,272.9673720193404,276.4881764997173,275.9758143634431,266.41995
16,245,253.04715653935813,257.7472506282848,244.82320266970547,267.9696
16,195,190.2033958172206,202.07521612202726,190.14440517322282,195.01152
16,200,202.30446043929913,207.31044225781966,195.07647476723497,201.34535
16,315,310.7155954015071,314.4149466460326,318.54487901858636,302.46136
16,180,175.49409008225632,209.4589893064452,122.5336141195805,189.90884
16,265,269.83645057856546,263.5999525941511,271.08993678973786,259.29584
16,300,311.6600425235138,307.4197537446978,312.88965332239644,309.4589
16,275,270.29338472532646,282.84453770201816,271.695230307157,279.93427
16,370,366.426065015633,355.61328741057895,349.91149684884635,371.8739
16,255,252.32199723713705,263.48204822897134,243.3448724975807,262.59982
16,395,362.27770968849694,224.1996873820623,416.68432738514826,287.77274
16,200,198.3298524047197,205.26766726647105,203.69571087063605,201.498
16,175,176.93575501264377,182.50266443523785,180.88737919835776,175.57695
16,285,274.37415990661594,280.4232423634211,281.4845463488299,287.6742
16,330,337.27632506527954,334.7879653474803,347.02678345489255,336.97202
16,315,331.50268580124856,320.0330459357596,316.87087593291403,307.49426
16,240,237.21405913321775,246.64081736931507,235.46971182520508,238.74182
16,260,263.8998151570751,265.845933895296,269.3144616706777,267.73734
16,255,250.396079707737,266.44936298370703,250.902730923082,266.26562
16,240,237.44576878922084,249.94305167283684,236.8960932512414,247.27289
16,360,350.42329790210005,346.25373854781634,346.4228263365178,356.09628
16,285,293.7239568871044,296.9500391942472,302.6027765779668,288.3825
17,230,242.15681664120262,233.99669038477873,244.56851536568232,235.57216
17,290,286.291283448074,297.0031290468789,296.1295209717712,291.68512
17,225,217.77098545562882,233.05024676712176,216.36556921166294,227.78581
17,275,274.3997598994833,271.3975178647606,274.5129990793669,271.33014
17,215,214.56163464870866,214.99301734485573,221.8835408429615,214.53456
17,230,224.4194464832098,235.5304908517409,227.09412800350043,224.88446
17,235,230.05604496147538,243.12311221458265,236.38725309395377,246.22467
17,290,280.48498625179496,283.40352184852173,295.9753445154465,278.1584
17,190,187.52728645548092,200.85453706016204,193.74149076041624,193.39359
17,310,316.2130994459696,322.9653382034632,325.56283151963703,314.74606
17,235,236.39428085961532,236.22356458356452,232.75016525041235,230.4181
17,350,356.2117979195862,347.58311991249496,350.62176456193697,351.0762
17,205,215.12049218982253,224.23272724838515,205.75128476662167,223.8719
17,180,184.73092884757085,196.79077767820422,204.63137842261813,190.20903
17,330,340.113663860078,337.485203823954,339.40264487564207,333.9539
17,370,371.3350766245697,367.50534198236386,363.52112930973556,378.84113
17,195,196.2187891506257,197.310527898028,205.84927436929178,194.79286
17,305,316.3544986452077,300.76656045343543,317.3330331259463,297.1987
17,285,282.9319106112991,286.83226433288934,283.3461970462278,281.16037
17,190,193.1632646789937,196.82052831427822,188.48647800362053,194.74597
17,265,271.5181423441874,278.9714183501683,269.33442300485814,280.17844
17,245,244.99581506471424,243.67976144226128,240.7073124068065,240.7953
17,340,343.4186389545294,340.73169389434094,345.7712030361457,340.28738
17,190,181.8264091204498,193.06440817624636,194.46477486888875,186.43845
17,370,375.8929513058376,366.7042516552073,364.08972579653937,375.2497
17,290,284.65765114831373,283.4226610657858,298.46361743579155,276.90277
17,395,384.49702931805274,367.3586731297023,372.49707731701733,388.06894
17,395,385.7586582647088,369.64666359103836,370.63626924855316,394.818
17,270,273.5665870591012,275.39950726016906,269.4076509395416,273.642
17,200,207.24565411068733,210.84407001903318,194.3558165129717,202.4609
17,205,210.91216425742624,229.00338714404506,193.63535807802543,217.18175
17,325,335.2675172312176,333.7020014001595,332.5314450025158,325.25983
17,390,365.51539937805586,358.8014681968359,352.8018773253153,374.29703
17,280,274.016452391448,279.40334410959423,273.89594165292885,280.10165
17,210,208.79790211420055,207.01224236411738,205.89996021116323,199.01433
17,375,373.26304968780045,362.94695878195876,370.7858279036245,373.92532
17,265,268.05576460182834,261.6980701025557,270.47621890227566,259.85596
17,370,368.05587788361134,361.12768417584584,368.10154337203016,367.09195
17,170,165.8224695756098,175.73128769378772,176.04458532872218,172.0086
17,270,267.15544369271123,269.2225001387501,260.4068129733629,268.4912
17,350,341.5440917710378,344.2832425308895,339.46967720867605,339.25793
17,325,321.6218539123549,303.84315582565597,336.6013810535241,319.19302
17,220,214.54695615494,220.77499594359878,209.61843028960982,216.38847
17,275,279.09646707614814,279.18480956543453,272.55618010267955,275.96555
17,205,208.66760399818685,223.383291128949,193.2601274709379,212.19362
17,355,354.10232645910634,343.2995255207756,364.5465587823218,342.76382
17,230,220.71169793393523,235.3950251137752,235.747417949562,233.09702
17,345,349.26808837416746,352.2634074354293,352.08535670437084,358.37466
17,395,419.3765122932103,244.48671832796842,400.406340736755,332.26617
17,320,290.9922622653923,233.82658762533757,286.40140278318114,257.2409
17,345,339.9509342836298,345.21539890664894,344.5847204309408,344.67194
17,240,252.17747600268825,251.37603036669225,244.70657413627617,242.42618
17,385,378.76098725747744,374.9603709144885,367.31713910296304,380.24442
17,260,257.6675727116943,271.3100680569429,262.15538594769197,266.4495
17,255,257.2986326673188,250.80245965499628,263.20933088663566,256.48615
17,250,251.3153583757267,253.17855418274524,260.9071045712646,238.53847
17,260,261.39473114110893,256.5177708715578,258.6070323021268,250.23837
17,365,370.54762926248526,359.75390377052116,360.01790511901265,378.41205
17,255,252.8859376870393,253.14593171262288,256.3795263058357,253.67548
17,305,305.4167407343627,314.53456124077445,303.67956404485517,303.636
17,240,239.2238290953531,261.0278111267817,231.12077928409684,252.85231
17,355,369.60745993705603,342.3566841831914,363.805568907956,358.48764
17,360,356.1150300757694,341.95109014487696,359.98957568067357,352.29758
17,170,182.03547446843663,200.45866193991196,177.10100947991793,184.61699
17,225,228.75948074744662,238.00197612572612,213.24094377754693,223.3627
17,250,253.5564373482626,252.3004050443022,250.59201691799333,240.43858
17,345,348.9217155249252,343.9775933557183,345.3065219323966,340.58554
17,375,380.74988625452835,359.35705202205196,365.426497427764,376.85492
17,185,180.94123134460068,187.4964305139305,181.29923151679185,185.44496
17,180,179.85670690005844,211.87021450771456,140.3360263388044,193.38689
17,315,316.5526631903286,333.19355457178983,323.732508547486,320.4661
17,400,399.01440800568724,370.07942360199695,396.0650258311938,397.12756
17,170,172.50015646594193,189.27602268102277,188.23024916001614,170.55728
17,175,173.78199458563364,173.67758518442332,173.39950298749665,174.8476
17,270,266.43544348749236,272.30469170535343,267.77840102817834,263.18942
17,200,202.88938485096395,203.79982642357643,205.84160161231557,199.83571
17,295,292.7554682664158,292.6703406315905,289.7158736582254,285.3609
17,255,258.28216869962176,270.58829457579446,263.26955802889154,260.16687
17,400,394.9098568978341,374.49203666703664,380.39306218322525,396.73413
17,300,289.0832066986847,285.1897055803675,290.7416530794456,284.08316
17,365,368.88650713858755,357.10138710826226,360.2521891940347,355.41034
17,380,384.05398231598446,357.96845658970636,372.98028102715347,383.35538
17,385,366.1921665963459,365.27347514141616,365.18356144051785,375.61655
17,310,308.5689712896961,306.5943734968735,318.1774553022901,303.58316
17,230,228.2619286658101,227.44194622507115,225.6104035487096,214.2883
17,400,404.9928566999029,383.100421327039,387.24101641234216,394.8125
17,310,319.38132272939725,332.73740194990177,321.8884999242008,317.64594
17,165,182.8871569884622,176.76822362822367,181.68025408588812,175.26299
17,165,169.99474010981197,177.82680470945172,163.0886079881056,174.79668
17,315,301.5630732640116,294.0624766124399,313.2480816548356,312.89795
17,300,289.0650870558239,298.90120939245924,298.8160078003761,292.54376
17,300,295.39515020551,307.8871183827063,317.30663115774036,297.41055
17,230,226.32717825100923,241.02577075702067,222.53152365348322,230.08476
17,330,330.56092939757326,337.9911943831023,346.0128698658585,331.61914
17,325,348.778814205405,348.4292924586307,358.55267567879554,336.1686
17,160,155.74158136104342,193.20793781790104,71.07276402680858,171.58641
17,345,345.9296266641051,347.227756062164,355.6094520704436,348.2565
17,340,342.0743629132889,340.8796502790583,341.99762559952484,338.67117
18,370,373.17867072351646,368.1062488784365,365.94874718277913,378.0605
18,290,285.996520107773,285.4965375159338,299.99823238703345,285.41006
18,165,150.8965697046342,192.90729851167345,192.64791464883996,171.51938
18,165,148.9701281287688,174.33073678636183,169.74733903856207,165.40988
18,235,240.8666649333345,238.88801936883198,234.26665260170694,224.01047
18,300,290.1111591730662,296.957870094803,295.2283113222137,289.50528
18,175,166.25084154770906,179.53879784567286,172.06770175410213,176.67896
18,165,183.85717960438689,172.11234503921995,174.7297551140951,168.79146
18,350,355.801973563494,348.7667587094421,346.8989027149034,355.0185
18,320,279.15408755517467,226.0620843045843,291.30815066398276,206.52394
18,185,175.56419492385908,183.76919700669697,190.22084189455347,176.65474
18,225,224.88532828529867,223.0868072654468,225.14208519150392,220.37558
18,325,332.63432982923814,334.6496113122953,330.63819494079644,328.05417
18,250,247.5432118782487,258.98843448908144,254.57829146508624,254.65645
18,210,206.75213398444203,206.94530455526586,204.5552711907486,197.1128
18,385,366.0834966711009,342.5424857073754,359.81336124062403,368.5883
18,275,282.2731503572834,276.7257188507685,283.1101292169625,283.63892
18,280,280.6412441326596,297.79718830189415,288.12690927005065,286.31207
18,340,338.6071083624049,335.6169850315378,340.9852395134234,342.3611
18,225,226.58960426591614,242.940587125293,218.59492236537284,226.88377
18,310,322.3317319421442,321.8936810813098,333.0662006381798,316.34766
18,365,357.77502285659136,345.4056253570776,361.10622543599317,356.17136
18,190,194.5599130987879,202.34678309163607,189.58947482127138,188.10832
18,225,226.73471856458946,226.92069349631848,224.99702081914637,220.31052
18,235,238.24724575002983,239.11035900102075,233.755403725615,234.7191
18,205,204.91463614305962,214.70590342527836,193.93595589651568,214.37274
18,400,391.54909255092775,373.80397599459366,380.77785021852793,395.71265
18,180,183.81675345029385,181.03256063381065,194.15235534379133,173.42767
18,360,356.135054056497,343.8889399108516,343.1275950996268,354.50027
18,335,350.6140161999974,355.2330182562536,349.33090355445927,342.33398
18,325,315.89832194652433,348.24581542300314,338.4368156069567,359.9328
18,370,362.2707425332544,350.6859841573116,345.86386399393274,357.9486
18,305,301.99459133044957,299.377463655196,296.84554546394196,299.05087
18,260,261.1160666825866,263.8121110637487,255.549613678327,254.8223
18,285,290.66522696812956,289.88639688733133,298.6182081616763,293.04196
18,345,349.39075837337623,341.45292550586663,343.8752315398278,342.29156
18,320,321.9685837899791,326.29210298499237,321.29410052134403,326.9296
18,230,227.31064459936147,228.78942529692517,222.33099963237126,219.57933
18,335,332.1002029498244,336.35330393680414,349.61223108537496,337.22943
18,305,298.84133813378764,306.2615937072189,310.04976179918384,310.45294
18,250,249.77472254235443,250.78714981793178,257.42786491974937,242.06087
18,250,246.97623378893832,253.13294528570842,257.8309594938257,238.6482
18,385,375.0574130588326,356.33479335298915,373.8212368555353,372.70654
18,285,277.0476708562952,294.77047684248714,287.54675141806814,289.4849
18,285,286.24720344673744,300.37821904946907,287.32557755797103,289.869
18,330,329.73777167145147,322.3843697100975,327.74674456270736,327.63962
18,270,272.4167829256296,276.5525596067688,272.50846050867324,266.9406
18,235,236.59742101192285,242.57197686067468,232.20185881520803,240.14575
18,230,229.9704386032214,235.97671090734173,225.54938672874235,230.73328
18,265,257.64217686499603,261.9703315988982,260.35571106860465,257.97534
18,240,245.7046632260342,246.9866352174729,239.52829720742244,239.25443
18,295,275.70498665886396,280.6051888486758,283.3178656349386,278.3853
18,235,230.44208438323022,242.52375463588692,235.35773752349266,241.2904
18,180,177.21924099689323,177.5464786602287,176.42213811559117,174.5434
18,225,216.30859789234808,226.92464410453374,217.7603367272073,213.22583
18,170,170.9997066163454,190.14305474617973,193.256432528673,169.71754
18,195,195.26175956092425,196.712589123839,206.5027691851605,194.17511
18,325,331.0756744523051,357.5320467802894,335.4036949849581,369.2881
18,335,347.15906149634975,341.1711113423614,340.9947760826718,330.43414
18,250,256.41214742848285,258.2681143355082,256.85685832773197,261.03397
18,205,220.51432411526787,221.78062770562767,207.6507593444526,266.5681
18,170,168.99992438770443,172.35833934583943,181.57068237513795,170.43823
18,360,357.02527015296744,341.04341973142675,358.43428223757195,348.5455
18,280,275.070169586583,288.45546591368037,279.1707372371255,279.26944
18,380,361.5397789511644,337.0889544700942,363.58024939051364,370.16995
18,345,349.3815433075688,338.4464066083843,348.20219124430537,338.35638
18,355,348.31016007139533,336.45973736911236,359.70072422835517,347.96277
18,370,372.3160315967167,359.82131825908283,354.8975921606725,381.7921
18,310,301.982209835984,307.93522322544254,320.40195016006453,302.35852
18,260,260.1535692420881,267.9929681137713,260.0317442992646,265.64017
18,265,270.80719234341893,271.8948885293451,244.823638223724,272.96713
18,390,374.62294043484553,368.3551076701078,375.2819993507861,362.48218
18,225,223.5880910538732,231.32492565713144,214.67074865853255,220.46974
18,385,370.0432682200127,356.91946830117075,363.040256505088,374.72537
18,185,189.47309543686038,189.8930264180264,204.2416240097527,192.07954
18,235,238.6556859606235,241.89914544594512,232.2446455409015,238.52815
18,295,297.08480085447763,301.1697020420955,300.8632486038178,292.405
18,390,374.62018729997396,376.98232413487915,373.2073006035814,396.54776
18,385,375.884040922649,373.2712052299553,370.9643387020898,381.7681
18,275,269.8905096131007,284.7740461310775,269.5346514821682,292.48398
18,300,286.3091343293148,297.17620578495587,296.70958766098744,292.58423
18,185,179.78657751206924,191.39959771573746,187.44512602288842,180.36186
18,385,374.4634886080496,351.57757763025865,365.8141921101345,373.2539
18,340,338.95387095273736,332.9474917054624,336.43756249640114,337.7202
18,375,350.8588713979227,320.6489411818688,362.130691049485,350.47253
18,360,355.1820039062692,347.28535558581996,346.45959031579366,351.69647
18,200,201.5320406849537,204.41991749134942,193.5978422646486,195.78445
18,320,331.75282519843245,333.7358834081367,328.66967147405455,327.2975
18,210,201.65252169613814,210.53381250693747,192.88861604239176,186.85326
18,280,275.4552115859077,278.63156683364286,281.02460737964765,278.57306
18,205,213.90661934393552,219.2305136054033,205.88783711474878,220.77829
18,195,191.9681401666221,198.34751924001907,201.50786897206103,196.8082
18,220,216.37687693496378,225.21237963833545,217.06206489000394,221.48134
18,345,343.5273398742704,322.93049117494684,348.93201135837876,354.1097
18,325,316.5176602649519,306.6656295531956,332.08202863902596,320.075
18,390,377.5192934535795,348.721633841448,372.55493617611785,373.57382
18,160,174.25912347238082,184.29987382987375,71.36632136669044,166.54753
18,355,350.78077074862347,340.91673877912314,358.21970369821827,354.45407
19,395,388.6614658595154,377.99691285566286,381.64496726251843,392.74664
19,340,355.8864641913781,348.2273292910796,365.7647998804394,353.884
19,385,369.8168741986874,367.4746052558552,367.1715230390628,367.8741
19,215,213.8235522307034,215.51174878362372,221.23899110480727,207.56644
19,360,353.98763277904993,345.84608382358374,346.2592870850716,356.6822
19,310,330.7847389638033,328.92006382506406,323.2976869689876,335.9815
19,305,317.69494682553386,313.2884372803125,321.25504838305756,307.10352
19,290,272.2508080545657,284.4160758917012,275.971863933885,280.78824
19,335,342.6522776295934,329.0519120694121,349.1171254334955,344.36746
19,340,344.8535867267407,340.11116487679004,348.81750543947425,343.2816
19,270,266.34223330167185,270.12995001186187,267.48489498532507,263.51776
19,255,248.9393510820404,263.93700389343763,258.3985766313393,263.0504
19,225,225.8562301312769,227.54120703370702,232.20416299928684,219.72025
19,175,162.4444229285569,177.2789137251638,177.04192821862753,173.88628
19,200,197.6373418016184,203.73918748326832,207.9359151747093,200.78561
19,245,244.07247298082655,245.56653174167883,239.07131804858824,245.35329
19,180,170.301018467811,179.36994893994896,166.63202747812736,175.99947
19,175,173.1932459148584,174.2879755933065,179.97849110520264,175.23758
19,370,371.5902583626537,363.39227651977666,364.25246844496536,371.4009
19,240,248.8619430745615,244.82725742394865,249.88229699432364,239.0204
19,190,186.6427210688713,195.9537314999815,208.50042755405332,194.3562
19,285,279.85579727241395,287.19449000074025,285.3111336489011,283.60156
19,345,354.1049200345093,342.23079330391806,349.0395012988303,337.9168
19,185,178.08523815050933,184.47864532118203,195.11894183546133,178.71738
19,315,306.92336331129343,312.24515224290974,320.6579008353305,305.2157
19,295,291.20433958818865,291.29852416102426,291.72962821558326,286.1908
19,215,210.263603086505,219.7290238043547,203.65215587373154,216.58163
19,400,397.2789600454099,374.5613355163357,382.44358675076694,395.21085
19,360,358.37619080197703,344.0047964535465,361.3389424983411,347.32272
19,185,184.84093739445586,192.4171595302845,199.59596660859907,191.61934
19,390,381.36474213159283,352.43892621267645,375.81638389554996,372.60178
19,235,234.71961867912182,241.9102032553504,228.6641692531237,240.05814
19,365,350.4545482571932,348.0275947200947,349.92499940709973,360.2993
19,265,265.4716725607783,269.75509499759517,251.76466000007454,267.31644
19,330,338.87399478549355,335.2655462592964,353.5049075271922,324.78748
19,200,206.46835925723144,210.52513932826434,194.20519092188033,201.0323
19,305,302.16298007469425,297.2485753598254,307.3733703411576,302.8625
19,165,170.18957809180932,169.382924242367,185.8249370791051,166.7757
19,260,259.72464107437906,270.80063418063435,265.13514329091777,268.28442
19,350,356.21295018717,343.9293964368965,357.44449926924403,350.32233
19,210,207.55968945090376,205.19777768527766,204.57184494953412,199.37784
19,170,172.49982686621684,176.83419388481886,188.5733541846608,170.06871
19,275,282.03195234605516,275.18810055685054,279.8685871279048,276.2935
19,165,170.4385535745995,176.84410661098173,157.5966204530893,170.50891
19,210,215.69008066349886,218.91463989713975,196.08919517090376,215.25755
19,225,225.80054696164416,229.14022274430351,227.76449033463078,224.68791
19,235,239.96752633921585,237.33590802715815,231.759288941791,236.23387
19,370,359.390977007744,360.6119980019982,366.87041641769156,363.18195
19,230,221.16940312369388,241.89066940412522,226.46376626109935,222.80699
19,270,274.97590102342645,272.8974681799683,277.0384327456968,271.766
19,345,349.16399865579103,345.9209621397122,357.96454218270594,345.92404
19,185,190.97323701200503,191.53894603898277,202.04830085260332,194.06313
19,285,293.0081535875886,296.7267879397293,303.7853904947455,293.78806
19,290,276.42365118756175,286.83890404666164,278.5432771127064,280.09268
19,365,356.94016976504645,354.91521760646776,361.33935112116586,371.8999
19,210,203.5800694395914,206.94057219060886,200.09784361226582,201.08148
19,335,344.8378700983902,328.1020932770933,340.40782502901135,335.22995
19,370,375.936843003666,364.437376905502,367.4277466921061,379.56552
19,355,358.0546271596538,346.20938959188936,356.9780364599763,342.76617
19,320,327.00659233774775,322.97714130776626,328.4876727662233,317.6652
19,355,345.43734615490575,353.1392208254709,344.02558053688966,350.20703
19,250,250.3284655182108,259.8450397600766,253.50992455035458,258.3245
19,335,331.54659426032185,333.1204507067006,350.19276699202663,339.36707
19,395,401.02197394377055,217.72068692881217,423.6388783500822,251.77336
19,315,304.97189939358987,292.815022084397,295.0816482566444,297.09
19,210,215.65664046874417,208.3293169412286,215.43480756727837,200.86136
19,200,197.74668846163274,226.06222451159962,188.74642600153686,203.07483
19,305,293.8258318552728,300.425279592412,297.6303470849365,294.8586
19,380,386.2782482558248,359.28714632589623,377.3478854539777,378.31857
19,360,352.14684414148655,347.7452864727866,367.8461221828612,357.36542
19,265,271.6086709566199,269.54787915787944,241.70554233542123,268.0652
19,395,366.6763531414,361.45406857031855,365.0461730069499,367.07108
19,255,251.59457005859167,256.1371087885426,258.134815049322,259.15918
19,205,207.3657419009628,215.47315945628435,192.4391419583991,207.74414
19,170,172.49972649065504,170.80349528195123,179.52133857025285,170.75127
19,265,266.1751998909392,270.5370059570061,268.25198492017597,269.20023
19,175,177.50003100902643,179.8823664067414,179.4936838726804,176.3632
19,180,182.16004366449363,184.39071273633775,158.0752777358362,192.23735
19,285,271.62527770136296,281.1590449011774,283.4757429411314,274.35297
19,290,277.68424637669307,294.59060564435583,273.5753009228735,295.47006
19,225,220.66439793766108,227.26873422873425,223.9460216962192,220.39516
19,325,315.1376167217171,306.89159336034334,327.91534040032536,326.45856
19,260,257.93879440475064,272.42277935844135,256.0672360308797,270.79495
19,310,325.94084443577947,323.5281610981611,335.7232986856948,312.3713
19,185,190.98268299179927,191.45253128815625,191.98597374668387,191.25655
19,395,389.64893075902796,369.9256539294037,370.3938598939513,394.96136
19,330,344.12424924148183,339.8983477633478,352.0236758282089,338.73346
19,235,238.2889854203686,245.68656633671338,223.9681835075316,240.57188
19,250,254.241354963395,254.46359501609507,254.68565989247017,242.50871
19,265,261.5640071056955,260.51941845191857,257.0801196119441,264.18066
19,275,273.5962906135645,281.0646385096387,280.33507004630684,278.50507
19,255,253.49022775029243,258.82501031376046,239.4019367928285,257.63135
19,395,369.6233374753465,207.91575306637813,405.4785855419986,265.42856
19,320,329.5009037981674,332.1358020220519,334.7185154794357,324.7836
19,385,376.54350698884696,374.2934005346505,368.87917628205633,375.71948
19,305,306.1295771421172,312.59618760868767,303.8932149069206,300.1319
19,285,285.70095950422433,288.934066997817,294.4069680302622,286.63882
19,190,197.4851445690996,195.55349419099417,199.2712777380554,193.5732
20,180,183.7066155199384,189.94335117660123,205.30297732775338,181.99265
20,295,295.8787879489738,298.85991321178847,309.60299971714613,299.53775
20,255,260.7272542598656,269.2282864357864,269.6575697017012,267.22897
20,335,332.98675844393455,333.5937875041626,352.9878118105903,337.15488
20,370,363.5814039705882,355.8016763465292,342.4135226857012,369.40054
20,345,355.0614335933639,340.3499331354919,346.2497481506865,339.55457
20,320,324.5382923138888,326.4022091601209,336.241917771975,327.9659
20,210,201.3891484913525,211.01027144342572,192.45100025739094,197.21951
20,225,217.26422275642489,225.10224217449203,224.34439968384402,213.39009
20,235,238.34171251230867,238.0325142194407,234.04698367545495,230.33896
20,235,240.5082171736736,242.08188665294978,228.9724164634805,232.47878
20,335,348.93780955712424,348.55964228826747,360.7383384213024,343.22626
20,320,275.2388558035155,221.65965152494564,295.61560617763104,188.95312
20,200,205.44835828054613,209.4566949382318,196.05401641951227,209.53523
20,185,189.1875277711736,187.6688292679542,194.74649995694853,182.76495
20,245,256.8162829565235,258.38496138312996,249.2095164496568,257.01678
20,325,339.3884140700354,328.2761245004995,336.93663541440907,334.73608
20,350,339.74983012659607,339.94810119863786,335.6866068665388,336.0418
20,310,307.22196188040976,312.0168455155957,309.03617611500795,307.29086
20,365,364.5706643988733,349.53249146115303,356.9758424441739,357.3901
20,225,223.67298086782594,223.94321841067426,226.46960642745148,221.81523
20,320,322.42358805630636,328.9415736575519,318.5119977153191,323.50095
20,390,383.7940937223727,354.00354049055505,376.551377847492,378.56094
20,290,283.86684100329427,286.31365712065724,292.2040246803294,279.61823
20,325,331.16074353941156,321.04950931597625,329.0548861197616,317.6258
20,285,280.4503821724204,286.98968885281363,286.1034232182225,289.9142
20,215,216.12612716850276,218.20760672579036,228.1456291066835,207.00739
20,165,186.46878354952904,173.33046828171834,172.33310529076138,169.32703
20,285,284.0975451547571,286.4583401020204,291.73467987071183,287.80072
20,195,197.4734630365071,197.15166350479592,210.07280223270612,191.40143
20,190,181.66908646703433,195.18029807039366,202.2029573472284,187.80759
20,280,276.4907275543336,282.6893175990674,284.880984464808,287.68127
20,295,288.34000944893353,290.680817945943,288.02329385302187,296.66885
20,265,264.4241901690619,261.5474138522297,261.1375156233937,265.40414
20,200,198.1692590709307,205.4991515584089,205.58985211901063,202.44417
20,175,172.7445056604694,178.27614883727387,171.54512860619266,171.37494
20,355,366.6034887308029,349.19989793539764,350.5688644804345,358.91473
20,400,400.70596633815427,378.8028689717145,376.69912708036037,399.45035
20,350,356.8285538529349,346.80798958570654,341.4793016087664,350.60046
20,220,215.1470156154659,226.34691361416353,213.38219198574467,218.46613
20,195,193.77688919454562,199.62299763265628,202.98350346124397,202.73969
20,355,349.609443161395,353.9620020526857,345.19533118135956,349.98676
20,310,297.57201679987395,288.26964615449907,303.74960296669775,284.45392
20,205,215.0933542875872,223.47844844044846,205.6050187224625,221.85834
20,310,320.33913551536614,337.32551875412184,325.87105074000795,319.3073
20,275,278.9707892628966,273.62728838726616,281.33319196007346,269.64438
20,270,272.03453278989434,275.89182174769684,270.2851636265289,274.91644
20,315,324.3250461358193,318.7655688567969,343.67031933875785,314.11032
20,245,242.38630302012479,262.2465102120099,232.38894711380652,247.76753
20,280,274.7252341725448,277.3013942161638,284.1960914979933,279.341
20,180,177.62046946445045,186.27848466810966,174.03348167333442,184.0712
20,220,227.0166828536635,234.07101403335236,219.21945899011376,224.48892
20,345,355.1181786196579,333.88156804143546,337.6639290283037,347.76324
20,260,260.96878214239644,268.20947273559756,263.89943851983946,258.5509
20,255,258.69911485425524,263.9156347702005,249.9368868026646,262.87192
20,385,367.8722301793405,349.6102038549684,358.23075413546684,385.89044
20,400,393.4783726613822,371.5667784854036,377.6368587407572,400.67526
20,375,377.1056058912777,378.332511126945,372.5983597419428,384.1337
20,280,279.7243033295436,288.89744641469645,279.11327306373806,284.234
20,235,238.13400912146938,238.95512694658294,234.45728934813116,223.78029
20,400,401.3889381382553,376.1031618732577,383.52561008223677,401.88367
20,290,283.4309371642506,286.52828985488196,299.19405432335515,286.15228
20,180,181.63967721058276,178.0224040950879,193.2003506724747,171.81802
20,205,202.91858862283638,211.6922866336879,205.5539578808757,213.01645
20,215,212.9393430392501,218.85052359568533,227.06819124657025,212.97821
20,270,272.1406630740053,272.8519313276591,275.2824415501014,267.39648
20,165,188.12349417291807,171.87048889998903,174.640356333916,167.30852
20,245,233.00492817713285,239.54732165422303,242.9502587428015,222.28828
20,355,369.3167331069611,345.1728297111384,361.0535387257423,348.05344
20,285,279.9413218757537,280.7431126096125,295.986452321663,263.65674
20,230,227.1863426463579,227.5430968084205,227.59137021313512,220.52647
20,190,194.3189948290061,190.9371446821154,201.23481066333818,183.48457
20,190,192.51453930618058,201.53061287568644,191.4133951934461,200.35805
20,350,347.8647763093512,348.2061403686182,348.01850971863524,348.68997
20,245,235.35893206444143,244.67396846054692,231.17957528395527,238.5231
20,390,385.2989207024799,367.6817086989807,367.6419615579435,395.4797
20,220,212.64987036407462,220.68079864579863,210.23212994365707,217.80817
20,285,295.92069228570824,297.2419454818056,303.3484799974928,292.27817
20,380,383.3937493153833,368.91287323297604,365.01162006976097,375.20233
20,345,350.80945633472396,339.27878775309625,348.31751825078936,339.05026
20,275,278.0068452003172,279.8068371212119,278.1904360570144,277.2013
20,175,174.0007483058361,188.5083587384837,178.08059250456395,175.3862
20,370,373.4670140974602,358.7303619117811,352.6358553180238,379.9349
20,385,370.7498480586255,351.49203256057666,359.5103460249991,383.57294
20,170,171.0000373161685,173.6723357606445,177.97778952330435,170.44019
20,225,225.21252886516098,229.8732889039067,228.54637087757192,221.88089
20,400,412.62607486514776,382.0711172854924,387.0899240074302,393.98413
20,395,407.81390540549216,378.9514064824065,380.3068460730046,398.5961
20,365,373.114814321195,370.0280730103226,357.7965128327986,369.76993
20,310,314.12085976384446,310.6500094905093,324.00333028130854,317.0962
20,340,342.8985315717682,339.83378643578624,344.6077433005906,345.60742
20,170,171.0001649972091,189.73337591575094,185.72761864096913,169.51067
20,365,353.8917300933577,353.5688634935322,353.71892452107124,372.00803
20,305,300.5609569205494,298.39419721944716,304.53887325433465,302.657
20,365,352.80923996504157,347.4505446865226,349.05133423036034,358.43005
20,235,231.13838454089282,244.76021631000592,236.22284459219173,240.24384
20,345,346.39861938141956,346.5697465312462,351.98360371397956,358.32867
20,265,258.89657161558205,256.3164123523534,260.74318209803533,249.88922
21,185,189.1153198069103,189.30856801531817,202.49810663236227,193.65553
21,330,343.5237637762113,334.0716992696759,349.62363812679473,346.41202
21,195,179.8339410450916,199.91403039959712,184.99340917364367,189.83997
21,215,213.44232802365923,217.8141927507684,219.0784338974808,216.38292
21,165,181.20609128659962,178.3188058150999,180.4412296643266,173.15816
21,230,221.13159257367892,241.02940923863713,228.46676494322944,220.47589
21,165,167.9142197851353,171.2523370126605,159.55459664104114,165.03755
21,210,204.2958701649825,212.83086060634767,191.4889167893196,200.55695
21,250,253.33274558143017,254.14857215501326,252.52264126186486,238.36641
21,360,344.12521246747406,350.409526085026,350.67393936035677,369.55273
21,360,353.1840713169679,345.22556632638845,345.4971653593628,358.31454
21,275,281.49826250554304,278.06982080855346,279.9228395654497,285.44775
21,390,364.3531655990796,355.8844793822593,353.9012026877932,371.79718
21,280,278.2216081523452,289.8194045253422,280.0467003578043,287.22983
21,215,214.87564644491692,218.80670832394662,211.86555599302721,221.88496
21,270,271.29147325154327,275.22393917515706,272.37829034541693,274.3947
21,275,274.6120857570221,274.23380511240237,278.16514408127637,270.55743
21,170,172.4996802623518,174.1432773060272,179.37987830772553,170.72983
21,320,342.67661110601773,344.4622160536082,355.1791033406102,335.61728
21,285,281.22830293067466,279.5620546742131,294.50854898747195,278.2179
21,180,189.828815035829,202.04124971723687,184.86670246002154,185.89575
21,190,193.09419289101862,190.6184672843497,199.69221564027544,187.04753
21,310,309.3329545267133,306.50035261720615,318.980158479499,300.7776
21,365,365.87527298839444,356.9678503738413,357.4314590695327,353.34753
21,305,301.14418513573054,303.45890850798946,311.7823157147184,306.1918
21,380,379.8749065003479,370.7182145240382,365.9063048378609,378.2698
21,195,197.24905926448162,212.45006002729718,190.3964383163779,199.86278
21,310,302.16515070793406,310.1899610454905,314.61945199484984,296.92105
21,385,370.79905225603994,363.8130869198941,365.87897895086417,366.69464
21,340,343.6815602591598,342.44921222184524,347.7700052693668,343.0804
21,325,324.0004209402256,351.97793486280085,322.4269397867737,349.20807
21,190,182.749217333253,193.5664917435505,194.48692239433018,190.75034
21,400,406.6363378102987,374.0530577176094,385.2960302393843,394.5255
21,255,252.1288199115782,255.4141857611996,259.22760750875284,255.92819
21,195,189.1829178236402,203.7317825189515,188.50469408343093,199.62341
21,335,321.77422588660113,308.7088862089212,325.50620975973186,327.65164
21,285,281.7005180538593,288.7203293918708,285.6339616601983,291.8354
21,315,283.9971783247147,287.58728389339416,302.45308777782844,295.81796
21,375,365.4459493025696,351.7387372842157,364.45779425956107,373.2208
21,180,156.34508270276092,179.0680221681912,168.66728572065642,177.18303
21,400,384.47382745679795,328.098243992119,397.9574901370489,328.38693
21,205,214.23132400777803,222.07851633905307,204.5333260266727,208.92986
21,350,346.7364356336716,349.8270438616188,352.2259914213549,359.52762
21,235,238.06746468844386,237.4374812202073,232.76270350042697,237.06047
21,285,276.6253165811184,280.3790810460628,287.31465914486864,286.2324
21,265,268.0914243588499,269.72776204991266,271.5618649753116,270.10867
21,210,207.65718229388364,211.9732154805979,210.72173697841168,199.9683
21,330,322.2463043578269,335.4797298808095,336.602040540431,334.6641
21,245,242.3720942311138,248.21887413304455,246.85733953568632,240.6443
21,240,241.42818225762068,259.2407933479919,226.64749024032363,258.37167
21,180,167.10372018044848,178.7849285600021,166.18988971888774,180.49693
21,305,307.78201966287173,313.3473209780416,302.98630680557324,303.2808
21,345,346.8689105868538,342.0945874365665,339.63657143585226,341.00415
21,325,326.7554633009635,326.83019026035794,323.5014402773086,322.87073
21,170,172.37465708643344,175.9565033952975,182.97701354735398,168.55074
21,350,354.335728657984,348.7386880706498,352.30584710662384,362.93176
21,370,364.8434569412278,362.260636210195,368.94131700229684,365.87537
21,345,339.22586574610375,343.4619725751208,340.4461364248508,345.55496
21,250,249.31174431906766,250.57495893593006,261.2655108439338,251.39252
21,350,358.6394654020081,342.51851297953937,351.77029943258003,356.56876
21,295,298.4862306754047,301.1611036177105,303.56732283635415,296.58292
21,400,403.37969701542494,335.8628378876024,375.595097548493,322.2584
21,270,262.10824689013094,267.4339068994749,266.0337605234582,267.79797
21,320,325.7402870268809,319.86071683614057,328.11487917757853,322.0315
21,215,212.65427248412857,221.3328653013652,201.78286175159656,215.00943
21,205,205.38455011733004,219.48542761486883,196.52830668087424,201.37996
21,245,243.98558071274044,246.5751199072255,257.2320309249924,244.7305
21,260,257.52193409931334,269.5026991670851,262.4182282132453,262.05252
21,285,294.5025695008989,296.0515993563442,288.4617128412903,287.28833
21,200,203.5917906357189,207.46096024400433,194.78615622492413,202.60707
21,250,255.58439992983187,260.00995080317523,258.4616251097478,252.8298
21,320,316.6506028510094,312.7571127757069,329.5035010267742,317.74734
21,165,153.67900551550585,171.99785463147953,166.1770369732734,166.55019
21,275,269.04011631722443,280.6974385344277,273.4416358562028,290.3958
21,225,225.98599807067393,228.2131376154976,227.63108342237388,222.10985
21,355,347.91557711802056,343.69405799781606,356.4285381974548,351.586
21,370,363.14648139037655,357.8059952645395,346.1590717787722,371.92
21,350,345.3043483694862,333.7112341286703,346.3178092779899,356.6888
21,235,227.36807001756966,242.53856707619863,237.01721816345724,241.40417
21,380,362.38038806538157,348.5739533766887,360.4712212507377,373.3286
21,290,291.74569547159217,295.1236272650929,290.505350861948,294.9207
21,325,328.8731508069559,320.8971985278314,331.69470577207437,318.85648
21,200,201.40742933593197,208.43769589234307,194.5817120093032,202.13469
21,245,254.30909485579195,255.6818223421317,248.94070836015106,256.0504
21,265,254.9852975023191,263.1655770129218,266.43340680689323,265.46194
21,385,367.38716762442664,362.67524339087436,366.93745413859136,374.38968
21,215,210.97910132181448,218.62696152400233,204.57178230425217,213.12059
21,400,406.75787422804103,381.07155154649257,380.5475660565115,400.4609
21,265,266.40220711186686,271.7964069149051,251.99186938669467,266.80096
21,370,369.8661862525921,362.182850627513,367.11456225279755,373.12463
21,210,212.07977877801386,208.63502439717146,204.4616950924992,203.09392
21,395,387.11994721828245,371.19004944348166,370.6622731525094,388.71912
21,300,302.9311808509863,304.6752856080253,300.67869734645177,299.9526
21,360,362.1393238397932,356.672102809772,358.8765384436341,362.70837
21,210,193.77976369788473,210.81296065116888,188.8468825338625,177.15677
21,295,293.90808693753513,291.5878531965337,304.38333935505864,288.4887
21,355,347.9635740418281,339.25660854722577,359.5612440538922,358.27563
21,175,178.4538682635589,187.57930573593077,176.74318526656788,185.13849
22,240,238.8104623413363,249.9881715642746,235.99944224772523,243.46472
22,325,325.5422489948981,328.100513930514,322.8083575813256,319.741
22,240,249.44324983951145,244.58461645323482,252.10787297616858,241.19559
22,210,204.25372608153344,222.94958405565023,200.22975137834248,202.4034
22,170,175.1872021742535,176.86984940984934,178.27843379781828,168.81651
22,250,248.78988485936424,251.5257523168552,261.7937255733273,236.96576
22,255,261.17574304164685,266.6796753709252,277.5219284570662,265.48926
22,380,356.28981872030914,350.0182125744625,347.63355368078885,367.81104
22,230,239.81923100310468,234.3121269240019,242.50749316126834,235.4207
22,195,172.22005986377826,198.26134502072006,183.32172107333193,185.33987
22,400,403.66860214212005,377.6706989715079,380.1501016994006,393.41937
22,180,175.82215521272235,176.84980718355712,178.9031622732287,174.66528
22,340,354.0838346014164,340.8776563673257,348.0451378191408,342.8939
22,220,220.7300583377709,227.7472520766271,211.04659270435064,224.89708
22,250,247.8428927955169,257.3717197603594,254.0039424887691,248.43748
22,270,271.9058720785379,273.72403494653497,274.45844923609417,268.68454
22,370,379.8325406177428,361.3302367567071,364.52304697247166,376.13416
22,365,371.6057177588636,348.75973995911494,373.82238682251034,359.7599
22,245,243.15504092095722,256.61501534685345,242.12859266188516,257.4807
22,305,308.41622541509975,314.0607714045213,304.0888312045969,305.02307
22,255,252.87349587117154,262.18035853035843,243.4586165862708,272.06952
22,280,273.08653695863364,278.680216945364,273.1635551636586,283.93668
22,390,386.66187089207546,368.6844591084297,384.33333494130636,393.9105
22,280,274.91183378104205,280.11405238280236,282.8754365534292,279.3148
22,320,281.6039275999141,226.39048483923466,271.6720474504354,228.04617
22,335,340.8928787738186,329.1950008325008,336.471145777435,339.95544
22,165,186.17535287159473,175.57050605984423,180.92965961828352,172.37497
22,200,206.88190983305793,215.55694680319678,203.95605586948415,204.67824
22,320,278.5081939506974,216.89851269101266,282.7822215324897,188.83876
22,180,188.00371142350053,185.46480524105513,157.9581713557837,180.1581
22,215,217.2389219296187,216.47019723332224,225.2456673981706,207.6375
22,245,243.97041989085818,247.3781310818811,256.27000823458917,244.38712
22,185,188.90792792590042,198.63322039072034,207.47895398800756,180.99756
22,325,337.5241886387367,324.33646036833545,336.81746450682226,335.2306
22,170,165.97104571412257,176.05227045285864,173.34435612734904,171.27573
22,380,381.238156596946,354.3067769267769,376.2420268892572,378.89
22,365,357.47545515796884,349.1068765956266,349.8600880506482,363.00504
22,185,184.08627363716408,196.52462819587814,180.6591445175824,184.30966
22,290,286.56571075628955,296.74653843841344,298.1080251786527,292.4888
22,350,350.7769904104993,356.16445392570387,352.7696879729369,362.53726
22,165,156.80474757715461,172.04319069819064,163.70686457810183,168.5007
22,230,230.4244299903283,241.59439227439225,220.96739008828092,230.16563
22,180,173.2354059506319,186.5416952954453,176.496342457677,177.62209
22,310,295.34104570247865,285.9235204610205,302.03376424704476,278.70844
22,290,272.9648142203076,284.7384527972027,276.69374336658433,287.42023
22,340,340.74339452410635,340.5744246045348,341.8877858144069,344.73795
22,400,395.8186559055811,371.09917917594385,380.4675058011513,392.72263
22,295,289.12168084527997,294.66409379971884,288.9498447499548,284.9165
22,190,192.5988623520596,206.5756287693787,191.32598754949197,193.89499
22,195,189.00425793098174,203.1440588346839,184.08511823719826,199.1279
22,360,359.556944245133,350.81625055500064,364.4187258926965,361.95816
22,315,328.2769971982347,317.0700933325935,343.72257411630676,313.03342
22,310,306.25543382152927,308.4442161161279,324.2779705956915,299.19888
22,345,359.39748876487255,335.13498410902815,338.1865809459802,345.52408
22,175,170.35964276705948,180.65347610722608,174.03394613801572,175.31934
22,245,254.5382492053065,257.7934414659414,251.6074654427825,259.80804
22,225,221.1291124449628,232.96689780671406,214.1212445807567,223.76007
22,305,318.7631335637854,312.24161796536794,324.3876268017944,307.22937
22,210,194.45231651875207,207.09795535483033,191.40145359723388,192.19324
22,270,274.21220558212536,272.8845074288456,279.7541467259161,266.94733
22,265,263.3429252959176,262.8361024161021,260.5594857957759,262.42886
22,375,365.83257441088284,355.44022554243145,368.35701452299776,372.97778
22,350,356.0934231154814,343.97675998701715,352.0612226571835,354.1414
22,265,260.57974517333827,257.59034389085843,259.792766196789,245.10443
22,370,371.64833245370664,362.0209747224454,351.2749390848337,377.87585
22,290,286.9371721812501,283.23259786509783,293.43639033944316,285.68503
22,380,383.4762971399966,361.4603428502329,372.34079899187003,372.3801
22,400,396.924826797535,369.58136041790453,400.3712817487727,394.59402
22,275,273.3783289327752,286.6294481906983,272.4107871704383,290.0641
22,195,198.86946555052947,209.70896675628305,193.891225244917,201.37431
22,225,215.18128876022632,226.51160755910752,222.75323571756786,218.55768
22,215,211.74861538915724,220.02843003537856,202.5928109206837,215.55084
22,200,210.2131624915084,204.7625417692329,211.18886621768544,196.61984
22,315,320.4614126306399,326.34196077071084,318.1462613528277,324.81195
22,260,259.2549778993594,275.50017606848485,260.48823372449397,278.54456
22,325,332.6993034514594,353.1042606930107,326.1329145783238,360.01794
22,345,348.18843439721246,348.8622316789965,356.8502534117682,345.3996
22,180,181.15219769466756,187.52905467217968,170.9127362357067,176.21419
22,395,396.1935333931892,366.65824824685126,367.6483159547838,382.71573
22,300,284.563549145658,281.59353352257773,291.99983238411806,274.4089
22,390,375.42224313953017,376.7627155347375,372.24779219177765,396.74033
22,340,344.42324895391124,342.0004825308134,344.06087846291507,334.32904
22,265,264.5715167051963,271.94295310626205,251.4331834097082,267.86896
22,190,186.8202645184703,196.53091406278898,183.14989305357614,190.625
22,365,376.4052706889172,361.2966598679101,374.3558764654047,374.579
22,355,353.5249375408533,347.29753310823156,366.10769189541975,343.20993
22,365,364.6985540549127,356.6280628344967,356.3724796158702,364.7905
22,215,218.13454518350687,225.76962343756475,218.302054131269,222.38521
22,335,345.9616767897432,336.9933347153937,344.8288201770833,334.04724
22,280,272.90947526249516,273.32847037222047,283.21487855826604,265.2978
22,240,244.66342356926606,254.866430837681,231.67475021635659,242.61977
22,370,370.7493223682713,358.89840638256084,368.25990599302975,375.17874
22,345,343.2934671634776,333.75272124797846,352.50005538191186,341.11215
22,290,274.95139754364203,293.9318681413902,275.9175190494765,298.9565
22,285,279.2956984070035,287.6684549478299,284.930814313327,285.13068
22,385,381.2520486838302,356.0711354032679,367.69819584819163,385.18253
22,285,281.7657979623685,289.3010058228809,291.65383976966115,282.98584
22,205,204.4502277626204,210.01401469989716,203.24921109478086,203.9647
23,170,176.06070392038296,185.55469259770732,165.38427922145812,168.38269
23,210,204.92967207066067,227.0643910718911,197.45128740224803,201.68365
23,280,278.8165387010745,287.6592585537982,278.50894936581517,285.10318
23,220,213.50738970906326,220.90659845187008,208.79307243965994,218.59006
23,255,251.17112738096665,253.58679625721916,256.9053218152684,256.44476
23,310,305.77970806370547,300.7587973937457,314.33576777326715,303.1744
23,270,264.76755514470875,269.2106706182685,259.540784770379,270.20615
23,275,256.21223112422217,284.3197497368939,256.47517081922814,270.76282
23,250,252.1740205870597,252.96471290532605,258.0143668512794,260.9147
23,180,180.55680438652865,180.06949552081915,194.69392192052527,169.60951
23,225,220.92341609001136,228.28300004089485,224.4989074869032,222.66107
23,305,309.7018200547162,297.45351317854266,318.7386702884361,309.17166
23,390,383.26693800711246,372.09647569039555,377.1041078986718,392.20795
23,290,281.5841561336556,278.64730852479954,287.3609272262697,274.63162
23,365,346.78963563392097,345.65106072953944,348.68096111442827,357.1019
23,280,275.46215060733323,275.95605912605026,282.4121892960916,276.01974
23,250,246.33284010986765,252.25076820469678,260.8903460716957,242.53714
23,315,316.5114166657875,326.57332715405477,312.1204959656763,307.8751
23,240,252.05702979967236,244.37070785919374,250.17765762837556,238.12
23,365,355.3453440862776,346.0900709783962,353.22487445689524,357.05518
23,235,241.86487260529788,240.13671627120172,230.43413529670383,236.09964
23,390,366.6042016056621,357.4950707716195,354.17846511020326,372.17804
23,320,344.0467122897707,343.48348393869793,352.7579588252141,332.6854
23,340,343.13218181399753,336.77944538048877,349.2067694193159,340.6561
23,205,207.25530999188254,223.41897302978836,191.64339918813457,208.57178
23,400,407.3475102604069,376.96583401300774,383.37867670722454,396.70856
23,315,306.90287974891385,314.5558199332986,321.28131675533706,311.22568
23,285,276.6333830102263,283.55999346024356,285.655996836368,282.06134
23,210,216.684632740281,212.172236109597,212.6846089765259,210.72113
23,360,351.2747753730617,342.1737893057879,353.1457731523575,350.51602
23,305,303.73020393988077,300.1857347268743,308.4753476408773,302.56415
23,205,218.2347100613587,226.59065964264485,205.24238656585035,237.85033
23,310,315.70344809622367,314.5477736088388,324.43491440208277,326.96823
23,205,215.7367624300591,228.4781833906833,192.9701949215747,210.993
23,325,333.92751308652976,333.759577920448,334.77250407011195,319.29526
23,190,188.85292081317755,196.84057399930077,185.65486800269792,188.29356
23,295,293.30808962500373,300.38630100533135,300.81941230877135,303.4239
23,365,359.5956615308271,346.1315991126743,367.51504265936063,352.6609
23,200,209.03033050628338,206.3780990225555,208.27734565918408,204.09238
23,225,221.1948359800395,233.80347245347235,217.21965065705479,222.40497
23,260,258.14231411365296,270.26190237467966,255.50697145984495,268.66055
23,375,367.58704174298765,360.7010686227469,374.60099045844413,373.84128
23,345,348.2818026370045,343.80552948297714,350.9673282685838,336.82285
23,305,320.3414243156584,313.07316251340916,322.56602798255346,311.07944
23,265,281.5249810820415,282.39807587108396,284.0754596553437,281.1573
23,300,310.116976975939,309.1257202577074,311.82539593205195,306.79846
23,385,371.6223670459085,361.3867981322892,366.25542983002623,381.12662
23,315,321.720688759279,325.33763116377094,315.066731338801,317.82953
23,390,380.54022638529574,370.4973350522262,368.05648938050774,395.56055
23,335,334.44595567815446,338.5264471881246,352.24222699090944,344.40002
23,200,204.54103749404797,204.10223969669622,206.89809142324899,205.82867
23,275,272.2427199358266,286.4541823167652,279.17680104643233,284.38306
23,295,295.71575407577893,296.99987362287675,311.3246555567631,304.40924
23,195,204.59496863413733,199.44223728971414,197.54730968511268,192.88373
23,180,189.17088631772765,202.24338353095706,185.68775356931204,195.55692
23,300,285.3935498853641,281.3891009243596,293.4926084522788,274.15854
23,185,188.02122400330114,190.1386916079564,192.05184926578372,181.819
23,345,342.8600908387584,338.4771216364152,350.17804023795486,346.15253
23,280,274.0404886331787,282.12959838181337,273.2695285315457,286.08365
23,235,234.90585082826652,242.05583735591713,228.81215185132152,235.87863
23,180,166.49770010105578,178.3175945106093,168.77535239431455,176.83258
23,400,401.7451134589054,369.6597062197061,388.42359864904023,395.41235
23,260,262.3947283909123,269.1514852213502,262.4613924205946,262.6386
23,245,253.06909564292096,258.8040157127759,250.1267112204837,260.94788
23,400,404.53501809118734,382.19243373273247,379.5118520386347,405.26025
23,385,377.28490020253315,354.1345775566776,367.5827612286418,382.84103
23,220,219.0848074950652,224.58883017581547,212.64607948265225,220.17465
23,370,362.4956141409756,351.0592799262784,343.8476340885625,370.39102
23,230,234.2363196863496,240.83861378514493,219.61012639814615,227.15938
23,165,176.95399773879905,178.2076795413193,179.72795512372033,167.87476
23,200,201.59795069950889,208.17404095904098,194.35899412651818,199.61417
23,330,341.6223978687178,339.96441956483744,351.2861101899146,348.8691
23,370,377.080457508829,356.8112331681728,371.48022846810215,368.893
23,360,359.9443994220836,352.96516689682755,354.10081885128767,363.82605
23,215,214.288252962941,218.66393629518618,225.63358786011733,212.84277
23,205,213.6638832254635,225.07219003218998,203.09678524069398,213.16812
23,210,194.47822273833032,206.82527532652537,205.76962040881557,201.95667
23,255,266.07308227154743,259.25525835275835,244.48231790427582,260.60977
23,295,295.5765361277202,281.1536399289118,302.12518744803214,275.2191
23,375,372.9620129967243,377.6140775790232,370.98446335677545,380.54016
23,265,260.0953715948306,255.8134631149302,259.9388569887449,243.7461
23,335,346.4218679700857,340.98269701710075,342.0823734254315,335.88605
23,230,220.99179942478554,232.68233992858993,235.5996144398276,217.22336
23,340,348.7739100971668,340.42930086933757,349.68859637600616,350.94138
23,350,346.34211351928116,347.0773233789272,351.8069302075257,355.3008
23,170,174.38396817623226,173.6555159437512,178.79895804259382,167.58113
23,240,240.23948914889291,249.34929052665626,236.60775714259182,240.75558
23,400,413.2496908844025,370.8673606807845,385.57836607354227,399.16742
23,400,406.3576959678948,372.75430317473035,382.8554755350847,392.48447
23,170,172.50045928747386,173.2077169752905,178.61449883483192,170.7363
23,250,246.31266786096336,260.06173458303033,241.84090971681968,246.43741
23,365,362.35932511018245,349.5743799487551,373.62818926505633,355.77112
23,180,161.99333186293933,178.3028172290672,164.03673045041597,168.85753
23,325,314.7287817225259,350.3042433296578,339.9869904952608,354.8254
23,290,274.8020545693435,290.0148736825723,276.8813564624318,285.63846
23,335,351.25626975793034,335.58413052089526,340.4269420816791,329.69217
23,165,181.8661491611535,175.52974099974102,171.31327754550762,168.36949
23,335,327.358023526952,311.3632646307941,328.8855251067939,333.75223
24,265,271.7785697256935,279.33963017211533,271.35753720538804,278.9636
24,290,276.4351530400671,286.2447028208721,274.76923676319393,288.28336
24,355,347.3422812845713,351.57731417193895,342.9556190815007,351.60532
24,220,220.78635787901248,226.90337566600047,212.02225682377113,222.23521
24,295,291.17086398895617,282.6764712656624,301.48389701145953,275.641
24,245,236.5017922731705,243.5319803391053,232.03226700357064,238.41492
24,225,227.87664048277895,228.75300502275505,233.73910517209174,222.96912
24,285,285.7686632959385,287.64657278832277,292.8306690548361,289.30722
24,325,332.0470410200967,331.3501854428251,331.9688641089277,322.55008
24,345,357.7346860208503,336.0220860903803,341.29358790440295,350.00085
24,395,373.60095984098814,226.5645628391217,389.81481312949086,305.07538
24,250,254.0244601144069,255.6301085026088,263.9273261974802,242.62767
24,310,316.3329751466272,307.4585273892777,324.32856941543963,313.31473
24,255,261.4885965738474,265.0630470852678,276.25248652251804,263.0645
24,265,266.5342148588403,263.0651816933069,259.1149723487142,261.46408
24,295,292.22807860984847,290.45867350868076,302.8160339924915,293.2676
24,390,361.0957869357452,354.38198895059213,366.75485757640917,367.82635
24,205,214.8693680725621,221.12780280830287,204.31161752197787,222.6633
24,195,196.56963236323645,196.85504027834904,198.57333536981602,191.17181
24,310,302.0939008848228,309.6882407943362,314.7915946083503,304.35315
24,220,217.49457531393318,224.40047473359957,216.06574426704492,219.63892
24,355,351.88011501945994,333.58905198778683,365.47731862262106,349.2845
24,195,204.52572350215314,214.28659879009876,194.29594185067444,201.14775
24,230,226.55963012108384,230.46848758186243,225.668744320075,226.08023
24,365,364.9071828345002,361.31769428773845,359.9478857974434,374.1647
24,380,355.92087914753165,350.48935567210555,345.6435162332623,370.22333
24,325,300.42667639741836,283.7777030036957,373.09173659921856,301.75345
24,190,186.9549955141216,196.86562322399823,205.7140154390542,189.90549
24,270,271.0342959749901,271.72691791541786,274.03840817834384,268.28616
24,290,282.2724144312026,287.375799793344,281.4344015669374,284.1098
24,255,251.17127214911557,252.66912178099676,256.4619104509593,245.01544
24,235,239.51653128907037,243.14823802586295,234.518815524667,235.63126
24,165,179.63832722613,177.4409130665088,185.30313390853792,175.12375
24,325,314.39252426242444,349.72687382062355,333.1322811219195,365.507
24,165,172.18113358834694,178.58540373515382,161.92807728008074,173.43097
24,245,245.98804545769303,256.2830868020868,243.5701075649409,254.35715
24,340,338.2741732846158,341.2758049859669,341.11567425381486,340.5373
24,295,303.825786664755,302.9007195027195,306.692776768573,298.3109
24,360,357.3367049164242,353.9373173905557,353.7299185451884,360.40353
24,180,183.9484530957401,187.6651553030302,205.28010944186764,179.19878
24,335,347.10549778696316,327.25447858312145,350.8370066944897,346.0592
24,375,363.05444428640624,354.3869399032338,372.4305680546969,377.0192
24,200,206.89658332240322,209.3953849761349,194.07463033058764,204.14908
24,245,251.69008859017129,259.0246312021311,243.68066223831192,267.22314
24,210,209.36124165808678,207.40426247282133,206.64597845425752,197.9621
24,215,214.37084703017683,217.33069363969352,218.04879890055662,215.09747
24,235,240.38308133114276,238.17512559662543,235.35935796055387,239.41605
24,345,348.91335300537924,340.901241317506,349.21060951638316,336.91476
24,370,364.48153790243646,360.28133663558646,365.94656258738144,372.54425
24,280,275.56496510315435,276.3826440226442,283.1767443045928,274.1616
24,350,355.62627293986577,350.36564288173133,348.2831484077664,352.41464
24,370,358.64543422582403,361.46917378177375,343.80793908814326,369.26437
24,340,352.1874984611927,343.40172571872574,350.1578944189097,350.59946
24,205,205.90679999441124,218.38480294705298,201.15756430997206,208.63109
24,395,372.00428809922755,362.2951442745851,364.0371052431157,374.97382
24,340,344.5093218328012,342.08148354749864,345.6066898694164,336.9932
24,165,176.7772147823349,194.1429437784439,198.68707893650054,181.01743
24,370,378.41379121638374,359.89836039180153,371.8683682731628,366.56366
24,350,356.00423603472393,344.1939042624043,359.99908944106136,349.40884
24,190,186.80194791673273,193.3138970751471,203.59162941662396,188.68394
24,315,324.61448472170457,319.14914331012136,316.25553468953694,312.5588
24,260,265.37566522275654,267.1396900321901,267.04257784738655,266.5229
24,390,383.4124552324272,367.72879879696325,382.3357126565727,387.00165
24,190,193.9057094652826,199.39454263791748,193.13868276843772,193.29005
24,400,401.58530696718196,339.834748903874,375.7428975720766,353.18747
24,290,282.18096459795333,277.97182367632377,286.7837987628681,276.76373
24,310,303.0257338126812,301.24624629537124,312.9244925518257,299.00732
24,225,216.832524786735,226.42904416416923,222.80906927980215,219.48709
24,285,293.07977877644237,292.6132334332335,301.10969600145893,296.26486
24,320,275.3296292738445,220.58941677766668,300.0638205217139,193.53021
24,355,347.2571114762857,337.35564647084925,357.2100301168132,352.76202
24,210,217.24859924946725,211.11115632814906,214.82791655281488,206.16469
24,180,192.2277716337005,203.94888329562588,193.8135071366233,186.52678
24,390,372.7878746577951,369.34405095884523,354.5624075833311,379.72705
24,265,259.53116379220114,257.86734567066924,261.70001891013555,250.54733
24,170,193.9364257936569,204.91649743312257,183.04309056886189,187.52571
24,245,244.21434853028552,244.8315844433345,239.64219134780004,236.48242
24,170,172.50011574765682,172.60215166124723,184.0753704666125,171.40977
24,195,194.77617817513817,197.38440241702742,205.0852821674149,190.85709
24,360,358.5052996034673,347.8886397213896,357.67278279075185,361.55618
24,175,218.76496883084894,249.2058904551331,222.71588424169119,213.89095
24,230,228.73805500081505,235.5476347818846,224.51951722212982,215.75258
24,260,260.4108526405149,265.8838851426352,253.6150991397193,269.46716
24,385,382.16608681625314,357.572741201351,369.2241490943138,383.2825
24,220,216.69277747048977,223.63170757510463,213.3084766098045,229.5616
24,250,255.61702535212817,251.91941190753704,254.57483332598898,258.35803
24,395,372.8259468986763,377.26486290098796,368.0176657564501,391.72107
24,330,336.0341105051393,332.1624234042101,335.4547032126518,331.84732
24,335,344.8820682643709,339.7188632201135,344.5807472668903,338.93307
24,195,193.68958507496222,196.74672266622264,199.10638368076093,191.13664
24,315,323.06683298889016,325.9908787813494,331.1497531788749,322.0077
24,395,404.2255009927022,380.36187013966423,381.78288359199587,399.87167
24,170,172.7680577112062,174.42119309856798,180.01178238058085,169.91383
24,280,280.741066864069,286.48738884808023,285.696580882434,287.94492
24,325,316.03754823012775,309.5905044204164,344.93145004856717,317.18964
24,325,331.89839790297617,336.58908173770664,344.89265635061054,333.84308
24,265,282.9006077178931,280.72345705275086,287.97780631094,282.62497
24,265,265.94488470952103,267.63340192813735,269.00401055790303,265.182
25,230,227.1286988744793,245.4350718807336,223.17801813143717,220.16414
25,300,292.5069054841649,283.40892313704813,298.34097211690835,283.32956
25,340,338.1453202781525,334.5067629361378,339.90331532852656,332.6183
25,250,248.0406571597337,257.093452172827,251.3783129090398,254.10777
25,295,298.63221126308594,298.87099738224737,307.19833912317966,301.1212
25,165,154.5341831477217,174.197394865483,161.3747965127763,164.33539
25,385,371.30345135052045,366.25779173849014,369.1693080332311,376.9216
25,175,188.11592022971377,178.9175846525479,184.42119723494784,178.7258
25,200,206.93200586634975,206.53526378713877,206.9159804339953,198.23924
25,225,225.22755336634071,223.59174878634434,223.96041709535487,222.81297
25,395,388.9981206678398,377.6032016526505,383.53777865913946,384.05072
25,390,360.6542456126982,354.21983153420666,369.28747073654915,369.85342
25,345,339.74112353740793,335.2576265961135,344.2974775045708,344.4251
25,270,266.76084702359066,270.27405795593273,261.8276291428745,268.88672
25,180,186.07043827716905,213.08823046506865,156.26298772488147,196.69315
25,245,249.1931828632347,257.9340300902799,241.98059284039206,260.74118
25,365,349.03083968916246,354.26484649609654,357.64958740104487,370.81854
25,210,196.19491015520111,208.0154435841935,195.4114005529505,183.46893
25,245,242.68156950436185,248.46855334480347,245.01999972773905,241.93835
25,320,325.8768220420645,322.9587078063548,328.48026446482027,321.37555
25,175,188.5356217749951,191.96271788396788,194.6773256928334,171.83472
25,345,349.29294477278484,341.4388853276353,341.94159842300536,346.5923
25,165,174.21041611644011,177.07753019855954,187.3525451623447,166.61053
25,230,223.2981356109018,233.92594355535533,230.1122799707623,214.29594
25,200,200.4557850024023,207.3557517482517,198.19401881857664,201.63507
25,215,217.7282691279387,224.98596561662742,219.94377183613898,224.33122
25,395,375.02929709224816,374.1220185533423,374.6794798119258,395.17404
25,205,206.10785587510418,211.40791061607234,218.07461612511855,204.8561
25,200,199.89381828512393,204.0894731657232,205.1215055162457,200.69753
25,315,314.46424024690583,319.76356997169506,330.0042657411296,310.29196
25,370,373.5124764763968,360.02893218594863,368.285730981287,372.428
25,315,318.75742034878243,330.776656577355,313.4091019111255,313.48013
25,280,271.8298554948371,287.27922403440795,279.9104511972668,278.85654
25,275,277.53266651553054,277.3089715554053,274.18450182041045,275.15356
25,285,281.1382504283525,286.07917679542675,285.6394485998268,282.90967
25,360,365.29148608352074,358.035864452813,353.31372173194626,366.0357
25,375,369.3200317288743,368.6379241061225,356.09228482382474,377.36435
25,400,399.0609014174664,369.85652458652476,394.1578344484358,390.35458
25,225,230.7176574444302,229.83885965885955,230.041339264213,221.49963
25,235,240.25306970145772,239.44707547082552,234.16027189109906,225.49242
25,350,349.2962321060016,349.68089819902315,353.2602784428377,356.34607
25,370,381.55747746089503,357.97539263976756,375.6904438602403,366.6068
25,225,219.80450859734765,227.98212907462909,217.38573112435546,212.19583
25,360,353.7938342632508,350.4592666361415,353.6209217314645,351.40433
25,290,283.4075860776819,279.63469379612764,288.43526143150274,275.94064
25,330,340.98247146786537,347.4840546340914,342.1767375016908,343.5786
25,325,348.8434109024691,342.98718855218874,358.4878259805595,341.64322
25,160,153.4393985815251,176.42353329268767,55.7493162868314,164.8573
25,165,184.37409892629574,174.07476248016695,184.61866733007147,170.52316
25,250,255.1245575773982,255.2333618777738,253.59987517092202,253.24905
25,220,225.910320438761,237.38502415068598,207.7955508091667,223.82343
25,325,329.8357435677836,320.41112406112404,326.98859514745664,317.7931
25,250,249.47990157574958,260.414347920598,242.84558756560855,251.26456
25,305,305.918718897529,306.4401809301811,317.37522717475537,308.44342
25,280,278.3352189611274,298.01843793733497,285.44518158171576,292.26462
25,265,265.0120665567028,273.1098274642025,251.9960393186176,267.29514
25,375,366.2732051333119,362.51957772347487,377.34820415890573,382.45917
25,380,380.8285934218832,354.7384647718838,374.05080088206853,385.2437
25,345,346.53816989730234,348.45601907351914,351.6672720590768,354.61627
25,185,182.52888777723246,195.23175801458893,187.2138216538084,182.59756
25,305,308.8506131406829,317.7019204406704,314.87652219804914,311.83173
25,390,385.45121722873205,365.66528006307414,383.5663175807042,392.34488
25,290,289.162171284958,285.72764776889784,287.21867703967484,277.46243
25,290,284.9288991404277,286.68840539090513,299.48084739627996,286.76016
25,310,319.22461467472914,341.1368029737147,326.0847246388803,326.0026
25,325,325.5119914931462,306.9536409369498,327.220450941955,324.52347
25,335,348.6885471708937,339.0090595420375,339.32823222916215,330.7363
25,330,343.628028863004,334.8586300953948,352.7630379927045,345.4201
25,285,286.4063691192746,290.31872895622894,294.2393842480169,271.1363
25,375,377.26237603724746,359.5441494847743,374.6427317780613,374.55453
25,380,369.14715920474464,344.27287674335474,379.064389847422,364.10406
25,175,177.50011481708196,188.11046605355426,181.51343017304043,176.15631
25,195,178.39031360103513,200.2464236689235,189.60775903848617,182.09167
25,310,315.3977991455793,323.98687368595455,325.4243725311107,322.60254
25,365,366.7831036741303,345.9575946928888,361.6722751921293,366.43845
25,280,277.4009333751008,284.1759056684057,284.09135748034925,287.11218
25,240,247.46729123424478,245.23345695970696,248.77975769473622,239.17259
25,195,188.8907658842454,204.7617579642579,184.93626439013218,205.67015
25,375,366.2956559565495,356.2535305530526,370.9217880508727,378.07343
25,380,383.6322703486309,360.9713712907462,371.2506668623327,374.88788
25,390,377.33915325757874,354.6528817941318,372.3233662037516,380.9075
25,185,189.29461418352867,193.90162356162355,191.8657765867198,188.99329
25,190,190.21851341152637,196.81755078255074,187.43227534636353,192.00275
25,340,353.5651713296862,341.3759533522033,352.90366062086986,354.49146
25,235,243.75058779440172,242.95608850300042,229.52793930603033,239.87262
25,235,240.52659630637424,241.93013574388587,232.7852238340652,227.64201
25,265,282.3004677278215,283.35583240833233,282.9818857214449,275.4993
25,255,250.49086376310322,269.37156272376853,251.82180364195867,265.43597
25,195,198.5040562775053,202.85768858456348,191.02035748286363,195.94084
25,300,286.5672261947439,287.3932851639101,292.05500425916415,277.40964
25,260,263.3563511979207,269.9420434889185,264.43584427529186,266.78787
25,270,277.6109204311328,275.66850489787976,278.1734561254022,272.58817
25,345,344.92016211044364,340.9327913249606,351.3088764361832,344.5033
25,230,228.86903804149824,239.4466278247896,222.40588089477336,220.1759
25,175,168.8325150893587,180.03079039424622,171.61997717767326,174.90329
25,265,254.92750696318683,263.5899124024125,265.6833023015437,259.10785
25,320,325.6686530145916,334.86302283636843,320.37913516512174,329.10956
25,210,202.49633617613307,207.15348260535748,195.07489334480434,193.63919
26,190,186.65638835715606,192.80333199643493,181.56261599022588,189.54422
26,400,397.62031061830464,335.4564144156497,377.94012096994305,335.46844
26,345,348.50299469774404,349.0115031635033,354.6129639686508,355.7629
26,355,365.2969858310488,350.77511094169023,353.98851494998195,354.9874
26,330,342.759593347791,338.83868521674384,349.9329802196757,340.35052
26,195,194.5873056525337,197.67419496679793,207.61340107459245,194.42342
26,390,364.56448587364434,365.0558572195774,354.22305865225616,376.30005
26,375,369.94999642728635,363.4546975638739,370.77309211198644,378.5908
26,250,253.81320454594606,255.40787222164656,251.89870109097498,240.73611
26,365,372.7572124801303,358.1280521814788,376.9582009293092,381.1145
26,295,299.2678652285118,303.18890548095675,310.6705059333997,301.3089
26,190,193.4741427893125,202.37873749453155,192.8420763036015,199.7883
26,345,359.40175817788634,346.3018990008531,351.74668766876516,347.756
26,330,330.886268227512,334.80700929625925,349.247154484827,332.59106
26,340,338.5888265797298,342.4278519813521,355.3631738867345,344.24585
26,350,343.16046121577654,345.0697134393389,349.89404963137576,347.6563
26,275,255.7791311477307,281.78384068709045,255.6291148226721,265.11725
26,310,315.7750664075095,322.8496198516399,327.8224602410419,312.036
26,280,276.0530221082272,278.3688684787434,280.9807495879006,275.25607
26,350,357.5755896981956,350.5358542237347,350.8958839153237,354.11398
26,320,325.54567869628806,324.40096090021086,339.2681292125024,320.0099
26,260,263.66213308484123,269.2454138361639,262.74059482516066,265.59186
26,215,213.0265554392439,220.41917444646856,220.2647557470396,207.49255
26,320,329.01418122609005,332.1323279052817,334.62651298949214,321.11078
26,360,359.6007683382966,347.60060185110746,351.4595330307943,352.24277
26,315,323.5142224274931,318.3380395127747,339.18107594936555,314.8242
26,310,284.28039724364214,309.4148990551931,295.0222158951225,318.1219
26,170,176.25598923375037,178.59618804806308,173.1286441216613,166.98695
26,270,269.2439550821049,273.168948180088,275.26593409200143,273.73773
26,190,181.74371347291844,193.97568602231092,196.83513152907778,192.88696
26,340,355.50690925554454,341.9753511464026,365.40026235126453,353.79135
26,360,369.89040896047754,360.82833891108885,367.5439015092394,381.58316
26,225,229.27045340798156,228.88655845135253,229.72029037830987,221.8153
26,175,166.92977757912655,177.32907577145073,180.37793382552053,173.19218
26,280,273.83700148777984,293.77329709179736,280.36611877598705,282.14285
26,320,315.2411074981684,317.32744451381944,329.1291425111369,309.93127
26,310,314.3941945889278,311.9157132034633,324.60200402731846,323.37402
26,175,176.00045326826478,186.94113227050732,183.34886037354474,176.14484
26,275,275.16005768921127,273.05473343323354,277.9069694515373,267.7886
26,320,326.40742161966625,321.8349130003981,328.0015768409219,314.28018
26,395,420.156748097942,239.2457469197469,424.9463367147795,301.01498
26,330,337.64006903028576,341.1635233606265,342.3013202094458,343.5338
26,225,221.84855163111035,231.21760663845964,211.32980589367656,225.68431
26,255,260.25527934717434,265.3608225108225,245.4742552873572,264.2516
26,310,308.0430342145203,314.15279939260097,308.422160457566,310.1252
26,240,237.62493189894724,250.18996922603543,236.40309431704043,242.22488
26,235,233.49748770757333,243.29802720237282,236.3135198115,237.05345
26,220,216.20556907524656,223.44317521367518,211.65343015317782,220.54283
26,260,259.01683577856704,275.9738951057112,257.1725916205789,273.18222
26,285,279.9505963516734,288.6116872545668,283.9761277137984,278.90387
26,180,185.5011320972677,193.09884131228233,206.5806494755667,183.7638
26,195,191.09815860486844,200.64614352314368,202.5866351737049,201.83675
26,210,202.73512430880783,220.2919170690422,197.14440226005124,212.07008
26,380,354.3826739851985,347.14836875706,347.9885285343573,373.4444
26,200,197.1727660382261,204.82113303363298,205.43194940507402,201.06122
26,250,245.67402840181285,258.002828548,240.5280740993736,246.0505
26,275,271.08284686970273,276.43478380851184,276.3687789136477,271.26297
26,300,311.90364934898173,314.1647740707007,311.5356571083466,308.44183
26,230,217.44675510780758,226.3784399244546,220.56665866719052,227.03482
26,215,207.55612440640016,215.17952429841392,203.7402934033692,210.79105
26,250,243.80346852584137,251.21294569319565,249.48056591108164,237.60704
26,295,302.2753219360212,305.93567114829625,308.95163061272655,307.46777
26,180,175.72659795564095,176.25401264013763,181.74117861655617,173.64816
26,375,371.3097796606737,376.6840537730243,369.6441020747926,385.45407
26,285,285.4355836712631,288.1407536899373,293.9232608352163,279.51938
26,245,252.0175065023982,260.3692606698855,245.63011319773432,266.15826
26,400,414.1916279478079,378.08070005484717,386.8752764186148,396.04517
26,165,186.4288799373254,169.4860105392974,171.46473548882432,173.74413
26,325,336.8972412914093,333.5784673491713,337.94713714095207,322.624
26,185,174.91095033681756,184.7814551975801,192.98283651522163,177.37415
26,230,226.1679585089737,233.21542490842478,234.77374749237495,225.35492
26,290,277.4217232350277,286.07127892678375,277.959240129466,286.54422
26,325,319.5332134073275,308.89040881340907,333.1356205802216,328.2508
26,165,176.39971085049143,172.16284232434236,190.8880198970416,167.18877
26,205,205.53810436365086,216.35593158149044,192.03654614269217,209.24
26,295,293.91098284721147,297.3301669595025,296.42648551380046,288.62964
26,385,378.94899498548546,358.93330475080484,379.8935982373863,386.17703
26,245,236.662442903645,244.56408823194351,230.6650416600096,237.23265
26,205,203.81426625461108,209.6113183344433,204.82742530034488,204.30391
26,380,382.9564532927949,355.11133177933215,375.68192895344015,385.2612
26,340,345.2958479471607,339.5713063369809,348.2119934683912,342.06787
26,370,377.3251192138223,362.6150323568759,359.6922134748213,381.2745
26,375,372.20464258832976,358.44188164613195,372.94536504003173,373.48877
26,300,289.65671273790656,302.1566892968144,299.92089878257065,298.14682
26,175,173.99955613120164,187.35182396769892,188.88665726735957,175.4444
26,165,193.76549453680042,172.61935755421055,172.4385786481109,179.35332
26,220,223.20011781394055,235.0216908646909,204.75686875033966,226.96815
26,390,385.3731402016882,364.1665440670439,381.726419768409,389.372
26,245,253.03993606528275,258.0869213751934,248.91296286084003,262.4831
26,255,259.28673844757895,273.9993505669167,269.45337759445266,263.00488
26,375,400.25939076961674,363.1336023004773,394.7076789196711,385.29245
26,265,268.04727848293805,265.5890277590056,273.6878026762347,252.95668
26,225,229.3482907619648,241.50010226783016,215.8454407976796,224.82048
26,260,260.5743867052212,266.2408000765574,255.51025160215073,275.66226
26,395,388.9230273921129,379.71049161949145,380.6319578553044,394.9072
26,360,353.63095703079455,348.032729034854,373.1704777402527,343.0709
26,190,195.36882187273955,197.81466871037463,198.91042552099466,192.1971
26,390,381.8253925914314,370.92187790803973,377.6885963493186,388.47018
27,330,340.96917105125686,333.59255748586435,351.8822283587076,325.8081
27,315,323.8724769335043,325.2918941643154,331.4545280950404,320.4511
27,365,363.41440544741084,350.983001756231,359.1978887189303,357.34308
27,190,193.50016563364005,191.1662347236098,200.47133226261843,185.37299
27,200,208.15439597755818,203.73651741597044,206.69458712462205,196.19153
27,215,211.39721987659624,221.28906517093998,224.11342469106145,212.91399
27,365,357.82321764777697,352.1768992418439,359.20261694887574,369.49963
27,300,297.24489356197495,307.7720236963331,321.1936774916166,297.01288
27,270,273.6692986731186,273.50654554810626,274.30816580905565,264.19113
27,305,301.1567107039677,298.6118366633647,302.84554150615173,297.07846
27,365,345.9985989624218,349.0525389088038,351.1844681559085,363.30087
27,275,282.0212717431337,280.0512567977375,282.122445305754,276.08694
27,325,302.53516143639087,286.98963410477705,364.8291547114903,311.7663
27,210,216.40550623325151,218.45349599708626,195.47752392830415,207.22859
27,205,208.5553521399142,227.5354675357729,195.86224757085716,225.13747
27,275,255.69273576198992,285.31629526985597,258.3397441790354,273.3308
27,220,216.92314686879894,224.91445871600314,213.1605429372948,225.76015
27,245,231.15456080571442,237.54385854774893,237.48283322839197,225.00732
27,235,235.59166845486146,242.2307321692321,231.09999762302968,235.31319
27,340,345.2092118221968,340.59209817709484,347.2079444208887,341.30685
27,165,173.63296232560157,170.750470329507,172.23037073097612,168.85365
27,195,193.90118830855153,201.0597909614026,200.70734678007796,199.15103
27,295,291.2666671322025,291.16003864844214,290.9868665306162,285.9522
27,330,343.7639094021849,336.3385744929757,353.0292497351585,333.91733
27,200,201.60071337426774,205.00278073470122,196.22949768491904,197.15172
27,190,187.66028549812944,193.4747300362166,201.65209659451597,189.74586
27,220,224.89679614248683,233.2327385109651,219.3120405604235,225.0201
27,170,172.4996900128848,182.74988392897933,191.68438210418148,170.32228
27,250,248.71129699607837,258.7950880231695,240.9085549870927,249.1633
27,165,170.95707003323156,178.66597540531373,160.5338166776412,171.74226
27,175,187.4168754126693,179.47559161671668,177.50056557089516,174.70796
27,320,331.36705463197103,327.61992021703793,337.7753646664464,319.3636
27,305,300.29471598161405,304.1157907802553,313.38611168490155,303.83447
27,390,376.06450397990903,368.4817483431602,368.0883668343618,394.9944
27,400,408.34007753905024,373.0835355567637,386.64680816836056,393.78818
27,285,280.507120981201,287.82904128683924,285.248576701349,284.1599
27,175,177.49973949526515,181.2943596395436,178.3493695509423,175.3981
27,230,224.24314158992792,240.0829710632505,227.89303571458146,223.6493
27,240,251.76624098601536,245.07240129340857,252.21406606450307,237.56636
27,355,369.21720370059023,345.48613538519766,358.4297379668885,350.01627
27,270,269.6321522162405,272.0006055477025,275.5758967028681,275.43982
27,200,205.3799485511966,204.99837903999074,206.60343020216513,199.68585
27,175,183.09301628300403,239.56763431666366,210.12267845057374,207.6172
27,290,275.4254165965876,285.20329225458954,276.7894750783485,287.81705
27,380,370.2956794549437,358.04265317181284,369.09889233905915,384.76562
27,385,378.59926845081094,362.5746887697125,375.45954687270324,385.2368
27,205,206.24048754205245,220.95620217967587,199.36185295486382,204.04784
27,210,197.1428392360636,208.54508422133415,189.49413250632318,192.38203
27,345,350.51221174686424,339.5492794507847,351.3457698196135,336.35406
27,255,258.12909705880946,264.84234703059957,250.4620183234497,264.31738
27,380,358.55585657598596,350.10676663926716,362.360049514666,366.87912
27,325,332.2563624842495,353.215109417366,326.8755974707441,360.00552
27,255,251.06352899862082,254.48644701599017,258.07724194201774,256.80698
27,335,345.4385892620491,340.9209033007701,343.0033671513711,333.00385
27,275,272.72882796033883,273.87695328417595,275.9504785574003,271.1844
27,345,341.4206308287866,321.7499492372095,357.1556882478831,348.23334
27,320,325.7523544626642,327.6498869560414,335.40464518909516,323.36426
27,390,382.66805053771435,367.6215941372898,381.8984344491203,392.24048
27,300,312.62320022906346,311.22547463563353,312.9675502830968,306.4565
27,245,235.46614073019322,243.10600584348518,230.9157442145036,241.4474
27,360,363.6867343941696,352.25585869260055,362.91185966958096,365.25415
27,330,337.8486180937917,341.59797198251704,340.0603942409914,340.0801
27,395,369.5437623031841,224.23855543068035,394.5130933593612,310.9711
27,255,250.80052463317992,261.67039615311273,244.11604633847762,263.24445
27,225,215.18596594071477,225.83093429239477,221.15488297205974,215.92836
27,215,212.31110966341095,221.39957735390107,203.3503442368652,214.8585
27,385,375.3060427187906,355.42052737637516,366.21579580177365,374.0675
27,245,241.2571639453077,258.5469784921987,239.45973101172734,259.00632
27,355,353.7821162580802,334.13868094751103,360.0921259425196,356.24207
27,185,187.02973938621807,192.68798050560554,197.43887843545542,188.43143
27,350,359.44407311673825,349.9384879412669,349.8558446539389,353.313
27,260,263.94377938492977,274.7927099912548,267.1934591782935,272.96152
27,340,358.8667386542999,349.17050621377035,365.5739838688735,355.93878
27,380,375.2729205492678,358.81093522507786,376.3903246196951,375.61032
27,310,324.49275849326983,322.6462938574584,337.28860314205684,307.63528
27,275,276.618620129558,278.45082466052645,273.7724027505147,274.95282
27,250,245.98106092395795,258.2242453541429,250.77648362157856,249.87955
27,320,279.0512763783494,216.05744404206908,297.86384288216595,203.53276
27,300,287.05434049174806,297.053420419278,293.79134600488726,294.56372
27,170,176.4993911208599,175.5399019983286,181.44463160729885,171.03741
27,185,182.09652337766755,191.10897677322686,188.56403214810518,182.45543
27,365,368.02223807079605,357.1280820202618,360.3085085650879,367.9599
27,370,366.9414147263887,360.5459273504276,373.9151005803467,368.85794
27,315,309.5149380515166,292.8848573361518,305.55057313307606,299.661
27,370,374.2816689438501,359.99879456225494,367.2617216167547,374.81506
27,165,167.1254559204457,172.54147500293828,179.08704630017195,167.61046
27,280,273.58107932978993,293.97076817673366,280.0667744631113,285.66193
27,220,215.7921921210803,224.7108898043596,216.57840079139154,220.80515
27,335,352.3613931582294,340.8410886778203,348.2462514297823,332.02988
27,215,214.65988105835726,218.10265003440176,218.90251420780461,210.73004
27,170,172.66513850133754,174.34130709568205,178.28481049818686,173.05759
27,400,392.7019377343095,370.0722453697959,379.3980469198277,396.05865
27,295,296.58664936686677,289.65030079896775,303.20789812298534,286.9268
27,275,277.93844945800157,273.67259497068324,280.36997578423603,272.82898
27,315,329.3114577471326,318.87896829167005,319.04117024621587,320.1027
27,275,271.12149950812005,273.48429996028227,278.51397319080894,267.61258
27,285,280.70608084711984,282.3349869950474,297.6939533695168,275.83975
27,375,368.89810516629785,364.32383606752734,375.92075356062185,380.90997
28,175,173.99935786389722,189.25265669134802,179.82863187999075,173.85907
28,200,205.0173136322511,211.7172811534012,194.16795396480126,208.58755
28,210,215.16118256002846,211.9732088189589,217.1315149386282,204.40576
28,190,185.89237375496782,194.1908778592838,180.7408615403273,186.27924
28,230,239.40572884262485,236.02313269002235,244.28976717553186,234.19525
28,240,233.39386687295325,246.9555211351696,223.14924689258174,240.84851
28,285,289.8833356433406,298.6252832975653,287.09034118888286,288.138
28,395,363.07774961796054,222.19581152997344,402.58827368553847,317.02307
28,305,308.0216369655294,312.0017284894609,302.2704744905535,301.70798
28,205,203.41316303112603,210.7448653168727,215.57294920657358,206.41093
28,265,263.3777810689953,269.481567847659,252.19294861486938,271.42285
28,380,368.0015088421534,348.418763847163,366.81568045496556,365.11365
28,210,201.93982470614196,211.9396805139305,194.13902326519317,196.20166
28,330,328.22921471388827,329.5646029362792,337.5470751882877,326.76917
28,365,352.25516581337706,355.1873380710659,355.77611917932484,371.03445
28,180,179.1916037584367,177.39496290405512,162.98646325883624,171.93236
28,235,233.60778624616387,248.89201660041965,235.26064376994228,256.45102
28,325,340.08021356215306,327.9349026575274,338.6125831280791,339.2224
28,355,355.1530819805753,349.7531778000719,355.72489957409334,344.68973
28,260,259.5981346599716,272.562703223919,258.7053217887568,268.06592
28,185,190.77921209262877,188.28983389404723,195.42152824250206,182.10246
28,190,182.8347318455195,192.56351337796193,193.83309205012213,196.12335
28,365,372.4989204059809,370.6406871346598,358.45943990569634,370.78564
28,225,219.06001731900903,228.05126976781384,224.877663768358,224.13416
28,345,358.34400008280306,344.5583771055197,348.3857502562812,344.82254
28,360,366.22984164860793,357.61113439005044,354.9309227234892,364.98993
28,280,282.26915243369467,288.97264537934825,280.16098723136093,285.6336
28,315,325.87261724890607,314.9314153164229,342.2000447832008,318.0612
28,205,211.3348729826023,236.793240925741,194.1208310856075,239.48369
28,165,169.6770109781213,172.4715409664723,183.80306143810878,168.40956
28,235,234.4648096869796,241.79066236422292,232.0060360401619,235.98132
28,365,361.43373027181997,350.0484631693555,365.32623712088946,355.89743
28,200,199.70031898074603,236.25875394050402,188.18133628557354,209.8123
28,175,168.60603725186837,179.65749359464075,172.99021674476356,173.3951
28,340,344.87098546670074,341.4593392456303,347.2250789128051,340.567
28,400,392.3335003627557,371.9160013328175,380.8711021590194,399.36588
28,215,206.9818773270257,214.96664816444306,205.18224123299356,212.39938
28,255,250.03073914596098,262.93948119879775,242.6378628301432,265.61887
28,230,226.64818279179474,244.21863519594433,221.26980301418516,238.43736
28,170,170.99977879683223,185.83154813732028,189.2920033411903,169.55312
28,370,371.09097622938543,365.3871818444712,365.1624730509514,372.71304
28,325,324.65667531995723,325.0252588610219,322.4794920521101,319.49146
28,290,282.5888612296851,286.60621418624584,280.0143096947251,287.3559
28,350,354.6386013720505,346.91900183451827,360.6207790116888,349.4939
28,240,240.9998790360205,262.76458004171445,225.37702025583988,255.20508
28,300,288.38095287053284,296.73292328178337,296.7586969976331,295.69547
28,275,273.347876159866,272.6495546908982,277.4466852384005,273.76257
28,340,342.6194683235317,343.6283888201246,352.72639157800006,340.17285
28,355,346.84215982429043,340.74810135797856,358.6821637347471,343.83646
28,345,360.99362991936766,336.85465256940415,348.3628551898684,345.65714
28,395,396.3976610790022,367.75780259214474,375.13672765453856,378.33548
28,300,304.94891018469264,304.0884678876022,301.21073565450723,298.9803
28,320,331.78928039213906,332.18316635209493,333.41632848329675,322.45718
28,325,338.91964855728406,330.7920910916372,331.35741857720706,327.08417
28,160,158.38336897636864,183.593841402062,63.76980107921116,177.77638
28,200,207.71265830334437,208.20720004445164,207.6007577873083,198.94635
28,385,373.16085592921286,364.1004781191029,366.73361950332253,368.90332
28,310,299.64205834110476,285.15613111407026,303.92651205517757,273.06604
28,350,347.1893888274383,350.80325323792994,346.3047171194158,346.25406
28,230,224.15885965437224,242.94935231435238,230.49852566100986,234.23674
28,255,251.4066111249548,266.9220173982969,248.2545225209059,265.9555
28,385,378.53217716972733,361.2069722253747,377.30532713714933,381.39038
28,330,321.09115570375707,338.9325085135455,337.51561983104995,335.31546
28,345,342.624921137617,346.58626804040574,349.0243805495447,343.5096
28,230,226.08595665281098,236.2685488790078,224.14098443423472,230.36852
28,390,361.6385703406637,363.6339923110517,354.24955768765926,376.20087
28,260,264.1087431364691,258.9077206897523,259.46845708053786,249.09785
28,265,266.7528083183852,272.20836135264017,270.51366421379043,270.88245
28,290,282.3362542613886,278.3514215074991,285.4567478697426,275.64383
28,310,325.8861471245941,319.96377829603597,333.94494189402917,314.06042
28,360,351.45413188191253,347.1350117706606,373.44144783760316,350.76224
28,255,254.57065608365065,264.8812453521219,247.64644951356883,266.94446
28,165,182.49701949117514,175.15371166423887,185.52084394923367,172.84518
28,230,228.94194598777892,248.6548124220406,215.28468612056395,251.82668
28,295,297.60021299019,300.56603564001347,304.01766511150106,292.96317
28,290,286.2015274882972,286.57774368522524,302.0157575912481,286.52155
28,245,255.3613553017991,267.68908610171206,266.29218006896906,263.96115
28,235,238.48218604060878,244.87908256775907,236.42115034339844,236.51237
28,175,195.76446273900802,241.4104379280851,210.03253819876466,209.03009
28,265,261.8693797261676,255.94726120747436,257.91968844212533,247.38533
28,310,349.14722275368786,324.92796588610906,342.8502782446774,334.8866
28,400,407.9140443048982,372.6673500096394,390.1983170590185,393.29767
28,395,401.87997968256207,376.980995920462,389.22853297037784,403.8791
28,170,163.74575659978808,176.12182482713368,176.17060518941418,168.2341
28,320,314.88747917034425,317.8550874604699,327.9537390819967,314.49316
28,230,223.69992577596065,233.00147249023578,231.90228215197982,224.3147
28,300,312.15355242832607,310.4899568805376,310.7622303425553,307.2545
28,270,272.9667113451335,276.9256614436652,269.69849369018937,271.35028
28,275,272.2985750270856,283.9707535339588,276.28251100182507,280.70132
28,390,370.593978492773,365.1144318875569,355.43032674417043,376.39923
28,240,240.41521129930436,256.2174988769757,232.2243272097345,238.72772
28,280,285.8769925495086,295.7242844502045,280.9006745378574,286.86182
28,325,348.0464338848009,346.62996908062706,360.44073330109427,343.65106
28,345,348.3320934029581,349.39508625749124,353.80030144130876,356.88556
28,365,369.7980970202126,358.4519231812221,375.3049528820429,373.25656
28,375,356.6183194092944,334.3521549284049,367.09979232319165,369.95636
28,190,193.09349919905196,208.10258636319813,192.60416897930793,191.95287
28,200,202.70867888511975,213.86650134037785,193.90386576174726,208.32364
29,215,210.4210514674313,218.00947952510458,206.3083601349236,214.73079
29,210,197.59782593735406,209.3131637384231,206.37696808571917,199.17001
29,210,205.10429919469732,207.27313741283942,191.14694101980632,194.66145
29,270,270.5277226631749,273.49460969585954,273.33114357746706,270.079
29,395,389.3708709705037,370.1587308878488,369.80501436462475,394.28577
29,370,370.9980268138421,365.5480441970169,363.66828606933683,372.54593
29,365,370.71017338423974,366.4543640305775,358.7054890288058,364.9016
29,375,369.18370669361605,360.7439362843039,371.8136048794913,373.9925
29,290,285.6205942967704,285.01382650981907,299.3576482571611,283.4394
29,175,163.88977434160194,178.6333968808969,173.42156363186297,178.1034
29,385,376.28632024462024,376.6789003384959,366.3414687804793,372.41653
29,270,272.89251946150387,275.6030725061975,274.00333977974674,269.42453
29,205,201.39667862683575,212.78197245851277,203.26001396510918,203.89069
29,365,356.8445909476127,348.80905409949537,352.29197293494326,352.73224
29,225,220.85029979182468,232.47703692141192,212.71212875071,223.62158
29,325,331.74725815206705,318.1231919727876,331.54967408681426,319.8016
29,315,326.8334340798707,320.1077294696046,319.8212026976373,313.2945
29,380,369.2688420314599,344.50014180264174,372.8576585951737,368.21558
29,285,291.62724725471287,298.90624505124515,286.3960949937028,291.21622
29,390,380.519613865982,354.39458603044125,375.568483049792,375.29395
29,185,187.3158170021669,202.42942365111088,207.53354384366935,199.2853
29,390,372.47861176017125,351.508800921301,372.8428117203234,374.6606
29,180,179.23217053128172,176.450698976949,177.00126737425487,174.17957
29,200,206.7865373103823,218.34608057519822,205.67382275703062,199.47943
29,240,237.39299017091525,245.89793138370325,238.3334791500141,230.04686
29,185,186.69947214409558,190.44454818329817,196.20554179194397,184.5448
29,180,191.71258865417485,202.31880059361282,186.29462798202144,188.13972
29,170,171.0001787042239,187.825665908166,192.6450879374234,174.22943
29,350,351.5775138063833,348.61091648003423,355.4639866303832,354.94525
29,185,191.85713748876378,195.82970069282564,192.54645982327776,191.26616
29,365,375.37806067549775,360.78631320068814,376.84105523930367,378.5212
29,175,174.0005064707941,193.51102862415354,189.24095131404886,175.85315
29,180,180.67382016290424,180.35730873293357,192.70928762080592,170.27853
29,230,228.58482201904235,233.71560064927914,224.08165944795988,227.35968
29,205,208.978646549902,230.685113844489,194.69205557334877,208.183
29,265,268.16792235205526,270.7937247692394,270.8116509990883,267.07825
29,285,287.858256808223,291.4854388837284,289.7592547418792,289.00644
29,315,315.4146544630686,322.43858222795706,331.1919052669352,316.89188
29,165,164.74092648927024,176.28016490453982,183.98979231145563,168.11978
29,390,366.073988188562,362.3662593289065,354.465064389761,372.4098
29,320,323.88277971194145,321.67107189107185,327.72213901614697,323.15982
29,340,358.83883739383896,346.67290963665965,368.23690086018377,356.91614
29,385,373.2767150654024,360.1118525904924,374.7047765887553,366.99918
29,330,348.9817949595264,338.9419289506789,341.05569834312934,335.36575
29,330,342.01479449872113,337.64854617604624,355.20371893336574,342.1765
29,170,170.0818007111708,174.62601449748507,172.0152858742062,170.82704
29,240,247.75393710322487,244.60276023404688,250.1147425680228,230.8579
29,350,354.69700729012754,345.59869567932066,352.89260104602147,356.1598
29,210,201.51849941953128,208.93882873948664,197.81872595233125,197.39935
29,275,279.9323241084767,273.4251328763827,279.9234594294513,275.23096
29,335,342.3178690394011,329.0535862639539,350.0483908931701,342.6081
29,400,392.3690933044045,374.21808246220047,379.41146498330727,396.02283
29,320,348.67057719115314,347.23858895733906,356.7972969194845,342.90738
29,300,287.3602349242559,284.1848317804199,291.5306079499656,280.70068
29,340,341.0240689039224,340.72513206700717,355.2397933361992,342.8075
29,170,174.89609007743388,179.44046752131302,178.66821042300214,168.00545
29,360,352.9085606484341,348.485549982425,350.0295298781132,349.1487
29,225,229.83092379745324,227.36514126940602,231.07622073620848,224.39693
29,365,363.19265592187776,358.4234150313196,358.2799989865394,361.4878
29,270,274.187822039189,274.8843848771054,274.1326454215532,274.7874
29,310,324.62641759146766,325.1193879867409,335.4796847671337,316.67786
29,255,261.96622487680463,264.1121487581045,243.20525061913557,267.78687
29,235,240.37746305927965,242.29876516865488,232.31960382923685,228.4802
29,310,322.24732174565077,323.93777107152124,327.04157621883786,317.649
29,295,297.8034016305413,293.1563261302967,304.66373230705506,294.38092
29,325,328.8679428720857,332.05633257945766,323.04630298373996,325.54135
29,300,296.78662865946785,295.46456399472856,292.37326671495094,289.1915
29,280,279.18100799227557,289.0561194082693,279.42311210008927,284.38043
29,205,218.41901823806904,226.21103539720798,204.27788851921605,245.2653
29,265,271.3310381084941,263.44957098457104,273.3362379166278,258.235
29,260,259.9728106133067,275.77447988014154,263.89434503729353,273.90573
29,250,253.1332209452056,257.900150463643,257.1037813670826,258.41794
29,355,351.9965824881019,352.0622013620911,364.2621054079283,348.50476
29,190,191.9835163336346,197.4941939079438,188.78068750827595,195.69705
29,395,402.44239168015395,376.62812467488953,387.54922488918777,403.0851
29,335,337.18544934370266,335.0405032698784,352.8866678893115,342.8103
29,345,346.4601856715883,348.7624426268176,357.8536797399631,349.45117
29,230,222.79643999370353,241.4306925713176,228.9070074285489,227.5517
29,245,255.462480303549,260.5464812311872,249.52637395910926,264.85834
29,270,267.15207790002444,270.2805966691259,258.5015056143809,269.64923
29,300,291.8092054823891,284.4619608169609,300.403237215716,278.6756
29,375,374.996939404764,362.2813508944759,372.04380007347754,379.2405
29,210,208.98563240548492,211.87995530341124,211.18638315159825,195.607
29,225,225.417246919111,245.82735556110566,209.38292069109838,226.41774
29,265,268.67275120101897,263.4314833886156,270.8828600433168,251.2968
29,320,323.9259140205603,331.43385512635507,331.8373409543283,323.83716
29,340,341.5702043052738,343.37065651940674,344.942468025106,342.8552
29,395,396.8249976369184,369.75081148018666,371.5475486001935,384.99512
29,310,321.007163860231,342.6851665001666,323.7307970607114,325.55966
29,290,282.8301700181436,281.7567713305213,287.0966112617005,275.91147
29,365,351.09884994499726,349.15801021690726,349.6326772719665,360.8073
29,310,295.1244267079271,310.7352271625432,292.8490885153298,321.37
29,250,248.43407196023713,259.6826726051726,243.23934446901518,247.39804
29,250,254.13504742225257,252.15640960890966,260.81031067758533,261.80267
29,185,187.84881909657634,197.03287000459412,184.5387648693298,190.49098
29,250,247.97743688423782,260.75084866522354,252.7360434752077,253.63043
29,255,252.17178272557146,267.4688444425942,250.6936946154355,265.3124
29,190,193.74481539530268,190.32484302734292,199.62384826404198,185.32689
30,195,202.09592911955497,210.43537365412368,190.08342330568354,198.83531
30,200,210.0295108258723,205.60475839846436,207.50019994417946,199.9919
30,230,226.78187497717238,231.69238007070058,224.32514035366722,222.6909
30,350,356.48459874565356,345.3969061252953,341.25441857594217,347.8614
30,345,335.2733799063176,343.5120801716651,333.3736022025706,338.2399
30,180,187.51806456699927,188.05672716254332,203.5306287397413,182.20795
30,285,294.22393806197,292.6188197677903,302.94567305655994,292.4247
30,285,281.6796511331047,288.1465423003527,285.829033427507,291.91013
30,185,190.39188911428903,190.72241077416746,202.56303032932598,190.84355
30,365,354.51201417423226,352.8162366227474,357.3450130985331,372.8232
30,400,400.97885304461147,374.33308273873064,380.6557912935377,397.6359
30,225,228.08917921299349,244.29259637550282,209.3931353611368,227.86548
30,360,367.21430295393066,355.6695913254462,351.53741639099513,364.6509
30,325,328.45993362205184,320.2744460829025,327.665941886505,322.38867
30,180,189.66775928317998,199.36947168925838,187.6791526578885,192.197
30,190,188.66855333235333,200.19373930236438,206.82320696393248,188.79002
30,305,299.9058438516357,303.0415725967933,310.0405771550067,298.8957
30,270,271.7168731597691,278.2563898816434,274.79221187926856,271.77423
30,380,382.5584864105165,361.45566066546826,370.9891436720096,374.30484
30,280,288.6158778604829,295.7940027224834,284.422149742458,294.82367
30,250,252.25307088191403,263.7939323055544,248.37931675174076,251.92728
30,190,194.54372631350702,207.66155645171824,189.2447462281525,188.08247
30,190,194.16074319147958,199.35985582064998,189.0079065997516,193.14787
30,310,318.5391201992161,309.5690331430591,325.823914216552,315.94516
30,330,332.3940954627084,330.42508056952045,342.5897199647611,328.35477
30,355,351.94049299979747,341.1689073308552,358.49206992067207,347.45795
30,400,399.1511783305049,369.02236498224,390.3402733962406,391.33557
30,230,227.12028278518744,237.91761134746483,221.37405926294514,224.36554
30,320,345.8766388411974,344.0214911925148,353.39097698197384,339.75977
30,390,387.6942402810529,368.5887875380138,381.2600502539833,389.55786
30,225,222.7625041592073,233.79734353869574,209.8765546454727,224.9473
30,285,293.7930854308622,300.07732720902095,304.3445938522531,293.25385
30,235,235.77179169382032,241.9388358680564,231.30075168764603,235.02109
30,325,343.248878810685,329.1268760806187,337.56665873436646,339.1018
30,210,198.77378814836703,208.3226976117708,192.04710631143487,193.71893
30,285,280.75332790246557,296.74676416748036,288.78218809533735,292.38626
30,275,270.65279064191327,283.10762964149717,270.95186921892866,288.5817
30,295,303.0494382157684,306.9592274972412,306.43556391605654,308.83026
30,330,344.8692317164621,341.28677763099125,343.2396872890504,321.48
30,260,258.7739882348027,271.980743825816,257.9580048304121,265.61322
30,365,367.75749614536903,359.56694058213446,372.6052856713041,366.92862
30,175,174.47478802246349,193.65900249694397,185.48207133756654,175.81082
30,250,249.1966690040607,262.0250512224526,251.9053822404425,252.46483
30,220,213.9156021470651,219.78939231764969,208.45503703724722,220.88025
30,310,291.92270420726686,313.32453148975236,288.46610769712953,316.24255
30,275,276.8865474010248,272.3937732598468,280.24443369978354,270.81122
30,295,291.98757071265095,294.291567154527,291.87284106122604,293.745
30,205,208.3023255881203,218.77763693251202,193.0471353701319,209.51463
30,385,371.3135697657716,354.2513017772933,360.6130720587769,379.32446
30,335,345.834663933509,341.2094118549581,341.71677882016894,340.7662
30,240,247.7619197990764,245.276960932267,243.93055118031242,239.64111
30,225,215.73106916936013,226.2962079649534,222.93287103886098,221.09752
30,200,203.82592032114803,207.43259062179658,193.34799819560948,199.15286
30,260,266.22396932983247,267.98095904143133,265.08638336452094,271.83325
30,170,172.50003722253365,173.3901917110668,184.9454915154388,170.90115
30,290,284.65637329647393,297.9859855248684,296.0651090266172,293.34424
30,240,235.39890610695352,245.42455062156253,237.37182699666172,234.00972
30,365,354.0556077399948,349.61996827904113,345.49212820642686,359.08887
30,395,383.5564715289628,369.52026106401115,369.0801153205016,389.86536
30,350,344.6084569080085,336.1013849538498,346.1304005024867,352.94467
30,345,347.372814795208,350.063141258016,357.5142808967687,351.01913
30,380,353.0885908671544,345.41951761507556,346.361372148175,370.11163
30,165,170.58602091562176,177.50216055921206,181.2708428097534,171.34819
30,170,155.64049313281112,171.42121189676348,168.41181602028257,167.9106
30,270,270.40465821555665,272.77547414708437,273.69642046835344,258.32343
30,240,234.20535213066705,242.4910291490846,223.19354283308297,245.05229
30,330,323.35292021303815,327.8244374970725,324.4029407415171,328.43253
30,250,245.241509994206,251.72193046971697,246.8763907908621,237.6722
30,375,353.0329661237324,326.339862526689,363.33243836047694,367.43802
30,355,353.5525450273533,347.26757291882296,356.2030615673147,363.9774
30,380,362.9015394861871,347.061404748846,366.0739610890088,377.8763
30,375,367.2433050697697,360.82319096623485,367.54650569812725,373.81857
30,305,299.778195443027,306.1618534828342,310.0421985584906,314.88348
30,215,214.13226314933172,219.78072372072373,199.58350710835916,218.92044
30,190,189.51757066805726,196.03820685686873,180.87691610019291,191.61002
30,195,195.27170878719926,196.46047808675667,209.4477445169781,186.33714
30,320,328.64509458250916,323.05232285011556,330.8987883210056,325.78076
30,175,177.50003614191627,188.79112985625486,178.37541235456285,176.22357
30,330,324.5670905817349,337.269562575969,337.151417054299,339.0805
30,180,173.28174412589044,188.22476889501957,176.1013804181398,177.64447
30,170,183.158008195911,198.3404681590337,174.14452120556956,184.43288
30,280,279.1008862802796,298.6334917217885,290.8675322340658,291.78256
30,315,304.9307899841822,314.1218831623055,320.29193233990657,306.91388
30,260,264.5199640342313,275.6340451431202,266.7536716539544,280.7405
30,280,278.2181186861143,288.7633765361257,279.4187730022902,289.5221
30,230,236.7587396406543,237.6824496222731,238.2142159456505,230.16388
30,310,326.9070516241188,322.42597849732414,336.36493254043404,318.01352
30,210,213.43351458939742,208.7911655746216,204.42425579111352,201.20103
30,240,250.55010502293794,254.9313523421023,246.21894773836183,246.57193
30,400,407.6932775604346,381.34306030244227,383.6200267488732,406.417
30,355,359.43446077742215,349.64761181527797,353.267322051047,356.7767
30,325,324.5184607744827,326.351860424154,325.4045371185611,327.51416
30,385,366.5613152623466,363.2333330390878,367.84417352964556,375.9758
30,290,282.7079007323657,288.53123743388835,295.2992399930148,279.43066
30,250,254.75971100638185,252.6968328606013,258.45922019574175,258.8371
30,360,356.5681161086112,350.82606810240065,352.529282651283,360.7127
30,245,238.4616117041748,267.15148294147843,231.4478551306103,257.15802
30,340,342.3763864979978,343.2541747137676,348.2619228646329,346.47626
31,300,289.0685782717665,278.1970947802198,293.95899550994693,267.7095
31,240,240.4786788287342,249.5993381618382,229.62400973218976,246.66486
31,255,247.2789553997946,262.8803393828394,260.2513254299279,266.70987
31,395,401.3019722806559,380.38802405927413,383.9114326429982,393.08722
31,280,273.5017821933446,294.1473058885559,279.38981453989174,286.3524
31,260,260.5236296825656,270.3381638500389,257.53100638138636,260.75876
31,300,290.6926811740154,279.4081007881008,298.574851643856,283.78537
31,290,285.6475200669527,285.4956818181818,300.87855287327704,286.99258
31,270,268.83068084734754,264.7872410922411,274.11607189453423,264.47244
31,385,364.7515524346282,363.74074092574097,362.04232652252824,375.35953
31,315,323.78079357956955,324.9929166666667,317.90721885115215,319.30338
31,370,374.956969197776,370.5679438616938,365.7385337287684,373.9662
31,225,227.6303444342089,246.04328497891,211.36719320582802,230.65657
31,165,179.02440718670823,173.60653846153846,182.34565126838805,168.97174
31,195,195.04574346236126,196.27979881229882,205.5485938203039,188.27269
31,275,278.5094351459267,281.4568384393384,274.53746052569113,282.28912
31,260,259.54281273110115,278.5070707070707,259.1551808473844,277.89474
31,305,309.9938357327612,302.8170064657565,319.59512801052546,292.98682
31,295,278.04632964773515,278.63833694083695,287.3089605963799,279.36606
31,175,173.8473338538684,183.9008182095682,173.46935859026564,178.12013
31,355,346.29678865468924,353.57152035464526,341.4941586181861,351.50494
31,210,208.99647508435868,216.08546237259463,210.51893382896463,200.73737
31,400,402.5296084488779,380.7950976800977,376.71778953003195,395.49402
31,295,287.47755960936735,285.8245726495727,287.8478245845704,284.76123
31,220,220.1477101180431,228.04725288600284,221.0235953878306,228.30855
31,340,345.35233563432047,336.8307453004512,349.54172806661643,345.0579
31,175,180.48598412328778,184.96318500943494,174.72497751974552,180.71176
31,200,205.54720110497482,205.49758212783954,196.9415449830779,203.2132
31,200,204.65495493710029,208.97375888000897,193.4260554972999,202.8299
31,355,363.4082103330181,351.0219246031747,352.32049683849726,353.36996
31,350,356.8478482748648,345.9229381729383,340.86170633955214,353.10605
31,165,164.39967826175092,172.2650864413365,179.03044915911602,166.75934
31,370,378.7098901962806,360.6835158632217,374.9276865029256,373.71637
31,205,208.00172431531126,220.7381424131424,191.12440912043635,211.43811
31,260,264.84543778528706,277.7627257464757,264.97048267296276,284.4898
31,185,191.92412824308832,188.03892940392936,204.58346067825133,187.11304
31,205,215.13275483901708,229.22023060273057,202.23747961210847,214.33344
31,190,189.72707766995728,194.55245913808415,180.13764853228685,186.54
31,175,180.7065955054665,201.77146103896095,207.5534173819073,174.1855
31,330,344.1508465552001,343.9026731601732,344.8507497988975,323.11646
31,245,234.06406905063494,242.4968947718948,238.4329562989971,221.37115
31,230,228.96889655429487,239.32029942279937,219.089930652216,230.5071
31,215,212.45540600350358,222.15523379398368,209.89574341615116,222.89078
31,280,274.6046784863791,293.98763347763355,278.41048559573744,285.54407
31,320,319.8413019968363,328.0167711455212,316.2320248969398,321.88132
31,385,378.06864173189405,377.98720848595855,366.21085181746616,376.90048
31,400,396.77194205943164,332.8691257353756,380.315042986535,301.18118
31,360,367.1347440780161,357.20927960927946,367.1558485101451,368.7063
31,240,245.0797424745727,247.33609126984123,239.7795552588226,250.45639
31,250,243.46003136029032,250.0233268814519,247.8583934965655,236.46797
31,330,330.48256680529533,329.9975081862581,345.19511562596267,332.63797
31,285,286.68846366290705,286.5630901737153,292.04027639510946,273.81757
31,255,263.79101246718386,268.5797173659674,276.7677592781795,264.42316
31,300,314.6892233488707,311.57233641358647,313.55265761690157,301.96152
31,340,352.7246980674974,347.9241446053947,363.8841145035525,349.74103
31,370,361.7840060286184,357.61987040737046,343.0549678483272,364.37234
31,325,301.4933287236276,276.52671751859253,366.532312032604,293.19992
31,265,267.01888529436127,273.49213106338107,252.24217709045462,272.57568
31,285,293.0012257608393,298.04340548340554,291.0954023391464,293.086
31,305,303.76147396363245,297.778566017316,307.1100712435322,295.9443
31,395,367.95266246989314,363.14506077256084,360.4955883132937,367.3695
31,250,254.52663425757083,259.32384213009215,254.56651400835472,249.165
31,345,352.225675117456,333.0094537407037,341.6617230228389,344.37622
31,225,229.6785948529901,226.52084554334544,232.02538060351014,220.2597
31,270,262.5756551589,268.06259108946614,267.2987365733262,262.41208
31,310,303.3823049948613,309.4940584415584,315.5164005379504,299.37756
31,320,280.5059339419643,221.02432615995113,289.5501222180357,198.66139
31,215,215.60849186277477,219.72420593295584,210.16685640909503,222.41235
31,310,295.0621645392952,310.61479478854477,299.74543011777376,318.69583
31,360,349.72104657803476,346.2046135808635,374.2562925961385,352.19632
31,345,341.34222160687153,330.5747981185481,355.24501496403707,354.18002
31,340,344.54182052048105,344.0933442945944,345.6982023573071,335.25742
31,170,187.75669306493188,199.5471343933844,173.42610464468174,174.39702
31,170,172.49973481757087,173.67250388500386,179.94441953176658,169.77386
31,240,238.97489471130228,252.24980547230552,237.42015007567787,249.9602
31,240,239.11410749263865,244.71428946053945,223.60539227562134,249.82611
31,195,192.90155144218505,198.23975566100566,200.83378999217206,201.6134
31,195,204.16808738256617,210.0027805527806,194.94019936368113,201.6199
31,345,344.7516761701782,342.50673187923195,337.97031078786176,350.84976
31,205,211.6075885265288,227.34874639249637,195.19231669916059,215.34511
31,180,174.6765995385229,176.255124042624,164.39677147221812,173.91148
31,390,380.8389477269274,356.5262021312021,382.1840687769679,383.95734
31,400,379.1748808822189,322.03471175066767,401.66155471569573,311.83026
31,325,340.8805966091914,327.4055846930847,337.1879797975123,332.11212
31,260,259.0440533024736,265.7660804473304,256.81741360410416,269.16165
31,210,207.04434837925993,207.9087749056498,206.1751574072703,197.70404
31,350,354.30151914629977,344.7781185481186,359.51692901088745,348.30508
31,380,379.5595979491754,359.6171207958708,366.07625408271485,371.4953
31,310,324.01622661281937,320.5403277278277,334.8335983554032,311.93066
31,370,371.66959081870624,365.98951957764444,363.46182813433484,376.79816
31,215,211.06105678370494,214.34211108336106,204.09962850061711,215.72937
31,210,200.84484566560462,211.68033959096465,189.81142550178777,190.2619
31,355,370.7091222459398,351.5582219169721,365.07363870478355,356.03653
31,310,308.274292611274,309.9034854034855,307.7889566683153,298.6033
31,365,354.6850026939506,356.7928224553224,356.38733573489435,371.44965
31,390,381.70539966492464,358.0979077866578,373.6509085738761,385.58243
31,170,173.90217542323438,175.92390567765563,176.74133495782098,169.90617
31,240,248.28247580647934,256.85547258297254,242.6437869333381,252.95842
32,370,376.81281489010456,355.9680801004551,368.8664939786112,374.5862
32,285,292.55947898455673,296.13195088245084,284.0159996910264,291.18878
32,225,225.44911924636477,226.59372045927933,228.66820654488134,221.16296
32,400,408.6416325283797,375.78074650349635,383.3196553197991,396.53217
32,270,273.52706084169455,276.64808086358096,270.91612408628293,279.4591
32,250,252.4184957040781,259.27097536368854,253.66596221161902,254.85725
32,230,241.4811614233418,235.80360283997038,239.57627232765537,233.21077
32,275,292.32967817285447,293.6184723764797,253.5863327848583,279.70493
32,320,323.7720712443855,318.1528637979671,341.26508894677494,316.2809
32,205,205.1789390675694,223.45779082273947,195.61259100662392,203.32108
32,340,337.8169780748412,339.5022336340132,341.7703629405384,349.30167
32,400,377.3545071843235,325.377616022866,399.920526520135,334.1027
32,175,172.49940965551906,182.32904123654123,186.8509781508641,174.07945
32,325,301.4315935135167,277.5609131979134,361.0683441743774,295.2566
32,280,270.0973639195976,281.7797138580376,274.8553359137343,284.63953
32,275,270.2950700449431,283.0919057609057,270.3499715606351,290.815
32,375,400.23290263583357,362.2239677544679,395.7949582155617,389.97296
32,370,381.64632488947785,362.0272006049505,377.5273436455104,366.34445
32,290,276.0533904578121,288.42242761650135,281.5827330371448,287.63873
32,265,259.2008752977869,257.8559620804033,262.10195353731797,251.53131
32,375,358.3859961796939,333.60784522177136,358.78218521364494,366.70798
32,215,216.9800578056616,215.87003096576638,221.7683012306271,198.26454
32,215,216.04324590845403,211.65793556443572,219.35046587363414,204.46533
32,225,232.5182149616042,237.37113363189098,229.62140418783252,231.17526
32,255,253.259761754071,256.983397075147,260.342157668195,265.60645
32,230,229.67459229748505,240.6765466388188,220.40519903318824,228.62836
32,245,251.86827123272377,258.9039003357753,245.0978945892559,261.82553
32,165,147.87059071508435,185.96363897213908,189.96514979710145,169.59848
32,345,353.58617458433247,344.68081894576005,348.68216422526694,349.8474
32,350,355.24273912334803,355.8721731699672,363.54849580164125,354.94034
32,255,254.6886427079623,262.92181529581546,248.99265856404855,264.9777
32,245,243.82004557150873,245.92360934980047,238.49278683893897,237.00249
32,165,184.683072882739,171.06736611672645,170.19791891902537,169.20326
32,380,375.68851921242714,360.4458022671772,375.7775940137631,377.14655
32,180,185.29513691280397,200.76097600034987,137.83728876419733,181.3432
32,305,317.85365957057314,313.4712778749026,321.0816719289673,311.92627
32,240,249.1598997436294,246.3542920421081,253.80045489149933,239.53868
32,310,310.4359117974415,322.30923749616403,322.4489314942849,322.0962
32,260,264.8230970342502,265.47335286119096,269.11689386131013,263.39853
32,295,292.95477153765927,294.98914305873876,291.83691866971265,284.28815
32,360,357.617788520033,356.0151278239736,355.5728207884634,359.11728
32,295,286.2500860226723,285.297349139423,286.9760341783913,286.16904
32,310,303.8281067488493,299.2636140803643,312.0810426264161,298.96753
32,280,288.49343224245473,295.5556346847601,289.21387085154765,285.31143
32,200,204.81421092230863,209.4298880278219,197.54951198044387,201.92908
32,210,207.4377543901232,211.0950992251212,199.47916641778568,194.31741
32,285,285.859531462638,291.1662559181015,293.08662788606057,287.40833
32,370,362.6946507557091,360.13728411539415,342.7879784866411,366.74136
32,300,303.0301762628596,307.88279700854696,298.7210424524978,302.49567
32,195,190.85329348054546,205.29435559130405,194.10841788830447,205.2516
32,210,217.14892305913014,210.8285470501721,213.60877777138853,204.78978
32,350,352.0918059876877,354.7174393212562,357.32130310179036,366.82666
32,315,323.2607066087672,315.60987810800304,346.71913349923653,316.81036
32,190,192.8256572575928,198.9952594554139,195.80567495742383,196.76862
32,320,329.2131609414842,326.2592533912165,339.9873687389841,306.0548
32,400,392.4024137710098,332.4406304251303,379.11106480724277,330.4312
32,275,263.87895379005346,277.9424874341346,260.4009046856912,265.10178
32,195,198.3842231806928,198.72040382901406,201.30980751837262,194.06715
32,305,294.97246121110123,304.40989659197,299.70383790137083,300.9607
32,380,381.1591307020787,371.6995161056263,366.0663125297383,384.84293
32,225,220.65485583976368,233.07960504038442,216.26591994382812,226.77754
32,200,202.20415257375095,204.75893227932207,203.7296108491195,201.59595
32,395,392.43294624373306,370.39526553675097,371.8878409035125,383.61975
32,315,305.9012153180658,291.06710012536485,297.68494760716766,306.09186
32,330,321.7293815291859,340.5140513318381,336.36570713739343,333.8335
32,340,339.97463040146437,343.07229392094797,352.908590833517,341.66144
32,355,345.8824770360698,333.95551533189047,356.6770591932881,343.44278
32,180,174.1894986704247,178.06618708987114,162.80802447292405,176.22061
32,320,333.26874445443167,331.317736999112,333.90341730266505,321.63116
32,245,236.25770309105172,244.9018978129715,228.23987100981847,235.4914
32,345,343.2198424698119,347.8043390784052,350.725336689484,347.11594
32,170,154.2034999674138,168.3874657393261,170.33815147405792,169.45793
32,390,387.2597591389609,366.2562787490289,377.1883155244184,378.67722
32,175,177.4999650684212,181.92028974216376,175.14769038048553,175.01933
32,260,261.3234186507422,270.06116367782556,265.21907347822975,266.01968
32,235,241.36424768518958,241.55698461505816,230.62379701255156,236.9466
32,340,351.6761117827704,342.79348771653173,352.2759785539063,344.99902
32,380,379.418632260061,363.24977946155167,371.2224282959672,373.3217
32,370,372.91452805354226,366.5110848146951,363.61767042451476,373.74576
32,220,218.9054202095877,224.01582893413783,210.54577367980409,220.65617
32,350,351.1823671836468,343.8199329143078,350.0684380880056,352.63678
32,260,260.1945222674256,269.2229615449908,255.9114920644583,267.91806
32,185,180.03568643263003,184.1419293565913,192.76561598724146,179.0984
32,185,185.05121664523455,192.38936861178047,197.28351978410825,190.49435
32,165,151.51459136589864,170.08826870351885,164.78630636697068,166.90636
32,205,203.8296855039295,211.02548752636253,202.326423019036,202.36855
32,190,181.50268295117104,193.73888010926993,194.62643201216576,200.52437
32,290,284.8824827415919,286.7392053502053,301.1707142570264,275.59717
32,345,336.3632035869194,319.4242799969635,353.53564429149554,352.27924
32,320,281.25676459921596,213.74693113014422,297.269236117506,190.68869
32,380,381.58280395231697,368.7952954374056,364.85780680006235,376.772
32,175,163.36606790912418,177.12657486145625,175.03157328804826,176.30356
32,375,371.665271440769,360.591389718941,368.10636817249963,375.75995
32,240,245.4662403312995,253.94971758959983,245.339840662237,257.08133
32,235,242.10827250895903,239.04065379065383,231.75082578054216,224.5287
32,365,371.9473652852857,361.72539476536537,358.18133383564435,357.54178
32,295,298.76049339900607,291.75670426795426,302.83530834077055,291.07083
32,395,365.0328082251339,217.6608007303156,399.8199400522064,308.09998
33,325,314.5143920158165,346.57609013671504,342.2509410033063,362.31036
33,190,192.51993503730154,197.69063492063495,189.85818966709564,196.06668
33,305,305.36922638834454,313.7452469534822,302.885598390924,299.81992
33,380,380.3330864272343,369.1122496022495,366.27860314629146,374.82242
33,230,222.01647671155428,239.39674214402154,227.20268359928045,218.63449
33,245,252.3948135372728,258.7680357179371,248.7110815984653,262.10318
33,340,359.4136194499195,345.5387601287601,365.34187675052357,361.13525
33,375,376.347404103736,368.2593527074778,375.42269041701286,375.42
33,280,275.4230805126195,277.19937600167884,281.56838845297654,275.86658
33,275,274.8085296486401,272.73945892070896,276.5643489568468,269.0504
33,280,276.9812309238046,289.0207315152169,277.4842321484646,284.43527
33,175,174.5350373797051,182.74670158545152,186.06673436205787,175.90163
33,245,242.9544666417675,248.23658578757846,244.43418308705674,241.59372
33,240,236.78365483501676,247.25329163075492,236.49948688162127,241.0323
33,400,410.3716406232989,380.3741855366856,388.45286817508617,394.6444
33,195,193.18645494255333,195.12701298429246,201.59702755694838,193.1716
33,290,279.2257686548025,285.1499792568542,283.3874583176334,283.72067
33,315,316.0728307528529,319.1251626858981,331.0344369684396,319.26154
33,330,341.3939841101988,339.045501142376,351.43737858241013,345.42346
33,315,315.1065146582814,315.60451495264005,339.8331219918165,317.44366
33,225,226.2512102316386,225.3138790838791,230.84971736693248,220.43808
33,240,234.1285681535133,242.2851172901174,224.9659461659512,241.73305
33,350,344.7109136023152,339.01582033162924,347.47552763199883,354.7025
33,330,342.2357067868483,332.4106939588188,352.95500103863145,336.67163
33,320,282.71355563667936,217.09364044996403,279.4717391343129,268.96927
33,265,270.01035771603875,271.4652192401825,242.85201311926772,270.54047
33,195,197.64081398150444,197.74615726865724,203.01093322171965,199.2771
33,245,235.72914441708116,243.37929912679917,231.0795717369014,234.74586
33,385,369.8362435759354,351.70367521367535,362.8308351590665,378.32654
33,370,380.1203196600435,360.5803348040849,373.895139448162,366.89215
33,345,338.9867126954138,318.8162804325304,353.81493691525014,349.90967
33,200,200.78740972924453,206.821657000407,195.97920992464748,196.64223
33,300,293.31026759733896,282.9136149036149,299.29769456317115,278.628
33,220,215.65209143618932,225.0071737984238,212.3038158705839,220.64833
33,165,158.14387937020336,172.87600529100524,177.62374970345147,166.64973
33,375,356.60545269394885,354.21322244884755,342.2245097660537,370.59302
33,225,222.25727993608183,226.37447561425498,224.97122905706243,222.38939
33,395,404.2420719410804,377.0648498954749,380.8188845938429,397.85068
33,295,292.84385544585706,288.68992593191103,299.94624549968216,288.3429
33,275,278.464357784382,277.6656639960919,273.29036117449255,274.613
33,190,197.6446311322797,196.09448990279878,198.80401826259575,195.2692
33,390,382.0020637441448,371.89578414640914,368.9137507763661,390.38263
33,395,390.86471688266823,368.8520521608021,371.9461254712241,392.88513
33,325,333.0237455670479,341.6566573010323,348.55694804010466,338.84628
33,210,216.68436763640995,211.84805287305286,214.50016404436852,202.7937
33,205,221.26461067023428,220.75758606453456,206.11670028416384,242.91824
33,175,177.50029012439444,181.0371042383542,172.01291557356683,176.7845
33,375,393.5175247952854,364.52260847948355,395.89570535958705,389.414
33,220,215.50708444564913,223.94341205091206,212.4217817442413,221.24358
33,285,291.5408699906126,301.27238088164563,283.71891698994625,289.91833
33,315,317.5878117232756,327.57952131202137,312.46587565476096,315.70615
33,325,328.79140891200257,319.74753569143274,328.7135788527115,320.58234
33,245,231.8921413934532,239.5402596246346,238.21880555455868,220.6919
33,190,193.071057101907,191.3610455312661,201.23510065013815,188.14308
33,335,325.39322926655115,307.3842003135753,326.1919662943026,329.58627
33,305,308.53547367020036,317.2982214313466,316.7890534696966,308.46304
33,215,211.50337256753306,217.8007708957709,209.4722064456724,220.93272
33,175,190.39860799447519,200.19621556003906,194.95354247989556,170.12509
33,180,176.93728154744633,174.887977069227,177.91351398737976,173.60872
33,355,354.8877498100049,351.6955824499575,358.1076146938177,363.2715
33,395,344.7383047514157,216.42270539645534,394.60207694000223,294.85693
33,380,364.36863016468504,355.28047209190623,362.40617177000627,363.2834
33,165,155.89042005663106,169.75662152662144,156.56975657572212,167.02087
33,235,238.80982051247457,240.56482699719152,234.83042478048668,229.22989
33,195,195.56379717448755,200.7567067192068,198.53735705366887,196.26585
33,290,274.25493233353535,284.5585782504532,277.7957996884168,284.57483
33,360,364.95410722024195,359.4978525613821,366.2609255785921,375.10883
33,225,213.64546079287328,225.47429949679946,221.63035014349413,216.48242
33,330,326.95933306038336,335.49839984089994,335.20424656039273,333.8637
33,365,372.7620340552349,365.867268888519,358.3682863158141,367.01456
33,280,276.64211269330036,274.37019031894056,277.66847219612293,266.74243
33,295,292.7816672063899,302.1277340469987,294.0601329650285,290.28406
33,330,323.73486823566674,321.0531168640728,329.4291195954842,319.76987
33,375,374.73532767440923,377.4305658461908,371.2835842275796,383.72522
33,250,249.10087099799836,252.84687264124761,261.29701638941737,236.09361
33,205,204.80481644913965,209.4688268907019,219.34501403231823,205.08578
33,250,257.220691636356,251.4083674658674,259.04044690912195,258.84164
33,340,343.4728623491728,345.34639640452167,354.68037137055154,340.689
33,255,248.4405550284435,264.1383781727532,257.99352949049626,262.21945
33,270,270.04877124729416,270.2138567451068,275.2345088481772,274.14703
33,265,281.04408451969886,280.04353928478935,284.51526945478304,272.32965
33,230,229.32196615243413,244.2969140472818,221.48641330784312,244.05693
33,275,279.77484764829035,281.04595154845157,278.1118468622732,271.7488
33,320,328.29999382457305,327.2747715955069,337.33641572705864,316.87103
33,175,173.92888458830765,178.84106067543573,181.13250310442464,169.69728
33,315,332.66017229006223,337.30026108151105,343.573455048833,336.4275
33,390,366.90902974367697,359.1082535751286,354.79447738808165,379.1821
33,340,341.2898648705886,339.3879739935991,355.3052435993442,339.92694
33,300,306.1844776903259,303.9509096227847,301.2946046923922,303.8203
33,165,153.16270274923914,171.31409918784914,164.35523396412654,165.15123
33,365,359.94525187892174,351.88766749862333,358.79951721347925,361.886
33,355,371.0892547511108,346.0304252174842,362.14455611341964,353.2513
33,170,172.49966873378992,182.11013579013573,197.87553966843583,171.50392
33,220,212.70520431652807,220.13720830095835,210.52285522975382,221.0164
33,280,277.52836715799646,299.9394850030144,288.1728805680055,286.79794
33,205,206.55480991170822,214.30706848706848,193.07051709142365,211.17245
33,295,305.5482475575368,303.81346921596906,306.88599934927583,303.7731
33,400,399.10451618582084,371.4874350880601,393.1079931284829,393.53653
34,265,264.1794850279231,269.2223332223332,252.03965560614063,266.71045
34,235,240.29846249611546,249.64448371073365,226.06497755478514,239.71454
34,175,176.77728323820963,192.54516081141082,187.75822699883076,175.06804
34,185,188.0207846852204,215.2878126040626,184.50664805864534,198.44014
34,230,223.05927542662653,238.81781635031643,232.02873804184054,225.57455
34,380,362.1503399520843,343.8881952075704,359.2297146782154,369.95483
34,190,187.57208541601972,207.1145896831926,190.85083707772915,195.47072
34,185,181.25809327923776,201.61531426906419,181.71059345821928,193.183
34,310,304.87457675921985,318.9799864024863,315.0651504375358,306.69293
34,250,253.53823287544276,260.6002307414808,258.75057863440793,261.48953
34,260,262.8392362144514,254.30889041514044,255.87290654002467,247.5896
34,220,224.31041094632008,235.54922979797985,205.10887776972066,225.0037
34,170,155.1221931377441,172.8650650738151,171.81862776342297,168.26721
34,375,369.38390626503053,363.98508893883894,373.5735774986397,378.19763
34,325,351.6904952430042,339.76977272727277,361.91723432970366,340.4796
34,245,249.7890560464624,262.981484251043,251.35930798717956,262.43506
34,370,364.48208757501095,354.2154979742479,344.3987201759328,367.10352
34,310,324.841077928241,323.56570054945047,335.3396808619739,311.53473
34,355,359.2245534897736,353.6380043567544,358.0399198570002,364.56073
34,310,318.40568818207146,307.6567549117549,325.78665631579906,316.75458
34,280,277.23177542355484,287.4151692751692,280.704384239994,286.01144
34,380,367.7046452151943,355.0041645160396,367.459814629442,384.53265
34,230,226.60513059553307,230.221264013764,226.79654387973804,220.49284
34,385,372.93089221841626,352.44318008380515,364.5861785442184,372.3976
34,330,334.2048758557638,329.58826479076475,335.20137421572844,330.7514
34,185,190.60683692515227,186.2378290459541,187.2628512794924,181.9134
34,230,228.9959074521297,229.60247544122544,226.61352181906523,216.84323
34,250,246.40756091212427,250.53000222000222,259.68458446974995,239.97562
34,200,203.0090713978725,206.9023068271599,197.30349648297852,200.87329
34,360,359.6461074277912,351.7305590896031,353.6176363822565,356.9005
34,390,382.7073460306368,349.9143083795289,380.9516721413231,380.0942
34,260,263.6532054999202,266.73247488622485,267.09284691630523,269.7488
34,370,374.48750872065057,360.4030587468088,369.5558385115752,373.4152
34,260,260.3570207477337,274.01259955322445,266.0288468435467,268.83112
34,285,285.81857681251915,289.72626262626255,293.2610166059884,286.02206
34,390,378.7294409537209,351.38197934010435,372.6501976721199,378.78455
34,345,360.26548552596546,335.3711243617495,344.7382548515988,344.04648
34,350,341.71260512618187,348.82818181818175,336.3471638086326,345.2032
34,265,256.1075322472093,264.4583845321345,264.57873731894466,262.42984
34,325,327.5511056062662,327.5389074814074,322.9357559077781,319.7113
34,310,342.08908652477066,334.87563426769316,337.6987328087445,339.40298
34,165,163.56961438773578,175.83861291486292,185.72677789207012,167.19554
34,360,353.06778892399586,351.07864239926744,371.5573738832652,349.94647
34,210,217.0731544207523,215.52579517704515,211.8334623802981,205.34235
34,195,191.735303404521,197.62394799644804,198.57019254257253,195.58649
34,245,246.1808970130644,245.01548867798866,241.43219020015934,235.40634
34,315,307.46813406531066,317.2422800810301,319.68256989047086,309.7927
34,265,268.1970556992035,270.3215582334332,270.97068120794813,269.7532
34,345,349.47273145883787,339.04683427683426,350.8895317396783,337.27673
34,300,291.2211315823712,294.678287962038,293.76171670453056,292.97275
34,205,206.7532242815539,222.07375888000894,197.36380971804624,210.25932
34,210,209.24747536362884,213.6623194860695,211.3225603790582,199.49799
34,290,281.9633709592066,284.32832917082914,302.1378521062635,277.46957
34,315,315.8167584386037,331.8892401348651,324.6400669601177,326.0286
34,165,170.78431347174967,175.24308982683985,176.6893717966242,174.06862
34,315,318.1365153018601,330.4551392357642,311.1096138261327,311.09467
34,225,231.51888618994087,237.90385560517907,214.35697549327773,221.66385
34,365,369.3231589519288,349.7684119352869,362.2823800311215,361.92944
34,400,407.41804096413966,370.55439178876674,385.9638640133091,394.427
34,295,295.0405296419507,302.5489192021428,307.53114210167394,293.8352
34,340,353.6607351573731,352.1904266566769,355.48185195077065,357.6328
34,170,172.49943250316437,183.17142329892337,192.42136143627351,170.4268
34,330,337.1992009742082,338.67447108447107,352.015499783285,330.21945
34,355,349.4939083913223,331.83694486069487,360.61748920555294,351.99103
34,170,174.53795050457484,174.80656383455727,182.15125830207384,167.2689
34,395,375.85590229830234,376.7885594960594,369.4396550558709,393.78333
34,230,236.22599742901275,236.03342879342873,240.72562141240113,230.94002
34,190,187.87781805267343,199.01446997855095,204.81572135692582,190.16249
34,260,260.61137335663864,264.1966282247165,254.69295361328102,267.10696
34,235,241.91757867567696,237.6709443334443,235.11845608970248,226.41843
34,295,291.16739118007933,302.1829358141858,286.8719078790746,290.93536
34,175,180.15512590883384,190.57864607614607,176.66450714643605,182.93062
34,225,217.26978436712636,225.92358488733484,218.58453028285055,212.71599
34,320,316.7192296542079,321.89488629426137,329.76261871328484,306.63525
34,340,337.8079244328394,338.1624193861695,339.3041261683154,336.26437
34,265,271.6153158720755,279.7475516558604,270.2276692581627,283.7896
34,240,245.1849652932026,256.1030882720221,248.57080571139562,262.8595
34,190,190.5439833717537,196.64295412920407,186.91496650477023,191.52507
34,295,299.00993278071667,292.90979083051445,306.1940915227327,296.60202
34,205,204.09907585765222,212.26938297813294,202.45956924640822,209.853
34,335,348.25211186061995,327.58836954711956,350.75188619377184,341.01743
34,255,259.24969540552524,265.6894315406816,278.6965179298471,262.31384
34,330,329.20882959705636,328.1953929403928,323.69452065818564,325.09384
34,320,328.5184979384644,315.2521652448858,337.72346660418424,313.27502
34,215,211.31766648190694,219.75131174381187,211.21510623330562,215.15598
34,295,291.4494502093255,290.35605241980244,302.8450904109531,289.80118
34,290,284.03158138286256,284.40336802086796,301.9642409032578,284.3037
34,395,387.31504577256806,369.24466880341885,369.75124017204143,394.34335
34,275,255.88806489220372,287.420635263859,254.96055322483875,270.13126
34,180,191.8384622442619,183.8462483349983,156.96270240661946,180.24315
34,385,376.7829850426805,375.2348631923632,368.240716910785,375.39584
34,345,347.20940568514027,347.30218045843054,353.7154355289595,349.40494
34,245,247.36027256455077,261.1922446997447,239.73538853527262,263.30338
34,165,153.7326516770433,172.26398807698152,167.51737142189722,164.941
34,240,239.78203214531425,248.81582848524025,234.42727295477562,247.34639
34,380,381.5638551148535,358.3470896178986,372.85639006148836,379.15964
34,355,354.5362615953545,349.3937133699633,354.9370464086084,344.7676
34,365,368.16561440915586,355.5590406815408,361.36532015076085,370.8028
35,220,217.00669520371508,222.42251137751134,216.86525863016072,219.80937
35,210,209.39466964809912,216.3842800336918,200.98707777022423,206.91245
35,285,294.91936358479643,301.93794830169827,298.25749652878096,295.30057
35,345,342.8544256998833,340.62035055222566,344.7086980864234,344.87448
35,195,197.71645904310438,200.90499957000347,203.8201773774338,195.03986
35,370,373.7898155344639,356.9687769175269,370.0201535180686,380.92285
35,320,328.7243197635303,322.1525285825286,325.339275680623,317.461
35,225,231.43584968177012,238.12768745143742,234.33863542451988,246.83331
35,240,240.18756568351938,256.2669903050166,237.55003828130793,239.47035
35,285,285.44765389413635,290.1655891004419,292.1001081667317,289.39984
35,350,352.12925682711546,347.33421904484413,354.80006653061605,353.03302
35,380,384.38241764321543,358.3502647352648,371.6489090496818,376.78333
35,365,363.94871685093926,355.03406489343996,367.89480939691265,377.42227
35,210,207.7670135039359,213.05977244977245,214.56003004575973,201.26376
35,290,292.23654180743017,295.4474841824842,295.62724262240516,296.87228
35,350,351.741253945588,340.9358377733378,361.5742570595996,353.51016
35,210,217.63050117760986,219.82396894771898,199.70543117530633,216.32457
35,250,250.46296253420704,255.88567377067372,241.8619238955706,246.9588
35,200,204.88678308346206,203.12864455805644,206.05604455450907,205.91925
35,265,264.3447847472154,267.7076343101343,252.74452639336,273.3697
35,190,188.2647095550015,197.18394977829183,189.9577206818007,188.44252
35,355,364.2745778036992,350.1735712898213,358.1217739638271,359.12808
35,340,353.41581689334214,341.6964446847014,353.6613075983318,347.2488
35,350,340.4026991166212,340.0378897491398,342.6751855511062,341.35352
35,225,229.06379850598975,242.98900526760823,214.19354673162997,224.6787
35,230,227.8566766461726,237.22758249060874,227.53243030821824,229.50192
35,195,189.43412497838477,201.09935467310467,189.45199535012392,196.01273
35,160,168.40725380973242,183.37189621781727,-160.5435219098685,210.83168
35,310,329.5443193779016,327.5533152958152,328.26801967589313,315.3153
35,285,276.880475696402,275.0669934232434,275.5943696696226,285.3013
35,230,229.45212507754678,240.7582747807748,224.3635903016519,232.55176
35,320,291.78674065799163,230.83165347165738,277.425410253121,270.46954
35,165,182.70374930476817,177.3674360215807,161.47301940395326,175.97026
35,290,280.6962920310055,283.7234781558311,284.0823902451711,274.79797
35,375,350.34243011353107,334.09027333777334,364.7315161202918,374.33588
35,245,244.32869369640568,247.8789517427018,246.90985630546137,244.0193
35,275,270.28350839880557,284.6683535908536,263.3162991293649,296.2732
35,315,323.03533480558656,318.5691600556306,329.56434152744663,311.5407
35,165,159.78017710844898,191.64098778027954,180.4460444437649,175.37604
35,245,250.43621210568728,260.141793900544,255.1239007968286,259.65533
35,360,352.1380920966626,344.71759025696525,363.6289713465128,347.14728
35,385,369.56498219003436,354.54072913197916,367.3154671934064,374.38678
35,310,317.26801411304126,314.0219298756798,316.4316435833618,325.50406
35,265,261.9325933163245,271.1226563877299,259.7703678346443,268.3162
35,325,326.7467283223319,330.8079534354534,326.5906649679423,321.79834
35,380,376.4313563275064,361.80363997113994,367.4523493543277,373.48962
35,210,206.931944722056,207.76560551376733,208.304214819003,204.16255
35,200,206.00654878133736,213.6811270016532,207.62674169229,205.27495
35,400,393.77770028753883,370.6078704628705,393.19965917916414,401.2418
35,265,269.4539120869937,278.3985876623377,271.54136774338843,269.90475
35,335,343.8797909435145,330.12984945609946,340.40113649886206,340.50836
35,275,293.3359733349175,293.1952436452436,252.97921206037708,280.3443
35,175,174.8554265726622,187.52248366013066,178.2725023700593,169.52832
35,380,370.41288989706607,344.3292984792985,376.23210862150574,370.1607
35,390,382.69220982615866,365.4802525252525,378.4315904823747,386.45224
35,270,264.87361665088787,275.5496130952381,264.6899843572069,263.1767
35,285,280.9039155187123,280.5820783383283,286.525312636319,268.1609
35,325,349.5567204867648,349.0363238588897,354.2462401508059,349.16815
35,180,190.15582177178794,203.36226734866435,188.3339085967457,189.26952
35,235,238.20435207605513,247.51234151469444,232.20972688370455,243.37552
35,335,353.4761237371086,351.63400432900437,356.98084737137816,350.765
35,275,271.83689232315714,288.1958476409211,270.9220801804166,277.73343
35,200,201.572648908055,204.71706613647794,198.07277660029501,203.18613
35,395,403.590730859574,376.83898407148416,395.3505115304946,407.53784
35,270,270.49583079387224,269.91089646464644,275.3437560038135,271.25766
35,185,183.64013881583602,193.0234315765933,181.89648450070888,195.7073
35,245,252.28182943852292,263.7353094128094,239.59176135386303,260.1937
35,260,258.83747191123484,268.32572843822845,263.0817578804686,270.22766
35,370,371.97090162198845,365.6780261894967,375.31070665075396,370.4385
35,250,247.07960993701855,254.04444000443993,245.27260524507298,239.77594
35,330,336.40989823326976,336.51653582528576,345.5857886601642,331.11115
35,325,332.65257625972686,336.2119112831613,336.8732308867567,328.86758
35,385,368.1922392673533,351.87447767510275,367.6530701107996,367.09692
35,160,157.43172338333258,178.08794634459107,-132.2097848237442,204.67178
35,165,156.11744027322982,171.92406522570988,159.0233567270616,166.74767
35,375,374.57935384515264,360.0316425241425,374.530819070182,372.92957
35,215,208.57696390216609,213.8646789321789,204.67964664361085,209.39682
35,365,365.95790030153273,351.01621406371413,369.88812115758964,363.92825
35,355,352.7383402054206,351.6193532856032,348.1148684003115,350.59103
35,195,196.64341284389013,205.14829989454987,188.69484436311205,196.21638
35,185,185.72434317427968,191.42055456239672,192.89253782216943,185.8912
35,390,363.29518291705955,364.33969405594405,363.90392608518624,375.76874
35,385,382.30731277822315,359.60674603174607,368.82459244175334,371.94354
35,325,343.2895884602063,328.00487373737377,338.080489602646,339.79663
35,250,246.83749039434068,260.3219354256854,237.50192444032632,248.45013
35,280,273.41265761705915,280.2053233939263,275.7121997282375,271.70236
35,175,177.04962254933722,184.1010633892251,176.5537094572989,187.89946
35,290,284.8108262017118,300.81014624264617,295.2608170564027,291.5446
35,310,298.28175352732353,311.54141060328556,304.94208164877625,308.23578
35,185,191.35386871472772,202.03072150072148,191.55667900090856,202.06822
35,240,244.18799880398024,256.7197983960485,252.78032866293321,259.13647
35,285,280.0417478036672,286.29133710244,281.9552411658338,285.87466
35,175,185.99895368039353,202.40117455257166,159.81897425540512,168.14278
35,240,232.60221158106293,247.05884892884896,230.62460108422528,241.22847
35,310,318.3896523986572,338.1731191031191,324.1258387077826,324.1384
35,350,353.6751446972314,359.0924970862472,355.0877701863036,355.2834
35,345,347.68758263269314,341.33384691697205,354.21928330461583,347.05603
35,355,353.4825714579991,339.85301781551783,354.618589791465,346.88028
36,385,380.52758503332734,357.291481121218,367.07139735640294,379.385
36,320,350.23208752948744,345.21570877790384,354.43109949980794,338.18735
36,360,359.47598356980615,341.08231820437055,361.9729524196514,351.52322
36,305,307.33502378961043,315.93208858339585,305.71958776962424,298.89462
36,250,249.05831120865088,260.65987044219384,244.62376382339318,250.7288
36,255,251.81566283212857,254.0399428078315,259.30716539584165,259.1907
36,220,225.919301674947,235.27102571392328,206.29522864718913,226.45036
36,170,174.60612064306525,177.80809082584082,163.08377468941927,167.90906
36,225,228.8865406362756,228.9852460183492,232.88466276319457,223.06895
36,270,270.58682922571785,271.9581387279665,278.3860010762262,274.40518
36,255,248.52892088618466,263.1524668338362,257.2492950680219,266.02283
36,220,221.0650935648967,226.51574865004284,211.10170852088797,222.95317
36,270,271.92214999929206,280.30524367947453,271.26774101401963,275.26837
36,395,398.634437241191,380.52096809671787,386.3605216832582,402.37817
36,185,188.29111649395315,186.97656640418404,190.4648974536513,182.18224
36,280,273.8400209522247,291.70798555011874,280.2837488680266,285.49832
36,250,248.42005182390116,261.86775796017696,253.00126581926276,247.79639
36,315,326.20986334916154,320.29012682102064,319.5413922546227,316.8298
36,255,252.99240414661386,266.96651991232403,251.65774436376006,267.84326
36,360,366.4127333801486,354.4186760027613,355.72453956542284,364.18393
36,305,300.2503664458607,302.08098993339956,302.0350255641268,298.13647
36,255,252.13045608504476,263.84232048323656,243.0620816848354,264.633
36,215,213.2331653266266,220.4914893774525,205.7389100063719,214.21562
36,190,181.7305109993905,192.94439865015448,195.06938012306497,195.6654
36,180,195.04264586529044,184.71074378399373,155.90123149256937,181.31363
36,365,364.1755714334835,351.82902883227865,373.03684323538084,367.23044
36,280,275.55484123371303,282.07583503807797,282.0319378968062,280.45773
36,190,199.3535289665698,208.09278636864514,193.0724065908318,193.07973
36,270,268.1446707226339,269.86152152254056,261.2943692064208,271.64633
36,300,290.67246935684744,288.1167932023047,301.1331794516231,284.75174
36,380,381.66699385489426,367.2059121598646,366.9914252390413,375.0808
36,280,277.6071983424137,298.45711404227205,287.93592826133965,285.0947
36,370,370.81312882380496,360.2383937108645,366.12852100930036,373.30197
36,320,324.7963262088434,319.06226598401605,328.0052428666589,319.49945
36,245,252.3591130312045,261.08886579837474,248.76482078502346,265.86597
36,300,286.98538333565654,300.8895985313276,297.27569810941804,292.48615
36,205,218.20491759903558,225.05524530729997,193.7168713425483,216.60295
36,335,351.400492844517,352.01238365229557,347.24466750465024,345.64804
36,295,290.4229920143422,287.77822797906,303.35316540432416,292.206
36,380,379.81927945162033,371.9933086746503,369.1786720360893,383.90936
36,205,209.7454828825288,223.41999656502915,194.75101954506147,219.8225
36,260,261.36946018251706,268.8306039550732,261.79866123325417,259.31042
36,220,221.20015058153996,227.43071450036902,210.65574130554742,226.58699
36,365,369.21378278214826,363.3546225958822,363.28418358313615,373.42587
36,225,225.50740153909868,229.4077176037326,227.0897194877755,227.6799
36,305,309.2083333847708,316.92262985625484,316.3427226824834,310.0189
36,335,346.97802029828506,339.8683651903653,342.09858313179797,328.99362
36,320,319.33980466818787,315.16592915907614,329.703089298349,314.37158
36,380,378.99373821533993,359.5581720583342,375.23036048554013,375.87408
36,385,373.17795357986927,368.5141547145664,367.268749923634,378.04303
36,320,324.4946876124955,328.83559823859173,338.09214640486584,325.5772
36,355,346.6830045476302,356.6208874295638,345.1325078322313,350.3089
36,265,267.9616891243851,264.90040971290716,271.1208500967977,255.2732
36,235,233.49893888400638,242.00138342309668,229.49317932451018,236.97826
36,310,316.51386012925065,323.0310729270729,326.59104205454827,316.23083
36,385,368.61255931343226,358.3396942595702,361.3974461930451,378.31415
36,215,216.0313233118009,220.09241997789783,212.96101736778905,223.44711
36,340,346.97405386652883,345.4035022183819,355.8189750796159,341.0023
36,395,388.1879586098777,382.1839206920533,377.747705437764,393.00943
36,205,220.32669105799775,225.4526677211678,207.7703256987714,240.21544
36,185,184.41141388624976,193.3049419720287,196.79971298676372,188.10559
36,345,337.8428860324954,340.9479147179076,340.61419212497043,344.47046
36,330,342.17392965322165,337.8265075763277,352.25181276798116,337.9309
36,175,170.17199328721713,180.4359385614385,173.7468046014102,175.66411
36,200,204.56910855785378,207.80048379430315,195.77174212800594,204.27678
36,245,253.20244644412654,267.7162691963121,267.89636167119596,263.00787
36,285,282.31064313265273,289.90528000514786,285.80409909007165,280.83868
36,355,350.79616451440415,334.6135362637363,359.09896043511844,344.3407
36,395,388.2531129322481,371.1716846070598,366.5707046898867,395.76263
36,215,207.0382492973602,215.83234182619532,204.71832568329694,215.17923
36,230,230.16258452699248,237.98796675733766,222.38574725544808,230.50623
36,340,337.9773959625866,336.91377431664216,347.8788891987458,339.1284
36,335,353.01747263643625,341.3041189767523,354.4871810387795,341.63898
36,305,317.40537996174925,316.55657985338263,321.7376315228005,313.42648
36,365,360.1685089319334,354.677072713105,358.5559768840256,362.06516
36,330,323.1751208528674,333.651979865035,337.53432583824116,333.69345
36,345,345.79143474081934,347.90338708145714,357.34636283414807,349.75406
36,350,361.25179553322283,346.3142411070731,354.8728060577023,361.39774
36,175,191.41887761921032,242.82562454308135,203.86953024794366,207.89713
36,285,281.6390288570042,289.0058348451007,288.7050376280887,289.32703
36,275,277.9275514359624,273.9977822641116,280.0383767695106,272.2178
36,175,177.4999174172965,195.21411737363945,184.41222415448448,176.9932
36,170,176.91637049517664,179.8718113520468,179.20652408391368,166.97519
36,170,179.34037122229665,178.9238927738929,180.90094357346635,163.90854
36,375,374.82471920598624,363.16854013238225,372.67128174163446,373.90192
36,200,203.61451941747418,209.32880736533983,195.95876541405,198.30045
36,165,179.33237793265502,172.7455289955143,169.72212710568556,176.38652
36,265,265.7749403024561,272.0889593509585,250.21973170864024,270.0433
36,360,344.22048303377557,347.0648106354432,351.09616386946624,367.38156
36,290,285.8680413968277,285.0476386958926,299.8238522458429,287.6057
36,315,317.27501175692595,324.7986986187669,312.5874545806784,317.29587
36,285,291.6210987535793,297.9106358486283,289.454347208488,290.24426
36,380,373.3113548090004,355.8535837874686,372.6948580683294,374.01483
36,185,185.38248661553484,197.1075677141487,182.37916066983274,189.89651
36,240,243.18232277035258,256.5454675553204,232.70682548806258,239.36723
36,290,281.1673392958113,286.1933828992644,294.0023186200561,276.74768
36,220,216.42068276122055,224.4280491061446,213.42134145504582,222.28325
36,180,193.45321266772453,219.9204441628633,138.45935039166218,197.09915
37,170,172.5000140495565,172.36691091860212,180.16403347065898,169.93263
37,360,364.4258533921578,354.84479504181814,352.04678326981906,367.4271
37,195,187.5621249778152,200.50188542938537,183.3271538731627,197.93922
37,395,386.10279418630944,368.1355866201075,366.41353105231,387.3235
37,175,187.95399718710067,190.09089980009097,190.94842044305815,177.26448
37,310,315.7994821355387,323.4008083542275,326.6582119694782,320.02704
37,240,242.7669769232666,247.22168003350296,240.10472397701358,241.89276
37,280,289.2443730258924,292.4924960363853,285.80259594122793,291.7228
37,195,191.54684008296363,197.94197964753104,200.8247424874256,196.54126
37,395,376.0761561632613,371.2481197680234,370.33232837261346,390.08154
37,165,154.57791968486504,169.8823104210605,166.01216195318216,164.15749
37,165,171.70155757452687,170.8668874507845,185.03477637558154,171.80675
37,335,337.1050266817699,334.360136889183,352.61927300354193,326.7833
37,175,177.50007788420464,187.94793248418247,176.51255445437917,177.6371
37,230,231.7096525250455,243.28403790002932,222.61016171775995,226.75363
37,325,317.5366910768287,309.8107651951275,331.19718190405257,325.86716
37,210,216.30913013224483,213.68470860194796,216.57137671772443,206.92407
37,280,278.80005473385575,276.88371731869427,286.7481844628263,272.27316
37,340,355.343917779309,345.0997653645722,362.4673130095548,350.31042
37,180,178.99643923723602,177.56723917286413,169.49993473918906,173.37067
37,245,244.00723109922876,244.8386719980979,240.01290923175446,236.64148
37,360,360.4273153126446,355.0860728666901,352.18312184356523,358.33273
37,400,402.685338040323,372.48241215748783,390.7885223770952,392.051
37,310,310.3417063188841,308.90473303730045,314.469246353281,308.6874
37,180,177.9611782656392,177.3198097041847,180.92528071248483,172.9977
37,225,225.27877020628614,227.11176651199682,232.14380785946256,220.49715
37,240,235.16542752892826,244.93357704546506,225.69960032522323,242.91653
37,385,368.6132182977269,364.62171770363665,362.5534997530873,376.58298
37,365,368.01320259425404,359.2879899287508,373.39004290479124,375.48538
37,200,207.6449969004833,205.6500083250083,208.77252480586446,202.54251
37,180,186.88613608692378,191.35779929085078,208.6782141190679,186.45425
37,185,183.05843070796095,192.12727470242174,184.07142153143843,188.96635
37,190,196.6717296438752,191.32585887016026,202.82559667557126,186.91669
37,305,317.0978054737013,301.85627296384854,317.5272131100337,296.17484
37,250,255.92120836158244,261.4270560014648,256.26247775630173,260.81546
37,215,215.55685898723425,219.29142919609677,220.07774701459175,215.76888
37,300,293.6089704523862,289.3378488265833,298.2952143788851,286.38043
37,305,302.15698276977014,300.97353889385215,310.02665795570795,300.14935
37,270,274.0389280547438,273.6362891799107,281.4483665413365,269.4306
37,375,373.40675373297256,362.16648199023206,367.04395300639624,377.72565
37,225,224.63905345068622,223.1575631340337,226.42888447680815,220.03822
37,310,317.2476498481684,310.68633167353653,324.8118060856287,316.20822
37,255,263.24608983258247,264.5418121361257,277.2472924002431,262.82962
37,400,399.64176253087203,375.2451273589529,382.54194371326844,394.91486
37,260,264.50064760858936,273.55729202047473,265.3185625670847,277.1147
37,330,347.94779211719606,337.01733777163463,343.75996624624594,331.6019
37,380,380.2145247606484,369.5882658463541,365.03609382919507,376.9138
37,395,386.9849725724114,375.17367983933036,381.57945511215974,390.80557
37,320,326.21061795371736,320.8563381174178,330.4944816114132,316.7592
37,375,351.7160168905282,359.46767173776954,344.05708210855346,372.11392
37,210,207.39555674453493,211.09000797813306,200.84608969255748,203.32271
37,330,330.3495469509621,325.3868128630629,345.4468903909154,324.95728
37,185,191.01775589845477,193.8618775668775,191.37186911036747,190.06462
37,300,290.76337992697665,290.75764635924116,295.76254370519615,285.8553
37,240,237.15784104176385,262.02381485263544,231.23905062869022,260.20795
37,280,278.43427045877957,291.9084128039835,287.8324784510847,289.44794
37,315,320.6038704260752,325.3710131303881,317.9415987797908,319.21802
37,260,267.4952323955041,269.3029873160078,266.349515674336,271.0855
37,290,289.244391475782,285.5026507994776,301.66198750250345,287.07864
37,265,267.5582041638311,270.70496668529614,243.17676741547277,270.1638
37,380,378.0421667993395,368.67209139558986,367.33550319888724,381.37073
37,235,229.05868900007613,244.10227052890346,236.49815302539898,239.22884
37,300,310.94040186872485,311.91188669173994,312.26458723831036,303.93106
37,350,357.9221065701088,350.02128211802005,361.52887434736806,355.9194
37,335,342.1427650192893,331.7100663292559,337.8999467327155,341.77487
37,285,279.73683918295956,279.0680283253636,294.80446439826466,275.56235
37,355,354.1431312312918,351.8826761424855,353.97375910691915,346.94165
37,205,205.20681112644695,213.81531457005386,205.74182535916952,206.3622
37,290,278.45361869745193,293.5849477569995,280.74965219434347,297.06207
37,295,294.348113446968,297.6165177818599,300.8654743176636,290.41965
37,235,236.93821601331274,244.68935437277216,235.74830881945928,243.13031
37,255,254.16464414435177,268.8484508247673,250.30235150896868,267.35535
37,180,183.5050559707712,177.4279557017058,191.1182982627907,171.18707
37,210,199.02360639660355,207.12311109649153,206.5466823422555,202.11322
37,335,350.68140099472566,346.1036128193622,359.06446984053287,346.61328
37,260,263.4826599766899,268.3161951817139,263.11316547987485,260.0245
37,375,363.6700547821133,362.49178078729545,370.5822046793542,371.16873
37,375,352.67827794754953,331.52565049198114,361.7928693738196,359.90417
37,200,209.13228737164502,215.77785622881007,205.12601859286173,204.36305
37,285,277.28942252577247,276.32813425797536,285.2854453725298,283.15427
37,305,318.7728257962749,311.94164389565566,320.8849049471796,308.40155
37,375,371.7367045119246,368.70538770508927,352.56996648467924,385.27475
37,265,282.48113390157675,282.72949544270546,285.10554520964826,279.84274
37,335,343.5543442744797,334.3863429531425,349.24794809069476,342.80942
37,355,355.9220471539377,341.5576650419298,363.692397979441,346.61038
37,255,252.3200609883795,254.11730224852417,258.48320750874313,263.06622
37,215,215.52253512110804,215.7437460918709,221.89178495723257,213.01035
37,340,349.8760143959629,346.1061688142134,351.2572308167383,346.7308
37,215,210.8027804283205,218.88347818847828,206.0546419623409,213.76848
37,200,207.02033062616692,205.52623844844237,206.8759207020766,202.04907
37,220,217.96711215264122,224.74368011919344,219.3451742786806,221.65903
37,270,261.31348220881364,268.86104245996245,268.3855902982165,266.72244
37,395,394.6402119925086,366.1838689713704,369.51907703256904,378.1922
37,315,319.14618210386357,317.1817787029231,342.87894076770834,313.29767
37,325,340.13160423202237,329.8187154438983,337.6625486853833,339.04803
37,400,405.6276541084858,380.58787430570516,377.7925519710525,397.4407
37,200,207.65969829151425,209.85972917068312,198.99241061210498,204.24217
37,350,345.9349732981092,339.16224010435263,347.728145671319,355.91077
38,310,304.48224886720493,312.980775086025,318.01671142974817,304.23163
38,205,206.06672555721764,227.02197403821663,192.01276094208987,205.28708
38,300,308.23240849582,310.7496822066823,313.12040204903036,302.65594
38,180,195.38499811608847,200.24965594372955,189.4705850328398,181.54305
38,370,360.5977194395847,353.2610887314011,345.16473007491857,368.36618
38,350,355.4308998682677,347.37984609834587,357.5161170495843,344.952
38,275,272.7261709769788,272.1059264297795,278.4073328417161,266.20587
38,175,176.79534280720532,180.92620781948543,183.33890975694118,168.93694
38,385,367.43534098459804,357.22189534403543,361.656150616975,376.08273
38,235,239.47192286428606,242.927863947327,230.53621403395417,228.80943
38,370,370.23190881757955,353.20053563395675,365.8714672861156,370.15802
38,380,352.9325566487114,341.93606049506076,342.9024947248956,366.44635
38,380,384.4368492080599,357.77541394716394,378.21584370679744,364.94705
38,255,251.54091807381928,261.97810243922737,244.47525383294368,266.5446
38,345,339.77143116006664,343.3316309775537,342.09309422974803,344.4416
38,255,263.1267062374711,262.6258852748557,276.204073826399,260.82614
38,375,351.008661922673,330.82100638413897,364.5758952147304,356.6911
38,335,348.95310857807397,344.90166400558485,355.09628768055353,340.62146
38,175,157.6024066233358,180.3975913443282,171.38499396784198,176.90416
38,320,323.5623551362478,325.6419795621047,337.1026391690441,317.79175
38,330,329.24479765224305,336.4443448372231,344.5923365758657,334.96536
38,395,405.04402314776746,383.0691975801973,385.2872527246704,398.0687
38,190,193.06055977056178,189.8791186080001,199.34403000017386,185.929
38,320,288.93119053250496,235.79569938274676,280.87611159080535,252.14247
38,210,208.1688320116425,215.123771637676,199.33120927121968,205.79808
38,210,202.4747656526099,225.30857966869732,196.44552283915996,200.13094
38,305,302.61197369360684,299.52746361971367,308.98643716991256,297.3655
38,300,294.4550696965823,290.3510783701593,297.02471083811923,285.46127
38,170,171.15594717615883,176.372853434706,174.3614218727871,172.84897
38,270,263.1709884938682,271.02084286546796,267.58037482062366,259.15326
38,360,356.5966738704868,345.20420337995347,360.39653966879507,349.0846
38,305,301.14883074863974,302.79206435209954,317.50625531800654,308.61212
38,290,285.95979779052675,299.886122868145,298.274124342149,289.83206
38,290,277.7100384887441,287.7059543634469,274.29181867073345,286.14087
38,365,358.421498585343,348.31123722437724,360.3870588564937,354.073
38,195,189.4574605440423,193.92528523377212,201.11828685707422,191.9541
38,400,400.8491127964967,372.7416777111775,381.8163633024554,396.87903
38,325,337.5264783016794,340.41278185118955,349.0548061234877,332.36612
38,335,343.2609402628699,338.6014530425715,342.3591083304515,334.10104
38,215,218.54410992791497,223.2445449093391,220.40346622746162,222.91028
38,350,346.790778177874,346.9197061083053,353.25371291943253,360.35492
38,230,219.58476957218966,225.82258706652806,221.74177591919593,221.68225
38,285,292.5661311545816,291.16904097128355,298.45445513503927,290.5863
38,325,338.37958450567476,356.7810550144299,334.2404155813372,356.6258
38,235,239.60500433120876,245.9772220999676,236.58217273911828,239.78242
38,175,175.24244749969466,185.6773749254274,173.40496830107747,180.44682
38,160,155.52520940460028,183.35733841012785,80.949246429476,171.88069
38,200,196.75710383158935,204.40904736929744,204.20285498722978,200.91121
38,315,326.04549712841435,316.9762014929515,344.0454240956679,314.79428
38,265,260.6401588865334,256.3567848262848,257.85125710162754,243.43248
38,355,354.7567306538772,351.9138575313575,368.38615904360836,343.66296
38,330,333.0486924719064,326.61599035248366,343.27600029821144,328.73538
38,335,353.31371175038,354.9232939306131,352.11225374014805,345.80698
38,325,335.037593460547,331.1736152137339,333.05665007467564,323.59393
38,250,250.88726541631945,250.2314629659986,257.80016680213384,246.59512
38,240,248.3061048804467,243.99200873146478,252.9604403601304,239.72696
38,240,252.19306293186162,255.23393326711152,247.52874151186964,252.50755
38,355,374.50973868273684,343.25228687978733,370.8927437197276,353.4479
38,180,187.71064522038876,187.93265353055105,201.4565257262684,179.84854
38,285,281.596845859679,278.17528701364,295.9620439328341,272.8962
38,265,268.70091447854963,266.1131582257613,274.66936771495807,259.30054
38,260,265.6500591811971,275.86724727070333,264.12693904388226,274.11868
38,395,407.365048614824,381.8850722969839,393.25763928126133,407.79645
38,255,255.53292061429443,263.4666321595071,247.80440521066654,263.2751
38,185,192.71706764468206,190.45722176945858,204.17454813480282,192.37663
38,215,213.01331385176252,219.09619658119638,224.59583187264514,219.03447
38,195,192.27814694240817,210.13359135798834,190.19664510970165,203.84956
38,270,277.1212446283422,275.4929520406494,278.7267897087366,271.74673
38,190,188.0485972731218,195.0119982367563,183.82197102825194,190.90009
38,365,346.79027357174914,346.0911150165196,350.7823649835116,360.80136
38,320,320.25711731843876,328.661422854923,320.8109196438231,323.9425
38,385,379.25776273369297,362.19670139732995,376.31157454052254,381.95248
38,210,209.05015050038799,209.28141111013173,207.46313552764747,202.08742
38,290,280.48844376953764,298.8488391518613,280.71557576689116,297.97998
38,170,176.52059572263443,175.43306617518192,180.94087968286232,167.55856
38,245,249.52888852488388,260.7639816017317,245.01280283597978,263.4589
38,270,274.8034669275813,279.982420572118,270.16298267378176,276.85297
38,310,315.755758757434,311.41609795759786,321.5349907162323,319.28943
38,210,200.88122169017572,217.01260208582266,192.7412065784788,194.52641
38,200,206.0274895561222,207.81744645632153,198.72054453755436,205.92819
38,215,213.78418980289018,219.06714829614813,211.0752599439781,219.45723
38,195,188.07214517193347,203.6515011691955,183.59058789904566,203.5122
38,240,233.17703417755456,243.27150001958822,224.92100238752664,242.71712
38,380,363.47908191886415,349.8100516289268,360.82327536208265,357.0163
38,370,374.35904978539793,359.9287960250537,367.25563542329087,361.32736
38,345,344.39670095208487,333.6528651919977,355.23941271739733,339.54224
38,230,228.59442979462358,236.86944971694948,222.86907795873424,221.5842
38,270,270.3790726550801,270.54931968031985,281.3492382538278,270.986
38,180,164.49457675228962,177.83883850652285,169.8962160348706,178.56082
38,290,286.0378728217995,283.52211141636155,292.14902322643195,278.8397
38,275,278.73844521747776,277.36125400987913,274.4204040367309,278.32492
38,205,215.31628898897668,225.24148914892294,194.70425082784806,208.42642
38,335,330.49035130516074,317.10196631146664,342.39884410037905,330.80453
38,260,257.1823066938929,269.8648863073203,259.0125820143655,267.1531
38,395,389.8507009713469,362.81071326630916,370.8987287552426,379.0927
38,395,371.93610567872815,363.65185618548117,361.9320023561488,370.3394
38,370,369.4790546930777,360.42267556055083,354.22958658641767,377.4718
38,210,202.27991638602214,206.10677931485435,195.09591231938072,189.83441
39,365,363.84744201219326,352.47887515262505,358.54622197411754,366.18332
39,385,367.4213043672189,356.03530025530017,361.4354812903114,382.97028
39,175,187.23780663095823,192.63989535790998,178.1511061765045,185.83047
39,240,244.37132104094036,246.8948251666633,233.12543425741785,243.12749
39,340,338.5538842242743,340.1078611666112,342.6650260096569,343.8164
39,350,346.5374557279986,350.8914808802308,351.99379109878475,359.41006
39,290,278.3088739334926,286.6157267732268,277.7371940283836,289.37537
39,400,401.5202758329169,369.3052822177823,389.59086744475417,399.72073
39,255,261.1581775604432,259.0637268287269,246.60107338538148,260.53287
39,340,343.23231033016,339.9991777666777,344.3984012153947,335.05423
39,220,221.8176697995604,224.4890467865468,212.11958339613,220.81114
39,400,394.5186643854357,379.2369987651236,379.46951299033645,396.72867
39,300,305.79660232314905,295.8505745643246,313.84076617357215,293.09073
39,165,174.15297427279708,177.89757471286882,180.05847903362246,173.41898
39,165,163.5826376445347,177.16714382839382,185.56117461365014,169.96002
39,290,287.7372115432229,287.41722895160405,302.8612073631715,282.05188
39,240,244.9968194730832,246.00412115662118,251.78064047985472,235.55644
39,335,323.86173674417523,305.3058580308581,326.17030155579045,335.91724
39,390,380.216067200972,369.7133627483627,375.8800063517137,390.72702
39,215,212.5868779529119,219.71751366688866,209.98827988183245,216.3228
39,245,234.2692906058764,240.74152555777556,238.91759831886577,225.2181
39,265,263.1465022923986,267.85442862692867,252.70981343492886,269.94196
39,305,317.56794998275427,322.5181364468865,312.04273175030323,312.68884
39,295,293.8675649201896,300.97716392675954,294.9814676329803,285.59546
39,380,379.991259614296,359.15144008769,374.2132255608723,378.65314
39,325,337.21894793686386,323.44190698190704,335.9824381639677,332.6923
39,230,228.11793461761195,232.5971232933732,227.63415686137654,215.95699
39,340,355.71106365754633,353.2788937451437,353.6131762796653,358.99808
39,270,264.58779356572575,273.14694846819856,268.5039277100114,261.50717
39,370,361.4245766969899,355.9522989510489,345.1156576077813,372.95377
39,280,281.6750294725778,289.065271444242,280.03137576701175,284.91113
39,170,156.17502524810098,176.3572538572538,172.34401162680444,168.92374
39,250,257.1645769032787,257.4842973692974,257.38029121911825,260.5156
39,335,349.49025864703583,351.1769073287823,358.5190965659945,337.0119
39,165,175.93682976314463,186.23937014374513,163.8662573115908,185.41026
39,340,340.5917054724787,342.70644702519706,353.93977848301483,341.7688
39,310,323.87335813620655,321.8090921578422,335.6167666523694,308.82684
39,375,359.2553339230824,362.26645555833056,373.0875975138549,379.6699
39,205,206.9979558586184,220.42988109113105,193.61577149637395,208.0822
39,300,285.1123333694317,297.5383286852037,298.17144115715524,293.06403
39,330,338.4342907980524,345.9128652597402,340.1378655363738,336.24124
39,330,339.7077365323871,335.42869977244976,338.12169246279115,336.01364
39,215,211.37770985172207,220.52378094128093,223.9449998339839,212.5122
39,205,221.95875164599815,225.60240065490066,204.8422901781263,251.24158
39,170,171.0002892418447,193.75353757353759,187.91904720914567,170.88092
39,230,224.94640611635685,233.82667311038628,221.6188657641215,224.03726
39,295,290.0392700484725,290.4860134310135,291.4438319246554,286.8493
39,290,296.4456131020863,294.55478346000405,291.129462733295,298.9576
39,270,272.9917505981324,275.84266858141865,268.7935815619959,279.326
39,375,363.37301938796054,362.80111673049163,369.59084133302287,377.17313
39,310,303.88034675176164,307.12920537795543,314.4700095347428,306.7732
39,255,248.0784582418048,262.00982572982576,258.8382986293089,266.0384
39,230,223.2711264161155,228.85011738261738,234.48117656641134,219.62679
39,385,379.20464954813235,377.1858832833833,369.8193352143291,375.55838
39,200,208.79556389873804,221.98439837939844,206.16840543777738,211.03148
39,175,179.02246827670828,192.0647721722722,185.02826263852853,174.10487
39,355,352.7999031015614,345.33402597402596,361.73952779964185,347.15137
39,395,400.69844443853606,381.0871019258518,382.58373126490073,397.67096
39,245,253.38295141878038,266.99121628371637,267.95267517535405,266.01645
39,185,173.86424792487153,184.54189595127104,192.82200440870415,176.02501
39,280,273.38139063532833,275.66126082251077,283.7760065568,273.1378
39,395,369.9264197209248,365.20666847041844,364.6144550013408,378.3317
39,310,327.1013030442158,305.5678284215784,335.0577716187556,325.51407
39,310,317.47113566806394,316.72911062621586,326.81621385946556,320.66052
39,320,322.41162293651564,327.0346693730246,319.78157692090826,327.40454
39,375,369.9791448761721,363.5415932678432,351.243556987509,384.07864
39,170,190.15993727554576,212.9791915029415,174.555334464392,189.26254
39,385,362.15924596896537,362.47553071928064,366.3820866904911,375.9497
39,400,382.2777677671686,327.9462561196114,397.7572528747631,380.82065
39,305,306.25400649599686,317.2217117604618,305.1347912292057,303.98434
39,315,320.5406484719117,324.23126956376956,332.22644133206524,316.82355
39,345,340.97028635708773,339.93924339549335,339.7019961377319,347.68408
39,220,219.26214724166118,223.20324370074368,211.56977882177802,219.31128
39,270,271.0458865514974,271.22777916527923,272.6867982218117,265.6398
39,245,243.3390058203454,245.9391784604285,255.70772945843086,241.90364
39,290,280.6420467292737,280.2320833333334,288.42804697999566,278.18015
39,165,173.77326766634735,179.4125846824744,178.94263104514428,164.13788
39,280,278.4043794011633,283.58539973914986,285.7387510362422,288.00128
39,265,255.02871180715388,263.63424741924746,263.8143879746993,263.65213
39,200,198.67503271194332,225.57684897618722,189.812632968509,203.46278
39,310,299.33468558408856,282.5919454156954,303.35864563823134,289.42554
39,225,222.0535751659639,234.8448532023532,213.74847461560648,225.69385
39,210,209.00968035291586,213.12847444222444,189.8471082805899,205.52974
39,255,259.38226838382536,265.21930805305806,269.818157447222,255.85968
39,195,194.96025526885444,197.33362332112327,208.3370131872299,192.8357
39,195,197.52690418816977,215.76281426906428,190.92578057085632,204.5915
39,320,343.3725833387973,343.034016122766,353.8363749075231,336.1552
39,205,207.70569253677104,211.5144234931735,218.33121983287867,208.60245
39,370,379.4983696690211,362.6293996281496,374.0392285889783,366.15927
39,355,356.14664349771056,338.70284770784775,359.74520559049313,349.71765
39,270,268.26697885217897,270.465853868354,275.12861889215134,265.02658
39,280,276.72678524181276,299.3841074693281,289.319445891661,285.50107
39,195,199.32104597053103,203.13741480741479,202.70789461716612,196.48473
39,205,209.59366812262627,224.43270881895884,199.1159069717067,210.45445
39,360,356.5106255176837,340.8775869963369,358.5627795893287,352.9316
39,360,357.5919671895723,353.36707389832395,358.9836084762686,356.8703
39,225,230.3220625888092,239.50934718059722,228.14369064167272,244.24812
39,250,245.33055275114808,253.83848512598507,247.7154381858995,241.28899
40,250,245.17930462816895,250.60851285152762,250.2941994336856,239.6525
40,210,208.71919756722133,205.51180086580086,204.3528386100666,200.73619
40,200,207.01870474487663,207.5449293141499,194.73965671833776,201.61996
40,180,191.3904309461024,203.6637172272174,184.63183182362133,188.68852
40,170,175.00012976716266,185.9746241813742,189.72147245875456,171.6787
40,400,408.3970799071504,328.2015751193254,378.1675613218808,322.8276
40,390,367.4633778171262,363.30973889917266,353.0210568748414,372.7958
40,255,251.6945584857088,263.02922598806424,256.7524939572368,266.3223
40,230,224.20040418688444,239.69603979353965,227.8652921737506,226.8902
40,180,179.9341406867257,191.00686336049577,171.56876176472628,181.1252
40,190,185.6888913629012,193.67996634492962,201.89427203201888,184.93124
40,300,290.5052492001675,284.89453490953474,299.9331174564628,280.12448
40,275,275.6013668857349,278.5787475302475,273.99963588773653,278.38348
40,205,207.63509888582524,224.24896793484282,199.05555954212994,203.5675
40,225,227.7857986010153,228.0974984321233,230.93616886345433,222.78369
40,230,228.9442546387496,234.0305228660228,226.39512239752702,226.57887
40,350,352.1687149586824,350.74073048356854,355.58927546464025,357.6682
40,340,341.76412953045605,339.3003298229548,340.3378935655233,332.77432
40,300,290.45049424526627,291.95655029937404,292.2408770920584,290.05954
40,180,201.87573314643572,189.11814481923318,211.21655513622397,179.81494
40,365,350.6476225546445,348.9275942807191,349.8831962286767,359.7879
40,180,173.53105637275445,187.49838349395694,179.37601645321,178.83437
40,195,195.1193586249886,197.48932519441348,200.95772609230784,196.1433
40,175,179.94080546500157,188.7694987936899,175.0537899770045,183.96436
40,205,215.84092197778006,221.31057325354388,204.6839737476871,213.73074
40,265,266.3800799304756,270.1607244422245,269.43136512115296,271.05283
40,300,285.5406596918013,286.64937675886216,296.0484915214754,289.10526
40,355,357.5500129772857,349.5062354247056,352.19133965393195,355.05164
40,350,355.9547705406283,349.136119144744,344.49702105756955,352.25162
40,250,256.6620054472134,252.17925126262617,259.42559855821145,252.18228
40,260,264.4139773079125,276.8043286599024,264.5160710667294,281.88904
40,350,348.5625477862429,347.7669468921602,350.1050161478113,343.67142
40,240,244.0346198227624,245.58056218454752,240.06256351550203,244.2798
40,300,312.3227861002296,311.5668688190464,310.22376206036824,305.141
40,220,222.6865125480088,227.35827598790087,212.56186822944454,222.86292
40,260,266.291576257964,258.1842690006073,259.38391618109455,249.35738
40,290,275.44236865342265,285.53388299119183,276.501612852564,290.13443
40,250,251.4610216759831,253.78314824962627,263.4366414270947,241.83786
40,255,259.1153935173448,265.2274425296926,247.55779199452468,262.27505
40,275,280.52854543652217,277.6814618102486,280.07377593661715,271.2162
40,240,250.7746744682848,244.40179460490484,248.2511849840949,235.29205
40,375,376.224964249024,361.1691993725232,371.63046556468464,377.77267
40,365,361.9867620458762,351.8920959122577,360.9166598413052,355.9048
40,400,397.7378986083965,370.13208308358287,396.8644696577695,394.268
40,325,347.67951972640793,344.06980189989736,361.1500125503994,343.5178
40,175,163.85664330104623,179.9163463072874,174.40204748456614,175.24274
40,370,372.38550611344846,363.0018350750556,354.6960930121513,382.42535
40,325,314.45107040403036,347.08586957486943,340.8894379236985,357.28812
40,310,312.69184375549577,305.7698183760684,324.6229027498998,310.30148
40,280,271.9988556738197,277.38059616772125,281.8507328366557,275.1546
40,310,346.47356862793356,330.14480485690785,342.40654326226735,337.13306
40,335,347.2439609498709,342.0859498222365,344.53122306050284,331.34406
40,185,189.62429795561712,190.63470212304057,198.83343998402404,189.10999
40,365,371.65453372966516,361.2336960041592,373.4461120824859,379.44348
40,320,321.62626902333324,316.9625857198357,335.87202626684456,315.79654
40,335,319.2425242502413,306.50311342823846,324.35357075898384,327.8047
40,330,341.95895044166576,344.7741981098966,342.87778776738116,335.98254
40,305,301.54526631706216,292.30715147352646,315.2976136533526,301.1172
40,380,383.4754006515305,372.17790082140095,367.0604793265794,385.56345
40,185,205.5848819139929,199.19608956892793,215.96919338315377,181.32858
40,395,390.79106707050124,379.711717184776,381.56076055232666,395.39258
40,195,198.33840255478611,212.7697717494924,190.04965346831378,207.3313
40,250,255.2311988549141,254.2232852702854,251.52920831108793,237.66125
40,220,220.07060540825904,223.74769773282267,212.26617206645454,221.84302
40,330,341.89276718789307,336.72160200910196,352.23297095187786,333.8077
40,310,312.01971036597996,321.4506135669885,327.61181852837456,317.87567
40,245,252.68375990031933,255.94310400710393,249.33935466986446,267.28293
40,225,221.9875288627473,230.88359693166322,214.44164477081287,223.09285
40,320,282.3613553254342,224.97687945387958,296.9091917675344,188.45688
40,320,331.35607327857105,328.00850237262733,337.5938081112563,316.21204
40,180,179.24590599555603,177.20463544788535,178.19549660132324,172.7159
40,225,223.2997532498925,227.44835006823234,226.7034675004743,223.34282
40,360,359.46889604672975,354.40827057741836,353.7729514558283,362.6527
40,370,376.0402487930326,361.84301541514054,364.81659739399436,380.86905
40,190,193.3210244573176,202.80918346930855,193.21747516795398,192.02191
40,265,269.07879478060505,262.33323617232435,259.7583107462347,264.74606
40,285,285.240797095048,294.560987068487,289.28207950184134,289.30057
40,400,414.6734162595572,370.599404136713,385.5621730403051,390.69012
40,400,385.3940583342037,325.63333253429573,402.9418423409679,336.0388
40,380,382.88354170159124,360.7684612536157,373.73231431817703,374.4054
40,165,173.59520727131667,176.33882063851183,180.54860570642543,168.655
40,345,346.11174400425847,348.49196779037936,356.8098513100116,351.1365
40,235,241.26656960960958,245.0742700910201,232.65679625054605,229.74144
40,370,377.8313302798926,362.51912157287154,373.28158023198716,370.36935
40,190,189.3198039040878,194.403002858253,183.01912633469527,191.0873
40,300,287.59007127660794,284.3092534410036,291.38494129072683,271.51538
40,225,233.59545874371548,237.36454752192236,234.51290484971014,234.86407
40,315,325.0020924941709,326.2764485930735,332.68894135658473,314.89258
40,385,377.21882150028495,356.3059624403374,368.76152950717204,380.0191
40,260,260.61629107240645,267.4525429154181,264.8635433253636,262.4917
40,360,355.57866774766677,347.8522910651438,348.9179189801555,355.00098
40,335,350.66977338515363,343.6402847707849,351.65328093430594,341.0611
40,285,281.2529641099473,289.8486887026374,287.7803810044689,291.83093
40,215,214.47592095899637,218.7070606893107,219.52948056822336,216.42337
40,395,387.59984389032235,371.3127025205186,372.57711637461557,382.58926
40,310,316.98741362310494,334.83987080403296,324.25181340765573,325.12442
40,265,261.43442269868973,262.2005919464524,270.86668705182,249.0035
40,280,276.84575780691165,286.72829134999023,279.8437005101562,289.24533
41,345,350.42150673832333,348.7432365468273,352.9159871157944,344.69336
41,400,390.7114202466445,327.17952079864585,400.04488924878825,331.2336
41,275,275.41216178875624,283.1987909612677,271.32164510036404,291.58643
41,295,295.7351909532587,285.2489304190867,300.73467535105334,285.46204
41,200,207.1639450516488,205.10701603951617,207.50615728086586,200.21585
41,380,384.3671012800906,360.7412439915663,371.93814141217734,375.4172
41,175,169.11214787464672,183.56758911594943,171.60424129206848,176.75177
41,205,208.48943232511527,226.78328506216005,197.27817319084934,208.91402
41,375,373.0469270200994,361.2451552305177,374.00374867912666,380.06113
41,310,304.9166782919197,311.69929624993574,306.97205102529284,301.7919
41,190,188.36114067754983,194.14588680273982,201.6133707520709,186.66815
41,175,176.00058649697132,188.58975173437673,177.65125541282754,176.39798
41,335,329.7211007663406,317.7680806148853,345.7314231493123,318.32016
41,265,265.5794120768913,270.23021520128566,249.85869599785073,266.13675
41,340,341.91382158036,339.4278538674421,347.4793596509432,345.1231
41,375,391.36018051948366,360.9976527474075,394.7372498070443,383.38733
41,245,243.201214008401,246.82446820327408,245.52611419387745,240.28601
41,170,180.92693911752878,211.25524794323323,173.93810530639018,179.81097
41,235,233.3543099847247,246.98556581226518,221.24509686179385,244.77797
41,180,187.34455537262664,200.60098222284256,185.60368106888086,189.41606
41,305,302.67877577927135,303.1691261612657,306.5575604765778,303.0397
41,300,290.9430761169984,287.9236810833295,296.83655763399605,291.89804
41,325,330.5028616402048,321.33266369741375,330.5600485907255,324.42407
41,250,256.00665011725545,259.6922360984425,251.57329913120466,247.89622
41,240,245.4458636258833,245.61536691122762,239.24347763202528,244.10793
41,355,370.5923707521685,345.1907199896266,359.7216219493481,352.93063
41,185,187.50709050422716,203.52504678654665,210.48973519155362,208.58057
41,305,298.40696401378824,302.748239808315,299.8154436746368,295.95258
41,230,228.7886980025383,246.7809221807605,222.56842834349536,224.52682
41,280,275.84237417504,275.4714874529279,284.9123563322179,268.5807
41,365,360.82266686341615,346.124766665481,376.7653933176092,363.9097
41,220,218.64159536948597,225.1645368348263,210.0507647323618,222.85147
41,300,301.19714748794587,308.3943482407556,300.2425501977042,299.6122
41,210,202.8625056224733,222.5152890821879,196.8621973751773,209.52531
41,355,353.56481282938813,350.9271686785437,357.96863907894874,370.47702
41,360,358.09612184725967,343.14472106566905,361.6202822678902,354.84647
41,220,219.99852155951277,228.2981722888863,210.34550072394194,225.89565
41,230,245.48073462275642,243.18874417249395,242.7227810368164,230.79445
41,170,168.2022162319538,175.87213777888775,170.32752203267998,170.07239
41,275,292.6051324092791,296.73877243618307,251.90173887677813,283.1408
41,235,250.06966826944227,243.47520987998917,235.5259008136724,229.64857
41,225,217.86306438364892,229.47411541018906,216.59022863825737,214.69214
41,400,411.83955167176595,379.6723618607435,379.87386070155316,399.88422
41,280,274.59144252996856,275.8995724351653,282.32519067042347,272.19672
41,265,269.77774382730485,279.372256271854,270.54670083047785,283.70572
41,320,317.38334087776144,320.7690411408226,328.94477852769313,312.84262
41,305,307.03921884371704,305.05271584223544,319.3630174022593,299.63983
41,260,263.20868358471745,265.8269553943798,265.51581931551294,271.00565
41,180,191.4824887085486,188.1856714086568,156.88351489682563,182.20868
41,295,303.8443832982263,303.545661541245,307.7362625892887,302.18176
41,340,337.13588659228077,341.64408336448844,343.1607914214011,343.58676
41,390,375.4151498275066,368.2185222236913,375.7142027651376,367.63574
41,215,213.39468874905623,215.67524346731693,223.50291134298155,221.81683
41,285,286.62234123931665,285.9484490578323,294.79230990362237,273.6904
41,285,283.0584474589097,296.3041489573228,288.9560477514904,290.30283
41,250,251.6869632564114,255.933091129093,249.9489662472829,242.26978
41,380,376.96064205569286,370.4301130213669,367.17254541423233,381.1679
41,290,274.0819461424696,292.38540026403575,278.7903122506022,294.7103
41,170,177.41602287255432,181.21685030247542,178.00674344084587,167.90756
41,320,328.2565312071876,325.64743816722495,338.6521659415729,317.09796
41,335,344.9833608277808,329.1663644343465,350.2363243611048,342.80148
41,390,384.81754932264533,348.7540386944925,382.93116524413983,383.54996
41,265,260.9428975632363,258.4545347855943,259.8388991140808,253.5351
41,220,217.31152066953388,226.39551788155734,216.05700528860064,222.99612
41,305,302.8852322240909,303.82771647666084,319.6356646346188,310.31067
41,325,327.59403527527655,326.10184819392623,324.4000231754108,320.70184
41,305,308.78494669618925,319.6279904827199,315.82853320638367,312.07285
41,240,242.84577110655772,259.2812049764671,232.40547069381253,243.4861
41,395,407.9341729688718,373.89347542504504,387.7575436327654,404.36996
41,340,352.06710105516936,338.02753317088553,351.3823627606572,354.0214
41,255,252.37095935691576,253.1053608673441,257.2442917064965,257.76816
41,170,176.59672017201837,179.01012583250093,181.65040640882623,168.0416
41,230,217.6443766941009,225.34818930191173,220.7291479564224,225.19293
41,165,174.089742369605,183.68201837051848,161.2392101488344,176.96703
41,400,401.69846952585164,370.17950383381,388.80089794838386,391.4837
41,310,306.9932250833056,310.2902913054068,315.0193049168532,301.49368
41,205,213.20142694848334,228.9003267565766,194.56855682143237,204.60379
41,335,334.6723479316964,330.750026995951,352.56125191899514,343.66766
41,370,368.49252941101594,362.5078329145123,367.86501757904176,375.46542
41,375,363.812797647212,357.12936442273707,368.4729012876454,369.0541
41,205,222.1788794387051,224.5794583235391,209.50832381407133,258.99658
41,260,261.29870259382125,259.3983926256358,258.710893074755,247.71301
41,230,222.85005130691053,234.25055360162727,236.2663796164774,222.80605
41,240,243.5012156473494,244.98526459311017,249.66942329806912,239.57037
41,340,354.8695033039273,345.1061134831823,365.8925399470176,349.24713
41,335,349.2269652230481,340.82126589586875,345.25851625404715,339.0099
41,265,267.33448555604133,268.5016091949854,269.50389841597,265.593
41,400,403.8505766340639,374.16157172303974,382.23373571437304,394.71246
41,185,187.38564889859896,192.82697512210027,183.8109835182226,187.59438
41,365,370.95834804383793,367.77023443141854,357.60160565950025,361.45966
41,360,363.6510476236627,360.9098066223653,366.2851347044421,379.95215
41,400,401.0529131212948,331.8154246864248,378.2895541516325,314.718
41,200,206.31753755558685,222.7198790098791,204.67665257574856,207.02466
41,200,205.72240036553723,208.76370940532905,193.8814584055305,201.69217
41,235,238.54793726372685,237.97092716315078,233.83287034689067,221.26936
41,195,194.47194129261294,204.64776051726056,190.97208643703289,199.30617
41,290,284.02842262550024,287.66876655060923,300.17304908258495,282.98166
41,350,358.5364091913428,350.42679801488754,349.20705945640634,352.94226
42,365,355.8346176419629,346.0138513569764,348.5355589247773,355.6986
42,285,283.60354167166673,290.8402829809079,288.86712514389086,286.1336
42,350,349.14307547283914,349.2708174341998,353.0640057467342,359.0167
42,240,246.505144777544,245.23752462814957,243.20825052033337,235.07217
42,260,260.62165144178397,264.9376104451103,264.20875980871796,262.7731
42,270,272.00478011416686,274.40308233433245,268.27377184617546,272.5156
42,210,211.74097467186215,212.7935217560217,209.67456533752792,203.34662
42,180,175.9549259786683,211.8264066489067,134.40691538069711,185.35611
42,335,331.4881234155633,311.62315782256957,344.4741810329416,335.4983
42,200,197.57051554927426,206.44682858807857,206.1278224230444,201.63756
42,360,355.7118788289352,341.5496479908981,357.43137858125937,346.7517
42,295,293.21950245947886,292.55067224442223,304.25331393383107,290.9903
42,280,273.32282226947115,284.7469657140246,274.7093018094713,287.82538
42,175,174.15340076955079,173.73742199793676,174.81742083985296,171.62595
42,205,214.5565551783156,230.11747481684984,205.22902620502614,217.81355
42,355,353.4807024295563,349.71536380286386,354.29849697447554,343.34015
42,240,251.4789592891113,253.3134120740371,246.4249621603986,249.3283
42,375,372.4047146316346,360.68965173715156,369.77488078206204,375.9616
42,265,270.42737175985457,266.9598917055168,273.8725845304958,262.7603
42,370,371.5215087980585,359.74011419136417,369.02247193065574,371.98694
42,165,158.49926561734605,168.6187415852122,164.21408638460952,167.4353
42,390,385.83571255854366,370.5734744422245,378.95259273564017,388.64795
42,320,323.7659762174275,320.9615839715839,335.8968070601877,317.44556
42,200,196.60741894734377,225.4886265123765,187.00677463719862,201.83417
42,370,372.04529246322664,368.6751516539015,367.25485819611237,380.3275
42,380,372.92269979206895,347.30529949217447,379.46164249502874,372.2206
42,340,339.0996375120582,337.3824496336997,337.9583220548776,336.54413
42,175,175.3034288433882,190.00129586100178,181.93825787778707,179.29604
42,305,299.16333634869324,303.7273351648352,299.1712532554022,301.66254
42,220,224.55342020221286,234.7854688367188,204.47717213864956,228.57762
42,355,351.9264709694235,350.17897956210464,359.62869588743195,347.29092
42,190,187.0678242477764,195.78876401376397,181.40928259361834,190.11671
42,395,363.8636767011047,237.66178862803866,394.164883266498,304.99203
42,215,223.55876788797042,218.82540445665438,228.05380794465617,206.84927
42,190,185.01835624025074,198.58360202705796,205.6441634570875,192.6526
42,350,340.8593491724426,336.8421766509633,345.59922178926865,354.4117
42,385,368.94554445155603,363.7766926007,370.0903042148968,366.1182
42,315,303.885244837957,301.59824259074253,295.4938667465624,300.50958
42,175,167.8318130246214,176.87651207452677,179.33980099599177,175.10371
42,165,175.20733425568153,168.71274011119604,173.97798567162204,168.00142
42,370,363.4180700476672,354.6251542207794,344.42975199211827,371.5554
42,195,184.8653473018847,198.45709998335002,198.2038486578902,188.77455
42,400,406.4450014640286,367.35363254800757,385.05203817660674,392.60635
42,285,280.8754465462918,288.059879911755,281.25843211862053,284.31198
42,225,228.7914781740579,244.6243729187479,212.127795849482,225.2919
42,185,178.74100229211462,192.82918512043506,180.03913075240717,189.70648
42,300,291.7357786090924,305.9093867243867,321.6250886314433,296.04037
42,390,384.0444620244089,367.55997863247876,369.85840978709865,389.45444
42,175,169.71206927436447,179.94233349983352,167.56845587139145,172.083
42,330,329.31601210097216,334.0870455932956,345.77976755837597,333.43823
42,315,322.72661649364596,320.64290265290265,321.2463984062867,323.21848
42,255,253.09151316315973,255.5524466220055,258.6239924399292,258.4775
42,310,359.3926140289446,333.46124368686867,354.815470732271,339.57272
42,290,284.2560162837729,299.7537808025308,298.46879097115954,290.54633
42,220,213.15843926789108,220.76027701465193,207.97511056757963,220.49129
42,220,219.75352711027602,227.26952929015434,209.8636460069506,220.98767
42,220,221.3337985904197,227.1315105727606,211.76051772070917,225.11482
42,240,231.9048869695062,242.79612595737603,220.87240484667467,240.21167
42,280,278.8485555888789,289.05059267121766,278.824934142991,286.5652
42,235,235.6307174469676,243.48322998896532,231.0432638152355,238.76247
42,200,206.28314451459136,205.33177822177825,207.95071404413272,205.43582
42,385,378.5759076213886,363.76548742923745,374.5006810006073,385.97656
42,380,367.0261771136183,346.6237358474858,369.27327351960474,382.90582
42,250,253.6080116153343,254.1342975080475,265.5440587342265,242.44153
42,260,258.2858196397278,272.51393099955607,257.3909558446255,268.2165
42,210,215.63694645489926,216.4545595376845,194.41650806815613,205.4691
42,230,226.6261626699599,244.49013333888328,220.77862248386052,227.89589
42,275,272.1502683224091,284.21121618577496,267.5770897288172,291.06287
42,325,298.1102218656162,280.11403242590745,363.70414498425595,308.55682
42,240,236.97260362529533,245.61521242646242,237.1282444603475,233.97194
42,195,199.10269703640478,200.91638361638365,202.02940760738466,202.24126
42,310,306.33705187442473,310.13681429681435,316.59098698011655,305.4123
42,295,293.9379071962555,283.0503930791431,303.5736660636404,275.7463
42,325,340.5943273314179,338.63909847097347,335.61396167616374,324.5437
42,255,252.6245831346602,263.522009102009,241.63188695602338,265.23102
42,345,358.0661171048469,346.24311611999116,350.807087553398,338.9386
42,175,175.3034288433882,190.00129586100178,181.93825787778707,179.29604
42,355,356.8789712931436,344.6934140859141,359.5868861922175,351.98956
42,305,296.61907659611296,297.9161005212108,311.80343079009174,299.6386
42,250,245.12880667458313,254.0307709202563,249.1718216561052,244.05933
42,270,271.71862671762,274.8030155955156,274.80890825764766,268.82755
42,360,356.3206117856476,348.98056887556885,353.07724498762593,365.0832
42,390,371.6528105184977,376.7126388235948,368.1469889553396,397.62045
42,220,221.8350463851113,228.2971612415362,219.11182182216123,227.98729
42,310,316.82553070938326,342.55097853535364,327.11194827953375,325.6171
42,335,346.89268427591816,342.3303566572316,344.8821837673926,339.515
42,280,273.6204243042021,270.19325091575104,276.4046317670625,266.39734
42,350,340.0578952993042,340.66930361305344,336.7266304979447,340.82346
42,185,208.86370663676365,205.70719516594517,213.70909731391066,188.67877
42,300,291.4891992675586,290.2979132672883,293.74891724595955,288.05353
42,350,342.8601945612764,347.58627684815195,349.7548982336426,344.59045
42,315,335.47432492744423,339.0396221833723,348.93032107739975,334.16296
42,345,361.3723357168714,334.6658713508713,350.1250689272154,347.63824
42,265,265.0089956491793,269.4617313242314,270.63608651817265,268.6928
42,180,201.83619837575344,195.74144203019196,211.1197631054429,183.24509
42,390,362.1616533588935,355.5921320346321,366.22755231079765,370.0123
42,245,255.5961034140177,259.0888748996102,251.53556420375475,259.78055
42,285,295.90737815390713,297.32847818847813,306.3004151343005,289.3113
43,245,236.3372207843933,241.68784591769887,230.86558915397296,242.15605
43,310,324.65843514829464,308.7570119586295,336.33319122580707,322.04407
43,220,221.06946210790824,228.0258995560969,212.1593514233736,224.54974
43,385,374.9662087878834,349.5285246276056,361.99765180471906,367.93002
43,200,205.3324320187241,202.57314246755425,207.48945568432734,201.3571
43,340,338.90525042495665,336.73923351980017,342.4145744930793,346.07648
43,200,204.44434559374082,207.67612975124004,193.58339126045155,199.98268
43,185,190.10388370862643,197.44955081955086,186.5102170563535,186.55952
43,295,295.6897982118723,283.1375701912667,300.75219975435107,283.49472
43,385,366.71238802581456,366.41834143954884,362.8308724835459,377.55887
43,225,220.2737993752902,228.05252751147495,224.89190518455376,222.66673
43,230,230.5930110668527,239.21095089565915,221.30079665017055,227.35257
43,235,240.91315065007132,238.40870196796664,233.70407317802952,239.30011
43,220,218.01542605218566,227.80018855413596,217.5393483565605,223.73244
43,325,336.32616468323397,339.1573363915872,352.7912939374804,330.56818
43,230,239.81679303142914,235.8722741610243,239.93182000250647,229.86018
43,190,185.59600174513008,199.32776270842444,203.39316318529376,194.58658
43,180,182.40074601827456,184.48789092851584,153.77154746121525,183.66042
43,265,253.42783531515414,263.09801192198154,263.02713302674107,259.27704
43,180,177.02460508601905,177.46701051263543,177.6190584788465,173.46797
43,275,272.3449067026876,284.98258803315537,280.87245338950964,278.46542
43,290,277.315232105333,293.46400799543926,278.1211294696636,298.395
43,345,346.04713949364555,345.78353109853117,351.69439533128815,347.48788
43,400,393.8677746868599,340.32254025658455,379.02727004203655,330.65506
43,320,277.76128337351287,213.45630839068346,283.3259760227905,184.11942
43,310,320.6917609867204,326.9424784255705,333.4501232053679,322.0357
43,190,179.6133427008579,191.51802852240348,194.6174040437523,194.26727
43,325,339.0579435854946,329.1776735927473,336.95076462635467,325.06363
43,330,338.98197026627196,342.2778564504664,342.9952933224322,335.5985
43,375,373.3880808462526,363.1629886013109,375.60496478659263,382.44604
43,245,246.4652572114647,257.69347702270494,242.62487322742572,258.63406
43,270,273.5609751418793,277.7573363916786,273.988049442865,279.4911
43,260,261.0404242216098,268.8091950742004,258.1104403852969,261.20917
43,175,171.69144302241926,180.65103759666246,171.18655383622036,180.7604
43,170,154.1605804447329,169.08366607929116,167.08013724928412,166.0382
43,320,276.39091536307893,232.5990943182062,276.76171410797645,191.8306
43,220,218.22562116166904,224.04154417341925,212.78942053394786,220.10385
43,295,292.0939305035171,286.4117834661842,302.4327025738127,290.31628
43,260,260.0963920769182,275.6156649556446,264.090144335114,279.90353
43,220,219.31944705819956,225.27644234663973,211.92826169611553,224.39941
43,250,255.07863594789552,253.0393151061901,259.5917099048446,250.01837
43,345,357.76168823241454,344.74625369592275,349.4513572739259,349.0973
43,335,349.5878184775732,340.50472446670966,352.1636755044176,339.38052
43,350,341.4927818459398,334.55187024032625,344.49195956873007,356.21396
43,400,400.18975869372184,372.11400818358055,394.4323463898463,390.72
43,345,349.1500365278512,339.0072385512091,350.3361713828381,341.71634
43,375,354.1818971393973,329.5171925065673,361.9342919366162,357.44644
43,230,219.9320091816802,232.16281874801618,236.07526792832738,228.34274
43,355,357.0890222280216,350.0855334047999,353.36742064604755,346.5771
43,325,314.5096035914946,350.5868482239436,339.1494283530077,365.72095
43,300,302.5543743885454,303.0285910213458,303.32709904263504,293.7125
43,185,189.4895482513635,187.76893636456128,189.85655365522263,188.69121
43,290,292.75160108010425,291.4721889010747,292.18399176032324,296.00385
43,200,196.78953116598427,221.09100162228842,190.8065055197922,201.29288
43,370,362.034905590838,353.1098907171641,340.91357608879997,364.10498
43,355,355.863450506937,357.68176915948953,357.0054109249025,359.49628
43,335,344.16037407710905,341.99833525111535,337.6614463471729,324.5376
43,385,385.631706118755,359.40741352087093,374.44016596491576,382.8121
43,175,177.49987721795367,185.64009846634846,179.85179048439937,175.06805
43,305,318.8408055459447,309.78616388241386,325.2387700854772,309.31235
43,370,379.28652297356535,355.3570812605386,371.74999188403837,370.09183
43,280,288.059403120264,293.886857818108,284.3008308124512,287.89404
43,270,269.78644574879763,277.10631581488985,270.9635578403128,267.96222
43,190,189.05924550172153,195.2948732517482,183.60479420400708,192.32368
43,220,220.74152079288598,228.9632981066205,210.75767934507888,223.65317
43,200,201.68855591466792,206.56849403047926,196.41533539545418,201.62122
43,190,188.30737706074376,202.9627623765122,191.6624413413092,193.87946
43,395,403.61314463528123,375.764046838453,390.5560321791148,400.07587
43,175,172.5000550094067,187.03883146945643,182.44358789598948,175.15486
43,400,396.7393109119161,373.05769691365265,380.90590730593726,394.53662
43,240,238.24653218668234,257.09566393495606,229.56846338329248,252.68527
43,390,360.55056923600534,350.0969097523277,367.2586738247988,365.26468
43,180,178.06137738612335,177.65141680079176,190.23074823693366,173.12198
43,325,348.6560076320941,346.87375487937976,359.6074512190902,324.9778
43,235,241.26184756426449,249.76091474634052,227.59748597197407,245.13109
43,335,331.94352910939205,314.49453161898003,344.11485951079476,335.49854
43,240,250.36389534303981,247.91410115914888,243.95793137452213,247.14731
43,355,348.6902162242251,356.88092395299617,347.2815536433617,337.04507
43,340,345.03978313934044,345.26298162485654,343.5483630505486,352.51523
43,210,208.71441790623254,210.7647741691859,211.78666633312335,200.86525
43,240,237.21199631675216,246.22748715387232,236.45727913826263,240.30869
43,290,289.6814052105271,284.4411108773594,294.8756644708961,286.9615
43,375,365.49810732269344,359.06897364209834,372.7013659781413,379.76334
43,300,295.62660599379507,309.2577543521293,321.18429014250233,297.78717
43,365,355.4881897219592,346.5021009736452,350.5428514759842,357.16647
43,395,366.4384153914387,361.36196070133576,360.7916116871561,363.13193
43,255,255.6696647142175,256.700181105659,261.50309726863543,253.76588
43,270,272.9373376724444,270.8836951452123,282.19353157564245,271.94806
43,245,242.77698314224506,245.4404340145149,255.67018561095713,237.95972
43,315,320.506109795471,326.79912039491666,318.98423482985174,310.999
43,305,299.67611066795797,300.8468603168275,309.81569274874784,295.31085
43,175,168.61901606867394,177.8845852758353,171.76071025288184,172.77971
43,265,270.18618237331754,267.9626560130274,270.756267143697,258.15207
43,355,353.08250936151376,337.8661728902902,362.01598983001696,360.049
43,260,266.00615880934805,266.1833567503864,266.01574453769666,266.7097
43,380,382.55664366268064,366.63582733987164,366.5279231272302,375.90018
43,290,288.9470372751505,284.9707109638728,300.17544879688194,286.0836
43,180,175.88019938579805,184.3568828625079,170.97113129597741,179.64243
44,400,410.1095669704258,371.2979747631314,385.2311640239475,388.83432
44,335,329.2460344047149,316.36251041842297,345.46691787012566,326.85416
44,395,401.6160713262037,373.75489188144843,383.68627884894744,404.26315
44,175,177.50026433421942,191.46282867595366,178.2674661409788,175.85408
44,175,193.33647751798873,244.61667378559423,218.38334789923715,188.42125
44,305,308.81825287571183,319.834801199652,315.2212645981039,310.0479
44,345,348.54769157871806,348.37306973890315,359.01160895323545,348.26788
44,205,214.1547280161095,231.7234514586722,196.03622310969826,210.1409
44,300,299.79414086402466,308.50276051562815,301.2995018338378,300.47397
44,355,334.6332204811523,338.93360134079745,353.99596854005136,357.11176
44,355,351.47194190993724,338.2783162172364,364.28827699370527,360.18277
44,365,359.7217162638329,353.4702979758985,376.72135944511774,356.81885
44,185,187.48529365385085,186.91115310615314,201.40388808997363,187.90482
44,215,216.94033071930187,217.93025407462915,223.86139535302996,200.87222
44,165,177.25630564824016,178.09008262162672,165.7031458099312,170.21242
44,360,352.6865489711756,352.7753645483056,371.02103858508406,352.60123
44,235,235.67600488159394,241.48742974725363,231.45864832060417,232.87268
44,245,234.02362045723163,241.52424523382288,240.5982784860763,224.7214
44,400,403.5565722488003,329.0205312620857,377.46748492422404,327.81662
44,175,184.7216996417256,177.76767789471117,174.1612723984048,177.49173
44,285,280.02150558393765,295.54320903304074,287.6919608667523,297.82745
44,335,342.45927686868765,337.1228580271208,341.7212312740966,334.59793
44,215,207.68783691580688,214.84926610839392,204.41479706465614,212.24318
44,235,234.01326198858825,246.77767141669756,222.53046205261342,245.16809
44,170,154.87706886106062,170.4694727453918,166.8481521014687,165.63185
44,165,159.17585965183315,193.31022964508276,201.64472815220302,171.80092
44,285,290.9785703594894,293.118651345894,300.9146188954702,290.82672
44,220,216.54856209036666,223.9776815314315,215.80408816408737,221.58955
44,335,344.5760956882971,328.27420511587195,340.4871273107473,334.59146
44,395,379.4014256680472,372.6467088852505,368.12665649957574,393.23538
44,240,239.6025967250373,248.51120859453619,236.95183356703717,244.68979
44,300,290.11916041076097,293.51270342457116,290.70807039345664,288.8523
44,350,348.75120871196765,349.81228622797784,345.0555453241411,341.67346
44,245,238.27161454440233,267.4487560445805,230.2041541304809,252.32036
44,255,248.66982191844426,263.32115547977,255.48723639461122,263.35486
44,325,317.1142229592825,279.93401159287583,367.57468134560474,295.36438
44,225,226.65882860492854,239.12678617678617,211.11276751914207,221.91414
44,195,190.16604184099393,193.37219294393213,198.1440253966619,193.90416
44,360,369.233875172327,353.2528608410103,352.2240654456958,365.21014
44,355,360.6941981988624,350.2293742368744,355.5903946812774,359.65933
44,260,264.190094102491,259.96480129047075,258.5812626983096,252.48076
44,185,191.18787860987428,202.075513028638,188.37437914960645,207.48283
44,285,285.7402552522052,291.1553605383056,293.6058344392629,294.12582
44,320,289.3352866104438,229.62166803104307,283.3899585861909,292.7313
44,215,209.80294498058106,220.25981925481926,205.59266772972228,206.19594
44,190,188.14853115032676,204.84659991968832,188.8019962761121,200.52007
44,205,219.98841956958935,224.1841443972695,205.63104511912292,274.19485
44,280,289.61454010731336,296.95921939444,283.5883420841087,295.48172
44,195,187.81697095814008,202.69131229272062,182.38281137728987,199.65112
44,180,159.17370769926828,176.54857262699176,163.27116523903823,173.0535
44,280,273.63114209437975,296.5496028984632,280.39712461862763,289.18845
44,315,311.5650396987323,324.511178979008,312.1403733760987,315.1981
44,185,184.12450803296605,192.15529125966623,184.9532362940792,197.27585
44,265,258.3282906845856,255.65890882064778,258.5850693674626,244.63799
44,350,353.31405313197547,359.5919447405937,353.3049277285861,365.6128
44,265,271.2171180582454,270.11468865090893,245.7206656629692,266.72076
44,330,342.3609918588771,335.4220207214256,350.73742495299905,329.0051
44,335,331.22565600947297,335.3799916981169,350.61103410591625,342.90994
44,390,377.8058856935896,369.66720632762315,362.2389229546376,394.19763
44,185,190.28760948069356,205.4767743735024,210.24405308673,195.41751
44,275,273.8198174676548,273.76758862225535,277.17086776930984,271.2939
44,240,249.90658638347833,253.84266608119543,245.4530968131713,247.37404
44,340,358.7129063063792,351.0060192415733,363.2348388444401,349.93173
44,270,272.2743584274609,276.47428400889856,274.0640220591706,275.25964
44,375,362.81300690260645,362.92380986297655,351.3881364267731,377.41525
44,320,318.84267875537233,317.61504328875463,330.3884150245474,309.28116
44,310,324.5827304781082,302.607626123876,339.31379836689865,317.1359
44,340,343.04525525642794,345.69429970091545,355.1358309365822,336.42053
44,270,260.4387984378955,265.6156244836987,266.9467045285388,263.4204
44,225,219.69522544221303,227.4419732119732,221.68428261283938,221.35956
44,225,221.26643182474135,233.62292670292663,210.5848304001361,229.90514
44,325,320.57832751618906,326.1884996213286,321.41091629204163,319.4159
44,165,168.8098889057229,172.19711697616103,168.80917658975963,166.49336
44,380,380.89922597632534,368.80239194447523,367.4396650597939,378.33313
44,290,282.51671478929507,298.6946435682494,293.65410400718036,294.26114
44,250,246.17992901952434,251.00225721951128,247.54134163754705,233.95251
44,380,367.251027100555,354.8819912957414,369.55188142192947,378.37152
44,385,360.0896972376203,362.49005341018795,363.69598424202064,378.61758
44,380,369.5837812638314,360.9968925750177,368.49953874109497,388.8728
44,400,413.07653364877945,378.13858139545624,387.5997698694624,396.86386
44,250,250.76008052286917,253.71545794075203,259.28471091051927,237.83241
44,210,196.25597510935518,207.02857145047935,205.60369569854868,200.1886
44,295,295.56674123417554,291.52294517029827,303.7287263856684,293.29074
44,365,352.2712067586241,349.2364643920895,352.8134866234987,359.04993
44,295,295.66028875317903,300.5890326359718,300.8225212707532,291.49893
44,310,297.6174981147413,284.86095809354305,305.2723322143045,271.29593
44,315,320.1350422379574,323.87487171914887,328.0708146863784,318.7454
44,270,272.4660078561132,276.83156125328935,273.2587971593257,274.49448
44,355,350.3607910146786,354.8171978321244,346.180142172655,356.90137
44,215,213.5582625554208,212.28801122488636,220.2148686548053,206.47926
44,165,158.2956454050203,172.34558186029898,184.3062316726476,166.32709
44,205,209.87108386662595,224.09530395122303,195.90834311718123,211.98364
44,325,314.8240594005829,350.4672278602521,340.0281034026214,364.4049
44,230,226.8217576962595,227.99029132904116,228.87935809330776,217.12035
44,280,279.48284183776855,296.99627718006417,290.02065806058033,293.0282
44,305,301.2290285255201,302.9201179735299,310.1271689049665,298.40756
44,255,255.14381150388834,256.1864790338781,259.1792846357943,252.15099
44,360,359.8460681215706,343.8078140536476,358.7884859403662,352.83884
45,375,358.86477522424553,349.6865250721501,348.590195925971,369.49332
45,250,252.504945473475,254.2368055993715,268.42795246966284,240.43568
45,180,189.541264775824,197.0992349317349,183.08185039620577,192.05733
45,395,405.05919180117235,376.02700467076977,380.7568472823394,393.93332
45,215,213.39880144435466,223.4360726773227,209.40515611223435,222.72644
45,235,233.6739302906173,246.05157351261755,221.60672486580967,246.03955
45,295,306.2176283576257,300.30625190470005,311.0744286296488,304.5954
45,325,315.09140321135715,351.8022019224736,338.5836186749049,358.08932
45,215,208.96221177800533,221.862621961372,204.445318618027,214.64558
45,260,261.6633448420965,270.75095172113754,263.2675666876818,273.36234
45,225,219.27247356437636,239.29346514596529,217.0686571564042,222.3969
45,310,312.1937090065716,305.01921861635105,320.7962735868948,307.60974
45,400,394.77002606919325,334.0129753579754,411.57983785344794,360.72412
45,310,352.38513727135097,331.78077977577965,343.85296474237987,334.01294
45,295,276.12787787885054,280.56477263075095,286.6970240718963,277.03662
45,220,219.03086136586438,228.66540431790435,218.8628786961902,227.11139
45,205,208.7017089165908,222.13970779220784,190.54334076711407,218.76111
45,355,365.9422147244704,350.9629490444197,350.98899438401236,352.39868
45,195,189.0759418634176,203.1501451326451,189.44899356385207,193.77724
45,270,271.0338081869551,272.1292689393482,279.9200245995225,272.62692
45,385,371.51139502892687,337.391665431343,360.6696140500322,374.23502
45,365,366.6839520766811,352.3535209357638,363.9655948279968,361.96768
45,165,165.23824567050502,198.98040889665896,196.29201220804063,172.04353
45,200,207.00145562276083,207.3648139360639,207.88513635389995,196.42865
45,205,209.78073902935932,229.6726597014097,191.99439927220783,228.7031
45,395,417.30465883080603,223.49949758574763,429.4325294756446,284.6187
45,280,278.041879257417,284.2393218615722,285.7773726034099,289.64566
45,345,358.0128073221785,343.3612215113319,350.48942578022303,350.5644
45,180,184.34791160819236,210.64579136141634,135.78013645885542,185.69157
45,325,336.40820494584716,330.114344960595,336.05349250348115,325.74393
45,195,190.37265512807517,200.94955017205015,190.4552931111717,185.06685
45,275,283.3236441265506,278.35425292844405,280.4740196946975,279.4373
45,350,359.63980870499046,351.38693656283334,350.2865541210342,352.87915
45,240,242.52403983325348,256.9392912642914,232.1698429473046,241.91498
45,350,350.9781548303169,350.1201961932994,350.37345960368106,361.39792
45,340,358.7561277196687,352.74176369358787,364.0672639628517,348.41373
45,255,258.38346220328845,250.4096788381869,263.8895808319692,260.49258
45,365,373.59645731960586,370.1316161995289,356.85881778719727,374.2074
45,205,215.89811419876924,231.39769841269842,191.57282400244816,215.3388
45,230,235.88407352918853,229.64405094905095,239.7662189325058,228.92601
45,310,296.1220266099661,296.0640567765567,299.94023327991107,291.18005
45,220,212.9654953307005,221.25149017649025,205.5954887065875,221.37547
45,400,409.28170900339927,383.0851383698001,384.40840790821255,392.02255
45,180,172.00096386847179,184.93575797976536,176.09329529824765,178.89302
45,395,373.3261015026143,369.72377584283436,365.69202257252266,388.09534
45,285,276.06883645252253,276.46674819998447,288.2145630556692,278.88306
45,365,372.55764315423164,362.5631923343915,377.97757783844895,377.8763
45,240,243.7545055793579,256.7220800471459,245.20779032434564,257.9352
45,175,177.50034532295825,183.66146076146072,175.5281798344742,175.46265
45,320,348.87601031070466,341.8861637939354,353.37912610557885,343.27606
45,305,324.96132526745,309.89729464979473,325.1697224012678,307.29196
45,275,273.56638087476864,270.94071916786373,275.9691812639542,263.18262
45,375,369.3757402274145,355.5618021279796,372.0935227204717,370.32904
45,200,201.61150456384746,210.5634719447219,194.70193448245135,197.28445
45,395,395.2182481223906,364.4917442691716,371.860749453121,379.00424
45,285,277.9216360752384,294.4140523936847,291.2898224030002,289.97754
45,195,187.81782258190503,202.52945374070373,181.6790191856519,193.72311
45,280,274.6183446476675,296.72341367661994,283.1402026328057,283.70087
45,260,259.3302824410752,264.20671563910537,254.07451833285737,265.8437
45,285,285.1626474669552,286.6587265293185,291.6812076609633,290.94485
45,230,225.6917536350723,238.60030802530812,224.90304607842745,225.90158
45,190,188.33214607143566,191.81272574647573,204.63061249536378,185.09708
45,305,302.4304630169693,302.64013313075816,318.321385254361,308.16592
45,170,184.31763705338102,210.67364135864133,180.54004249853034,182.80016
45,330,330.0024516393097,337.021280582163,348.3707340955396,337.75867
45,320,323.3835833825145,329.16777131365365,338.0626244222152,327.9487
45,280,275.7118207256349,298.9272365134864,285.8121866638298,291.42157
45,360,360.7342885599197,346.2320156926408,347.6226030455596,358.81784
45,205,214.8248655681645,229.12977813852828,204.51035157244164,222.357
45,260,261.9413636992652,265.25203041935424,261.33808946847256,259.42056
45,230,227.0693269296887,232.49553765678775,221.99775209161123,222.21042
45,180,183.09175298155293,176.62569430569428,195.89535293775094,170.26176
45,165,157.0056151768493,167.2296323121323,163.46618643236803,165.40195
45,280,273.1730111879961,271.6724004075532,274.50113987069483,271.92615
45,345,347.80721240357695,345.6118547008548,359.74850903138594,345.2408
45,235,234.72550582205565,245.10439287320867,230.12483627543156,238.48285
45,395,388.9590190831227,375.96597038440393,378.3402781894026,389.6267
45,370,369.25157902434256,364.3086986202204,362.75949447347324,375.2531
45,360,355.14851995196136,341.528341935842,374.6478503044032,342.8765
45,290,284.2303769806268,282.030841935842,293.74021946169603,279.98114
45,240,234.8010532811224,244.35908325334808,223.02119481495188,242.45648
45,350,341.2012821607195,341.19072161967057,338.0355636734781,343.64935
45,240,236.314497334262,264.6433940119021,230.2156338674186,252.09413
45,245,252.84706490632908,258.6569437765883,250.3823686615286,257.18524
45,345,343.38682844402183,310.428382936508,360.0872495541862,347.35236
45,315,339.8036917306367,340.8608689023394,348.13071562467957,340.6344
45,395,404.3756847339235,377.8267727096854,392.2238329640515,400.8093
45,295,298.4003914221627,283.63371016078895,302.21475417307585,275.65643
45,290,280.9203092608406,283.37703929777564,282.74887918502236,287.55496
45,330,345.72816148323597,343.66337496572066,344.06447458855774,343.4582
45,305,301.390995031523,305.91061618936607,307.24647160254057,304.3541
45,390,369.53644160386517,361.99961456087954,352.3648994729332,376.49072
45,255,259.47574106652166,272.3103103677368,266.4003288941529,259.29987
45,165,166.04645341855934,173.3298314185814,180.66945757139848,163.97026
45,225,222.42645234029277,225.93613594738602,224.67686046094917,221.45529
45,210,210.37054999390818,210.17837204462208,207.90654755523465,197.09256
45,330,331.92256449516026,327.8292971611721,335.99620228677014,324.0912
45,375,353.7485862759753,318.08448075535574,362.0985324935744,357.21207
46,315,320.74375790299655,323.87134920634924,320.2783626857744,320.1587
46,330,338.04512429436113,337.9688739038738,347.8892091939978,334.3163
46,260,260.74665874632706,269.8505101842603,260.61498582259975,261.20218
46,265,267.50857028622886,263.6259507159508,271.8305188121431,263.34006
46,210,207.5986178919061,205.71045364765956,205.93057506707322,200.16412
46,195,196.25032228550117,206.45539405039398,176.5807468038177,204.87494
46,325,337.5256705655414,327.0524145299145,337.05166305942043,346.95517
46,365,354.8464120102751,347.6197820235321,353.5384260743565,359.17355
46,340,344.08706050420994,332.76427534067244,346.15888582506534,340.04895
46,250,254.3765408101375,252.60967671217676,257.90263882276327,257.11325
46,180,171.78716016166084,182.13661088911084,172.12780198675114,178.44124
46,290,275.02206665399433,295.74856046731054,279.6554894405353,297.1543
46,190,197.9839722933292,196.41478223573813,203.26231606877099,193.67654
46,185,191.92102655865904,188.1130099067599,202.83967812098587,188.27597
46,210,202.16194318698172,207.3728091067429,188.69323706401536,199.45299
46,235,246.45565815902262,236.23662386224893,234.0017990389521,230.7504
46,385,379.7093946604948,375.7771454933955,369.09466660680044,378.29395
46,305,310.67036990427675,304.8457145632146,316.0869514466119,302.33987
46,325,349.4848644425913,345.9642630980132,362.83983748827586,347.85342
46,175,172.5002461442698,181.35798964923967,180.7332708537411,178.94774
46,195,184.84148563784356,204.1473362748363,191.15139357074776,185.47202
46,185,183.57441179251884,194.8041049269358,180.00862077201344,187.40291
46,335,317.40321847062535,312.2874333999335,329.8403049277009,326.06818
46,380,380.6720856339905,364.4421626984126,373.35199637609566,372.68878
46,355,359.92747455773554,349.33132645132633,353.7684115514535,355.66348
46,270,269.5390523225841,272.4693878343878,280.90435888081487,267.35214
46,180,178.19735209870453,189.44975260850265,173.2140648840272,177.46722
46,240,237.17682627487704,243.72983530358528,235.39125421230295,232.31609
46,180,179.26658696580955,201.79002830502827,116.46651262336292,192.67584
46,340,357.11259161874113,351.7764606227106,356.4391758342637,358.8401
46,360,357.77592374104313,343.1661603674104,357.76066812884585,354.68616
46,245,247.89260327722195,260.7364405039405,242.62783857735405,262.43433
46,215,215.83691745860915,214.42047186065562,222.61311507972334,203.63557
46,310,311.25013861147204,327.5222052947053,324.3320844570296,314.49774
46,270,277.0824275896281,277.09613636363633,279.0559436317073,272.73657
46,300,309.5885404278275,311.88362873237867,312.2362759477053,309.14514
46,160,150.1238899081088,181.40698377602791,59.329450237415415,172.85518
46,195,190.38042381892626,201.7019374416433,191.7855532914398,201.787
46,270,271.56995297995775,277.2134468309469,269.62010923450714,278.0549
46,390,379.949913162642,357.73556041181035,373.93500868346143,372.9412
46,170,188.08748636946802,208.60038770053478,183.21047550960765,175.75406
46,340,340.6422394667544,340.50481102231106,341.20798373709465,340.7268
46,270,273.2825717324238,274.2823196248196,272.7194486972099,271.18976
46,250,244.84602159901783,252.73660561660566,246.81184829641902,238.84998
46,255,262.580120032468,263.25075702075696,275.1189330993401,261.96927
46,265,257.8668726881954,262.3650474770327,262.91087975965144,265.0884
46,235,237.3095976027056,240.9853805916305,234.30832712989073,229.93893
46,255,245.53555557088941,265.01630744255755,257.6211692139429,260.23148
46,360,365.74494336170426,352.92454964969664,354.73357137791913,362.49426
46,285,286.11079798732726,290.4499244505494,291.48282972683995,285.19113
46,360,353.8792504367366,345.8307230269731,371.47799985631355,351.87714
46,365,354.26624333190136,351.8975844988345,355.85525577499806,371.54813
46,295,292.8588926106229,297.72896520146514,295.96783722992865,288.27005
46,205,208.84017120037413,208.39250457875463,211.73329530153813,201.47777
46,340,338.1833054440143,334.3388077200578,337.9645863138592,333.80994
46,175,166.6628389813734,179.35790605228107,172.41986159118235,175.22562
46,350,355.61791580276065,349.1036263736263,353.76434152258855,350.1133
46,350,353.2471822619101,340.21868492618495,357.4166848254617,341.9052
46,370,372.7265910723527,367.72828199578197,365.6669654989666,375.00604
46,400,399.47730597591504,367.3568942168941,395.3704482821729,394.7595
46,270,271.14527917970634,273.6090590210444,276.4381833073079,268.86438
46,285,288.41403423930853,283.03819832944833,296.4119510578214,277.5287
46,365,367.82911421119684,357.3000145687645,373.71979100283914,378.99963
46,315,286.12659179883644,294.0755846930846,306.8141234755935,295.6486
46,325,297.44788425898594,289.0105543068044,364.02917169913366,314.63013
46,200,197.66759171712226,206.36034840159843,205.28910210309112,201.75653
46,285,281.3466983183067,294.7050176212676,293.0564020203483,292.7163
46,395,389.8897759293327,382.8878789266289,384.714971962709,394.19998
46,335,347.80029124661473,342.0954363691863,352.46178255951855,335.87076
46,215,213.29850196661494,218.63998778998774,205.0535099857417,214.71838
46,210,203.69054698906234,208.02180375180367,202.48234051813438,199.19107
46,290,283.1048125712873,278.9286118742369,284.1328983309743,275.01855
46,360,364.5432375323609,359.21703033078023,365.3909257481255,374.256
46,265,270.03023519538635,279.6007575757577,269.8667586557581,272.02905
46,225,226.7254393172509,238.87039675602173,214.43231280954623,225.11328
46,395,413.538775551553,235.56021985367585,399.30146232561214,295.5974
46,305,310.505778128201,313.25542707292715,316.5281924877065,308.91467
46,385,370.18189873971437,366.39042804417795,368.7277947605188,377.41525
46,365,374.5217892413268,365.25260114885117,359.726324687766,371.15872
46,170,172.49977936458237,191.36004196783608,181.06098394829908,170.7161
46,270,263.7556714954046,274.11261446886454,267.9572294032551,262.08936
46,310,340.5145735052802,327.5156499750249,384.580034231468,342.2534
46,235,235.01718681345858,241.3947592685093,232.73341123364256,235.82619
46,230,216.22197686754316,226.3145745920746,216.73696217537582,222.21613
46,315,317.3321718553682,323.760288877789,328.6179951543258,317.06262
46,205,205.23364829166235,213.53914862914863,218.63253908486763,208.39787
46,220,214.3030228400571,224.925873085248,210.73437091136714,221.36049
46,345,342.11148243430364,339.0251600115571,341.86292158308424,340.19278
46,240,240.25488582470223,251.63431998556996,237.52933426563055,248.35936
46,385,370.2459044354523,352.36390456765446,361.9115467173174,375.4634
46,385,370.1123302347585,355.85847374847367,372.42693663055377,366.15332
46,215,205.6829396899592,213.52586177711171,202.93805774035755,211.8274
46,175,169.91615618471906,195.27089799089796,196.7331432455038,176.93314
46,310,309.74797397133693,310.5526060744811,304.41753433089826,307.9839
46,295,297.8704125488358,292.62978674103675,303.1378852094142,292.02835
46,220,211.61270309301494,219.69702103452101,207.86510712178756,220.78157
46,200,205.1540146789929,207.32920995670992,207.9670964618497,205.4328
46,385,378.79358279193616,359.55578560328564,374.5872367937735,382.28943
47,315,307.07780756573277,316.6692657111405,320.61764405471854,304.79062
47,295,291.89745362866296,288.35090295731936,304.9959994737847,289.83035
47,330,344.19742128850885,343.55899658892287,345.3231300361858,325.8043
47,380,380.3006129163996,370.2628666635653,368.0511383522943,382.32263
47,375,360.44178517266005,366.5732954545455,371.3897994799426,379.6227
47,320,331.0428786806159,318.9988893190971,342.23870352642075,319.2544
47,215,209.42202928659708,216.536376338034,205.64888679370637,208.61182
47,250,250.95152823525825,255.53999168449212,263.01693342862853,233.58714
47,375,370.8802409630957,373.3373958870651,356.2017267985734,383.82083
47,275,270.2179009789378,285.2255863900213,278.27035088224943,278.98407
47,175,177.5007904012111,188.78241438572314,180.24029576484068,174.95651
47,400,373.50284811147105,339.4043167099785,401.1799793953903,357.2017
47,325,300.89837775816767,285.1962411308735,364.430755951393,297.35712
47,310,297.11519689332937,309.03022901934673,279.2564171431314,321.55582
47,360,356.95168878735876,350.06695793339554,354.8521214133043,359.68665
47,340,349.2026826247708,343.82718220812535,349.6814633878031,356.17398
47,205,201.82542733180534,212.25754188544946,204.50266772077418,201.78934
47,180,175.50774858611732,190.8098204219528,176.57278481210997,173.77734
47,205,205.6757253146463,215.7238862281509,194.1501494029945,204.12802
47,300,285.23774581813785,296.23866781366786,299.0280199769334,294.49847
47,200,194.34400765726338,204.64474855133258,206.0321754008841,202.21819
47,350,352.3621947332205,344.5308543199721,359.5024067940884,351.34164
47,370,373.1359206352102,360.658061675525,353.4756314587679,380.7287
47,350,357.6729458295036,346.31527734384343,346.6062384409658,358.30054
47,305,318.1639712521662,306.5377531661664,316.8644231810801,297.9953
47,285,280.8430437688046,288.7255912345217,283.76910711679625,285.53207
47,380,365.7006967895885,356.8275201282922,361.5627077353019,361.7434
47,305,301.8831288392974,300.4276027988897,311.6972260022009,301.5123
47,380,369.6064239059199,356.3389690554434,367.1883808596376,387.6398
47,185,179.7870482883982,192.4871465625876,188.41329416851994,180.64697
47,305,303.23192286509334,299.3157000919351,305.51037858456436,297.9641
47,220,215.87904067736542,224.29109971047473,217.50657468395104,221.81302
47,335,354.70381005721515,354.8375351731603,351.07844819154616,344.06226
47,180,187.9952581441775,190.68385534128183,206.1440772585276,174.71643
47,270,264.69817127673014,273.8655000709365,266.23187631569016,263.17816
47,275,255.00351105324881,284.5694416774853,258.32325381448607,273.22653
47,345,342.1558059651681,336.6988975702946,353.36737895253833,334.746
47,250,244.0723532004555,251.58263038721716,245.93486301049626,240.49948
47,165,177.23018577354622,178.4087727644509,176.91038623730964,175.3665
47,210,195.01046844787464,210.91692373045635,206.99415361498313,199.76376
47,295,290.37113428571445,292.6099990500574,290.94860384615157,284.56818
47,235,230.29439370059617,242.90601886539395,234.68209682447477,244.44092
47,170,184.74345144613724,204.37372752655833,175.31352942029292,181.52336
47,355,347.53585336636036,341.51668114293085,362.9634596495682,357.1254
47,245,256.14762849586543,259.03960613864024,245.89115190255038,258.89032
47,335,343.11566172255147,333.5235167378919,354.1013218088954,345.5021
47,295,300.8974597895432,303.5573809986312,308.3611188899473,298.8505
47,400,413.297558634865,375.9140221447941,384.4285320056091,405.1477
47,365,367.4483085129953,358.9790113630921,371.4479726631407,374.73535
47,190,193.43752756397177,201.35221589140704,194.03039284419071,193.43617
47,185,188.5767816615715,185.65174081637326,191.6564508571359,181.12073
47,395,402.50956388065987,377.35979683987034,382.20689392413476,403.57446
47,270,272.41393028065977,273.1951563115677,275.2238037571522,260.6316
47,360,362.7741167305809,355.966747854803,352.1746682193311,365.58002
47,350,353.7044148676732,352.98079010450346,350.7258798865032,364.73996
47,265,279.43556613245596,281.3612080982246,284.72391425661755,282.98853
47,235,237.56649714669777,246.63893961932206,222.5487073426572,239.56226
47,305,309.9824936930273,319.7268353174603,314.249098490873,310.0435
47,170,173.87656828888709,176.31208578458572,182.14069130244553,168.92526
47,270,272.29485570664383,277.23157764940356,272.041192432291,275.98434
47,390,379.39293148607703,377.3883887558521,368.7579772380353,402.59775
47,170,172.5003258713275,172.547058936434,182.14245832061056,170.54
47,280,273.8404833627848,279.130378824991,287.2508240890249,270.6278
47,165,171.2853252420561,173.03596019721022,174.31750168117898,167.33194
47,265,265.374031047231,271.8816696306301,250.65487144592166,266.74893
47,220,216.2082985464633,223.936754216644,213.5400442766042,216.31303
47,190,192.83012318332027,190.71735316834577,200.19303577116864,185.91345
47,250,251.25049680498094,258.3574439393845,243.1999875864714,247.6078
47,320,330.4274900906137,333.69905711381597,335.8380124472673,321.7263
47,290,283.762410453097,284.7916827059718,302.09491201830474,280.73734
47,360,361.7592519851156,350.5179386816888,349.89810781883557,368.73788
47,195,192.19144850682363,200.65409334265956,200.32921036836495,195.44797
47,205,204.03561800252413,225.97784316505212,198.61848186957116,200.86479
47,265,267.4938900107845,263.7869185919822,259.10472422911147,264.72342
47,250,251.80350203113403,260.8480977973553,249.8972581917237,244.52698
47,225,220.810746074397,230.8411836774337,223.0029701775495,219.56367
47,240,247.9364116097639,244.06596765834465,250.51865496151575,239.99332
47,385,374.6041595640222,361.04924870608676,363.43062191488696,380.44168
47,335,347.60623202201674,339.7841685921293,346.12435770120817,325.17062
47,210,192.72556278151689,206.87316230474315,192.8385851118249,175.03162
47,295,295.4994138162389,301.4289402041744,301.6230557809853,285.906
47,240,242.28622346821214,256.9553396603398,230.9924900472967,241.37222
47,200,207.71589126163428,204.90297050172052,209.55652669736992,197.37117
47,180,192.26813920942226,199.92342519136642,185.36527446719077,202.62712
47,215,215.94976578869134,217.95988225146303,223.50879079787813,204.5136
47,315,298.3311634050333,288.78773087206906,297.10130327580396,301.97986
47,210,206.6998888199626,211.84017312675726,212.00092815356413,197.04907
47,365,366.73678008999093,361.6236078739658,359.30991500472044,371.81128
47,360,366.58495873814957,358.8639216692895,365.1641910846571,375.44202
47,225,230.20417863943635,240.24844921690513,231.26161524360833,223.56187
47,275,277.1289224573691,279.4541094733173,273.49341529579374,280.0516
47,310,321.0347910959547,339.7568115218114,325.8591497811271,317.92575
47,255,253.5688240170055,264.3115951195686,261.0148655668946,270.0446
47,225,227.68493338173346,238.84675795520909,216.2212054785139,225.76025
47,395,371.6292146498288,361.34264660474577,362.24034497875556,373.87833
47,285,291.25653739348354,297.4875057045781,294.0631152064672,283.7938
47,390,372.95097193394685,370.68489602867874,377.1670010954472,375.80887
47,350,346.0336906672346,347.28311860661125,350.7549292344196,345.42368
48,180,184.17886025762215,178.08832681207673,190.75998492448758,173.43408
48,220,220.7059432398027,227.17827792577793,211.34814296756787,225.22673
48,385,381.9144692439505,356.9856842925594,367.70880571813365,383.21802
48,210,201.69994236766576,214.0470875189625,193.1468750675221,192.98569
48,200,207.30027424448042,217.44346704221707,204.43642565051272,206.8247
48,380,376.0238806912909,373.1769921282422,367.29304593775186,385.0158
48,235,239.41264592370618,238.07387982796067,236.1231749758349,224.12677
48,285,277.62685238658486,279.9160056658741,285.70505935136407,281.46246
48,215,218.72695024640478,225.442202935953,218.17491476368753,225.25069
48,170,170.99969500631613,179.31162009287002,188.05207715180285,169.32616
48,390,363.82261936104254,363.27252361064865,353.8074390820771,376.6632
48,325,292.65979649228154,280.6044297124444,361.7675356727698,314.87845
48,205,209.62844074788012,212.62296999296996,215.59708860780307,205.00876
48,270,271.91981543183584,268.9344239570342,275.6209768721338,270.32364
48,365,353.7491747842475,353.33966841709497,356.7114144092122,372.66565
48,400,399.21964243655935,378.0830268111518,384.6062210094156,397.59305
48,385,360.4803104393566,366.923332098185,369.115731511543,378.12247
48,250,250.33388494425589,259.74438829416766,242.13396717649047,249.08882
48,315,325.7161785667011,322.33317839839896,316.6283236083102,317.47934
48,300,289.33177824314913,309.3932271943456,320.7144766586044,300.7019
48,290,287.3965654950994,283.24959632687563,290.13995242946254,281.61588
48,360,356.72401531115986,341.7977067608317,360.7575149549042,346.8657
48,290,282.53142905472333,277.1137178562179,286.554399560905,276.08206
48,230,225.5193707814393,234.67291900637477,225.67008151639274,226.51685
48,230,227.09838576455405,240.48768888654914,228.15689977392003,227.9141
48,175,173.86800299621717,173.803995953665,176.25488681526832,173.28554
48,320,277.37437581923,222.41849039304918,298.83640881826,182.98178
48,265,271.23278545069405,271.6266150053649,243.57740772156654,268.55103
48,215,213.43329111739996,218.99626774097362,203.21208628436713,218.66167
48,200,203.8216900118485,206.08254472379474,203.31559536882781,202.51065
48,225,230.8650609537005,238.470598510966,229.23250989587712,236.83246
48,170,174.32866344878795,183.45743994295458,165.56267018527865,169.44583
48,200,204.45587815852213,209.3405665168165,194.83603111855925,200.14708
48,305,295.3136506046434,300.77669904656744,310.71243931977426,300.8993
48,375,375.16848540663324,362.6690924815926,372.50153479365133,378.17093
48,245,244.47457041003696,246.35251817354748,239.76745306017278,239.48138
48,345,338.45602945389174,341.8251516539017,338.71048814633065,350.12256
48,165,156.14916172147952,176.23487808487818,160.1435562759493,166.45459
48,280,278.66455401824476,288.87753290325657,278.89263043837377,282.85336
48,325,339.8289135344876,354.47014055389064,324.0161638087815,362.76724
48,180,179.8658790161698,189.98201303326306,205.80860237014218,179.74861
48,295,289.75741398779445,287.09676633186496,290.09174615142683,283.61694
48,395,384.95421983032503,378.09717267345945,379.04525180140047,391.90723
48,170,173.0733503048486,175.16728838291345,176.5436898613754,166.1815
48,330,342.440675853709,346.06920857056866,340.48883209885645,338.2163
48,335,351.58320213454175,350.98411584602763,358.8731114441405,342.90726
48,345,349.63197259705674,341.60264198764213,350.03168576738756,338.52582
48,260,265.23663267437036,268.1584933816184,261.1376536443281,264.05536
48,230,231.29763641665903,230.8175963388462,229.19788956565668,221.81544
48,195,190.58904230909576,195.425661953787,200.6352777744049,192.06172
48,375,361.9423026739452,365.8570073445074,375.2504353624687,375.72125
48,325,314.8320099231977,350.22506363505204,338.1643680798786,357.8431
48,375,372.3251204430524,362.57103923853936,364.91563186894916,375.3355
48,330,335.5898470585525,336.86603526103517,350.0632065315066,330.83228
48,355,362.8803641616966,350.2053962377491,353.86623032736895,353.7268
48,390,372.90219400938764,368.53180467680454,353.2328512113566,372.68463
48,370,362.32391973416156,354.58423782236287,343.9862486630024,372.78775
48,195,197.95551083289814,211.85254532504533,190.24394837928403,197.30084
48,340,338.0825474031729,339.93810536685544,340.85759432881457,342.33984
48,315,318.0362374756332,322.0229484880588,312.4952087786231,312.19617
48,165,180.5586780915213,182.358758393023,179.52269007749177,171.62497
48,390,381.9447219531675,370.38019673817456,375.9860968565278,381.12244
48,270,275.41028816967327,277.75096454199394,278.8169282302255,275.85715
48,310,316.13901612437263,308.7580596337214,323.3666128715486,319.07684
48,275,279.5110737319665,271.4466935379434,280.4482206211,269.191
48,400,398.2792496663836,373.243234273896,381.22808876970686,393.63495
48,190,194.45646183500048,203.59262112887112,193.9918076832229,187.77682
48,290,293.6047868861258,296.2505660543159,289.63782625933754,293.90375
48,185,181.77146473720558,194.72487561050065,188.5908188133892,180.50435
48,235,240.08289187756515,243.54763454138453,232.61851015173974,233.68877
48,285,294.6681153748938,297.0603121610357,302.42888500882776,293.71902
48,275,278.8346489819273,276.9896743969539,282.66350523292044,272.71625
48,275,275.82160041884123,275.9115778434529,272.83092244926854,273.98825
48,255,260.8490982697096,263.4236015808811,244.46973507680366,258.85205
48,255,263.957444771983,264.53008385405434,275.24015580081175,263.42706
48,265,262.829958069725,268.1171919978171,249.53272968381924,266.4423
48,275,274.1517838650918,273.14070637695636,275.88262105207855,268.8277
48,300,293.36180429877214,286.1043222518222,301.2879067081944,281.0062
48,345,341.3262523609142,341.08245120620103,350.66640924921296,343.7286
48,335,339.1751300860404,337.53832887371203,351.5705857064405,342.18057
48,395,373.9928675050947,370.6084145484146,370.49990184177415,387.77628
48,320,327.3609302450952,318.2961721149221,338.04673980841335,311.61105
48,235,238.82454401822343,242.68007374569876,232.8964744921453,233.36859
48,200,197.23843800815092,206.96858118733118,206.01893196100858,202.47795
48,350,339.2979418947452,345.884858583682,348.7133933697719,340.34418
48,310,326.91613023325505,319.79886035261035,335.6103136091113,316.3033
48,365,363.6447732046949,355.9006195656196,359.3136498622618,366.75592
48,220,218.18028783064318,224.51809646780245,213.35271625713904,221.37819
48,230,228.5246344208811,230.16734282329858,224.59253494721477,222.6817
48,240,252.50350563555304,256.09609714359704,241.32820630319543,252.10086
48,365,364.84051308844903,351.7632985532984,358.7004395837927,356.81433
48,315,321.10448980605463,323.8909061077811,332.0779165374304,322.6354
48,335,353.1627144608938,354.9168745837496,347.731592834689,345.23373
48,255,252.04365391653636,259.9513862295113,242.3161955626653,261.82565
48,175,175.99943042534647,186.83710914085918,178.6421818290248,174.10316
48,355,354.35997405735776,354.0541515741884,357.36694288367096,364.93
48,250,255.52661874398837,258.7004250814546,253.14186474246407,260.27292
48,200,207.51184673201493,207.33246464183958,208.00649063639642,195.0677
49,380,363.75756662373374,351.4920390280372,359.9106422990813,370.8353
49,280,278.20003734909614,286.021766153559,284.8524270144359,290.72012
49,285,285.2495059388986,297.9520615962637,289.1870721064851,290.3997
49,360,344.5689678384984,349.26035925185903,359.5627966457981,358.35358
49,390,377.4105869984586,371.07789413207763,366.39630928836493,384.47668
49,385,371.7481273859362,354.05022164502185,363.7415975346298,380.0915
49,230,227.02466819494418,234.0491676966825,237.79708514877098,219.62785
49,365,366.03762800325393,350.26412057527614,379.9327206468057,359.0779
49,195,185.88482791326663,200.72831338106351,189.59839858824674,186.14511
49,320,323.0747568792828,321.260197745292,328.4527316967327,318.16873
49,300,297.2507190345464,307.6160744990746,320.41947215895084,301.7621
49,365,361.1740429264983,352.5477088823471,363.14653580489494,358.74426
49,295,295.83860010238135,292.2011136850248,306.4320683136755,291.66705
49,375,394.9522051213109,365.8036848543612,398.1756785253544,387.18896
49,320,317.8698009986032,314.479171324177,329.25358763052384,315.9724
49,175,187.21197088049882,189.48217520796194,177.03250670652955,187.01778
49,350,351.8464040916277,354.8307291335409,354.6384490254178,362.38467
49,325,324.6395644012242,353.9162461182608,322.1574533030519,355.87753
49,330,339.07302756498774,348.2140610720738,340.14733365423115,334.88416
49,190,188.78706528158966,198.54339995168226,209.61985248639868,190.47945
49,330,333.36424226681527,331.2076321617287,350.8613822720549,331.27014
49,270,277.2115593411307,275.5074574968044,278.3799574651388,274.63644
49,355,346.36758492269956,351.7713565078712,347.5740972800698,357.0116
49,350,359.5831980339909,344.23009497789224,359.84943595924346,347.6824
49,360,351.9010768954534,347.200281852996,346.98608296591635,352.66992
49,250,253.49266998577394,251.37046978520263,259.6746877374431,248.17883
49,185,188.45346317581868,192.16930600477957,200.25006347284642,188.27625
49,250,258.9854778076217,254.45997064197937,259.36639592755466,258.09534
49,250,251.38114218593995,258.94446669167604,254.37221712633527,259.41763
49,340,350.98372093702386,341.21234612750135,354.3602149847729,345.03375
49,240,250.3487556050058,241.55672336762402,244.01138943708986,234.41002
49,185,187.18452876833362,196.00046355441944,184.8154013241238,193.169
49,225,217.5335635064094,227.20612651564136,224.68830614254,215.44965
49,215,215.10512403500155,221.74545521145538,225.2793698181998,212.11732
49,370,375.1371858125349,360.97406167980256,365.2223125089354,378.38678
49,190,200.22726514941508,198.06028094372937,199.5062366823658,197.74478
49,210,204.44413899996647,208.23601859251855,197.93547079606836,201.17601
49,325,339.4027004708964,328.80853169854754,335.67862641665033,340.69708
49,165,176.41940901313575,182.41280756171938,159.369426781508,171.28731
49,180,172.5290306955792,178.92410388222874,165.80677190345867,175.42255
49,310,315.29508153883705,311.0193104877148,324.5766416485982,322.30035
49,325,323.42620558239986,326.93759109496665,322.8821032457628,319.0679
49,175,171.68043014742213,173.12978439615938,181.11577942087456,173.79922
49,265,260.1419851385339,256.84605277190695,259.5904077689919,246.02553
49,245,253.7944068988806,259.39141858881794,249.55505955703097,262.38312
49,350,345.85482028358376,348.49568879380115,346.11286453168225,346.39185
49,215,211.80039484228365,219.305811482635,210.28226801781784,222.55713
49,385,382.06771874088696,362.15672804036035,378.40924754879694,382.06323
49,245,244.152149074614,247.66024875650123,244.80401805583148,239.05644
49,395,388.85401313225276,381.22969269739906,382.4383655071283,393.5311
49,310,308.3866971641641,302.39769613174076,316.25613446330993,301.0129
49,170,176.81766560351946,180.27493533508988,176.68459600145553,168.97421
49,305,307.7030487449468,297.866470071595,320.70894623436755,307.68457
49,295,293.27392416213485,283.998487273247,300.1151677020395,275.342
49,290,291.7319522321638,295.78033881817726,289.70711681552046,291.74173
49,390,377.08024071934034,378.64588212114654,371.5478404218501,396.66727
49,335,352.67391314752405,348.2762905875796,359.50036378338524,346.35162
49,210,216.21933776292224,211.16289929514932,212.47956918543758,202.3637
49,210,216.7337377722439,219.79513898389195,196.01338373228663,209.63847
49,270,267.74348291964697,274.178809668011,277.5892579954549,270.7836
49,205,212.4018804592825,211.45992577308309,214.88631295439575,206.15825
49,235,235.91862651178127,240.06772998222587,231.61385977284365,235.96155
49,250,250.5966810387289,257.9363253379216,240.69729786954122,252.23875
49,170,175.00013836349032,170.8358482905983,179.20341946520637,172.17213
49,390,370.8964818851377,365.98886657287426,352.6719184601276,374.5029
49,270,264.17810042212164,272.2575041846514,267.0129438216312,262.97012
49,165,177.68155609895896,169.96485716815874,170.53346738137373,171.03178
49,300,292.6137499599785,290.13764780402965,291.44951298621095,285.67227
49,260,263.66292545576067,266.9411493499358,256.2181745306374,268.58533
49,195,196.9610407650771,197.32772202584994,210.05824766348644,196.81259
49,220,216.92855179844292,224.6546274387378,212.38569386611988,223.4732
49,215,218.0191715325887,225.43480515967406,221.15058478966301,223.0207
49,315,312.47579264284263,334.11780462885116,324.25037016176,323.72473
49,205,207.26628090772846,215.57969046345815,192.18655378397472,208.7437
49,165,174.17393492978218,171.00039846019996,187.11920191955164,169.2236
49,275,276.53594996795744,277.6172539841143,273.614105844724,280.1656
49,295,294.1657570816796,302.29303532646674,301.20768928236276,294.83594
49,385,368.7659707541582,354.2124831574374,358.61466980646185,380.0516
49,185,190.4904788367469,196.0430994063986,191.63300341836833,190.47847
49,315,314.02152800598725,325.11099883503425,311.02953479822366,314.49808
49,275,280.3177100135941,279.42820458471414,280.3674461180967,276.6015
49,375,372.3422763237128,378.1091876799672,370.45408367418787,381.86615
49,265,268.86123725612833,271.3559958050849,240.41269647946356,269.10077
49,255,252.79926060273323,266.5699415031717,248.8830754588775,260.99493
49,260,258.53637006651917,268.88248771983615,263.46538387615163,267.6884
49,345,346.93678776561086,342.02401078764234,340.02800637790153,343.8415
49,350,358.46089187709805,353.28123847253914,362.1182986024005,355.0158
49,290,290.8230152385783,288.2487670350272,291.7668877859592,283.70087
49,380,355.4714264290932,343.177806041181,370.83647338007347,362.3584
49,330,340.2654031803724,334.47096460422273,351.94685284993585,328.00482
49,355,368.7033207280835,342.2903227409846,357.66646748733274,353.44083
49,225,222.00528166249103,232.43417966200474,211.81622602820852,222.64388
49,395,358.0734631449974,223.42922820235333,391.1323445345016,290.1703
49,320,323.3902353124188,329.0048139545794,322.26635301585844,317.7175
49,185,193.40410151265797,190.42951999797583,202.8837377048822,185.4894
49,255,263.1339566291965,261.8025011748802,248.5509524730195,261.05884
49,170,174.3456182144397,178.66173324551278,182.003488851737,168.23563
49,360,359.4434969972348,351.7696928612595,355.5309256713305,358.71832
50,250,255.61954521155974,258.6194965181876,257.579211065847,257.7914
50,330,339.8207051068647,336.91760430664107,351.58854105256455,352.51187
50,375,373.00075302942315,360.6859177285133,371.72550166275073,378.03183
50,215,213.58699754595636,216.76793561095766,220.4947769531795,217.57161
50,400,391.1878972593312,374.53802955133114,379.8394425440733,396.21066
50,210,216.8649270254367,220.6165799372196,194.49781101141167,209.47357
50,230,225.9237033369094,230.63382299563168,224.41099498369857,223.87605
50,185,184.94926948044872,191.21096718151134,197.6493039739235,188.0531
50,385,379.15756948782143,361.81278793918506,375.4231502672502,384.0867
50,355,351.6982091490564,337.91847912708204,358.68456745356445,352.03458
50,280,278.11153361373954,298.99764250047343,290.9017572051748,292.8125
50,215,213.52754146269558,213.36164416139405,220.6423530336071,216.54515
50,195,196.98340230125268,197.42622007159522,209.54155812714163,195.04366
50,290,281.11841904606456,287.85969402819364,296.986515482557,277.53033
50,255,253.1327807401999,254.71431966644454,257.29846597787787,258.23788
50,235,240.88531134294942,240.52184727772234,234.51132170800167,229.39793
50,220,216.50740998934464,225.5341487066857,218.49710754012818,219.99129
50,275,281.5891696516943,279.3035099761349,280.01355852036556,272.75998
50,390,373.46045796623935,379.081670226832,371.1937812010093,398.3341
50,195,190.43260338398352,195.26984948384973,200.31269173324458,196.83524
50,320,321.5645593799121,319.07178534782236,327.6692543099202,318.74634
50,375,372.48549367374267,362.63653496993203,373.85072779131775,376.6696
50,340,340.34873236493877,337.19939550727065,339.62955740163596,337.2565
50,240,244.73328255662682,244.80468531468532,241.8571028443251,244.81738
50,315,316.1673512957783,327.05079770229776,310.71113746558547,310.52875
50,175,163.69346082893622,180.2054236759971,174.92926622833457,173.98544
50,325,333.4004233689092,336.06547544122554,335.3591135598936,321.17572
50,175,168.3338668217067,177.66297360972362,170.89985538622665,182.80405
50,390,375.6601627565127,369.9588994494069,374.4045269334505,371.018
50,345,345.82572343139043,344.87024385336895,354.3030190545997,345.14014
50,265,256.2731657465082,264.4792766816515,263.5632947910162,262.1974
50,250,250.8967141930966,260.1909749539675,244.65497335281287,244.88379
50,285,283.87085584632314,282.87098389110884,297.37570075910673,269.2911
50,175,172.4997701330235,190.39288591473888,187.91298351082648,175.64207
50,330,332.8184004579607,327.87608495181297,343.3098633934036,325.4081
50,400,404.711978724628,384.4089710101989,389.547767662199,397.61496
50,215,217.90670164477513,223.91430927405918,221.47974399573476,221.17961
50,320,319.8119323930772,328.30419134133837,318.2194716162726,329.19586
50,185,185.01094522267772,194.50562877400375,182.98731702965483,190.443
50,390,373.30176563849045,366.34947256583297,351.56142949072773,378.7062
50,350,351.81592563078925,351.04095198673895,354.45686256709496,361.05566
50,320,328.3942451976932,326.92041186264686,339.26504895800235,319.5437
50,190,193.83065096639928,190.32126177988684,201.4707945356348,188.3744
50,295,293.7060209101928,304.18663959651457,295.9207227628857,288.6593
50,380,377.8186435323104,370.9474226789291,368.4086207799505,380.22845
50,195,187.63988176242026,198.5802978132979,188.015378963483,199.94258
50,340,342.51432175973,344.5984694137561,355.06377206177154,339.28812
50,300,288.4314980588474,287.8297480542336,297.15172138801887,284.62576
50,355,362.9894318117118,350.49389373126894,353.3626214802833,356.43466
50,250,249.90480561230493,250.5837653457653,263.427557720803,241.39769
50,370,360.4279966380976,358.6271999577217,345.1413055602222,367.18323
50,390,387.9663417226326,368.6683026581263,376.7802011381529,387.81885
50,305,307.53005435706905,306.2481536380284,318.43235389764,297.49564
50,180,192.02580470812012,185.40952601565115,154.59185294084193,182.76498
50,240,238.44478674261677,257.4425140970143,230.18762720231194,259.15552
50,370,375.3559513059613,363.0893587197116,365.9497329647969,374.87137
50,195,199.05137796654867,200.2797664557665,202.06040565995707,198.16483
50,305,300.51345480560474,308.12057375957414,313.91449062143204,308.39096
50,285,280.6105548926164,287.2921013024644,287.23915707294174,282.30585
50,335,332.2092674411409,335.0790025668774,351.0345072248361,339.829
50,320,315.62326423232776,317.699874825338,328.89150517486803,311.94638
50,285,291.0485865047474,298.56293524531014,287.49069579802403,285.18994
50,265,268.2730349993956,279.55378521040353,269.21808411936314,276.8262
50,280,273.5509273839027,277.17192765829793,283.76966386882657,273.4818
50,205,215.74748555518363,221.7022283868091,205.91795431898748,214.43784
50,250,249.7495503556977,250.64269472194462,261.90724838742454,235.51999
50,285,283.2209847959591,289.43554519091987,289.7830438719909,282.41748
50,400,400.6942459160447,369.65856461593967,397.1456188433253,397.326
50,280,286.7920340810888,293.5117658158837,286.11868632891765,295.98703
50,300,295.4743004278041,311.4016161199911,322.36916096307027,298.1071
50,205,208.6513980022786,221.97303240713538,193.4628244928299,209.46461
50,365,363.4875126004657,357.7093172595373,358.6502388487942,357.90012
50,360,356.38770034711797,342.0664204512807,360.05305588911557,352.2153
50,225,229.52183395589293,238.637518939394,229.69909429803732,229.8371
50,350,342.72740908149285,341.7852456383484,337.3650040295265,336.41302
50,210,209.48462407656905,207.49474408434688,203.49593705050825,198.84888
50,240,235.852702531967,246.1592861305361,236.9428965161665,236.09464
50,310,305.048512983623,300.10115950715965,313.245422699055,303.30096
50,245,255.72703137641918,266.7722766824679,267.13057793591264,260.432
50,170,172.49998093418242,173.81666337094288,177.3509272138176,171.7097
50,170,155.50247461149786,171.93054672370107,167.71236208629847,169.10007
50,200,208.98381643742266,206.71100711788213,194.48934941790168,204.87244
50,280,273.85159640056486,293.08842940392947,277.9949680681584,290.61557
50,170,172.4995866987041,184.08387388755028,188.44271110303424,171.81845
50,275,270.57648077719375,281.432900141525,281.4597929102883,280.6277
50,265,265.4891233109224,264.2521241536242,261.0140516401964,264.6186
50,165,158.20577645973225,172.99865497003003,154.89556792228313,164.74965
50,340,355.1085250239115,346.70872882346396,364.81029284070894,350.46793
50,305,317.48222067517077,321.0436740449092,313.08609229120043,313.11453
50,360,361.0130801401233,350.2935441364192,362.24244240336395,360.94632
50,355,350.3898300976588,344.80986141146434,352.76322852773035,352.83716
50,280,273.98589167325406,270.37173179598176,279.1789828033808,266.06125
50,215,212.66251228012345,219.6270826534575,226.43485244979,213.42427
50,175,178.62623931376936,184.97152380952363,175.54213706574382,186.82195
50,320,287.62885530395124,232.7589216388188,284.4246248531022,257.57047
50,390,384.63252643245414,367.71463808903525,382.26617836910907,390.3245
50,345,346.039610232512,346.7275945998448,356.769039049584,348.6137
50,225,229.74115213884772,243.31574301923573,209.35510011531233,224.82861
51,240,252.84105898253523,255.97502260456235,241.13370679090633,251.57039
51,400,407.4105887456575,381.2543260905762,387.76782381540994,395.6409
51,180,174.3087959420327,178.2904983442483,181.14022329966662,175.66388
51,375,369.75147982998186,367.87506425105107,351.00138904279703,381.38474
51,205,214.45248083170216,223.3430641349392,205.71901374543,218.29352
51,320,329.56200275281617,319.0085492747994,340.38186939963117,311.58557
51,245,249.53190922342827,260.3558319327612,240.75336379016244,260.96918
51,295,294.47717262784,299.2634353516853,297.14731012349233,290.3199
51,340,340.3355079701973,341.30328510417513,357.57001828099675,338.3145
51,330,332.19016356081096,327.91255965031706,341.8711433883103,331.4708
51,230,238.15508069853126,236.38219858844852,237.18743323102586,233.43346
51,315,318.0446307341173,323.4244477251815,320.74368916638076,318.55035
51,250,250.86580661178374,255.03382083563977,261.27912327172476,238.57878
51,365,359.7696934848952,349.6360056137439,360.49268993604585,357.54523
51,210,194.63722524392028,206.03530351592855,203.86309345795502,204.09444
51,355,353.89714335543437,349.8225145225145,357.6202537602046,350.87943
51,260,261.2437961352498,267.6200183955194,257.32924455335205,264.23798
51,215,210.6617191088605,219.46133013283014,209.1478065572474,221.86963
51,195,191.140048032121,199.30578754578752,201.4674109392859,202.04541
51,310,296.50525991561665,306.00310654487123,315.6345111763448,323.3551
51,325,314.8160509778021,346.80600591946194,337.2441186671379,351.5944
51,175,175.81802065032804,183.71244162564017,180.68254795465538,174.1248
51,170,180.76106177612246,200.6141491515021,174.471968608694,172.71704
51,255,261.0827663467865,262.4220891744422,246.16780726644078,269.51178
51,200,199.85047602155987,227.34069469881962,188.96615967262514,210.12273
51,195,187.98591828191763,204.02712801550302,184.83049759614977,199.41444
51,190,187.65126865077963,199.29912569375077,191.3037453642084,194.33669
51,285,292.2304980872435,298.4847041942025,299.92043778042563,292.1627
51,170,166.3934980976362,178.12120617808114,178.6118452578371,170.65617
51,200,203.1938412033213,209.92623044085542,196.48839363110017,208.76552
51,305,300.49823475857806,301.355346935472,309.20121947477315,298.11523
51,400,404.4479617437567,373.9906423948859,378.03230442350946,394.31494
51,185,184.61419564532952,191.8548104441853,196.68443088208173,186.57967
51,395,400.8371773629857,376.0380146241217,385.68171157549693,404.47647
51,170,181.1052221481431,184.52226276038778,169.77944907631218,172.67293
51,370,371.4429931144162,356.0530206136456,363.1030006542923,371.0358
51,290,281.98777911150614,281.4500554804232,295.80428667755206,273.78198
51,385,366.96835128403643,356.54727365635443,358.68965638984133,378.60696
51,380,357.617014224938,345.9327239427239,344.42416353537936,374.42615
51,275,274.965904761251,282.07321742464677,271.65593416641025,288.3618
51,265,270.19781789121623,281.0483227302806,269.8368740077396,279.25262
51,350,355.93436578894773,346.4909643828396,344.06076481863494,349.31488
51,230,231.59451128991668,239.93844602565198,223.33567872055264,229.91096
51,240,244.6236857057653,243.85632125041138,241.9452774666239,242.59853
51,235,238.6296407567844,242.74807713154868,231.38167463237008,232.01013
51,315,330.07103904592964,317.24435338354454,320.96213802394766,312.23816
51,255,255.52038952109456,256.9227335596794,259.3226484155525,259.73047
51,215,205.93160983793103,217.3488319134569,206.32099726869507,219.7967
51,320,326.7661722130531,323.6514722075596,338.77809671708513,311.6672
51,350,342.0628583730834,349.35006722550685,350.42005182528135,347.41602
51,385,380.42285368115154,363.249580846713,378.5057990675867,379.95993
51,370,360.28736305283917,358.26158271331064,339.14968587915916,364.0063
51,300,287.1904495547125,296.39130019845743,296.8012849303667,291.35522
51,220,215.52858940343668,222.88285464535463,219.3861829243734,219.42142
51,310,328.03190183389216,307.94938611089333,331.0092345886417,321.55386
51,290,284.32616113978736,283.1985798590946,298.38101574189955,285.04074
51,185,177.73349733863546,190.5655739549122,188.57753158489945,181.4314
51,270,271.676587281206,274.90409120374824,273.043175618613,263.68503
51,170,172.50031062447857,184.70577658452657,190.31822886558254,171.84065
51,370,373.49210786419604,363.78670494538176,361.7304657253591,378.92386
51,395,386.3986051872995,368.61251040260913,365.66450187589453,394.4091
51,265,272.1807849758692,271.17963786213784,243.7848686530803,273.92197
51,275,273.9215626999926,275.6295899551999,277.0008525712191,265.9881
51,375,364.707372611977,362.34451723714886,371.44791510225923,384.8544
51,165,178.02517829813826,177.02326925389423,187.52017127474483,169.7027
51,220,218.29782671362233,226.8505653420653,220.82684073216694,228.2069
51,345,341.308105114195,321.64179740194453,355.5599050244191,348.94568
51,210,201.1397212919257,206.77327364628837,194.94130833785164,197.70859
51,230,222.05862445377056,242.08683115495617,224.9148748660363,226.19563
51,350,342.7640240178928,341.3957951274766,346.8663857248406,352.5433
51,215,212.36068567293478,216.37295794483293,219.96488531540365,213.79263
51,300,288.21710260055943,284.7899768981019,291.2164421051361,277.9941
51,305,320.49795410471245,321.1281186679429,314.0357729562278,314.0803
51,330,344.97291830752863,337.0827256592736,342.9953526035309,335.45883
51,285,292.59587080024426,290.7903818580657,299.0936005536459,289.9025
51,170,172.50002189879913,173.05726750101746,179.83966670743337,170.49959
51,345,346.734749378268,346.4905779815049,355.1904896256623,348.58716
51,290,283.24046548735566,279.953523965488,286.57481038617595,276.02554
51,365,370.00089762452956,356.0802269027268,372.6472743116063,373.613
51,235,235.3820286088258,243.91047401267284,229.81575561630734,237.94754
51,390,368.5362218617483,363.43445474596217,354.56482364477097,381.31784
51,360,352.5783913597638,349.67806026761883,371.254625249706,351.2307
51,320,276.4543685208913,222.82527558576902,286.17415440826557,186.99521
51,165,172.27776518491567,197.08385562558354,197.09195864100948,175.58498
51,355,354.01073471479606,341.61497646960885,358.1646948029618,344.3084
51,390,377.9986907273193,374.46146773297517,369.379363183544,394.63382
51,200,194.83379091957033,204.50953049265547,204.83736555979272,202.69135
51,395,384.8117198386397,367.33514924753865,367.8907304125642,379.53226
51,330,323.5629883285535,334.8667365995753,337.7477630359383,335.7941
51,265,268.94769855100617,264.66391438422664,269.3215272890174,260.41876
51,320,276.42644785244266,241.03811102568454,269.12080487978477,262.8103
51,265,266.4696746740229,271.5331212357148,253.89150429626463,265.42807
51,205,214.13093813204645,228.68780187405184,191.29235059903394,212.76207
51,270,277.2653562118757,274.3948902355697,277.3683622324727,273.6789
51,280,279.81636549427117,281.90493157680385,284.22286192233383,290.55695
51,245,256.2970535882173,259.4873055386263,248.96929377232033,266.3654
51,335,344.8330525716624,333.38484226120096,353.22923903682926,338.46277
51,235,232.4896545563004,243.49183224975758,231.90872433173564,241.11479
52,370,374.20393775135074,363.1492810015717,358.784689689257,378.28754
52,200,203.72681990582817,205.61211919616338,195.38316741303993,199.23442
52,340,351.68902902728314,340.08472830335734,350.71590123668295,349.16803
52,185,179.61598114714354,193.70404964817578,186.32560345732315,191.15387
52,285,277.1883071329222,279.3814970281109,286.81572205158926,280.42615
52,380,354.64353322356806,348.22844670160055,348.5217769127598,370.59268
52,175,168.266486043601,180.5620320828409,184.16694577115953,176.71461
52,255,251.77704386349194,262.8780132570595,244.82128709192432,264.41284
52,175,175.9996663474692,185.31516129159513,181.47402495772687,176.3405
52,385,375.18283737651166,375.5263638207132,368.71107844581104,376.8457
52,355,365.37267339747825,351.7149429298771,354.44107638858117,357.75696
52,285,282.9923219633846,281.3203159751322,296.3307365368153,274.29822
52,195,198.32186799262269,201.4854941817441,198.5954473460995,200.41261
52,305,315.5822607890152,320.80893120889584,312.7792060217006,317.82245
52,165,168.32445995030722,170.93411477955593,190.21441139682616,170.69452
52,250,251.08987047340804,255.87376239409298,252.74051858109186,243.77817
52,355,350.13730561743307,336.42556639729725,359.5195772594234,356.77826
52,395,425.34795615558767,238.7430477891275,421.29867338324743,301.6829
52,340,335.87777733962025,337.4452128778787,337.2158059882558,333.93588
52,210,199.03372833282788,209.3596538184037,205.96067274203114,202.93484
52,390,371.6025520562649,365.436565146455,356.2789279311531,381.1687
52,335,349.5878797322439,347.19672960744975,361.05956834293875,342.47705
52,305,302.5698076171532,299.90735918538616,308.6950868514658,301.88168
52,305,298.53558593271475,299.92794809479255,304.23464202850084,297.75037
52,230,230.37046061062006,244.39073679792432,222.6628152725912,228.24397
52,375,368.84222790618253,368.6324385554533,354.2183276143694,376.2441
52,260,256.9401232650572,266.4640700445064,258.72053777729985,262.21722
52,170,170.9997460149548,173.42902590465087,183.06135431174206,171.46297
52,185,181.9810057490148,193.95129911167516,193.96392658148835,190.01846
52,380,382.93906225862816,366.17018606319004,365.99974960820794,372.71738
52,205,205.53590462598436,211.49765059015053,218.31513108378795,203.52963
52,280,277.8706114871659,282.6892737314428,283.76740672270216,293.0705
52,380,380.49430403301324,356.80794761264275,374.59831499249884,373.43985
52,355,352.5502088555989,339.69802276291256,359.0918088396919,351.10513
52,370,365.31608679224144,361.35725232875495,370.82494556971807,369.5335
52,180,180.0166137631005,188.15663458739127,164.95713671973866,175.34258
52,200,207.44407852772713,217.34064888814888,206.55593956169133,200.87964
52,345,348.8565097863766,342.2595982024275,351.1124642139711,339.06708
52,295,293.1233755573876,283.76242348790544,300.4714790615998,277.7471
52,310,325.364162093342,321.46040123904584,337.01330378664244,313.0836
52,270,268.1788962470383,271.40444383180335,276.44785286259497,271.0074
52,245,258.705435251779,267.57005554832017,261.98286810689376,263.55585
52,185,184.70876775358988,195.3935671908183,186.029853688266,191.68524
52,310,320.13950278070774,310.25368818341246,327.0282146315179,318.2414
52,210,207.7000739583974,209.76335869979826,199.19155278395,210.83772
52,230,228.88771288914745,239.78462059590737,227.23929867659285,231.295
52,345,344.7677109198647,344.4863822352928,340.43281600942487,345.73175
52,250,257.51652127672287,259.0364476213887,258.5039077558939,258.31674
52,270,276.4345781738482,278.201292001814,274.1041254444435,272.69467
52,380,384.6869549648753,358.5691267528767,368.3590780831378,374.27026
52,235,231.48610533081512,245.7063635925734,220.53893266135805,243.55424
52,220,218.60769972084745,223.91788207960624,209.93540477592666,221.26135
52,370,368.6701428202913,362.07451129332674,369.8752541081157,370.91394
52,285,294.57662166048647,291.8260433673731,301.77784573737404,287.44113
52,290,282.2761684207544,293.52900938888985,293.5926714186795,290.24515
52,310,322.5522414014413,324.91875927993584,320.14086630949765,332.31155
52,220,221.78789212298136,226.95716504269438,217.45791192920575,226.19049
52,220,217.48269903147127,224.04156359911892,212.6730293871113,221.14946
52,200,203.97337412241438,206.82538988788977,206.70599071856742,200.04228
52,310,285.3718810136322,310.4561686679334,301.8850655826388,319.05048
52,250,251.35713447848389,249.43650086950095,262.74731678470965,246.59084
52,200,205.54819926942378,211.31070693195687,195.3416424968277,205.09697
52,375,375.92484355518775,359.2954183848578,368.46419826464734,376.06052
52,300,287.0882999321648,282.0635796876412,295.00379782606524,273.78143
52,170,171.00005983382204,190.58120014789137,196.0020176059739,171.62726
52,245,236.4655318546338,243.69696719192632,230.24804429893095,237.19722
52,350,357.87128070724737,351.0013199128822,348.84126093812324,355.45673
52,175,185.94010459732996,249.5953296009548,221.30311979797216,203.74294
52,245,253.29341033981132,259.3348374119841,243.35922496185054,264.3366
52,275,275.5930594386813,273.7102853974135,279.11607781629857,272.3444
52,165,156.0152698538466,192.4332836607837,200.19121233821005,174.54608
52,345,339.22126684457555,320.1731586346659,359.3634539420306,354.807
52,355,343.3826846860361,342.86407682431883,362.35249858238046,344.74277
52,400,400.27385364284737,369.72630890422454,398.79500211858954,392.3255
52,215,214.88616737681514,218.21413656604844,211.19813048644937,221.23503
52,220,214.25737166628733,221.23409108320882,207.81111351983583,221.4058
52,280,274.1266412086187,286.6677918149658,276.706882925319,285.16812
52,280,279.3752765863686,277.4915224083468,286.779222259006,274.73328
52,265,265.4125273476226,266.36507276860254,272.0345298976781,254.36723
52,390,389.0048117559194,365.0872432945596,365.39995480152965,391.49503
52,235,237.50150764533043,237.3310106061723,231.3549788506888,229.44987
52,345,347.234008791062,349.09772370520216,356.47479739694097,361.34702
52,320,344.3811187599182,342.76500680509713,352.23769361669923,338.87848
52,170,169.22405738402307,178.28720420782918,175.01533428657274,170.80319
52,210,202.7169485983532,225.62681851354267,197.29437116975635,211.92558
52,265,272.7334043089422,267.003765850163,243.6795503410666,268.16992
52,235,238.60091399490636,237.38599532678174,230.8528702243763,229.11684
52,185,189.8783415172876,196.05748865062205,191.6094545065555,191.46689
52,340,342.6852488530383,342.93546745142703,346.5336316047444,337.4765
52,345,343.03435153787353,345.2054707775742,352.36019467031997,343.80157
52,395,372.2672986901848,360.42273411916455,364.84483006898813,368.60278
52,315,336.94937981949556,332.7610729072125,345.04157663897973,331.59647
52,355,365.20340196856483,342.9429186785438,360.98049950532516,355.0048
52,310,306.4909538941756,313.17674759858295,309.25824542791617,307.26605
52,285,282.31718462538834,290.32348390810046,289.32375163185833,287.73602
52,310,308.1850458264944,309.6850490046446,313.18317365398394,310.16663
52,295,301.2276288958467,293.8747986639972,306.73993620579853,293.78217
52,280,274.17930323912094,281.1574461483634,275.16330968221445,288.47815
53,185,185.57072881994966,191.04461813186816,195.96627351420977,191.07704
53,240,244.20258201452523,253.1442264541015,248.84255291658044,256.5811
53,200,206.37441002236392,217.33796560384053,201.6972523929863,205.12703
53,225,221.53543590705482,232.06134043734056,213.12411633897256,226.27992
53,285,281.77671335403846,290.1438375513374,288.7794778332994,289.39044
53,395,402.4021500484001,379.94642100954604,382.3907745445885,397.68893
53,215,212.30726264318412,217.80008767621263,209.517711645078,220.78625
53,165,176.58499737105302,172.29873251993098,173.19045932498375,172.47021
53,245,238.06468977948094,242.60820859695858,230.53249832693075,235.97566
53,345,356.58347666404114,345.5319168886669,349.6065053936994,349.57413
53,280,272.47088403175565,291.0321067543564,280.43699907736305,285.41794
53,290,285.24744933999204,302.7639422383169,298.1386606673862,290.71545
53,305,315.21518575750264,314.34069064269056,324.0267763518019,314.22705
53,210,199.83849785834445,207.8910879580946,200.45900880884994,196.77878
53,325,303.9827516548198,280.36600093697155,375.9001894849977,317.57043
53,280,275.7075406098617,281.65882112332093,274.8679699436449,286.69656
53,310,303.3909451040831,299.63941984262726,315.0620695566489,304.14755
53,350,352.9756474051938,355.5251542346541,352.99509437909717,364.76318
53,325,336.2585182494422,355.3056898846768,322.5048033701282,361.20868
53,300,302.1739320026139,300.6320299145299,300.44346400562415,300.7381
53,375,378.25646261293633,363.2830339521587,365.81034037064865,377.68765
53,280,277.2732286867331,282.94794186369165,287.03834379454037,291.52725
53,295,292.7614457888992,280.7339790936188,302.07003596167164,276.10425
53,205,204.80461315096898,213.58459181096677,216.2427138029643,202.10085
53,245,247.53375454501187,257.69337839856195,242.71762198462895,262.58908
53,285,286.35816903901315,288.6842423540511,292.57534707298055,287.96558
53,190,195.19999045634938,197.43962083749585,195.97669865934472,196.69125
53,255,252.2310744701643,267.71417193835555,252.3806293760615,269.30313
53,290,283.51216854612414,285.69592381229876,301.9163460807371,284.11752
53,310,325.0955071188003,320.16165628407515,336.79911961402627,315.99695
53,375,403.61112751859304,365.662516933531,397.0440094795191,390.67645
53,170,172.50018087742325,184.10664761627265,188.96442998022013,169.87859
53,325,309.2442061349789,308.26621751614385,345.6625340754474,322.34018
53,180,187.717139156356,195.68785904373402,182.46523315998093,181.97975
53,205,204.14398753850296,208.8076025363525,203.0277734068339,203.78839
53,240,247.12219616333144,244.13233650336576,254.4208963025108,237.13432
53,275,268.94884579486694,271.8826790643996,277.5501755521029,271.37198
53,335,342.43559894474464,330.7440642447936,337.19480222939575,337.11917
53,225,219.81468500575454,226.5044150449223,220.89861002519766,218.11642
53,240,237.90808205164274,249.9962916634019,238.9478691702523,247.03705
53,215,211.2336755957419,220.00572849372853,199.02364555639278,216.67346
53,180,175.2155021865013,178.91195985958478,164.44737324737955,175.45247
53,210,206.11680408960228,205.19931604506598,206.93072568110685,199.85773
53,335,336.2238261006355,329.6231169802417,349.0271693427901,338.93362
53,190,186.50434401900873,195.82994627594636,179.5824469083969,193.50409
53,390,382.85494344747644,370.01433599815186,375.34339823359466,380.54016
53,265,266.72038967110177,264.4098000267705,275.4339599038741,258.9106
53,305,299.0157136667523,300.9558801476302,308.34482178594254,293.82196
53,375,354.4797188057831,327.58988095646197,359.4189880219441,350.05664
53,395,389.3704867527007,371.83336935450194,369.834055442698,394.28867
53,290,283.81066919457413,285.9422444222444,296.19404724003385,278.61752
53,360,357.38018654725226,349.0333598933746,352.99961652613865,355.9613
53,400,396.1279328022367,332.569207195582,378.1296623128586,341.46304
53,255,246.99605288407255,264.00373380051315,262.9451169841063,264.33032
53,170,177.2029473760168,176.1258233318968,167.3037300964444,168.22581
53,390,363.79874936298734,347.0367176597912,365.6266786157528,369.1578
53,330,322.3528539467876,338.3431962481964,334.84651918906,328.7255
53,310,318.0827125859377,306.0824341140884,345.1210953276694,317.07013
53,315,320.02952075785674,324.38154313741785,330.48407776821705,322.20184
53,345,348.1100419860581,335.27781669719155,353.945003095273,352.79666
53,230,227.52892746322746,233.3087011615834,226.2215193374754,224.9587
53,205,210.53507426449272,208.27432989232992,215.32794066785561,204.1794
53,395,368.88359356812214,364.25820787872254,364.08647845362606,369.44125
53,320,281.3468323947631,214.90019914807414,297.6597987028079,191.07645
53,385,370.1822354560278,354.1170374429492,360.31396814841037,369.33542
53,260,262.66211027045597,274.0996564611856,267.533388191588,274.60907
53,195,201.7751059127209,198.6950211455211,198.97651501701313,193.79318
53,360,343.28876672293035,342.074350940726,347.87505327831866,362.30643
53,170,170.6620683008827,175.31345194837843,172.4148675274747,171.94548
53,305,299.83512468373556,296.8300037552316,323.2322614615966,308.703
53,250,252.90796226885362,254.26875421963635,263.26332427644445,243.8011
53,220,224.5175148449833,235.54028150525946,204.15244794731944,227.6808
53,270,260.14003278857086,264.00077780389563,271.97930955865377,265.4899
53,330,335.233493268571,328.75546647796654,347.1377966481944,334.17792
53,350,340.90772578408274,337.5580523226772,334.3390268509648,343.58646
53,290,282.3166510858029,285.75470364357847,302.45601679073894,280.0945
53,375,369.18763185980936,361.1985805029592,374.5739360542839,368.79932
53,375,369.647485735701,361.8399800893549,369.6102655983643,379.04324
53,340,340.5434656616904,341.5766333005228,340.38131927830517,347.2085
53,260,258.3097671435268,260.6575047313796,259.75785618961805,254.41231
53,265,269.910175619642,281.1358119633636,273.82362097038475,276.86066
53,190,182.87003887470593,194.96531136918642,202.41572952713886,192.34499
53,340,341.08931342893237,342.546717216607,350.833179843567,338.604
53,380,354.2772783757374,347.96215818903335,346.85337241669805,374.09518
53,225,223.48896269590819,224.9325686535687,224.2614607517096,221.96747
53,355,383.12476609759807,345.90837271062276,367.2020869237489,355.5966
53,180,186.22357052949513,176.30800296925295,192.878233424359,172.46951
53,395,392.75087132978007,231.1760238511489,423.0645145427178,255.70578
53,365,365.9494249185714,350.22854738643696,360.086811372581,355.33566
53,175,163.22678357463627,178.02735111620404,175.06475926184658,178.30426
53,195,197.55997593826532,203.36760983460988,189.32964148642998,194.48032
53,400,394.0108337491706,375.50362642912637,382.39831352690527,393.7974
53,180,177.85461751753041,185.2103771922522,177.38055222372935,179.45953
53,270,270.10201619649945,271.0125725638738,274.8051816665989,272.84552
53,365,356.2266260949414,348.5505771532386,351.4090903018578,359.4252
53,215,218.28195966789357,225.2558613608613,218.13122671937435,220.85822
53,245,244.82022511315068,245.78825136872936,254.21403116394052,239.66454
53,245,252.434621898943,260.0294004932975,244.13825309526325,265.45148
54,290,282.2997703871435,287.04086947774437,283.7811282985102,284.35355
54,185,183.07459429104898,190.47210948773449,184.21000579042905,198.0636
54,325,337.30620983156535,320.3272084569702,334.6881164253846,339.52856
54,195,198.17965013383747,196.46955107392606,198.62605960337072,193.02356
54,205,202.9659216810257,207.66457617674726,202.57523624365462,207.98343
54,180,172.16349827923926,182.44543845043847,179.41917584469857,179.49016
54,300,292.3113612308717,285.9490170078963,297.08289820270574,287.6717
54,370,372.3734974576592,363.2154763292263,361.2062457411456,370.89078
54,335,350.86906270310993,347.19761252636255,348.33254460821166,333.73865
54,205,214.9587651105931,225.8397888222888,204.26016642520065,222.65105
54,165,153.98474877235344,178.86426698301702,164.52070897398914,167.08191
54,305,304.3477321635849,301.56347534001947,319.87673891005534,311.0269
54,295,292.13985284880124,301.27674499112004,295.45677683993705,286.03424
54,270,272.6757053779601,277.2058364470497,272.01939263236807,268.093
54,390,374.82337305729044,364.9627465671585,373.0409226309322,356.64758
54,390,360.43287640767727,357.4871081777699,353.13987718604676,375.8346
54,280,278.94968058502326,289.81394529082024,281.5347632488969,281.06842
54,175,197.73039022003093,235.29005328005326,208.3744975572356,208.25262
54,230,225.83132864158102,242.5848532023532,222.1567302708293,230.22289
54,375,354.75755037585884,345.00069277944283,364.4701671468613,369.149
54,310,303.98493876157835,312.47505827505836,304.0374932305989,326.35675
54,340,338.1005148243141,336.84202503787054,352.22261138428405,336.3081
54,225,223.79546994838137,228.99779812099655,212.0936549844793,224.09123
54,240,251.19693396707697,257.0720082695083,244.98412462088658,252.54732
54,370,375.99130442130354,369.9888872238872,366.0528541207609,379.23
54,185,175.60926466312907,180.80197753635252,190.4756115790704,178.67558
54,260,266.34435841072985,267.6922516372517,266.4804054833426,263.13522
54,345,347.15593196475055,345.622528998779,358.2134662766873,351.02408
54,400,407.20195790067936,384.40561306748793,381.6595929096327,399.72165
54,255,258.5934042287384,273.1289697108448,267.8146255769889,262.56952
54,175,177.50005449739507,180.27944416694413,178.31670415518073,176.95558
54,280,277.1119255947013,297.70016892829403,288.91092164268326,285.01407
54,385,374.4546431101906,368.65352148668336,363.7626403903988,363.9203
54,255,249.00824157605922,262.87629560892475,259.47386341031154,266.90002
54,350,354.8059222041433,347.58777861844027,353.44575410278526,355.2201
54,190,188.69323346213497,194.66499118936622,185.90470109416475,196.50183
54,275,269.17831311288325,281.8048556998557,263.9476516832984,264.62497
54,315,317.94081606827723,325.45323717948713,329.2439222392129,319.45547
54,200,208.2688052319482,203.62697157009654,208.55329538368449,200.97455
54,370,374.4914848870654,363.1111796536797,365.11967412232616,376.9566
54,220,216.91181789222122,226.80010019392367,216.3581351067714,221.69333
54,225,228.93735477517322,241.148654123654,211.18972627785044,233.93947
54,165,181.3691071146348,175.4823696891344,181.1185668928092,172.31145
54,345,347.4231564341024,341.4653349224305,343.21294790959183,334.18375
54,270,271.2670729083745,276.13590456478374,271.7314963034263,277.96106
54,265,281.05762767782784,280.0613920402713,285.78386163271114,278.1882
54,330,345.03398885964134,341.5145622351504,344.4871190107309,327.407
54,255,252.66742080972898,255.6570832925244,258.3975079617922,248.79353
54,400,395.704997141839,330.47755050505043,370.7177749152877,330.50186
54,235,235.8194936376945,242.43255916598014,230.09792275259042,236.77354
54,225,225.91686449519125,238.8174926462425,215.93844176436914,236.52682
54,295,290.73048991388833,294.1498529248529,289.4393312968995,285.16757
54,255,251.10259651063467,251.6550914363414,257.2330089417816,254.08272
54,255,251.39567904755546,263.87331719844644,243.92954642332165,260.52777
54,360,367.1809122988423,356.89395775792843,352.81625169644985,363.0
54,320,269.4739364794454,217.08460886335885,279.07607034257643,214.30568
54,400,405.3503055965734,372.5960936285935,399.97192950387995,399.56186
54,270,271.9320922873383,278.35315830003333,273.6537186663377,274.57373
54,260,263.38329630411516,268.0901979565772,262.4169239561634,261.51337
54,235,228.76374644035462,247.2155092714302,238.2243883412842,239.2625
54,310,298.88373507094735,284.6602180290973,303.57634197359954,275.29535
54,245,254.1676644770934,263.7710542235542,267.385711668158,263.84973
54,200,203.04847491242214,202.38939810189805,204.3431931267303,198.863
54,180,172.0571299227987,173.45693123869592,177.9464754429722,173.04584
54,325,321.9531116945201,307.79202741702744,331.6943691176883,315.58417
54,300,289.6186470337197,304.0536308136307,298.1726324181721,291.80634
54,230,222.127345637661,231.13255217005224,228.56024272588755,222.78741
54,220,225.8533489849779,233.36335628552726,205.64474369145762,229.0908
54,305,315.03368754167246,303.6495629370629,320.7438287179556,299.4383
54,390,379.9316775298019,372.46071629759115,366.760562041349,387.3315
54,325,335.1514997148151,338.92887215753586,349.42666745887607,338.60422
54,215,212.82431374751746,217.51506202131196,217.85362498323295,213.07178
54,190,188.2642523829756,191.19037178099677,182.81066322990864,190.93523
54,350,358.3077098778719,348.4829085174179,343.18177634292596,351.9115
54,310,324.3796587380818,313.184531024531,334.61877694986026,309.644
54,210,209.02086037571854,206.0956499056499,209.42037717737307,199.8851
54,170,171.0970443757356,174.9289206626707,175.09503643864056,166.6644
54,360,357.4107336325637,355.41913427287164,353.44322005144284,367.76904
54,340,338.5799947775416,339.57115223856607,341.6019253026817,342.3454
54,295,301.23278594271716,307.725724136974,309.23622657143517,302.33264
54,350,353.7566476369631,348.61742972305467,358.46222989166114,344.98047
54,265,267.25362612698217,264.728450658396,259.96063995364244,257.1561
54,365,364.3769309447362,358.0481831406706,357.47953285031633,366.2012
54,300,291.3535645513784,281.18212070974994,300.2050158517112,281.82666
54,365,364.3974362484592,350.5353587346843,361.36553188807005,359.7932
54,390,380.7253628414267,348.71105312171477,374.0806932165103,375.62033
54,250,249.01082991111645,259.71411528830646,244.05026679833136,249.37204
54,175,169.62549552109533,171.70887235313702,177.01494413624857,172.70146
54,355,346.34426605096354,331.03149863208694,356.79190616550216,342.77826
54,165,160.1017515160205,169.17381976683447,155.10481695965103,166.95583
54,395,335.5750777027927,219.66545523920524,385.4892936654593,283.58398
54,360,355.56387245031755,351.1854974236098,353.1701226125043,356.62878
54,290,285.8893611985598,286.96445276945286,303.74504860540725,279.6842
54,380,357.7910304265544,348.5533386058386,341.81013589783566,372.6636
54,305,302.51573517624917,301.35985319419143,307.2737556521716,299.21222
54,205,208.36531836100556,220.67445929070925,194.62629704745208,220.024
54,335,346.4596522087907,336.33075985317345,342.05459919509894,329.98004
54,225,217.0490073026038,227.9352644577644,221.3407133636666,221.16597
55,330,342.2737694399495,336.1912770530126,350.70586741404225,343.11313
55,350,343.39006077672735,342.0399888959083,335.70920152028367,337.25626
55,300,306.44339685107917,301.7179061494063,312.09972527695504,285.74155
55,350,356.5703229736273,348.4907883644133,344.67589857684965,350.28912
55,345,352.53949409839714,340.8819119426325,348.88100812178675,350.32468
55,175,181.30501343885805,184.16977953990445,174.44142209588102,179.54726
55,225,230.05074871197968,234.18937622100106,229.69583033481857,232.34674
55,185,179.8448331329805,191.9114511591349,181.97287766347225,189.64146
55,210,210.71882376587905,209.37853215403447,213.16072805838547,199.30864
55,275,279.76821896675705,278.30172633281757,279.9531301932269,275.56458
55,320,324.36368934477986,327.858069014319,336.77567674960983,318.65485
55,360,354.50993462009916,345.7856387436094,344.2114301170159,354.78574
55,260,261.4834444856214,265.8770806399482,253.66053214128036,270.3952
55,280,277.7582504241602,288.15080161586775,281.0078786954516,282.12762
55,330,329.5503432649968,319.407704850748,327.43839877061623,314.98416
55,365,362.9836646644737,352.4760382880365,365.21323631423763,354.63675
55,305,316.29708393392656,305.3502635909841,321.9314349544604,296.60406
55,200,201.52889565027795,205.36311067200785,196.91700327873787,188.86708
55,390,384.023257680267,369.2023304195805,371.7029912592993,385.1534
55,370,376.01585791623415,361.61949578126536,373.5617644573528,363.47028
55,385,372.08720630845534,363.0943501980044,369.40651033775504,367.13843
55,360,353.9508865063879,346.69271871184384,371.32390565819446,350.0891
55,370,363.79931381834655,356.7849058295505,345.44374223514706,363.34247
55,185,192.7733070500028,187.07759011413415,195.09328007179488,183.10779
55,250,256.85112440096503,251.8826673759247,258.6275758901742,256.3081
55,220,221.1431603076477,226.81948741536254,212.94282048818354,223.72794
55,280,275.9168364575939,279.18042273249625,284.77327654390024,279.20007
55,295,292.84043598135304,288.28200450285,304.5679107564562,288.66614
55,195,194.72304973292154,194.73514857854545,201.80971848534412,194.17934
55,395,374.2613235599321,375.6787087357088,372.301282625855,393.39313
55,385,369.335329309868,355.146796148296,372.9183298942856,363.4051
55,340,340.64312083738463,338.9597535658788,339.501326280438,337.3862
55,320,325.58283461959155,318.2173591269842,328.939773477157,315.84686
55,280,279.9352005929235,286.36410634463573,280.5363614839736,283.85306
55,390,374.4410275511289,366.671849864188,352.844301063325,374.13834
55,370,365.7517030330821,356.57345315060775,368.2086081741273,368.57953
55,295,276.32477443746683,282.695073106632,285.95766326775566,278.6155
55,305,299.3616990623279,300.29097133585367,297.474384312724,300.75406
55,275,271.6047581730525,279.85774557795133,281.99763022019226,278.59665
55,170,172.5003883163103,174.25865720635574,183.6982510626424,171.57684
55,195,196.41174583770066,196.49782492997196,208.8876822908502,193.34358
55,180,171.09679332274618,183.95542587967586,176.92033841823087,180.88863
55,305,318.34321252058174,314.130754829364,324.215186159964,309.20627
55,225,225.6720528544118,229.96542612942636,228.33922073965525,221.23145
55,250,248.48000478218745,251.06150649350633,263.3594935023493,237.49823
55,315,318.6893426602644,321.9718962010213,330.9156699481822,316.15057
55,255,259.8915431820299,268.341723845599,271.9186304572478,262.87976
55,210,215.5509504654621,207.88527478567195,207.5084127820342,193.48193
55,250,248.1287377284201,250.47399522650537,248.3413934165239,244.85544
55,300,302.57255499685374,306.24640285694704,302.11273518862646,303.66998
55,170,177.17539341553731,178.207056920204,166.93541698348486,169.7852
55,395,369.44616731354574,363.27362702502165,362.00899637432457,370.49008
55,165,176.5567322353641,173.0098860910332,174.91597890253888,168.86441
55,355,354.1218139586271,338.50155143875736,359.877887178686,349.12833
55,175,190.6687761514597,193.2919163663134,200.92329171084796,169.72035
55,270,271.0736218286235,273.9142979875131,280.61366596273683,272.82492
55,165,171.39357572094173,178.79274675324663,160.62734961963588,176.73955
55,210,217.53936634027656,210.26603280126307,217.2433965127669,207.1678
55,195,188.366118396694,200.45169357439923,183.2398734474755,192.42184
55,170,184.11290199825322,198.93894759325636,170.7580341359991,180.95328
55,295,303.0570738722051,303.98588633837784,306.1520396537352,300.99625
55,265,256.30707922863877,262.87646302749556,264.1058342836154,257.49982
55,365,370.584569882008,359.8211653594945,373.72136164272877,367.9139
55,390,382.7862920855114,365.57427984442455,382.05843644445247,384.87924
55,235,238.87596101244338,242.54849628720967,230.8814466787347,240.91907
55,380,379.3680804348008,372.36960541213176,367.6935125491192,384.5778
55,335,343.44515214679785,331.3570233165529,349.046586906176,340.44574
55,320,292.4857177116468,235.80296300839703,291.1763886669568,234.3674
55,340,340.35368504354113,337.99813204850716,342.26615478059097,345.5702
55,255,262.3256733962562,264.2896097497273,242.0865771657348,262.5261
55,325,331.8915353109117,323.03170084082575,332.12363464887324,325.63538
55,225,222.03762254386533,227.75101490176488,225.0116911987833,223.56497
55,240,243.2858573276357,253.5732271225508,231.2363758818313,245.94217
55,225,224.58581357362573,225.24632644316472,226.2944128645717,222.52985
55,190,193.37611488399062,196.4341854297662,188.8164863657828,193.59615
55,265,271.51376759536805,281.94184670182767,272.95295708048553,275.67142
55,190,198.7058684611083,194.86318952371136,201.1419831083015,204.66542
55,315,324.1894829564173,325.08265445665455,333.2636642999746,319.97186
55,375,372.9031785339991,363.7501374442552,372.9967262474763,384.46497
55,220,225.01605200122998,232.6270893150968,220.35903460676823,225.73288
55,240,236.88169675571038,244.78553592241093,238.4323357722203,231.36891
55,165,182.1383464887571,178.54276395010214,182.64677461686267,176.83867
55,380,369.021813391418,346.01822284496575,373.50621627096353,364.3663
55,310,339.4679866235066,327.28875688200696,333.0064810262226,333.99112
55,355,344.48195473298466,343.94441464091443,355.7701304822666,354.06262
55,235,240.69127323862995,246.7468800203065,227.64628667294997,242.98209
55,215,213.67815388720834,212.86186577311557,216.69776481490862,213.71284
55,285,293.0659985238283,297.5693693667443,304.80613378612156,295.87604
55,285,285.7256505252019,287.6742201572935,292.6309546727604,288.09814
55,340,341.451573040636,342.9720994283495,353.4027826383158,337.60184
55,320,326.6364436793747,316.2286931263182,338.83177627780594,312.11014
55,330,344.5591788905794,334.26983362062754,341.15380114313734,333.52353
55,255,254.93477773755876,269.3925997796322,252.24202884011422,266.21524
55,205,205.79649678835074,211.22507488344985,218.01409227476768,206.44366
55,200,210.96374680511462,205.6056937833409,209.3301559226947,193.52956
55,395,420.38842356481075,236.5663079690779,420.7386017826682,364.13965
55,285,280.73794806460904,292.49721470800455,288.44392346572124,284.79514
55,275,253.930606847888,284.37271585930426,261.73680546512196,265.4156
56,250,249.46199475473617,249.6177002395752,261.62596827178896,245.17842
56,255,260.2378838858328,268.13376646501655,270.68661571610477,260.89404
56,220,225.2653598839981,233.49005309505296,219.46314372304775,228.75404
56,205,205.62837979870295,224.47749098124083,192.52294840818442,220.97484
56,180,185.96072009774895,188.10427729677733,206.2253021212291,181.99512
56,220,213.22703520527222,222.0476934408184,208.5091716367897,219.97763
56,330,339.998686396948,331.9440644309394,336.8295978311447,331.0771
56,205,206.01414499716412,214.9251325063824,191.60455686304383,208.67674
56,255,256.3310869981156,251.91186292737757,263.7609723763189,255.82808
56,320,326.0539318181333,332.9384164215416,334.31284328468035,327.8923
56,375,378.18369481948326,362.96026977651974,371.33906049689057,377.94653
56,390,382.9184165962013,369.23455218800825,369.2968457317405,391.67462
56,305,321.99637954933183,316.9590068183451,321.3798432310265,315.26172
56,270,274.22604422907597,272.43451122679056,280.5467202322052,270.5566
56,330,329.18985564021153,324.8846801809302,327.5231552828114,326.77695
56,390,370.3344560189044,366.4985741151551,350.06214489003844,376.0499
56,285,286.8146624301001,291.1094140581638,293.79478995292504,274.15186
56,315,334.085146258091,333.43948297073297,342.3239176688388,335.20273
56,355,351.6324094283536,338.24492035197915,358.17404803005206,338.08026
56,345,351.74582429913227,341.2763927045177,348.48253676107225,334.44363
56,195,186.95254973721154,202.05106666209605,193.9430028043567,187.5217
56,320,324.8794294103495,327.06386114702286,335.35831310487896,314.7263
56,245,243.56866763903105,245.9112903028345,238.51109427338898,239.39197
56,175,173.99919531701124,190.84432347744848,188.07856374839238,174.87352
56,365,365.35015509724,353.14562007437,359.6868774717976,355.53778
56,390,375.03748538886185,370.19352917915404,373.8788191146991,366.98553
56,275,270.24603794631463,283.1723935493615,280.74197462066405,283.71677
56,255,245.69128686197,264.04196336071345,257.0535831232906,266.0601
56,265,258.4997683425075,255.04431210602255,258.1959692415657,250.4447
56,240,242.09961367924865,252.81122338037773,232.84945346588006,238.27647
56,215,207.70231314711128,215.6788674288674,205.1468267321731,214.78029
56,320,324.7568183259935,330.3776860639361,336.3799354911898,324.9362
56,230,224.86003153257985,239.14610153735146,228.60711106804501,227.75137
56,235,237.91384374644048,243.1595199999805,228.63067566599887,238.69353
56,370,364.29033989441126,356.7104306423425,344.0713775926175,368.53613
56,295,295.1344976944703,289.7160369260368,303.9659305118116,293.3359
56,335,348.2236826551222,337.42570910434887,352.3303230246154,334.85403
56,360,365.9624434682382,355.19266252266266,353.2340722376842,364.87473
56,355,346.9463458879307,351.1670497326746,344.0479214986255,346.9611
56,190,193.89041400217167,206.32645192770192,193.13318188140454,194.2654
56,225,228.6013431253927,229.7886390230141,230.7344574467645,215.7621
56,185,180.02789712942075,190.38563052960117,182.361244199419,187.69743
56,360,354.4301877541299,349.07876204813715,346.8865397280249,355.11984
56,305,312.2995864958597,319.22838892588896,315.38854987145044,305.92194
56,220,220.7515196915844,226.82471919892976,212.4187937921693,223.29607
56,360,360.86488411518116,350.5417747067745,357.42374067230656,357.68726
56,400,397.9233073675403,372.3785847011175,386.7353365220698,397.04672
56,220,215.44075386616026,227.6847828329079,212.49462997396444,221.49855
56,255,258.184734302747,263.5474971977913,246.5627251530586,259.8515
56,175,186.12866098057734,194.34420426523354,195.61294634614418,177.98817
56,315,320.2107949424428,332.5219525790114,312.73818993344815,326.49722
56,220,217.48768308124653,227.20837235133288,217.2739247756176,223.10753
56,375,365.7416870294083,369.0835447695006,349.9832017905278,376.0726
56,325,325.839488887845,324.83300752488253,323.4385571662085,319.63998
56,395,386.16443130280203,380.6136273680023,380.9356193105042,395.27792
56,170,156.98225335374553,169.7813063692843,170.41281676700058,167.28696
56,380,371.0994346093992,356.75566206941227,367.0294442816945,384.83218
56,345,345.98579765681694,348.0115944009695,354.24342210868343,355.5091
56,175,163.67116829999458,178.72160861333663,176.8107010003489,174.7657
56,285,281.0873852884794,286.9130551733124,289.0397926855245,281.59296
56,310,308.43124450013016,301.197663956414,314.1257715068156,310.23633
56,295,290.66896167137935,298.8902229238624,294.1810806373863,287.53387
56,275,306.9184965804338,290.58991943241944,248.60616115966366,287.25177
56,390,383.14271142903004,369.48322080697096,381.65395203444035,390.66312
56,280,270.87578561486356,295.00865560365577,277.8068090051999,288.2695
56,170,171.00048322909063,171.72973116208405,178.94458697764713,171.04085
56,200,204.26202538092758,205.57056961556967,206.63369969219673,202.10272
56,235,239.62858309010488,238.9048843476785,234.20923423939777,232.06085
56,165,152.72315696495917,169.8882496343526,163.05505649399515,165.79373
56,260,256.77838787914044,268.1929742710992,257.2729400713363,260.6789
56,285,284.81758787289806,279.9492757242757,296.3587237102007,265.07452
56,350,358.93252842528574,351.5856903594771,349.42485781393225,352.00327
56,290,277.99626331359633,294.8276240494255,277.3242503838083,304.34033
56,260,260.0284095544401,256.90004282754285,259.3623458755105,250.75409
56,315,314.2024836106728,324.37350512913014,310.9479436930153,317.34256
56,390,383.17484896520995,356.8884953703704,378.4760286965625,378.14285
56,240,236.90751850890973,244.4585094263034,236.7690801105465,233.81685
56,190,185.40629765859666,196.83216071238135,202.5349893045602,189.35513
56,315,307.71367687569995,315.53953712953717,320.97733003148824,306.8799
56,380,368.3117809456351,352.3031203273851,373.4493421220828,379.154
56,275,281.2337769800046,278.6355881999266,279.46061101247903,280.31067
56,200,206.02916778141372,205.1113886113887,207.91438740534397,204.08505
56,350,338.11506982517716,339.04254937192457,335.35789421273404,341.5548
56,200,204.77775178143412,217.33447795260295,207.18417399014737,204.0878
56,280,274.82845253154204,276.5822588060087,284.0885921353472,268.0043
56,290,282.7653021133145,276.7988177794427,288.38671441301983,273.3339
56,400,391.13851804803375,372.76680613776205,379.04352239902175,396.57434
56,220,220.21048764539472,229.3647312137753,218.9964553166539,225.89279
56,375,370.4009167113849,375.0970153688901,370.3853218104008,381.28983
56,180,168.97152175731986,179.15333492896002,164.53708259135675,176.26205
56,340,339.6597661530472,339.28555858493365,342.7517604365023,342.22778
56,190,189.4039543834544,199.68069201631698,206.49739852428138,189.10544
56,210,206.3819497110748,206.31988455988457,205.3504673049698,201.25768
56,270,268.61106390302024,269.5326207779147,261.3308470933527,272.5032
56,180,174.09057269175202,177.1361135759666,178.4109200481539,172.8893
56,295,303.7034611644646,305.98599641099634,305.5403436777545,303.7349
56,345,349.906625208737,341.02004240993205,350.9379900509943,346.72485
56,345,355.1225868525924,337.92134391888084,342.7436700059929,345.45758
57,230,227.90813784315833,237.92128316128313,223.74727054353022,236.9006
57,390,383.9702401072427,370.86293373293387,368.853164022528,395.98236
57,300,297.86312106018113,311.6011814574315,319.68999889561394,296.3709
57,325,327.1167134080622,315.16849927849927,335.7361967121133,318.31763
57,175,176.00003453711173,184.1450681263181,177.7743025644961,175.74655
57,175,202.67539191807407,250.2495378232878,205.89415497357695,208.89082
57,185,190.99839409029585,190.94136946386945,193.10516952789771,182.99771
57,395,388.9274140305772,369.0301907814407,368.99458516580836,392.14584
57,195,193.996053981744,197.55102272727277,200.4068956992066,200.27127
57,220,221.12739008746553,226.53340576090574,211.09672152916664,225.62521
57,220,224.41059179331216,236.4776018426019,205.5868686656429,225.05852
57,385,382.67474974024867,355.75196345321353,366.6884414887536,377.58786
57,225,220.86672497759696,232.29966852591858,223.14076407165504,218.50185
57,285,290.28409578062417,298.0512554112554,289.6362549186863,288.4353
57,335,327.28383337271396,316.8276260545011,345.79458724853976,323.78073
57,245,257.59245587747296,262.9400739538239,268.26484402197195,260.08704
57,385,370.5490216529703,341.54682844932836,364.1332575127205,373.5344
57,370,370.8932980923456,363.3582564657564,364.0824514107665,380.86118
57,280,274.27341175104607,294.66122113997113,280.7773055593289,286.9466
57,205,220.19754228300496,224.37863566988565,195.19937094803817,222.1278
57,225,221.19451554750037,231.25848124098115,214.75391870352513,221.20714
57,340,360.16982411497474,346.2468231768231,367.1127139486381,358.4058
57,310,314.4333979091393,330.3856823731824,324.7196822221787,341.02542
57,325,333.70525621363515,341.38556179931186,349.37004876451215,336.25443
57,195,189.6181906994052,192.92627220002217,183.63808436133058,190.0653
57,310,310.0616372539912,312.43472374847374,324.27073401016,309.6866
57,300,292.89205181486284,284.1089022782773,299.40921162768234,280.68967
57,265,268.29925368790543,268.74253908673023,270.4113502770284,270.01614
57,165,176.70472663938347,173.26519236482469,171.441588340182,167.92291
57,245,253.82401617716778,259.9488650932401,251.3557713019626,254.1127
57,305,321.86595948779575,318.12026473526487,321.3561871273,308.32687
57,400,375.87169496737795,332.65282085969585,399.56461097736843,350.4073
57,190,196.83505234509335,200.39446608946596,192.912504456034,185.37482
57,365,349.3140252250827,349.8031397768898,350.2350403667933,359.75217
57,240,253.86503483231434,244.38352466977463,252.03564616988388,241.18456
57,175,164.47758771856746,182.36507617382617,176.17832390096385,179.54747
57,345,335.1051549761414,342.20008658008663,339.53043406488433,336.386
57,270,269.68922374991314,273.66903089965575,281.2603999629375,262.10626
57,365,359.31892059747327,344.9776562326564,360.7067234763225,355.51382
57,270,268.9321935161794,269.5358026981189,275.0405105616258,270.65723
57,170,169.48693625950628,178.66863275613275,179.9535271324391,172.10858
57,225,224.5677466986832,222.93215569153074,227.14274953361542,222.1905
57,190,195.08024785730595,188.61422952047954,199.48825210660937,183.48195
57,345,346.07448193286643,345.6264921189921,354.37142734413567,355.21512
57,200,206.5105506708593,207.72089410589416,197.27251728875538,205.33841
57,340,350.7538723031614,351.84508845321346,352.6848625006194,355.35593
57,365,366.3775137537766,357.94904859029856,368.6004993014361,363.11786
57,250,250.43585200510256,253.2274987512487,265.76325668660354,244.07314
57,240,249.8027784801128,249.8526625457875,245.51106400835133,235.43832
57,260,258.0124650357558,269.06678373097486,259.2470990943839,259.8046
57,255,252.77445566396443,261.25694125319126,243.47918830529403,261.56235
57,250,251.44854286581062,261.8490341602841,251.9193427874189,247.91446
57,260,259.92288163839464,259.6557674270173,257.54442019958697,250.72295
57,170,171.00037600404332,173.21915981077746,181.53587460273434,170.9692
57,200,206.6720240972977,220.73826756576761,204.339492052195,207.66908
57,265,258.1108196173776,265.09166666666664,264.75923051708384,263.34195
57,390,372.36089299488503,376.58378787878786,370.37238533890377,395.22952
57,280,274.33338686821094,283.6399381174381,273.5456084916641,286.38278
57,170,177.53163708983396,172.29726454101453,168.26974358919728,168.53487
57,335,342.89796293771747,347.8520003607503,339.42366571610825,340.4693
57,225,225.2493539894407,245.96407079032073,214.17444623478028,224.17258
57,335,344.8717824744293,338.67045426795426,344.4911107291876,335.19684
57,235,234.25793406369849,248.02125333000325,223.34408407625259,249.39017
57,245,231.46912372899226,241.19328463203468,238.3232787341575,224.67319
57,300,288.26276793150225,279.8489988483738,292.8133712160019,274.84738
57,355,351.217119263845,341.4294982794982,357.2082522758092,349.1827
57,345,349.709296224842,343.1142108585857,351.4798318268096,339.69308
57,360,359.60712271566103,357.65855838605853,353.7203354321002,365.252
57,285,279.7951448067772,292.43663170163177,286.6105204609567,287.89972
57,300,288.8196708546951,296.66168886668885,296.818895162249,293.0727
57,260,259.23142318561565,272.9171406371406,260.166274500149,273.93643
57,390,385.7563778952772,365.28507180319684,382.66923132575096,389.74255
57,305,308.64886718855087,309.3491737429237,318.4817748822304,307.9904
57,190,196.36400832063214,196.41789654789653,199.40193139634482,197.74448
57,195,204.55938868904218,197.69672383172383,198.1045259423227,190.94125
57,320,349.5248341369065,345.72780691530687,355.2872217042027,341.15762
57,300,295.1463221555605,291.7026724664225,292.34185079184925,291.70856
57,325,327.30756166706,322.7105577755578,328.6825158082249,318.96478
57,360,360.8010381431278,360.54279317904314,368.82409654616,370.94342
57,310,291.5707817864338,309.50517940392933,301.5181387813766,327.35327
57,315,330.530530470229,323.47455100455096,319.6796412762559,315.97458
57,375,368.66994367513894,373.20899662837166,352.2557905747184,378.4277
57,220,227.20315693228486,232.19882131757132,220.42510458428416,224.13954
57,170,173.76763743265633,173.13286469249707,178.61702814263197,168.59258
57,395,382.81886328072403,379.6425155400155,379.8225892584098,394.9393
57,225,218.1814389629152,225.68803515928516,223.1260495083038,213.57504
57,370,379.2175689642213,359.82625534188037,371.6165054645752,371.66486
57,380,363.68232763704907,353.31050498112995,361.7440473565493,364.3093
57,270,269.8269756464816,273.47240349927847,269.1311170930667,269.21698
57,330,342.1537892763562,347.4076975108226,341.14044395354114,344.81924
57,245,242.7998216752253,248.36690670440666,245.9847592302525,242.3476
57,170,190.29401910146657,207.88269300144293,176.30523818744928,178.91138
57,365,349.0837777429166,350.35814948939947,350.97688363997855,351.72787
57,340,344.28556490471897,343.8423899017648,346.89413317802564,347.57483
57,285,283.01565369529703,283.300670995671,294.9090718105499,267.30563
57,215,213.29520643983471,220.4474655205905,203.63847872083377,213.17532
57,395,372.0765314266814,360.4072720335221,363.61555372407616,372.9474
57,320,281.17027341758273,216.24518439893444,290.6528073855819,203.59584
58,365,372.07984085372294,358.88705236430246,376.3958459312328,374.04736
58,170,172.5000660948943,171.2290363554574,181.96766482924036,170.15138
58,235,240.1735107298369,238.57098666611176,229.5876095447693,220.96489
58,325,350.1420901693595,346.74075029463967,361.10518709015605,338.47302
58,355,363.1797603182905,341.0973624708623,364.3618572596363,349.87448
58,385,378.6183307444732,360.68454990189525,377.0771437997842,384.35382
58,210,207.39468146750102,206.22414521589525,204.85437997981145,204.15724
58,400,408.09900388600823,373.20715544504486,383.6852917511007,394.47833
58,340,354.5341086488481,353.32683561618137,356.9638057661076,361.36972
58,355,358.09836969157567,354.38159629586073,358.091793497201,363.93338
58,365,355.5928960516448,355.89600706483066,357.4367177395538,366.01917
58,240,252.53205154845585,257.70639877606055,243.22920697349963,245.91609
58,170,174.33038231689426,176.02047524259353,162.34179295511194,169.96507
58,395,363.1632825097991,222.53230610484272,396.67050327983435,295.7085
58,300,291.11226696459704,284.9194075230326,301.1972180566965,275.1703
58,290,286.81504359521495,286.5021061637021,292.0210812315115,279.94235
58,320,327.9542318243984,324.47206320395287,338.5439085853968,316.95667
58,370,377.0414229228166,363.6362363331114,366.0779913783766,375.7195
58,390,377.24078929712556,375.9735594544343,368.5723922689842,396.66556
58,340,340.09573080747333,337.1970704809897,339.89157870527004,334.58652
58,395,376.3188914918807,374.2560844302757,367.5747306361517,392.7705
58,325,331.47569237977535,328.7513001141016,335.49141273850694,320.2637
58,170,172.50022754444615,190.68895941721664,192.1773994704302,170.43626
58,245,243.95270920182924,243.74751624764136,240.19192700908985,235.98534
58,310,320.3067875922922,340.7483206931959,328.2110598426029,326.32376
58,375,372.7037334099878,358.8547767306224,370.2472497541077,370.89005
58,260,261.16747232531003,274.4815882377427,265.32857055829317,274.4468
58,335,344.08376276433233,338.69427818015356,344.2820100933529,339.60287
58,215,206.45600817689314,214.82410080197576,204.30439297045945,207.49733
58,350,351.4909447923281,351.99439629814617,353.1040426483268,363.2147
58,340,344.1496224439174,341.7807875229346,346.82153262699006,341.58322
58,190,190.56847129953718,195.19268817293826,183.60585225298388,190.7722
58,300,292.45964283012125,290.24425038033877,292.86361823018603,290.59845
58,260,262.19360624310144,268.3664364173406,264.29617034921597,263.60007
58,320,345.7397483335755,343.4462916854388,353.38528863074674,338.05334
58,265,266.86636363276244,270.38263236763237,268.8369799881534,264.77292
58,390,384.5993355222376,366.90720607170584,383.44821712580307,389.58228
58,235,240.1680801750236,246.40659369796867,233.1764318318967,243.33679
58,240,240.84865046119825,253.41577229388255,232.96492404273718,243.22528
58,210,207.42838151776783,213.7179626762128,197.7999365751498,219.1395
58,350,346.88926974014754,352.570305000555,351.2832578103867,346.00778
58,195,194.31739798136238,204.58223013098024,188.24943391543914,192.74161
58,275,269.6082030963933,272.6673308750073,274.9781832729357,258.66946
58,205,205.51970914124325,218.9066162587413,191.33613569633877,208.85017
58,330,343.03158888581567,339.22899377256726,342.2256851563086,322.6557
58,335,341.46060126421804,329.539259281568,348.3574292739171,346.63385
58,200,197.63023346225674,225.51956461593963,185.8280243518435,203.73386
58,305,311.7581831484577,302.7998751983312,317.65411857189713,296.83334
58,190,196.04270654990984,197.72042613840415,197.47653662641054,192.10791
58,210,196.31041665605215,207.3859416833168,205.2710724598739,203.74654
58,270,265.5487739147871,274.3884328865579,270.3698705971707,264.42267
58,285,288.88530660711575,287.94356645315474,294.9044488855223,274.345
58,310,325.80103042440095,308.21966284837436,332.0788262658725,324.42245
58,210,203.13900570084064,224.8818535579918,192.63436323449537,200.2336
58,290,284.7708751841389,284.8731201755761,296.9819070132175,289.02658
58,270,273.8793268434659,277.79447405969483,278.69786887448964,273.53052
58,190,181.47055416418328,192.64789948368633,193.49699105823757,201.46771
58,180,184.7448014161186,207.5573136863138,136.29418171493063,184.56644
58,180,173.78370078330016,185.32356272893782,172.95431513658394,178.19566
58,385,371.97778764964147,354.18825541125557,361.4869012305834,382.1397
58,230,225.84808981428654,240.4015583999334,223.44741566837138,224.13097
58,205,206.79852555769054,228.92653886391392,188.21663851218761,204.65762
58,355,350.8881029155464,350.5306163175059,347.3117742492529,359.6701
58,205,221.2419914195761,220.27976783265746,206.52087350187762,263.8203
58,400,400.4191757877299,371.22430593671027,389.09288818640294,390.15707
58,305,304.5239534556353,302.4568501637251,311.971218723502,308.8524
58,350,355.7317620762636,344.51316999667,351.6660166025739,349.47238
58,315,334.3597119826978,337.2681559274061,348.4328755258868,329.2202
58,345,348.2676846761398,347.5811139677316,359.33996864903554,350.8422
58,255,262.858260815194,262.5211471167722,247.34894421502923,261.15643
58,360,358.5287872714841,349.65885125985125,354.5200844035182,357.54062
58,230,228.0958368888667,236.10106027877362,224.226352466285,227.8959
58,195,187.62321006211454,202.6351510295259,181.86322161217362,201.39616
58,250,251.08041432253464,259.0487031302031,241.60643492749378,246.4121
58,295,291.6608435121951,286.607568728657,300.9574736357251,294.1502
58,175,172.50016691306263,186.34870084374683,186.83824897623765,175.96951
58,250,252.9537444978002,253.751378857254,267.1795693994019,239.56267
58,185,188.62881766905133,205.72784960872468,181.9897174279006,198.7892
58,290,285.26518310888815,300.1361520048579,297.89998231514136,294.14148
58,320,323.58035274561377,321.4251928626927,328.4368337328391,320.82208
58,260,257.3857357090125,270.04361127761115,255.63710188874808,264.14233
58,225,216.02508786248126,227.85817438555594,223.03749558194494,222.32994
58,380,368.5047329186013,355.6897064324566,360.3327607082739,370.76318
58,215,217.13230684933052,225.92146202408705,220.27906544044166,221.64728
58,265,265.1748343157032,271.8788039240172,248.98862035349111,265.13455
58,175,185.80540667454665,178.78975127736047,173.8171938608058,175.03754
58,245,239.9798616269009,247.76680856643372,243.51924487040407,239.33806
58,295,287.68118853033485,289.8614207948912,290.8540055625728,283.6292
58,315,306.11324219217823,313.9324073124587,321.84309864205346,302.20834
58,360,356.7686300937481,347.4121907634849,350.06562854089566,350.1073
58,235,234.0916089728866,244.43660303585295,222.21877220772865,243.76814
58,165,154.45381334962224,189.61536995112718,193.62690636817823,175.71512
58,355,360.8769639686171,346.37464639527167,352.03522874954984,349.88312
58,165,168.90401047429788,178.41574668387153,163.8187248972814,174.6864
58,400,402.05296072630364,376.65685751666587,384.6263630660112,403.47202
58,260,265.1962200308174,265.24071001221,266.5894389153122,272.30344
58,210,203.53618763974742,209.26254149750312,196.47127913780974,198.25043
58,265,254.41591981880066,261.9453407842158,262.5454106793761,261.1491
59,385,371.7525685453661,357.51694126429106,372.72332059917505,368.96045
59,225,229.68736155150418,242.53049132135544,210.11317393670083,227.24231
59,395,404.20650851917344,378.2005368846838,391.73810347472545,404.17395
59,335,334.5737038519603,335.0800779673543,346.45174879371496,333.65686
59,400,403.03219554998486,371.00660796148304,381.044157774169,395.74188
59,300,295.3171160211459,292.3477254942674,292.4521710521248,292.71
59,275,278.52828831143427,281.8226974101013,272.6295709237586,275.79575
59,350,350.8899660758093,352.83010366412316,353.7022616135691,358.31427
59,340,337.7852777260566,337.4057361656795,340.4077657171767,336.63974
59,170,172.50037208980882,172.10006189059467,174.13819553906643,170.3249
59,275,291.11959415806285,293.2650310909254,245.63318771201068,278.39853
59,370,363.19357853677684,366.7695356313789,345.10100330095077,375.7501
59,175,189.8795779613492,239.1044006271505,205.87398846729027,215.61299
59,335,352.7495203157621,353.6567537640235,347.4940655039158,343.1199
59,215,212.34795444491272,218.84903628721446,212.67184568991132,222.61069
59,340,333.3492477524454,338.51339268066204,345.82512304548607,340.27496
59,225,223.19362169272085,223.88117275592467,223.44386637249988,222.04172
59,390,377.16560268973194,379.77799241779917,369.85980636857573,394.22516
59,190,184.78892017243015,193.78707835220337,197.33104956065438,189.98386
59,360,365.3580008072754,354.15571984940857,353.6505673295695,367.10742
59,270,266.5002928197125,269.6020731417282,260.9798096202374,268.84198
59,260,268.393837206139,265.7097320287402,258.9872852006235,267.7013
59,280,274.01385973520485,271.733257845866,274.99186332413893,267.62363
59,345,344.99265905449226,346.09055346496353,360.8550719903694,346.42108
59,355,370.261680448124,344.39235923786293,356.68383978930416,360.31714
59,160,159.48707775850355,176.2210358530358,45.93790735253492,166.17014
59,365,369.6541165537618,364.19139717970376,364.54677134737744,373.72116
59,245,254.62345364803002,261.12755230980315,246.73963125925187,259.7753
59,295,278.395853740358,278.18206979132003,285.03936560044303,276.40683
59,395,423.69770186633184,237.0812935863155,431.3389486060702,304.79944
59,255,252.03416462408416,266.28301635534723,251.3647900302942,260.3086
59,285,281.3195980717104,286.6135662312015,289.25806018664633,287.4809
59,365,364.91943537626514,353.2416444878649,382.26741700260226,362.62512
59,325,317.1848392657664,355.5300092595314,311.7544640283328,357.62747
59,320,315.5059502897236,314.5429505475129,329.57584275082826,317.40234
59,245,244.4183383419218,262.76661879756807,220.6021265535329,253.54436
59,165,172.16417236332825,175.31940118215124,172.33853393951978,173.80566
59,360,358.0066461427001,342.18110126463324,363.50707907030466,351.60385
59,180,177.8247029919319,180.19261127271412,156.11411086815679,170.7116
59,240,249.15858317373886,241.92819876699045,247.89837284174223,235.2006
59,400,406.3786869267915,368.01803751803754,386.14695247207874,388.4847
59,325,338.73043566198214,326.0803608738216,334.0300521445399,335.5642
59,290,279.1607764813309,292.7749455212777,277.70547559095,293.04697
59,260,261.6813329551269,274.86885004755845,265.81138842295894,274.5656
59,195,195.4435755821567,196.29835352147856,208.73991741070523,192.33742
59,340,341.50873435697315,339.0984533563368,345.1912652253661,332.4666
59,250,247.5880726519366,259.0543007848572,243.553223482904,248.97284
59,310,303.25840016171173,297.3596746152148,312.7702924164844,301.92664
59,225,226.104373888184,241.18524456873746,210.94209357738583,230.32909
59,295,293.1341302071513,280.55695810536224,300.6278983284802,277.52863
59,180,170.39376524235354,184.81438503163486,177.6131507245114,185.39142
59,175,181.44724829811838,184.58277072927078,173.25340068113337,190.20326
59,200,204.3637776297238,206.98932544303568,198.46408440200184,198.87779
59,215,215.54395620261528,218.75038036391726,213.8950546298946,220.72147
59,205,208.08505948515085,218.37882761644997,194.30076708912563,209.81573
59,280,286.15027190571095,294.45252054334975,282.3654626887912,289.4673
59,275,268.8356443964748,270.6063756886695,275.3146589232927,262.9474
59,235,236.82427049804755,243.11477923451216,230.78730490238627,235.98259
59,215,217.33511490411314,215.51110354291387,218.5885949858632,218.4143
59,255,252.2587896065413,261.35578307049826,247.42829892682246,264.36584
59,315,315.48779338349186,326.72811188328836,315.11016323649335,309.70908
59,220,220.08230417148025,227.6186879384527,219.30593548122,228.21744
59,310,316.78609074192946,308.7047998889617,323.5421407672993,320.04346
59,245,244.3090303916905,244.84305516738138,256.05910356955906,240.22275
59,250,251.5351630751884,254.02205543270316,261.59035153504465,239.7364
59,315,315.210834734709,321.9216590444577,330.21429684502516,319.3501
59,385,368.5278776526475,355.82949620316424,360.3247566065395,378.3316
59,185,184.09556709139042,193.54447176434678,185.30890034920125,198.08295
59,300,289.14184469419,300.1112478330494,294.60426960612847,294.13217
59,220,219.12182434410988,223.78850248012884,212.28998779703133,218.53572
59,215,207.12467870648743,216.42311183344265,205.3027730010819,216.58339
59,210,194.3457504941781,207.11430107310994,206.9755348695516,202.63586
59,305,298.9485061595626,299.94164795062767,303.2599612204888,297.26376
59,165,173.57988026772236,170.42510311420605,187.1971485702588,168.2398
59,205,203.71593430423496,210.32733552314969,201.39154205260564,207.32173
59,355,359.548308673577,346.1558021297803,355.72725182662884,349.52048
59,390,387.24316200791225,369.0112330667698,375.8720152330113,390.8133
59,360,352.33370500117917,346.0303538174242,368.066283211563,349.7604
59,390,378.83359501127086,352.4683777178703,372.6450368202384,377.9467
59,370,376.20963017635415,365.11189212906976,367.07468255503994,377.63446
59,310,301.8720020809661,309.28654916820835,297.5683706447171,324.4517
59,190,189.8270116967692,196.8496573287822,189.94787807482425,197.24265
59,395,386.30959784361517,367.3557055586448,370.14958382749376,382.0506
59,275,252.14189870175818,283.20651412394795,266.8766532051431,278.17175
59,290,284.0749014750652,296.492973297668,296.6917746640195,288.28162
59,320,289.299438967026,231.26713684926182,283.04572963946015,261.05127
59,315,303.67817802629276,293.17410923798406,297.35820842957816,308.6087
59,355,339.8534647479038,340.85906210845684,364.33139824234206,342.4242
59,180,179.66455383927803,178.75263999399297,188.08003561132244,172.53693
59,345,339.55901014412746,343.0108877411574,337.70624727924223,344.3945
59,350,353.1178795278365,357.51085113208865,355.49307523726526,360.66217
59,345,342.1514118703362,334.30140042953127,345.4243422935002,345.10724
59,200,201.1436077640758,219.87099782517717,193.87351309022856,204.91609
59,190,186.95610751313546,199.46378169053176,205.5855402295254,191.24072
59,245,242.01309721645066,247.30983085001415,244.2597886975071,237.98466
59,275,272.72819030968776,271.1198322668779,276.4791331334116,270.894
59,285,293.36071020730935,291.897605767207,299.9832132129445,292.69223
59,205,204.627589870949,210.24436321494116,218.98444980084975,206.54323
60,180,157.04745965910286,206.5110575766826,118.6045578179313,199.81303
60,330,331.4456694433869,333.1974810837311,342.8195227714661,332.4203
60,310,316.11103650380005,313.0340987715987,322.600168051521,318.28824
60,280,274.0861627776587,295.07512057873913,283.0006152175329,288.48514
60,330,339.1391809740694,335.97094262219275,340.38259971322833,327.12552
60,305,309.1544894576781,318.95193769193776,316.7315646231211,312.48038
60,310,312.8012165773968,325.28710608835604,326.30295855523616,316.33
60,300,298.4239076196499,311.8145931641886,316.3336629844402,302.78146
60,315,316.6909947090413,330.9656241674991,328.84346567721207,330.1388
60,315,317.0515680436142,323.9426307026306,326.7837688571373,321.41525
60,305,306.33638616640303,313.6421358992313,307.5091617752027,306.53204
60,300,306.6251291454395,304.63786917058974,312.231526032336,288.15506
60,200,206.27278668378761,210.02884962259955,201.1741675920464,205.0581
60,175,175.99995159225801,186.08688628501127,181.52329786288686,175.43758
60,195,188.65332453370036,199.0728843841344,187.94288945966443,185.28526
60,245,254.20764502543153,258.6534876234875,247.4133141969914,262.65985
60,245,254.26740236768285,256.8560913936282,251.1452664309273,254.7982
60,180,171.78738512031322,187.56774498649506,173.67813240568648,185.35791
60,310,309.9299867630497,311.2658354145855,326.713596729039,307.18454
60,165,147.35990765308793,184.4382545232545,186.85810292232063,176.7041
60,395,360.1150249037897,222.53723692973693,415.30262951037906,297.05124
60,190,195.57725081153518,208.3710100547601,190.7086188696744,197.71906
60,300,293.52465126221557,290.4908793983792,293.8034548719331,291.51218
60,190,184.9934208609937,203.45677419802425,189.68116881191392,196.75029
60,360,365.8971255406647,352.7180399924151,353.7465739104286,364.31165
60,390,382.51453438160667,350.854604167619,373.7926034984645,377.24268
60,365,371.83508772029353,369.2089902526666,356.88153986278024,360.24118
60,350,346.75377861680346,343.6933540813474,348.97861826209623,344.2653
60,285,295.6022546724716,300.74544659044665,303.11435971377267,299.23453
60,340,340.537299683015,338.820560874311,355.15790320365625,344.3924
60,385,375.21704212750586,374.5127173983422,371.4190038088086,378.66684
60,315,322.2001309897809,324.34965576090576,330.4490721406319,321.64395
60,255,259.11445313398673,263.2206401237652,248.16342622350803,263.3754
60,215,218.36470738115702,217.8664614089614,225.0382139746847,209.66043
60,185,182.78477171644028,196.41291324416332,180.15557753418648,190.9917
60,270,270.76250254112097,270.99672536613707,278.7574933131978,271.72662
60,275,271.54475903120453,283.6304852603537,272.2988486462098,280.8058
60,230,227.3547061156579,230.73971466169994,220.290809014231,218.95654
60,210,203.87371418346038,212.80600223850232,192.94300867709595,197.41446
60,385,381.8452809983592,355.03146395271403,364.88334873893905,377.07758
60,215,208.42332104194554,217.07662146132722,202.07712490836587,216.54605
60,235,245.18849220054182,242.03723784385525,241.5604648824784,235.99165
60,375,377.12131232534284,360.33515557291275,369.57268702527995,373.05313
60,325,318.935556007092,284.44323521386025,371.6848854397145,322.30014
60,360,353.32114954354137,349.18412439412435,370.5094246902109,348.32632
60,375,375.7938491680974,363.41325860900906,367.8339768364842,377.60202
60,215,217.57796548627152,219.42190660102415,229.6538194695381,211.13005
60,235,239.27879973416844,244.92294306047992,228.16976642046288,243.53734
60,340,341.7889019529748,338.61983618233626,347.3004377026581,343.64597
60,205,203.85835638595915,212.1125807757057,204.9041234709033,209.29126
60,345,345.4714605919889,348.1757143319644,352.5078426323023,354.7442
60,205,215.6693541404175,221.55306064306066,206.9322127752715,224.0338
60,390,378.6379763899946,348.78924519924533,374.4122941044366,354.4006
60,360,355.3466780060004,349.45374687812176,350.6539664434737,354.30472
60,370,379.6767377574311,360.4103370118443,369.3532239770006,368.10416
60,295,297.04551070779104,306.96633826821324,301.36491809425235,296.33206
60,340,339.8830192807994,338.03612618862604,337.00311838306607,336.68335
60,160,163.48005178095877,182.50566576941554,59.30835874595485,174.31706
60,205,218.09222363372913,229.57125445632792,195.23030815750906,236.93997
60,270,269.7007258778383,269.96248094498065,282.5788823631868,269.4175
60,220,215.56300112433547,225.6095867218294,212.1824151467456,221.97087
60,235,237.47681046776148,245.2259121202871,239.76576912377575,233.9983
60,215,214.5398303728943,219.9292312358121,210.19928171607177,215.7917
60,330,339.313606677587,339.9745099100246,342.0897859116497,331.1895
60,275,272.48149402193906,271.0360247391497,275.465568986349,272.3196
60,390,373.73109830592176,376.8510677095236,370.98647594586896,397.01773
60,255,263.5997823013243,260.49561754149994,275.015560580585,263.34708
60,285,282.5412875828625,289.9201341713841,283.09552067560486,283.26312
60,170,181.73015843446257,179.35579732767218,180.7811326472401,170.5027
60,165,177.11365191900677,181.7855902662152,166.55597335365542,177.61206
60,195,196.52167228825874,197.66502446627445,205.96557438873646,193.75119
60,345,356.04452998104307,334.3625992063493,339.98669259531897,341.17102
60,210,208.64989418257846,208.388921032671,204.45219193660563,201.9253
60,175,188.04056272219827,180.58490095552605,176.140433675016,177.4793
60,390,384.7604968267582,367.42077656354917,368.27445110000707,392.29407
60,380,361.45860474504286,344.7048219386823,365.88172125701976,379.51324
60,300,288.2045600204708,286.2968822381324,290.2653050796934,279.17285
60,230,241.07718466474927,237.34981621455873,244.2837623573928,237.18065
60,305,308.8524399521086,295.64682972120454,325.19322339037103,310.4943
60,275,276.0560039683889,276.167059167684,288.7708416826163,271.1435
60,395,400.97357211463896,381.0378522866021,386.53550267769003,399.21735
60,395,388.10446180689326,366.2035056133954,371.9482502575036,384.04358
60,270,273.73432731138047,279.46062761584824,271.27633768569297,273.67447
60,300,311.4061843241499,314.34474481536984,313.0076330302029,306.84232
60,280,290.37148664086186,295.4155784724533,285.9941635000017,278.898
60,335,353.63724814275554,354.55283117073543,348.4143102207869,345.20456
60,365,356.41595116324646,347.45291149754405,349.5320900699318,356.6281
60,370,365.50558947994216,363.89062173937145,346.44852406193115,363.9867
60,225,219.81429647946095,226.42910649535645,223.22598986809732,222.37817
60,355,355.9566160143408,356.3336748667998,357.3551400027849,366.0577
60,245,237.01412351727737,242.69743567978853,230.06979728258807,239.83183
60,310,322.904630369072,304.3235006428756,339.59594417170473,316.1395
60,240,242.56528004455618,251.07364763912557,234.6505793535012,241.55348
60,175,189.94698670981035,191.12476208976207,180.20740147247724,184.68666
60,235,237.85887255131013,237.84951517572844,231.81909248295557,225.20058
60,275,283.71752247253164,278.76160691160675,284.87913879562456,280.84293
60,195,190.34680831482467,196.86349821474826,196.449036966012,195.75562
60,265,268.4629113556008,268.31228702533826,270.30943410366893,272.02805
61,270,270.8594280118143,272.4463762464936,269.810789782043,270.02902
61,375,367.31626205051543,358.10395479520497,371.77005891198905,369.08365
61,335,334.6763634677394,316.09770376531634,346.6763124764466,344.8328
61,240,240.48634898517696,252.2285737328183,234.83011966414608,254.01689
61,230,219.4459418229967,230.92437386143283,234.1035316032483,227.17776
61,400,382.85185271017474,328.7899692899692,402.96966506644105,355.75348
61,335,351.0286202322093,353.90746188924606,349.8309389210517,338.3452
61,270,273.08624586176165,268.1425817198343,282.30272272610057,271.6545
61,255,256.97506869135054,264.164261279854,246.3584950184764,263.4184
61,380,366.7305966403085,355.1300804750805,365.7885902779758,367.56287
61,185,187.27609687158315,187.63900009712503,193.7089985017637,181.28989
61,270,270.1362503498764,269.573498906594,259.3662783748492,269.02466
61,275,270.4387120629008,272.51400701668484,275.60384659396357,267.0594
61,235,242.51401766030438,237.6448571798571,228.51826822710677,236.71605
61,390,382.66039544737146,352.236945785696,376.41128771076944,373.45892
61,220,214.33162777943608,219.7629676876445,208.89534650652794,219.02841
61,275,269.62774261677475,282.3997822782583,269.606751040271,290.6483
61,260,260.0794580935044,274.16661764559603,262.0224296460924,273.58655
61,220,220.2995271068644,227.2771416155684,212.59622193253273,222.7588
61,225,227.79687993760672,229.99827904295583,230.0704678783188,220.03365
61,290,284.48533203495924,295.39948022837723,276.2875313861074,300.7579
61,185,185.90137413286152,194.30741737429233,199.45776078024608,191.90599
61,375,400.22424183623275,363.31993343401246,398.16234346833744,379.71255
61,220,218.40407207031046,225.5969388322406,212.7025022072308,222.07187
61,400,404.5951069359693,377.00616361042626,384.5866867472133,396.35977
61,310,316.4956703749159,321.1173969548967,331.4744830003036,320.01978
61,180,178.82454335194245,179.18002152939658,173.1871767304022,171.70715
61,345,351.0044806988718,341.9703331696988,351.0609874644001,344.25247
61,290,285.0256453658691,286.20760991885146,301.3350218667096,286.4658
61,180,187.28139990202038,186.0742171717172,207.79883890112467,180.00642
61,330,344.66505924782825,342.0436004564643,343.9025415764521,331.6289
61,350,347.0750851210197,347.3853508901498,347.98894342688095,343.1453
61,190,196.271429913598,203.30746838809344,192.07845388697893,194.31023
61,380,379.6753309447622,370.3012471392986,369.78551458571184,383.3439
61,320,321.5660037001393,329.1500321456899,322.81365515909187,322.33444
61,250,250.53622092519743,249.02113559225506,261.2411964628562,246.83157
61,260,265.26433983802895,268.2898203170326,254.26804377321955,266.36066
61,325,335.5769497620912,333.0219342400306,337.78796850908543,330.8117
61,360,354.04393217856546,349.69730258604335,348.32920858047953,353.27005
61,365,350.47719108734816,345.72063485125994,347.4957035193278,353.14102
61,285,281.39820675823967,294.701475999634,286.61280036478973,291.3373
61,355,342.8433330712111,340.46268227331547,359.9213588172065,342.94308
61,240,238.21341891222687,255.28545940308314,225.35537238306267,258.26865
61,175,172.499374370846,192.24540119602617,185.35380301250783,175.00006
61,310,321.9696516282961,335.64090259156046,327.2010045939169,328.83795
61,385,374.9231165800927,369.7424339420469,371.97147045540856,376.25543
61,255,263.4728362683679,265.0211478200448,243.36675020086932,260.71036
61,295,298.111382489482,296.61635242651977,309.85834879074184,297.6477
61,190,193.3535529854165,193.63225052725045,203.70760831578372,187.861
61,345,346.073518578374,330.84446721046805,350.59076390810617,348.8265
61,195,197.07367230969453,197.88145683020682,209.79017887076037,194.7471
61,215,213.17525995664698,217.9238513179031,220.80506610120463,208.186
61,190,197.3679982074184,200.3660392154142,202.09944997049803,197.76187
61,310,325.00477249452024,307.31390687893986,332.38082530321105,314.6613
61,310,307.918348662179,315.0075725678974,308.3054889698368,306.94055
61,170,183.91804522641576,205.06088267669145,170.69117509989303,173.47635
61,345,341.06071855308187,341.60716077779404,335.83458665025614,344.34937
61,225,230.14723537228508,244.05137171951137,209.3884342095463,226.85883
61,310,323.5405992984972,322.62223065623186,335.1747408919974,315.02744
61,360,353.4117970184669,345.2989127770378,348.8061241270019,357.42224
61,305,301.7567069302173,301.99480288230296,308.4182602924549,298.55936
61,200,201.57048405316368,208.41428138990648,196.23652427229615,210.42468
61,190,183.2363212843179,196.13173204110697,198.29771407082785,192.5037
61,380,360.99949715238574,351.7517547566812,368.4501598539646,379.39655
61,385,371.1234374745294,355.70159232284226,372.2369067596561,366.0697
61,295,303.0158061512175,301.8878962168435,310.2078598872434,303.09854
61,290,283.01428690761816,283.9704506090227,298.4848782143091,281.34985
61,205,211.70832149514513,215.80901107879052,213.97823857019105,215.35666
61,345,342.46418850890814,345.28158568894463,350.09154693838957,346.04718
61,395,371.19231979550966,359.5407133607134,362.89904797121375,373.46896
61,210,204.05599013887615,212.5709299265551,191.8324487430374,201.81116
61,310,329.07134836847644,329.7635923214212,344.83540103271696,321.78705
61,235,241.26887262103673,245.68577015975728,232.56517468321073,246.64507
61,265,268.13679382515693,262.1843004454819,269.64561383842437,262.35956
61,205,203.9856118528303,210.98072228697234,205.16654819321138,204.00339
61,350,353.6934187325072,342.49761658560254,339.3768924510917,349.60754
61,245,243.88375414465327,246.47654147323283,253.5800283528561,242.84581
61,210,207.74948582785066,214.14222624597633,198.73492062578237,213.81694
61,345,347.88184828536225,348.36023588869415,353.3343111151584,354.2203
61,220,219.60066119566545,228.71374715191658,219.19284176536007,223.72757
61,390,376.78507820932316,370.9545469522307,378.6138441859234,367.8434
61,175,177.50026684515598,188.9542286648538,181.65525233306096,175.00117
61,275,281.8090700941294,281.75462089789306,282.3395897196189,272.242
61,165,173.8846425012685,173.73183846926497,189.45093035018732,171.43538
61,360,362.1023629691324,352.93808395649376,351.21595476910306,366.74863
61,175,186.59286319026398,178.3766607235358,180.0008331670031,176.13571
61,295,291.9857432121572,291.36130781643504,291.50758316993074,286.69623
61,365,352.9675907921086,356.02932059755807,357.1783252025082,374.6881
61,245,248.1373338631564,261.07102114254366,241.3351598067597,265.71335
61,180,179.00012805692472,188.22304008491514,171.87792675536704,174.66908
61,360,356.59923908581834,340.10602128044115,358.07561538556035,348.2493
61,245,246.06821613535675,258.81797078058105,229.1183648246106,256.22617
61,170,165.43476812469453,175.13550042550048,171.1935722965917,171.4608
61,370,362.5149925261468,350.6257749003362,339.916456690731,369.0789
61,295,291.39589862930666,286.3362111366215,306.09400168546114,289.10114
61,265,259.89411069556877,257.2139827418516,258.3883242791128,250.78915
61,310,315.6091177292974,309.3374190041037,325.6684565585301,310.19836
61,320,332.58119883789357,333.3588978669821,335.60587116490626,327.5568
62,380,374.2553169576571,359.0092864872572,368.0002751242266,374.917
62,180,181.71798899228338,179.67886329846644,193.63791537314412,172.15132
62,390,368.8944549373124,368.70932461166325,354.04343877394473,375.30417
62,245,235.17416375474733,244.5531633122453,228.9914549395576,235.85088
62,290,282.02688917756143,289.65261897334693,302.1976843095772,282.56937
62,205,207.86736682313753,227.44077815240297,196.51927121674433,205.19373
62,390,367.09921725657114,361.69944311855176,355.7412689586917,376.58517
62,360,357.9288676243003,352.28539906434855,360.63617541514486,359.61404
62,245,243.19956834490705,244.4397322424962,238.88716756991508,238.19147
62,265,254.36009166614136,263.3211163678079,263.7299522242096,259.55975
62,330,340.92559924098407,333.5950676360718,351.73585140315487,326.85062
62,300,305.5561942153754,307.4149307522168,304.0227493832266,307.1806
62,265,268.379605910994,262.23561789222623,260.3532233406202,257.7498
62,370,375.51166385177794,359.55322067688655,374.4421078971917,366.7681
62,210,206.7538692828694,220.38907021573192,199.04388555870315,213.74953
62,175,182.86045769776678,200.98930102413917,188.0705230576133,194.99992
62,290,289.46368447490977,283.2091319503443,293.9008768459504,274.37662
62,200,205.79071374925863,203.04224787055045,205.82717330369738,200.12102
62,230,231.27185927520313,235.96761080467576,224.98422233891105,230.07126
62,310,313.60777497273193,308.41391923998174,323.42180048224486,307.5375
62,375,397.2936661771155,364.5661480533356,394.41968112467816,389.43387
62,175,180.00012523676247,189.0834269913093,175.86043993897323,175.83806
62,355,342.3105292443294,340.590199874996,361.52577373941415,340.56192
62,340,336.9685231232071,334.2443776161036,336.91967680171155,331.96326
62,300,315.7062225912698,313.10281270608453,311.4051034318921,302.75552
62,200,209.0514416634336,222.2938392857141,205.20072688289898,205.88943
62,305,298.98690679612855,303.35147135966605,301.6766324096383,296.83572
62,235,235.7636684735944,243.76657320400477,229.91977143581914,236.79866
62,340,339.91563132430406,340.25106234426073,353.7440099559238,340.1334
62,185,191.430434952654,189.55579386282795,202.09691962296745,191.40715
62,275,276.2508931352044,271.064456143601,278.970914597808,274.22565
62,275,269.81732727945064,284.9069899475223,277.6947794689383,277.80225
62,400,385.4763044944534,330.1038003539734,400.2404051259268,354.0226
62,365,362.4871769903901,359.75468338457637,360.07827835085664,371.3949
62,380,368.6722426223922,356.27748052182886,367.5638027958957,384.54016
62,295,291.47832336830794,291.16409137451956,290.07991558886965,286.53064
62,320,328.3006336264038,328.33902238666906,335.9281811238481,314.36438
62,200,204.91229069117898,210.81698090879706,195.99064184766533,199.53741
62,170,178.824336295375,205.65235977421275,173.75637965848745,179.91821
62,365,352.90099063028305,350.13988203835777,349.4964558974962,359.32205
62,175,169.89458196716927,179.92463122988147,171.30519928962417,189.90945
62,290,281.0876079117395,291.0699455607027,296.8517240025272,283.2966
62,345,345.9900463281011,327.5461388831113,357.10655030854804,351.51016
62,365,351.80946139949697,347.71617470617355,350.3809963728062,358.55066
62,200,202.05344021042202,229.80433773171276,189.9414835202097,207.31874
62,255,250.06410915702196,268.90605295572067,250.71087337955615,262.83298
62,175,173.66159258341816,173.32901596442784,178.4379363041379,170.47972
62,270,267.33583295322876,271.78717050946165,276.03826139403714,269.41623
62,310,349.63505911422783,326.84392966557846,354.3593865383144,336.0021
62,220,219.5893686305182,223.1115143255438,211.03714417095523,220.86879
62,385,366.8049084543595,364.9857447359029,364.39688841717225,369.55847
62,345,347.0515240330581,343.78512391380576,351.57016621168486,349.7261
62,185,188.53316148452436,201.3500187720776,184.54528256067493,193.59303
62,310,318.3552103090908,336.22873954953735,325.02112565059355,318.86725
62,400,405.2529907238644,384.10409213825426,386.7265750186118,396.58267
62,220,219.0970226221231,225.69547321387765,217.1245583531582,224.59827
62,225,230.19347196901361,240.7849510297064,211.14219876420108,242.5844
62,230,222.15280404837952,240.7043677404467,231.20164657768998,230.6083
62,380,378.7905620145631,366.23375415209455,364.5606737403398,375.77237
62,255,260.58193652200964,265.6958481487178,267.02881141282336,257.4983
62,305,316.710235869902,323.7047615674084,312.6027990864016,324.85974
62,175,182.86045769776678,200.98930102413917,188.0705230576133,194.99992
62,350,358.9961255044616,349.61089870016025,349.8084147858856,353.9137
62,250,251.67631463029937,259.9148473448207,255.95248199114116,249.5097
62,280,279.8837159988998,287.3928017867209,285.329615347288,290.93573
62,385,374.71382069707545,375.5071565831403,364.90891607529824,377.28204
62,335,350.27145611169595,345.42215609703914,353.0544410121198,336.5527
62,350,344.37156231947483,342.05796058597144,344.7253329211396,342.77704
62,180,195.80481662746138,214.61478263403248,139.6641398814135,201.0466
62,320,327.6658830936475,333.8335938500867,335.72597692385466,325.229
62,335,330.94365848141126,316.36081648743425,346.8458235083583,316.06558
62,260,262.65416406494467,278.2272670292383,264.4758347542703,280.6975
62,215,210.5669227458969,218.9361841309745,201.93280603262028,218.26129
62,190,181.48942607055596,193.4080015832121,194.16929933459235,200.864
62,355,367.0760824994402,347.80277849492563,368.5759387325354,349.17346
62,320,290.39250051737076,234.23848450324184,287.72408033526835,292.9753
62,265,258.0713424086855,260.3113938152961,259.462143395136,250.8227
62,235,239.3419597003091,244.45794784039484,233.00132179665934,236.30826
62,180,183.06848003447666,189.9507904595405,173.62493336577313,173.8141
62,355,350.8370323156207,334.9482531100435,359.76272811459904,349.98694
62,310,299.85405331387267,309.79349673121,316.13122360740596,306.65918
62,310,294.9337881549689,290.1621140696534,300.2032145726243,292.91513
62,225,221.63643498166326,227.9903909336636,217.4864439599805,219.46786
62,285,281.22954419734606,277.1811354374484,294.2706908352491,268.34076
62,250,245.78568251815523,251.15206719835638,247.2050463175109,238.98749
62,245,251.1815796384306,265.8662676887383,269.00833620927415,262.98752
62,260,265.6387602395143,267.4976219363038,268.0873431413753,269.88007
62,220,220.51465410207547,228.45015555500723,219.84017711978012,227.08804
62,240,244.4946421982905,256.21690364880345,232.4882105154376,238.2644
62,270,273.3386570449739,275.0956104346169,270.7653537964215,272.15363
62,355,355.0011052866396,351.4059509032631,356.0510253852705,363.26303
62,350,352.0589291346321,348.2588646125646,352.23002699231984,360.63644
62,395,369.06580396663554,361.3213468406698,362.691588163808,368.27655
62,205,205.54860112536142,210.67900224117986,203.40762083749394,207.14818
62,310,315.3692787380106,322.34097979256865,326.45222241435374,314.49994
62,200,206.90363611176312,203.5456366498997,207.20740734749162,204.95952
62,295,291.6300573154392,281.38585971444553,299.70249969178434,277.82382
62,220,217.57736401131154,224.27692112639227,212.78540164924544,237.89613
63,400,401.44841675387215,371.9311122211122,393.4838090693501,397.3873
63,355,345.6423453606167,349.7538367188367,343.05390070177606,347.95847
63,185,176.28861252466388,183.8067841880342,193.0697007938238,177.76314
63,365,361.44932376381126,346.9325389887891,366.35706106983434,354.3576
63,260,262.2546684223705,270.3943924131424,263.0539278334634,262.18872
63,260,260.0872693629195,271.21404491341985,258.9410407463591,262.71466
63,350,358.3771528649727,349.0366013153513,344.8961293527564,349.36343
63,335,339.41079620704744,332.55735250860266,354.9525871186373,339.4168
63,175,175.88640842469124,183.11892080142078,179.49544986581645,180.58958
63,200,203.73037901326285,210.07991244866244,195.19259348781134,200.13289
63,300,287.2474413497358,296.73184398934404,297.2630500589131,293.13034
63,375,403.59772538174093,370.9902931790432,402.8884918834431,389.9097
63,255,255.5047652172063,252.27099036584332,266.32009372253225,254.616
63,305,304.18446575640826,309.15840936840937,304.8272515797375,300.61438
63,370,372.41681237335365,367.90261724386716,362.42673272482756,379.056
63,230,236.05560141806197,247.03042145762743,242.24920505930942,233.87218
63,270,272.57192665677644,273.071785922411,269.77365382856937,274.84082
63,285,286.19115658449994,287.6242048229548,292.9029612543234,287.401
63,400,406.87444490563826,382.1683283383283,384.2367538076212,396.13715
63,225,225.38648138176598,239.57854131979136,214.85403985500722,223.95215
63,390,380.30085288112645,343.6129167360417,370.07231017837563,377.7124
63,180,186.62023003368733,184.375322039072,206.78417833020248,184.4345
63,385,369.7177796759768,365.87762591575074,365.94035755031723,374.6781
63,240,240.63308937236314,255.0554391278656,232.45004431499714,239.05191
63,330,325.97950884743,325.85108842546356,339.88672505334887,326.08646
63,290,283.2684892020946,295.3199909118659,295.1784604750155,293.97003
63,260,258.8302867079343,258.1109597183862,259.9162785536052,247.87823
63,350,361.2460097046228,347.4603603341104,348.61467051584145,356.45273
63,175,175.88640842469124,183.11892080142078,179.49544986581645,180.58958
63,215,212.04924467667414,220.16915305282953,224.71365224046093,212.51949
63,275,270.9780726719471,281.5515288877789,280.08003032401007,275.5405
63,310,308.8050283445514,309.96270923520933,305.73123122707057,302.85544
63,185,192.4338996262813,210.99267191142187,186.5361276604649,195.12918
63,325,352.72320407570413,343.64342934842944,363.6346068555252,346.01376
63,300,287.7527999465742,277.8370263070263,293.4889268660724,272.05432
63,305,320.83257458488276,319.4255645743146,310.49263074954655,313.94196
63,250,251.60621063455528,255.89535866910867,263.1765241463356,243.78333
63,200,206.21088892318858,211.4352884615384,193.45950142834866,202.12064
63,245,251.4848467003887,257.02818611943604,250.80733780192028,257.636
63,235,236.72588954131942,241.99106515216812,230.39440517206424,236.09808
63,195,196.88004817550075,198.89555375180382,202.56550828505834,199.56844
63,385,371.6266291990378,355.14358920083185,372.75250947329374,366.1954
63,225,223.1897728412028,226.47055895493395,225.39222902361917,218.72409
63,350,357.5205589691697,344.7996256521256,348.64129194987606,352.80722
63,270,269.2307513746835,272.4765592046841,271.6996735412341,272.37906
63,305,301.18297072397905,302.2978925241427,298.8489807523177,300.49414
63,225,222.10547322171917,231.53152944277943,211.1569943795608,219.56003
63,385,380.2225250503459,375.38104943667446,368.18673394048875,377.88867
63,295,300.54660479419084,291.5227081252081,306.9348252760813,291.0218
63,370,375.147676767391,364.25759712509716,364.06429887146106,381.3326
63,340,349.35714228953316,345.6850602175603,348.72581885722127,347.74323
63,295,292.06535615361,290.662721861472,304.73049238923323,289.69
63,370,369.53818956870754,358.377753439371,364.6742473965825,367.2296
63,335,344.1226729609832,328.92674922299926,340.2070225977103,332.56223
63,200,205.0451796299269,205.85051517926527,198.933550340061,203.74287
63,330,330.1238005072483,341.63398809523807,339.71527316976784,333.89615
63,185,187.77319714352012,191.93331057831057,185.05324300751337,193.00723
63,395,357.47591881214714,231.23553321678315,396.59352720521395,295.6784
63,190,192.19227239158897,193.05245990120983,185.91118989197022,193.85594
63,355,358.9875488207306,355.73863594738594,359.7952891449374,366.99356
63,370,373.85602540543323,363.0046986346988,354.6596574558238,381.54385
63,365,369.17420658448384,356.0547122322122,360.54872647809555,373.7249
63,275,270.6768509328969,274.58011280386285,278.2082343957415,264.5405
63,310,302.42898702557784,305.4088005050506,314.64115181753607,308.3661
63,390,362.6691761711901,359.65759691697195,364.88219326467197,371.14966
63,315,313.38795104234316,320.7753953685204,309.0810022157922,317.11502
63,375,374.8892436162902,359.7864639527138,371.8437886108427,370.87277
63,245,243.74097769706316,245.25727453102456,247.8146177539753,242.76428
63,235,234.38307060098612,242.86232417092702,222.3930968727662,246.44402
63,275,277.7292404714441,282.6460114885115,273.6734863116751,276.06134
63,320,328.7981268518579,319.4724138361638,341.29045645537195,317.83292
63,205,210.71843996307211,223.11814185814194,190.91406724937963,215.4715
63,390,363.3341034914847,359.54313388000895,354.71819250456844,374.87003
63,390,370.9650978525809,363.1333442252193,350.3379801171813,377.19406
63,240,249.66534235985415,254.03712188954833,245.2276262635895,248.63174
63,300,313.80359219414095,311.4603714341215,308.57257376908126,308.8896
63,335,344.44307024601864,328.88165487290485,352.52381625426364,342.04504
63,250,249.20488062548475,250.88641313751612,261.49604136421823,245.9742
63,280,274.6067871843562,276.37832258019756,277.705975924231,265.5518
63,230,218.85475533064096,225.68116022866027,221.50560264988164,221.2965
63,230,220.72704854136435,243.98630212108165,228.1408524170751,224.20555
63,265,267.6546195908754,263.9921753083517,273.02994542115107,261.21875
63,210,208.44642799113853,207.90258796758792,212.03982124187007,200.2156
63,175,172.50030340295643,184.64513042513042,185.86774277156564,175.46771
63,335,328.539832678685,321.68910631035646,342.7187660699516,334.80466
63,240,237.92401994829282,244.7327886002886,236.3538900277943,235.06725
63,310,290.3680675257483,319.0798602786102,281.92686631488857,325.71304
63,215,208.80363861052763,219.06435536685535,205.44766527049404,215.90788
63,180,191.14573268955257,208.82802780552777,187.32882447183005,194.20964
63,290,281.0407338034779,295.1104958929959,277.1587097966464,300.80396
63,165,172.53160860707874,167.05604548229545,163.042625386978,167.90959
63,195,194.59455043400465,195.97249972249975,206.673010646757,191.62207
63,215,214.55176419200887,217.02383918369222,219.7115496808885,212.02548
63,180,167.78346397935633,179.49658799533793,164.0362422610736,177.44493
63,175,190.4425677673521,200.20435758685753,195.93147470100598,173.54451
63,180,164.16243040536173,180.0959221334221,166.7722603530884,178.44943
63,305,314.22252092678207,302.7996176046177,321.112657897982,299.06192
63,305,310.78900762691285,317.55597014097015,316.3486529601844,314.59128
64,320,328.52972874222866,333.65524680861796,335.93248212182925,327.80435
64,180,180.4039736878218,180.0636461438887,168.5042846167537,174.83455
64,320,275.0156877445034,217.7285730935731,275.1919789046365,231.6965
64,230,227.40643293909136,230.84649636912798,225.95173105117183,221.23318
64,340,354.60978831695763,351.6489529544954,352.9099405707601,357.50803
64,225,224.31994816468944,224.20583368592185,225.2890264974841,222.06721
64,390,367.0336102110681,362.5919628598525,357.3437968216945,375.50714
64,205,204.49257095852494,211.93605958953322,202.75496297506942,211.01158
64,160,153.9695676870689,175.47047684260184,51.5743778131781,160.69202
64,235,238.0864944205673,243.99117746414777,236.3304199927686,237.81737
64,265,258.412127831635,256.0443419301005,258.1692637282675,242.11772
64,395,390.1998991507145,369.20935489819203,374.05416884756653,394.69907
64,265,281.25693122995386,281.46007001267714,285.40548405905633,276.6714
64,340,343.81209710071073,344.62701052211446,349.90165112962495,349.46228
64,350,341.8183746840927,337.94661599765055,348.45119663755077,353.18106
64,365,352.99870539579456,344.6284937321449,349.72323392525664,361.16943
64,340,354.7559358495907,342.0846116245725,361.2188879283849,359.79938
64,360,351.6132622579024,348.75732045878095,351.4977692849509,352.33932
64,380,362.26453206429517,340.66639815576576,379.25753053033634,369.59766
64,165,176.4939275389357,171.32087384498024,190.2082118261513,171.13026
64,395,389.2287129959215,372.96689499889874,373.51415084313317,385.1133
64,250,257.2396927021766,260.6164004747757,254.87344701507416,262.90118
64,325,326.9038675758737,326.6554816455046,325.18342208021926,319.7371
64,170,170.55753255716775,174.81850297483726,166.50398713611875,170.72298
64,200,207.08780655341013,217.92935619364297,206.33377405566702,204.07849
64,290,282.3827529429164,279.0471399735442,287.21021823094895,278.92178
64,255,255.1299166638742,256.2482120468568,259.5919058008918,260.169
64,265,266.4065884226313,262.9217034165129,260.40674660373696,267.53076
64,200,207.08628795352865,208.80838312139358,198.4168621692579,204.38335
64,370,369.69667337608496,366.40667048048596,372.35459703491074,379.66397
64,325,333.13045271535736,335.9298990029576,347.8222809106008,336.64166
64,295,276.0842190407399,277.6623550567368,285.7674278232782,276.24637
64,255,262.2149108732139,267.15947137637977,275.72409129863263,266.00992
64,165,156.30238919564695,170.21460384305232,155.32086726378947,167.14586
64,195,194.04424389240108,200.3857927615899,199.91321285474487,205.35881
64,365,356.18706470984955,350.091583734534,353.7319843793889,355.537
64,395,334.6099458470827,213.8767454057381,375.6709369244701,275.47925
64,245,237.53837079307817,266.2412188230069,232.0224979147837,259.12903
64,295,296.62757957153616,301.48064716861455,300.34634994123047,297.4451
64,320,316.1753154505932,312.20026598891275,327.9327364927541,312.20328
64,325,336.3958467783452,332.3255410367516,335.1039564837456,324.25116
64,230,222.86151580829812,234.3627374869282,230.3344858228972,220.15361
64,360,353.70096159182157,348.6375371934829,360.7779518612167,355.5968
64,325,289.5696962180432,284.5833287325419,349.9669990204173,310.6665
64,360,361.1647596272026,347.5330372422554,358.22344562304295,366.2448
64,270,275.0704489198891,275.6486165139056,281.7476398781209,271.874
64,290,285.6452557030441,301.5026273422986,295.4521242494916,291.83038
64,275,282.2418271766614,279.4838059072965,280.79958015910677,278.4778
64,385,371.96560682922143,354.78608576136014,373.7851197893373,368.80124
64,200,205.87654075199043,203.29590915091958,207.04829714588277,206.1809
64,280,288.5969625934217,291.0266168059064,282.5486487288554,287.36804
64,215,216.43942454502212,213.64125275747642,223.2117112007142,210.88383
64,340,340.13276139403513,336.39628379071274,346.03599553706476,341.43164
64,210,207.58378304118645,215.0250917415918,199.12519798302782,204.09506
64,300,290.90418998668963,288.81913688723813,292.4046815301303,290.22076
64,330,322.74276720335854,336.11220459756134,331.2383645063771,337.13785
64,285,292.4819209843874,289.99688003111777,301.41643818938724,289.47482
64,205,205.1421484969278,212.15121216365338,200.7851126416408,208.88428
64,270,272.0997630716785,273.270469089818,277.3777031029161,270.38663
64,270,271.63887148220147,272.7659502605312,273.8374324009181,268.83478
64,190,192.86713326221536,198.34824711850763,189.95092697593464,193.52184
64,215,218.02566020982403,218.23568787477566,228.21939135887936,200.04901
64,330,341.0683266748266,343.2160853831839,343.996330453264,338.01178
64,210,198.18479785909847,211.19581731585407,204.32476632250558,207.79146
64,200,201.7118605328941,205.08591406757176,199.59490298068243,196.26009
64,180,178.2959598263336,202.7408061105561,174.68098841129915,189.14046
64,215,219.56739322622803,223.35214538458618,220.61383872347133,220.35376
64,215,212.28387361090375,218.8624969809601,211.69263950257033,221.11053
64,390,368.2622081017364,345.1193419635919,371.725934241849,367.3674
64,235,234.59054962705784,242.94591461096928,226.1745897726132,245.87614
64,305,315.2500512518854,320.92415899283884,318.92848098098744,320.3134
64,320,324.3531241201123,328.99931893517794,322.70220022103433,325.6688
64,235,239.9417905999885,245.66257076239907,228.41294328415322,242.90727
64,380,357.4483301203686,344.1333336075691,348.44885799565157,372.85013
64,205,207.90983850916405,223.81677263014768,199.46653033384888,205.76736
64,360,355.9337540980598,343.64017067889364,370.48017812015837,350.46182
64,360,365.94092060474804,358.5270800351608,364.5506549913324,372.7329
64,250,253.60462661214285,263.4842151993538,250.33904982330725,255.5487
64,355,351.33414591621687,334.8843679180296,359.25858507932486,340.78952
64,175,179.1370129347549,184.37687806066478,169.8366213276353,180.48895
64,175,173.781495451356,186.1455038694965,184.3280343724681,176.96239
64,330,339.3822362613813,329.7501147015606,350.48437774378436,338.07172
64,320,346.1252555372648,344.84083414787824,354.56680442999715,342.14703
64,335,338.9740241003717,339.3420905441307,355.1843812221893,339.84998
64,350,356.5823124335483,351.53497031077785,351.44258735363866,353.86023
64,180,199.24965680054333,191.40603286990788,211.30216497631807,184.243
64,300,309.7862552644482,310.5758598635273,309.4670605006584,309.6032
64,240,252.5882828871645,255.48318438135786,248.08860816242924,245.55481
64,255,264.55531873426287,266.1089523265919,247.1436306057751,265.09735
64,325,310.89568508669663,306.36957423569174,332.1508170689553,316.79382
64,380,363.5509602379818,353.29112925705175,376.6144265411295,378.42123
64,385,370.7424403175264,362.4548236681619,365.2145059309709,376.6391
64,290,284.53494937521657,287.9214992971173,286.1274968619425,283.26456
64,220,218.6018138921051,224.43476435355223,218.90008803403254,224.87553
64,260,262.5601071743294,268.97040357132545,257.33400398556034,271.2058
64,275,278.26524064234655,276.55314428612166,274.3617983576138,277.50192
64,355,354.46342296658713,352.4548685538601,361.04460277158853,350.6195
64,185,202.6814569979889,200.25376585261142,216.2370628115009,185.77347
65,230,223.19479912793076,229.14139036889037,233.9709358354358,225.76132
65,190,187.88659669099468,194.3185924315337,203.5507445995264,188.78928
65,260,260.6503607526654,274.9301828203252,262.2734781917368,273.77393
65,270,263.8949898799848,271.8009008130188,269.0471749264631,264.42346
65,270,270.1853097751517,270.862402453366,276.8308382083731,269.5802
65,340,337.63878038743314,335.36035909306764,340.7686789511251,335.579
65,300,285.58388804336505,299.90385595885584,297.43170821430516,293.81192
65,285,282.26512644925344,289.0950861143805,285.35067784966304,289.07236
65,265,268.7810150110439,277.1548189739791,272.0583934101122,271.53815
65,320,325.7807096867647,330.4386833999333,337.28176325329906,320.71487
65,195,198.42612747375745,212.2678294622046,190.02519013709372,207.03804
65,360,360.07174631697376,354.6604997741383,362.6358016201223,373.34103
65,255,258.1771321421378,267.54105091312385,268.4691739120484,261.5077
65,275,278.7967393267468,277.78262311062826,273.8432224191532,277.65292
65,210,207.89787443992327,213.24148429049166,199.04412157001073,198.07803
65,210,210.76042644865345,213.36142422392425,210.52729353100636,196.38112
65,285,282.21901616866853,280.11393981168175,296.22649264263094,273.29144
65,180,172.56370212745833,184.37351514226506,178.64820574286193,182.87186
65,375,374.94539634457817,365.567094017094,368.16200252342617,379.54828
65,165,153.79875523583377,170.53705250767754,159.71641457750758,166.89142
65,265,267.5011608414877,262.12428971458314,262.435291908193,262.83127
65,170,171.00004623493817,172.38777030839537,177.2492579813184,171.48111
65,380,369.7919047658547,345.1598327805237,375.1880035398982,368.82358
65,205,203.24539513533784,212.16187273374763,203.96828624378065,206.81082
65,180,192.65232045668813,186.7385487891738,155.47068704761801,187.14537
65,280,278.27274452388565,287.379251976369,280.3411296474018,288.6949
65,385,369.42313508351015,359.07012924167344,363.52234387806413,379.866
65,185,191.6461330897264,205.98386768324278,186.04087312942679,200.80177
65,205,215.40524359664664,221.22186121612603,204.61303455879175,224.27298
65,215,217.23095606386073,217.41228583916083,225.16429983438707,217.668
65,200,204.45396721858128,204.76823082554702,205.86287547753136,199.50987
65,235,233.42105855939042,240.368390880014,227.47052183623026,237.72067
65,295,289.1046187089041,284.0342522200023,290.00719311755864,284.55502
65,370,376.48569696151094,362.8226592076226,376.85534720368884,365.4899
65,250,254.89285179652006,258.9582301244418,244.6584335032731,246.31435
65,235,235.8240248244216,241.14337012108342,230.08665078871417,240.62973
65,310,316.9573284047083,313.30232833615185,323.9918192882623,307.485
65,180,201.1510579977164,193.10616783679282,214.9213126806369,181.86003
65,215,214.88761154698102,220.76995874495867,201.98600629561372,216.3826
65,295,280.2113727581068,279.4637054612054,287.6088129467155,273.42346
65,310,325.47061290632155,307.17790563080905,331.02636938213806,314.31015
65,345,354.38132423748453,337.7548899711397,341.48096787663303,346.5092
65,285,294.21580314262974,300.29551825762377,303.2117685281449,292.65317
65,310,307.2510321000501,312.1358623336043,319.0280260271657,310.82034
65,335,329.32609701406636,315.1740733993675,343.3978453970678,323.10846
65,365,349.801996005815,347.94756187734004,350.5157370448358,356.26672
65,375,377.9137944466771,376.74124425940994,371.60775759213914,381.9449
65,210,197.69592274485967,207.87577834202835,206.19153535562714,196.23021
65,210,203.4683601738618,222.0650009943761,196.16481573217777,218.68675
65,340,355.498658638586,343.951525923695,352.18290999614516,347.2512
65,260,265.52241465310647,261.1333015992633,261.3772555146129,249.858
65,400,386.770875376556,335.4482020757021,408.921792852158,366.33627
65,390,368.48824506340316,357.4897060809561,356.52411117238586,374.26492
65,185,204.29500432608563,202.26546319421317,216.31253082023053,205.1302
65,285,286.4908683138475,291.45895376966047,289.6800719568236,289.03604
65,315,325.0087497491602,322.64607247771727,316.90819386748217,311.1159
65,330,345.9840125276769,334.69884747641134,350.4264011879167,344.5328
65,380,365.4768847986363,349.21397357272366,360.9169176441285,369.18622
65,355,346.64832650663857,344.5635264909764,363.76817311587314,341.47104
65,355,358.51835252305455,337.2128035318367,361.44826224519255,355.7151
65,320,322.65210353035866,328.5526531194057,320.47555184300313,321.1997
65,395,403.8331319123572,374.11158796541133,382.66596398008755,398.4125
65,380,361.19262010660054,345.2121374703726,368.80953260262794,376.98718
65,365,370.79564224312196,358.35326057112843,362.7356942755355,370.67133
65,335,353.7552851593491,352.28041115723113,346.9568327227013,350.4323
65,185,189.64441039453254,192.15880018130014,204.01741403320938,195.67337
65,255,252.77432456889096,254.72861298723845,257.5289270302541,261.9814
65,180,181.0602559440432,177.08113654863658,177.212979895541,175.61224
65,360,365.06198578307954,356.82958894870916,354.10626026070827,364.8117
65,225,231.99570112308515,241.6426576201576,234.0661863049239,247.66658
65,175,175.8421987906538,186.01536412661412,184.05660813387047,174.60947
65,345,354.87569106570675,342.4422888308894,346.61855934088265,347.5041
65,230,234.88322256976096,237.4424431586932,241.8183943506916,235.20377
65,325,339.8018070492226,326.0070489042548,336.1737003443213,345.05518
65,305,316.76245934341864,324.20848784214354,311.3769709889798,313.12207
65,180,191.8019604429096,204.74964114589125,185.66328216712765,195.05627
65,285,284.31166388335043,291.39485395723403,289.10955823236293,287.10675
65,240,246.67009528580138,242.44377292097886,243.22408488235965,230.92455
65,320,329.35901499085674,329.4708697321196,338.8203358847363,323.56946
65,260,262.5475071452696,264.83776621944196,261.91444405587754,260.78967
65,305,309.6364184721394,305.6491702413083,320.627155925892,298.0065
65,270,260.84512093182775,267.3855143958577,264.6626595149114,267.63455
65,330,331.3124445263119,322.8942587890266,324.8645994585103,324.11954
65,350,355.6461999968377,354.14106988225416,362.45530850389576,355.9447
65,350,356.44886821641535,350.96664869974103,352.5635334549645,364.2006
65,385,368.27570287373294,343.20220809419345,360.95181708287623,374.37045
65,370,370.8804086066194,359.48901877806287,363.70829209010685,379.95456
65,225,220.0568743227202,226.2569529526539,217.93482608901402,218.60922
65,250,251.45694523838836,250.97520241468777,260.7874367342598,246.07896
65,240,240.3952274167832,252.2981142699893,232.2846989147156,237.85968
65,325,334.0828150628944,329.8234107003581,332.0659292857389,323.28815
65,245,242.94378967597083,244.13870713731865,240.99673463833005,242.52193
65,205,222.26004703120122,227.44678441928448,214.22607722461066,244.1846
65,400,391.8861473654865,373.7081502019725,380.5124819337195,395.79376
65,200,204.06358275084062,206.0478418327315,195.321569413694,202.2155
65,400,412.4517451233611,372.61259141443344,388.17722143016135,404.05273
65,245,255.55151780032895,263.346023149468,264.67479181824604,262.7982
65,165,156.3565086423696,192.6383579846079,198.00831588107988,176.89294
66,240,247.5727336552203,245.8117458513708,248.8815594220406,238.64192
66,210,216.6784528463334,220.94923747086253,195.94814400413728,210.06627
66,350,344.3473950286362,340.07406567044075,349.13701761046434,351.55374
66,400,402.653061121227,381.2228015122131,380.16715012097893,401.198
66,230,215.97425142167822,227.15158552558566,220.90240506539175,226.51294
66,355,373.36620118521586,346.5827966249434,357.72344212207224,352.7209
66,275,278.30270157686476,274.26285386835383,280.90169490591813,269.08478
66,350,350.4651216448083,351.0383961447906,354.55760846604767,360.25336
66,310,300.19476461349484,306.6465774919524,283.38723311099557,319.75027
66,220,213.6517230867039,219.55417066511936,209.5272348478304,220.30232
66,215,214.25778950998577,214.88276620601604,218.29888471275535,220.29092
66,390,363.9783197964679,353.9181165094367,352.1193924990017,374.0374
66,245,252.35388924173813,257.7618591498371,250.17081931319734,256.21176
66,325,351.3102675360392,346.97526842601826,363.9608806881448,340.6509
66,360,352.3589952019886,347.10102117327096,373.87470416704434,349.74362
66,395,382.80870693563696,376.4359443203856,367.3617328550803,390.6035
66,275,271.1299669622332,273.5590398351647,277.63084446545435,260.50232
66,330,339.98005411181236,332.25834379509394,351.9827440679601,331.62762
66,165,168.68721314048375,183.7162392754306,160.64838407087925,177.77855
66,380,372.2565958659602,355.3920597458099,370.46217011073645,373.12814
66,315,320.23415549483786,326.3805806848381,330.1399190477262,323.17413
66,260,266.2027049220042,267.214688852814,265.49430405106466,267.74796
66,165,172.56405233260736,173.39307883782885,188.63878531506649,169.89311
66,250,245.40370803292066,251.50581256733452,249.68448444830443,239.13988
66,310,317.4381556406852,337.7389231830262,324.6093206272351,325.00043
66,265,267.09842540733433,265.009349192474,272.6136618488615,255.52513
66,295,292.62517741767266,298.16120819458325,295.7499706308248,285.62466
66,355,348.5945875237759,353.0034162781661,345.43063718994637,350.48157
66,185,182.4675174075287,194.53816285249835,189.12642991375745,179.10907
66,365,354.56564928308023,351.59550520321613,353.2440308183203,358.2022
66,305,306.33258102696743,317.23718512125134,316.4989055168593,312.82242
66,390,376.8084724222278,369.86289277715724,366.2401518978328,392.80353
66,360,354.37378025125577,353.8063803418803,358.846193389021,360.2202
66,175,165.85701579155784,179.64346777813702,176.5580243239192,175.05533
66,235,235.3417560845297,246.29073601725057,222.28697854324048,239.20032
66,265,270.5481753316414,264.36152357446474,259.07689161440544,263.16528
66,295,297.25246975796966,292.2748873122493,305.08681230582437,291.90088
66,250,258.759779085805,250.77905050586665,259.02119593665054,253.6815
66,390,382.46310867903884,366.94978177867864,376.46849792587363,392.26453
66,345,343.38432569159704,344.42518034743017,343.16410286425435,348.96783
66,310,326.9181296484188,319.205034992785,336.23059811739176,314.59763
66,225,218.08100746810067,231.5546138689743,218.33144997040014,219.6511
66,365,371.3263388159256,357.7152268932049,362.27942444364885,374.6593
66,190,194.4748382481469,205.516721225498,194.30501693127624,195.14644
66,330,332.924605360675,334.9061003587915,349.9867029332506,336.08286
66,380,383.93163807102246,359.1209325209106,375.8410577114195,380.81805
66,365,369.2928514673571,363.31594957330265,376.24646143590803,369.70355
66,400,401.3164692082044,381.84237243801937,384.684963208778,394.34262
66,165,175.9601781460501,179.36444839882353,180.65710732947275,166.08136
66,210,203.32911230987722,208.05891722166726,197.78660522553446,200.52415
66,315,308.9497439410699,290.5973497335994,304.13260549140296,302.05222
66,185,190.22865389812526,195.97249541914067,191.49720879386902,191.24858
66,265,269.9795387732043,281.0409306475688,272.5409738481304,275.3804
66,340,340.75890913517793,340.5055380314131,343.5188954970207,340.414
66,290,287.40436631070315,288.6724365246895,299.38221048508615,288.63754
66,385,366.3170131606341,363.0857431311376,366.01158246789976,371.6717
66,400,399.0016151513597,335.2434928353808,376.54001748610085,330.82175
66,175,178.95885489293244,180.8399460563946,178.35401573232397,173.74245
66,265,267.83860361687755,271.67381742745556,248.7583747690162,267.81696
66,355,350.3506476878032,334.50649009324025,357.9497781895707,344.382
66,205,205.872798424513,217.98219452769467,192.64555080891654,208.36179
66,185,185.05150497037263,192.83898645605348,197.3618038230627,184.68869
66,260,263.33783236276406,267.4032982507689,264.65506294176174,258.21793
66,175,177.92510558345134,190.68626174071034,179.76572278513638,176.23969
66,285,294.9785401803545,292.7621883649548,301.8299132370212,295.13007
66,285,284.5063852359218,296.7438839999868,290.4838530712025,297.3993
66,300,305.6476239287229,304.50758207216757,301.6034229562622,299.36066
66,255,261.73429146198606,263.917838189588,276.23062552811405,261.6895
66,365,367.41419500988854,363.63117005706727,353.5739546111154,364.80298
66,295,274.494420021261,278.25889470251946,288.1845220710692,271.2184
66,170,175.68866794200704,180.49516449808368,182.89468996072554,172.43909
66,205,209.89023883433194,216.70418561993569,213.39327921478832,205.176
66,200,202.32900860669855,225.0444834993437,189.80697873713768,205.40225
66,230,229.19673354678295,242.68274871778547,223.33794855192235,221.52147
66,250,254.10613576889298,259.91038655788657,250.14217773959226,253.75926
66,340,346.91721053462254,342.9217309912308,347.58457751075645,335.503
66,180,190.92379946235673,201.01555285138843,184.2899712713123,196.7397
66,325,317.4586879206688,306.3939325674325,331.1829998905716,320.8917
66,215,212.36979118426382,217.65880513930531,218.93431773367774,208.45627
66,240,238.04935942008382,244.54099500581123,237.85572514209693,232.88206
66,340,345.2369813904296,345.5306769203019,355.06085529859837,337.63977
66,195,194.29246009013156,199.2628721273996,196.8276817017344,192.9876
66,245,249.7803510613,258.12608903596396,243.0066121544549,250.48839
66,275,291.20513671683835,294.0088514263513,249.7494971399136,285.25366
66,320,320.89365029361187,330.1038865750265,322.3572307851401,330.8819
66,190,178.77889285815547,192.4390118195787,194.86800678457968,188.87207
66,350,359.1759951588116,342.63762744200204,361.9625616334017,345.19168
66,335,344.6828159904519,329.8613481804145,340.530352195192,342.57007
66,315,323.4172446333139,324.35527354589846,317.3986314418523,322.2823
66,290,292.5786803718363,283.4221807506218,292.9477777066703,283.3234
66,185,187.88787537181187,188.95177422169337,190.5389449981389,182.50002
66,210,193.1789533375083,207.90065954878472,205.9896800904309,199.39297
66,180,167.32602390746712,178.96625930605344,167.03296312677332,177.601
66,255,254.79521443484265,254.94866701435814,259.86346296113777,254.86574
66,220,215.03578509878662,222.79807501158996,212.11035918089817,219.31517
66,325,329.1407949343466,320.45289810189814,327.04339862899366,327.05447
66,265,259.4093269141109,255.62853980741485,259.8529630586801,252.40144
66,365,362.61093246802113,350.69072519147494,379.01959629225564,362.89456
67,285,280.448782465752,289.4432548113649,285.0614070268431,279.5364
67,220,217.6713088326415,223.74868382352935,220.87513594417965,220.84068
67,400,406.676832443558,369.2729963859668,398.4420786645293,396.20053
67,370,362.6985462284313,357.6735180277235,346.50328197503717,364.72604
67,180,163.7124608113217,179.24625438450445,162.07348445979244,181.3221
67,275,279.43120484802535,289.37349592074605,277.4553564270495,283.27206
67,205,214.56403495974865,229.19670499924905,207.96740573220217,214.11472
67,200,197.70191192089595,230.35808025960964,191.9934067467504,198.92862
67,235,228.7029303128283,249.04868857531355,233.52893575310304,251.97238
67,370,375.56144064100494,364.8585007215005,366.05573003844665,380.22647
67,275,250.04250547068278,281.06029622080706,258.88318009816476,273.93845
67,390,376.0986857969153,373.6069375346875,360.62126426485173,380.62634
67,315,323.84100597665775,324.0308003385505,319.3035714875684,319.2432
67,200,198.37478653758302,204.98204637029633,208.00514939232693,202.49722
67,315,309.28404052303,313.51799570896924,321.849327981854,309.81866
67,310,308.0269531534163,308.74768983501866,316.6763774886977,304.31213
67,395,375.94921190304143,372.92003948910565,370.33210938734055,394.37433
67,290,284.26270623918793,286.5599896324437,298.7351915099379,288.1197
67,240,246.63448423600033,244.851962447683,241.6359192433825,243.47914
67,190,187.69568597344136,201.93520881895876,204.36341398185579,192.78189
67,285,285.0872751233074,288.1605672799423,293.0288272210887,276.16202
67,205,207.7303824461987,230.53378263403275,195.67419277042347,202.83115
67,295,289.4328516238725,292.9141614741467,290.46293077780103,288.01233
67,375,357.9926668036381,334.26859565842653,361.4773136971618,357.86688
67,245,241.9465465119742,250.46795814191827,244.28126538380548,256.59848
67,235,234.0048103680893,243.11807046097195,228.82375452723699,234.67389
67,345,338.37771184763216,343.8440189810191,336.6354158200594,344.37653
67,185,193.90028217942773,188.4449524315553,187.65605236264832,185.22127
67,230,230.66638914921606,244.77649673937196,217.53957289114686,238.19603
67,305,310.58165558335605,310.053285544521,304.1160322600443,300.6631
67,225,236.06549977121705,238.85039364844823,214.3771233435179,238.25449
67,235,239.80654468447455,248.47972065799712,225.5851673999166,243.27092
67,330,347.596296051721,339.05684816572324,347.73470718670063,338.80093
67,355,353.12325934728784,351.77817871752416,356.34094172379747,363.95056
67,255,249.41021138179877,254.2207764735266,257.8182176234468,255.88548
67,320,325.8731828345139,327.2600306719425,334.60060039022335,309.98224
67,210,206.83622866736658,213.60972072372073,209.38790945792584,201.44489
67,280,272.5797498857099,280.35351452240894,276.26728526568996,288.84412
67,355,355.07910074316993,349.91107158119667,354.37095756443904,345.39072
67,190,193.30231626407277,190.21459959484943,201.78568715119425,184.01476
67,180,167.555219967632,179.12825425962924,162.36351523058636,177.01945
67,180,174.96759576980918,206.5564562071915,160.73503907659068,188.88284
67,285,293.79625382396256,299.9386891996894,304.68034537870915,301.55765
67,330,338.5565677500102,337.2298386156329,348.50379529911334,333.1668
67,380,381.4512157545518,368.47710000130616,366.56086066847104,373.9889
67,380,361.9387538008901,354.62563341233937,359.5552896956485,365.53235
67,260,259.3905079186289,273.79688472312006,265.84209726002496,272.38876
67,365,362.498020469847,347.36579769250346,378.09196495302626,368.6434
67,190,180.32826496062154,193.90629784104772,193.7165314588985,183.20847
67,230,239.30167880927712,235.26786269286262,236.57043244647951,224.67314
67,350,346.74249637038054,348.84423089818677,350.1548531667959,357.13315
67,275,280.09881387414947,272.1012343110107,277.2319204430061,266.52325
67,320,283.43513790402363,230.79943729881242,282.74638616445344,198.23862
67,315,333.842035287025,337.07606446331437,348.4039985088001,332.6974
67,255,261.18189442242095,262.2433407425907,252.2146700036245,261.60037
67,385,372.9968707476972,376.4182466283718,367.34249022971466,386.97504
67,275,269.7857121476754,271.920520895771,275.7404066597611,269.56165
67,250,243.93752835881463,258.5261641377628,241.92884826871014,252.55183
67,215,210.63501317104777,220.8265113738601,206.2580180477398,214.14787
67,365,357.3813019913205,357.62656035794265,357.6769577509845,373.3001
67,320,319.12821881458643,323.81745754898685,325.81768274573665,319.27536
67,230,225.69785489540624,242.0939551800539,221.41627710264495,223.13622
67,335,356.95299333884617,358.20068016052574,350.79247362195946,341.56784
67,340,341.11141890799416,339.67537455191837,343.94552141730304,338.6276
67,280,273.0531146837138,272.79561356114647,274.82641111203867,269.15466
67,230,228.46703114079963,239.98465803640815,223.53107276650965,224.69978
67,310,328.0866388643306,312.4589389842182,328.64836513993623,312.9127
67,390,369.71112445816283,377.6586073787324,368.2749735763051,393.57828
67,400,406.87734835767975,373.92682596570114,379.6296440871315,399.25525
67,315,330.3371514099053,334.382575680855,343.4367584139213,326.49097
67,175,167.96936866234938,177.8556253468753,170.68250660325373,176.8888
67,350,359.5554611586174,353.4369061216563,359.66809899748023,355.62466
67,275,282.36284479459977,276.8862613358864,279.0863085169157,287.30258
67,170,172.4998980090648,184.72252767085868,194.07361423046962,170.00023
67,180,173.563893356277,176.93809583227247,180.5160194798026,176.02417
67,370,375.3027908195116,357.07725345487853,367.00665278547376,375.7644
67,215,211.19871453246475,220.8070391405979,212.37191293010517,220.18547
67,380,378.48067316213263,357.9595469530469,373.5387529926649,377.03406
67,340,342.40141976568935,340.3341250693752,357.04543999371106,336.78867
67,295,297.4608008949552,299.1001415949462,306.4633759489536,298.25146
67,275,272.56179172349624,271.74124089799074,275.6270311947665,264.27347
67,330,328.0665718424348,332.17126004551,335.31535488161995,336.17496
67,355,354.7747580092791,351.9041659949527,361.31088062275904,343.85947
67,325,344.91034038950914,347.4648251332,356.2708437745962,360.18964
67,165,179.79512873103698,179.92250681916133,171.50696779299795,172.87975
67,240,236.7363995709349,246.75169522509665,236.26093860286392,238.14836
67,160,148.2605092087204,178.21475195637694,54.424556799699786,163.38426
67,260,258.7354199443102,270.8975067538671,254.71138114903573,266.7917
67,285,287.7245695798443,298.758582414318,287.2612137651478,289.79446
67,375,389.02375491191566,363.3833529526028,389.50295368918125,388.52768
67,215,216.24003510647304,214.43641095016088,220.43193221300402,214.31923
67,335,351.20717341506816,339.0488835608838,340.83083471007296,325.65945
67,185,193.60644248021384,190.57679417804408,197.3882582042337,188.50659
67,380,372.61361571670705,347.8321124292374,381.8571660300622,371.5937
67,170,174.82938360123183,181.62268013195956,161.54068124340773,172.13203
67,295,298.2017468046433,281.75100260850246,300.94169084041937,280.50812
67,200,203.4908740532889,209.2796216838716,199.56387754076331,198.00877
67,240,237.41892895308962,249.00994112831611,235.63489265860002,243.2623
68,400,402.9478031132813,380.94467181511317,390.13194937619676,396.58752
68,340,345.1127356383063,339.25501873126865,351.68363976358796,339.97662
68,365,364.86881424923814,360.7297601010102,354.28578852724314,362.8619
68,270,273.7916277700186,270.9241365578865,278.0952038228823,272.61826
68,255,258.709902162221,266.0419020032257,245.69131473520224,267.29712
68,245,253.90159662746095,260.4990928515928,252.82657940191615,263.58
68,330,344.781201197583,335.36870899933405,349.4887967442861,347.151
68,345,344.21203943440565,340.30524867289574,350.30651562525486,350.99405
68,280,276.2986689523905,280.1385696248195,270.6926769809256,278.29672
68,380,381.8960711535637,358.3591351703853,377.2200185817812,378.91013
68,170,176.17905421882688,183.54195290090036,175.9149539674849,170.8501
68,400,390.29167801433465,370.17404386055125,378.2115813973442,398.11966
68,270,268.1441832926376,267.11717853225196,259.6921308485146,267.58453
68,325,348.514094676091,340.65920038295036,360.94150365507477,345.42776
68,170,177.2838530545232,179.09040909748154,187.07279516990354,171.58485
68,340,339.1133278039452,340.3783528277278,343.1169953381595,340.44992
68,255,252.81222344309157,268.9676455488956,247.66996666130933,267.97043
68,205,205.23349182635621,221.24566572316573,199.7796738701801,206.23787
68,380,361.79986816264744,358.2681629481629,361.64215534318333,373.12543
68,240,237.747921039608,255.33832584082583,229.7067801801283,260.90726
68,190,188.60526262980972,199.18022422022426,203.46775478267023,188.39363
68,245,241.91946342901014,262.71666666666664,234.0782882727902,258.2622
68,310,306.69070833098687,310.8474441979589,304.1077380024996,301.95993
68,350,357.3827769493278,351.4881425518926,361.78920682263987,355.39438
68,160,155.7696412603123,186.31166944166947,71.91705475734969,172.11987
68,230,225.01020660355465,234.4617775974026,223.0777427943678,227.41176
68,395,387.8323767142627,368.74726010101006,372.9758599283555,392.756
68,200,196.3198209424832,221.77731668250053,187.69511127412815,204.18993
68,285,281.13850271144787,287.33400543900547,281.102934217796,284.53073
68,180,174.14702697528202,184.07246031746033,179.89681599241067,181.0846
68,310,287.5127197108258,306.9364211115681,275.9571861212846,316.62677
68,325,329.9634393355706,320.39060189810175,332.1338098724825,322.27628
68,380,355.62621615820495,349.1720210345209,349.170582138432,372.56848
68,290,282.567751692134,276.60034063159065,286.00192928286117,274.32553
68,210,205.35421676478023,209.0685740648241,206.9876373037696,204.03267
68,310,318.67095646479885,311.6293223443224,323.48889489687934,317.8341
68,200,204.7183565995037,203.76278527028524,208.9623706344898,203.65851
68,265,263.40479469208475,270.66068542568553,250.5210533995738,266.4967
68,290,283.3974252971038,284.82888181263183,300.87160111043295,280.16483
68,230,225.9038665645116,238.67615120990115,223.1459694467199,226.18521
68,295,294.69385843830906,297.8128814241315,297.0039300536999,290.48853
68,275,272.2746651651859,281.6721026889777,274.83132112012885,283.8025
68,295,291.47503020475386,290.0494452524599,287.943786757575,289.09314
68,365,371.23347032656017,368.09822150072137,356.962564305098,363.4487
68,165,174.7608089302791,178.08771047665795,186.12963010125304,168.14262
68,235,239.727830374912,235.9142152700242,235.72394385499808,236.23613
68,380,359.2599876140128,356.27814393939394,357.91176810376317,377.64005
68,330,331.1467636502859,331.39158622423327,338.30114291703325,338.572
68,375,365.65655259398665,365.74273316960796,368.62383042185735,376.1853
68,190,189.40801923752474,200.94212870462874,189.34269587110737,194.02258
68,240,243.00794775398305,257.9243718781218,246.4263311639212,262.9831
68,355,352.2828661310005,340.57352231102226,357.3829430985367,348.18607
68,360,357.1189423842264,350.48988899988876,358.4816956882048,361.14917
68,175,177.50001513243512,189.60437298812295,182.32566445203167,178.9585
68,185,192.6422879297391,190.0314148351648,206.3626001589163,189.5555
68,265,269.08845107970257,286.902176018426,267.36303280550703,276.5025
68,245,236.30015167386438,242.10854118104112,228.94680267276308,240.0232
68,280,277.26224842764583,295.63978257853256,286.0621800555361,288.37888
68,315,286.03651313844495,291.3741129703629,309.26546620905714,303.82162
68,350,355.33764020544044,344.9489953102453,358.9312762748132,347.47424
68,345,352.2997607468421,341.9488231906982,350.01501130689667,338.5947
68,220,215.21299542900186,222.14064474332852,210.80519394210637,220.41843
68,210,196.04080867611577,206.24238491771393,191.0366139244278,186.7039
68,380,368.93460829731595,354.48455592610003,367.0485213234499,386.2438
68,370,377.8507132641709,361.3798674936175,375.7491575252832,368.08585
68,335,320.3034381681047,314.9001874147094,327.25076102157544,331.62717
68,260,261.0581765221994,253.31604258486607,253.83659943730726,246.3123
68,295,292.0839649037261,289.8213190975691,303.64593055189164,289.97034
68,200,202.43693996485143,210.52373043623047,194.8088552678243,202.64374
68,215,208.64839410788323,214.3058507872847,206.10296354652377,212.65022
68,225,217.4538379219386,225.21227765290277,216.90206794570304,219.17421
68,260,262.6476113080519,271.59518828393834,258.8101164429023,267.79056
68,265,267.4118614628364,270.12644841269844,271.81268624914804,267.5765
68,215,213.61779346542227,218.22976592851592,201.96703670440283,213.54988
68,300,301.94728582460215,301.2347505272505,300.77019650781915,297.80606
68,250,249.41337531770472,249.22603812853805,256.5958987507273,247.21
68,195,190.18128399510698,202.67507326007325,188.8328624865065,200.29164
68,315,318.01616653106413,329.98405566655566,315.25669616116966,321.47372
68,350,339.9908743905841,339.79956874008343,339.24349026637935,337.32004
68,315,336.6779984502829,336.10100288600273,342.14508334216663,335.9827
68,360,357.21856961684995,343.199539072039,359.3239680444078,351.12567
68,225,226.22549022863024,226.25697677322674,228.02508039156936,222.06238
68,375,370.32298103541547,369.8327914446664,354.7869703523757,372.56207
68,190,198.78950111914372,198.59862165612168,204.71582509197995,191.32895
68,305,309.97223811031523,320.4976429534517,318.0352601850727,309.93692
68,285,282.1351152049993,286.46010545010546,293.01790909000937,275.31317
68,360,356.88096882222766,352.9883781496282,348.48270417785966,364.19485
68,310,305.7807985286226,309.0739664502164,313.9556761592557,303.40918
68,370,364.43271619628183,358.16950937950924,370.5488077211088,364.4018
68,210,208.31521098593345,210.57690073815073,213.99781109232993,200.55208
68,195,200.7430507625615,200.77782523032522,207.4006470514187,200.71507
68,395,369.6850046721458,358.5934581513259,363.322272112033,367.83438
68,235,232.29601477080286,242.11366064491068,223.74143321597148,241.83568
68,180,181.26637646633873,177.4780762293263,195.35592635909674,170.52792
68,165,175.16092683656353,171.89123174705415,184.28039780090864,173.14888
68,310,321.50562433278816,340.03617146742135,324.7349951846528,324.1315
68,400,397.1909256155354,377.45893444382426,379.2353308707966,398.59735
68,180,191.1447167162966,192.79875319125327,204.37902045437448,185.64238
69,320,323.43838483930546,315.10605596337206,325.9289318429581,323.26605
69,235,228.9994412809993,242.48352958576424,236.84906565321563,233.27977
69,270,270.4547811845444,273.45284724534736,281.0889321859135,268.9654
69,390,383.1846406508749,366.95393755876256,384.96665020852424,389.62903
69,360,355.23912768499696,348.13166845530264,345.44465069763055,351.73224
69,210,206.09182955370164,206.75679820179823,205.99358000243393,197.2019
69,240,243.15098995049703,253.28449462931098,248.5783083936929,258.58484
69,225,226.32626494152527,237.91583435083433,213.96480017042725,226.5914
69,320,327.80979046752924,328.6975776367082,338.6811383980751,319.1479
69,330,324.53825250241135,321.695699957722,338.0705359121224,324.99857
69,205,210.634788619503,216.739392921893,194.81426603193046,213.7938
69,165,173.12673609799964,173.0143398962149,171.57892551718624,173.59027
69,280,273.2160088392422,296.5043978949797,280.58987156554036,285.2854
69,200,198.12721594413284,228.60060796522234,191.59444645881877,202.76573
69,195,192.19888857336292,199.67219398785767,198.80649300664487,199.22806
69,275,276.32402088014015,278.44793757168753,276.90927696108497,271.6024
69,345,337.25181765298333,322.48550523219126,359.99553427957073,346.45428
69,310,306.4435355403104,308.3835101985103,310.4723017974724,297.69202
69,265,270.98974750803376,263.25244753204305,271.4258373471229,259.3516
69,285,279.52691771447445,297.47816845191863,289.47850766832056,288.20526
69,280,276.6445761641825,288.17038143574376,278.3651782903434,285.41058
69,250,250.31379767174354,258.0551953626296,243.40503638490674,248.46875
69,380,363.9534222569229,350.1375694906943,369.8418574277748,378.38705
69,350,355.74310515801284,342.78072505735014,357.09127316252574,350.41333
69,175,169.73860940853507,181.55730333936225,171.72848854349877,178.62564
69,390,357.7859269347202,354.9810526605748,358.9998173267779,369.9522
69,290,280.5111436658793,289.00532812582173,295.9934541040799,279.50906
69,385,381.83137896854595,355.47701068698774,370.599620218925,379.92477
69,175,179.45787750968344,186.15345219595227,176.23449738614488,185.50159
69,305,302.063999478183,302.08652310883207,305.5514407366453,301.4028
69,160,165.90527306354994,176.7660586662793,52.506077863779836,160.90639
69,225,230.46800637527366,240.05102966477958,230.5205918167726,233.93745
69,400,398.5705564455256,370.5851280099025,398.6735531902756,397.80594
69,360,359.86120181914913,349.3731257909883,359.88894809815883,354.94022
69,305,307.66079231315285,318.1681476523703,305.41639036303184,301.80704
69,320,343.8071625529321,344.9036000200135,353.74637380547904,340.6551
69,290,289.2761607930386,285.05494368305125,289.06607407243627,281.94516
69,350,351.57923061605464,342.59723371334235,352.74943994237157,353.4156
69,165,186.22766130571182,180.25836555873326,182.85522755722553,176.45213
69,270,268.86256088711576,274.21533973917263,271.66279900497614,273.50418
69,275,254.88226636679389,278.91644830345274,259.8642236435573,259.48645
69,170,186.1930653716326,177.98344808241862,186.26526178953898,177.98453
69,355,359.7598582831352,348.023542440522,352.4849618199628,352.94366
69,220,220.5873094929023,224.63645836407605,214.0980822336989,222.57147
69,250,253.69775374242278,253.60945505054997,267.56386614694304,241.08467
69,310,300.24427057360316,310.78799553387796,315.7834138411432,304.16873
69,205,211.04111510487718,226.05692488871844,197.02314687338708,226.14014
69,380,379.03454712627075,366.6993225542019,366.06375314604674,375.60895
69,230,227.5332314609821,229.99401630103233,226.58307482944872,220.89093
69,215,213.69219907034125,217.20225879050142,217.49012645994202,212.06293
69,285,293.7341929505937,301.15413921729055,301.05098644181066,291.5207
69,245,256.4364481928049,267.1170963922774,271.6184655999769,261.7519
69,325,328.66094065420776,324.4544427885236,325.66009406791943,321.5234
69,200,206.94674869239003,216.30174644391545,207.25633184052373,204.82018
69,335,351.41324047465577,337.16671638546654,344.02697951441195,335.04077
69,335,329.16960795806045,322.6333418249062,344.23865533763194,334.5955
69,295,294.8862278460019,305.1612142085621,298.6562556645921,292.73935
69,285,277.98602746564217,283.26476110694836,292.4682896753324,276.92917
69,220,223.8665325916075,233.23050802341993,222.75686935336444,224.94777
69,340,340.524868588516,337.32912720508745,346.62643518790696,339.62256
69,280,274.49787622436514,279.4620277984221,283.9074095820696,278.54684
69,365,352.51769250086323,354.71516484244097,359.0468737850739,369.75018
69,255,255.57545488968088,255.6485574603414,259.6429524549996,258.27094
69,270,273.5393320551868,274.93610819675706,272.849515740297,263.5608
69,285,284.88236342675174,292.19809100292423,290.6881189965385,287.44107
69,305,297.45203771736584,309.9378812659761,312.8898468048277,302.92322
69,240,248.25045945055166,245.2892005346124,249.25911292575037,239.38062
69,185,190.54252040960733,204.59309711802362,185.07331965464897,200.62276
69,345,355.0088237235963,334.2479445503901,338.94813803258967,349.46988
69,265,281.43410033025253,280.271244454363,283.1340057699333,278.52277
69,190,183.87986868000843,206.49496963684462,189.99366606199897,198.07117
69,345,347.05902384685163,344.1358669743788,351.1366827706712,345.5379
69,370,360.511007794936,358.7782147624744,346.11123481526795,369.95154
69,215,212.84200016084895,218.1608782270467,213.08747861102677,218.17859
69,170,186.1930653716326,177.98344808241862,186.26526178953898,177.98453
69,225,217.10481643752354,236.02977875618652,217.85433791366964,218.39665
69,385,370.6897051840804,365.9975528782652,364.13675124812346,369.9309
69,255,250.4684962931322,265.5429116272163,245.89928605688792,265.9587
69,390,379.04209398762185,372.18979919454506,372.2557642752197,394.86804
69,310,316.3337045420279,308.3368032551185,323.7050622944077,317.29343
69,165,179.59422701140042,173.90228364228355,180.90949606453702,172.97607
69,395,399.4701934742595,375.73722300847294,387.0193472282556,392.07053
69,360,366.5417784528278,355.2401120704569,352.77151542476975,364.8206
69,375,356.46244973633435,348.3784924198895,367.146391817687,369.00266
69,255,259.09417954020824,267.0640377664488,249.47475404572037,266.11377
69,300,286.578747815618,279.43579120469605,290.51822015135025,274.6088
69,195,189.8969288555117,194.97765600949626,199.9441865269913,192.8348
69,250,254.82762293719378,252.8608506662181,254.7672067862445,257.01193
69,360,365.54491952496784,358.99774763412694,365.89770008563005,374.2508
69,205,205.31841100651997,212.30009171384177,201.57344916305044,205.33643
69,390,378.9301134140722,349.730508889259,373.94472395997,379.98654
69,355,348.16169452956086,332.6822081213993,357.57698231010323,345.69037
69,360,358.6744762674369,340.55540743177613,359.78775545831945,347.94708
69,195,189.24393097492913,202.62387331350567,189.9469756151166,196.26836
69,225,220.55484664682302,227.38335423964284,222.05955245047244,220.70163
69,175,177.08620891595746,175.31682483366305,185.44134416835863,179.29648
69,340,334.866470153674,339.22514993582956,342.5337861727518,342.8279
69,315,305.33848944578136,311.73536270330396,319.4449397119689,304.57697
70,385,377.08532681609785,374.57436728712474,366.87463652114144,378.99973
70,335,332.5231445599607,327.42578516390984,349.87656512289016,336.56396
70,275,274.32138091887083,284.5697793988274,283.06951330683586,280.3002
70,305,322.4930570849229,317.2268276746404,325.99588551019906,305.9425
70,335,350.3954931384114,350.3744642027363,359.6051363793255,341.53653
70,170,176.54235126474674,174.6316898148148,181.17267551429376,168.5426
70,250,252.28197776637313,255.98460152441436,265.420659282618,243.59657
70,245,250.43908298392506,257.91441660701304,250.28775851296763,257.84146
70,295,303.27682075461854,305.1403283141589,306.8237208713424,301.1364
70,335,349.4691155327453,337.3254411084558,339.13333242618415,334.1591
70,260,260.81519356759514,269.220163028943,264.75757593734585,261.76657
70,270,265.2406286751515,271.3973569280082,269.4806765126989,266.1776
70,290,288.2309017344499,287.8597595557156,291.52011017202943,280.616
70,285,281.7123940267524,286.8410374301624,285.2536610353405,289.30624
70,250,251.7604834688023,253.44416778008792,262.8043530450709,244.6813
70,240,241.83474317645033,253.79753145489997,231.27147793508763,240.70517
70,190,187.79164470881352,193.6025362600362,179.39706730305272,191.24342
70,170,169.16151782992705,176.54396521234762,168.9431115814895,172.29747
70,300,304.11752004164447,299.4782115800865,310.3210495916665,291.7115
70,275,278.6097803219689,271.8243414712889,280.1258110454276,270.40704
70,245,236.56948761254586,243.555147436413,230.93235731586006,239.38231
70,240,249.77704701186047,244.9963884597113,246.13248898908853,239.66833
70,345,354.75874138617786,335.7866459221606,342.07385162657056,348.54178
70,380,382.9849337024637,362.41491440400677,372.7400450553604,381.54
70,385,369.1205920003642,355.8481276857887,357.39244067414086,377.12875
70,275,274.80096517217265,272.46739038370316,278.93040000601536,271.9338
70,290,288.9616125823496,292.75018471184853,289.2805396836654,289.44574
70,215,212.04427501012714,220.2485169174507,198.63385276727965,213.08112
70,335,322.6738448923035,307.28892048923296,319.76094442425153,332.01315
70,370,363.67424866484924,359.2194840671313,344.1420828589074,360.04724
70,355,341.3305687155993,343.543200169248,358.73957208517163,347.12762
70,280,279.3858476990709,283.84393341354354,287.2436748799687,293.7118
70,205,204.91088748916303,210.56999958861795,218.71555832302647,205.72458
70,245,243.35397591643,246.82935689718778,253.81783027697827,241.25693
70,190,195.25583612284726,204.89837255337252,189.1046826056242,185.76672
70,210,201.61312510241504,221.00531632719134,193.78378624212297,202.26704
70,375,365.98553894443063,356.7010421686155,367.4124117680228,380.57285
70,180,172.96704961973455,176.99413301023594,178.41931383079935,174.7122
70,200,205.64456785186263,209.4057123663374,191.3788234128882,202.93858
70,220,219.22218672701985,228.122219094903,218.0489080177105,225.41394
70,395,385.5597700865257,367.79548595654626,369.9667740837558,381.01584
70,365,360.68190252706773,348.84643943308816,358.6782077082785,359.63776
70,345,348.82257604300713,345.7844270804388,353.068070741996,356.63058
70,215,217.60152116731166,226.93791264078527,219.68096125055112,220.69984
70,365,350.06524806739475,348.8686640191236,351.58461454136165,361.56485
70,250,249.81880391385397,252.8103467035609,264.6608706932094,234.65036
70,220,219.20149809047228,227.2570085981271,212.80570211399333,223.4549
70,360,350.8277914989215,344.4588495842607,343.84457108955974,352.9577
70,370,368.2399394406705,356.0351313365283,365.9781775761937,369.36356
70,305,302.51949225477375,301.16169530104,306.2947518756336,301.7898
70,190,192.28748149869074,197.67019020331517,187.5833081782177,194.11923
70,280,273.12342654078503,280.0700779430805,275.3887757680025,284.09317
70,210,202.49019332906,212.56010727698236,189.88281365402509,191.38397
70,335,352.6680274095119,341.5765445896694,354.1812162344686,335.1916
70,395,390.7153765214361,369.0099127030376,371.64965115189034,384.57587
70,230,228.67434453660627,228.4153927301404,227.97130456921442,216.4093
70,315,314.73159188102323,325.98096413730616,331.2340284825733,317.31723
70,360,343.4900577852225,340.6804507945756,351.0280208904731,363.54858
70,200,200.24582627679416,227.47080601723997,186.2644830159262,202.97699
70,370,375.34658309329876,362.59596532634026,364.42079395391136,372.31244
70,305,308.53414001294146,310.5721924358321,303.87544073530484,291.54037
70,340,332.3467735579249,339.6179344124014,346.18215118511307,337.00128
70,165,178.13053873189597,171.38129926718162,171.07644912967447,172.92334
70,295,294.6133728677401,298.3352984937636,302.5012289872493,298.15884
70,315,337.65804462393777,334.97046866329157,348.1821584538157,330.55243
70,380,354.3236031833597,342.6610079735079,347.4024137372834,368.57053
70,380,376.14331405351874,353.91833536825504,377.69186602526577,380.47073
70,345,333.70183705143216,344.1273674235621,338.4936543068547,340.49576
70,200,202.16689152419343,207.60859517797024,194.96481856749915,203.83075
70,235,240.59637903599076,238.23160904280113,235.4031526023905,222.91573
70,295,296.5802927572109,280.7656132841985,300.4120440970809,271.072
70,165,166.45298550781618,173.62134593619888,159.87055654273627,167.58516
70,315,317.49172829704565,325.2830631868132,331.13938866823366,318.49664
70,355,359.0413596088461,343.39854723979704,362.34053968235156,353.44925
70,190,191.43047340641368,195.62986552799046,184.47283372242072,191.79555
70,310,298.62928171048185,307.52601788258033,280.45567625937326,318.18353
70,175,170.19689828476152,177.69400142885434,177.6721629239036,174.03105
70,255,259.7818287977662,269.73829761197436,268.4598886049977,259.46286
70,165,166.18774506913775,175.265320073445,177.89629281584988,168.11948
70,275,271.70561193044153,272.3193730898027,277.6542507445208,265.95972
70,200,198.46073113868596,206.13773888148881,206.54165998536655,200.09196
70,325,317.6567124934126,310.9103778438338,327.3645324772482,323.81796
70,315,320.91980448162104,324.2174530657251,313.6448018408534,317.12024
70,265,256.07594540779456,262.6969010340545,262.975948869615,259.6105
70,315,286.8673380208531,289.17146660052896,303.70027639757285,303.9107
70,205,205.3680841645094,225.79916566684943,190.79450202670665,208.25383
70,325,329.2501991080048,327.39206619444394,327.36465503332346,326.25003
70,385,370.4948577323534,356.71853009999376,374.15765858751604,365.93414
70,275,278.0659371599789,277.26093600993016,274.40029855866936,275.79013
70,165,157.7316951878128,192.58348763436993,194.8245827908349,172.91518
70,170,173.49257000257143,179.99495154355452,165.0857197723035,171.64032
70,225,227.27200401291753,229.48046864180796,228.53604603140172,225.15424
70,340,351.21420618960775,341.5134435118261,348.78473996084006,347.39005
70,210,208.97132641435968,218.7505502136753,195.77361285249253,216.54181
70,225,221.29858214870427,229.56023920523918,216.77522144657507,214.06604
70,290,278.7097344634412,292.8165812918019,274.4851783836049,295.46207
70,400,406.34709291946825,387.49641207197504,388.4520487601664,394.2693
70,380,371.8905351950494,341.6525554769304,374.654319185405,371.9633
71,340,339.5400865200672,341.4735051060052,354.881605262916,339.01486
71,300,296.42456146306205,304.2679317904319,320.2527306990553,307.707
71,195,200.71499307853915,201.57262583821412,188.49550703670985,195.05945
71,190,188.21345573764017,199.55370629370628,204.42970531597012,188.72826
71,310,303.26238092592325,303.241209648195,315.4966063144431,307.78284
71,395,390.878460718999,368.6047495559995,370.8574284311133,391.7813
71,370,361.67698278232126,361.52270583583083,366.7133103786406,371.5614
71,360,345.3952358660904,341.21102827727833,353.03409151240146,364.64233
71,295,288.08916990418186,287.4798525086025,287.8764653943265,288.21042
71,245,245.87760955542558,245.74601412476412,246.1187183778276,240.69917
71,185,182.38270321300627,192.28259285648997,183.28954976164187,201.82628
71,345,344.85436570089564,319.72251661350356,356.61103911614634,348.94687
71,280,278.7874425710688,283.2738764258618,282.4994131775416,285.07367
71,195,187.24281208442363,201.2866211484594,191.02969911854424,192.4296
71,335,344.9176207185413,327.5790334665334,351.9387567751229,350.01874
71,325,314.0549596951708,351.03666694416694,326.9740504935943,369.28342
71,400,402.4085617119218,381.52533861971375,380.3406828004735,394.9443
71,280,272.39323686805574,282.32223304473314,273.40236245562926,284.0626
71,235,239.4745554477377,238.476211011211,232.9604304178868,232.60027
71,390,378.00023082016014,366.9623382173382,377.36303621579674,370.74463
71,250,247.60335127132376,260.5394276556776,250.98928899496616,249.90474
71,330,340.5710891879602,329.7150156787656,351.81652731475685,334.702
71,250,253.34940963880442,258.0473981573981,254.80628570785709,236.2759
71,370,369.7520137288153,356.045879120879,368.93951906196696,378.1358
71,190,192.59794160043455,194.491873673712,187.60368595958093,195.22835
71,210,211.34387928444548,205.28312548562562,205.9079188117434,196.86096
71,200,194.90294991917006,222.28519064269065,187.60886032638632,196.65465
71,305,297.67017004880154,304.87432622932636,299.94628058420767,301.7272
71,260,262.3644604707664,272.15298812298806,264.23121224765515,262.19046
71,395,416.79514918797634,229.32998168498176,432.86829311825045,252.05737
71,275,298.6637044659899,297.26681539049184,249.14972930382567,287.43738
71,180,184.13907404038213,177.3796532960504,195.1907014045806,165.1314
71,190,192.6746007446796,200.87460470085483,192.0992089505135,200.99493
71,355,352.4510512339542,347.5230093517594,357.9614303228062,374.1112
71,330,346.7012054705352,341.82925671550663,343.1355180883087,326.8558
71,385,370.5090961958841,351.9052748803483,360.7647360681847,368.2561
71,180,176.41886008715628,179.13073648573652,178.4617030210606,171.9247
71,185,192.9781514292899,187.35053793428793,201.10538041051313,194.83652
71,165,169.31695852759867,173.433309052059,182.22220120010536,162.4792
71,315,334.2612579512457,339.49525443124134,348.7824014767617,333.1676
71,240,245.13874849354224,253.28277319902315,247.28663148465,254.87874
71,225,223.67439745880742,248.6490886890887,209.83396201914974,222.85835
71,280,274.06363071105847,284.75345559669097,279.52218771500054,275.63834
71,350,351.51377332232323,354.3971751859251,354.4751916325748,367.74652
71,295,292.92777768557113,284.4266363048717,301.9408563275738,275.0862
71,365,372.8455889426606,358.6940628815628,375.92192712135574,381.75446
71,335,348.332074180541,347.84447160295844,359.1728238029951,340.7991
71,165,181.17389509867695,171.5610693473194,175.70752568580323,177.46329
71,195,199.37644878919122,199.29798479298478,200.24756331533374,197.44748
71,315,313.20612507003545,322.4032302419804,329.3070798092526,317.1405
71,390,391.03820331865074,368.18386384448894,377.1107075312948,394.16574
71,260,260.59273636122623,269.3188830613831,267.29612945864625,266.8921
71,220,217.84669525786734,224.15947939315586,213.31692221364082,221.33101
71,215,210.89028117384197,219.45867784992788,211.02351570174505,220.11162
71,330,331.61741853074705,332.1467592823842,342.5785974624295,327.97787
71,305,297.8384063413215,300.2139245476746,306.3648312454903,298.24774
71,365,371.9632463020777,363.1163014763016,357.5311836788212,369.82825
71,180,192.79187118152083,184.99894327894333,160.2187472748371,186.8869
71,395,370.48949095478815,359.62527122000813,363.2849492424232,361.7094
71,310,303.6398679719077,311.61759920634927,305.4096780015518,322.72867
71,255,256.85865500740107,248.5091454378954,262.0758458369472,257.24045
71,175,174.0000812851645,186.5705272505273,191.22578155151137,175.28268
71,215,214.376804098391,222.3111309523809,199.40670286451362,217.93332
71,235,242.3612395349568,238.90188812005,235.1376305009974,227.11795
71,250,247.43634031334847,250.9439543789544,261.3247582821609,234.07298
71,265,266.0460650427027,260.7354315129316,272.6338523855644,256.43323
71,340,346.2312874958229,344.11442279942275,346.5147848946514,342.2266
71,400,395.493008810799,369.4204116716618,397.20648171443804,395.7782
71,225,217.71342549292729,227.548291985792,224.0000081743012,214.57492
71,305,307.1356140977753,319.51882228882226,315.3384419772551,310.09216
71,370,377.53496803976725,362.4700617601352,366.68155799961204,379.9009
71,200,204.5536118515463,217.9852067377068,205.55764537836313,199.56155
71,215,212.18094313459054,216.58514485514482,219.0700309022036,208.18262
71,345,359.5702834120559,338.6745302450817,339.45892251427824,350.67682
71,300,290.094802126667,286.8133584471084,297.00525758992313,286.09518
71,300,304.24306042336576,300.0129904817405,312.24741646538973,293.95706
71,315,326.35391485801495,323.8135735098235,319.09423521318996,313.36038
71,285,279.551862628978,285.4819554057055,286.4024926682176,287.0536
71,310,318.37245421732814,335.30705738705745,326.5166454307992,325.21716
71,170,175.00656478174184,179.56548118548122,178.8741243137944,164.73955
71,175,169.04052905817616,181.44698981573987,178.6331411846407,176.58539
71,220,217.63442127112503,225.85403679653683,219.80879130064827,219.3618
71,170,171.00050909316894,190.00978843052374,192.66259008298934,169.59273
71,245,243.76922955938198,263.91705835830834,229.47846721311666,259.30658
71,250,255.0498439170417,257.73994991119986,254.10193587713474,256.60013
71,210,214.38864733326676,212.3717310467311,214.025249437012,203.81334
71,295,297.11501864988924,290.8572859085359,305.6709584401841,286.17535
71,375,374.59760483110324,366.02164571539583,368.70109667791945,376.00552
71,355,376.22780668757935,341.89704503829506,360.6752426475181,355.872
71,260,260.9212916072424,259.545756951382,255.8403528586063,266.97684
71,210,210.8849805305628,212.3144065656566,212.16473891103033,199.99771
71,265,264.0377685002895,264.9148484848485,259.1398334247559,266.757
71,375,374.15433575705003,364.0813906926407,367.9826843467114,370.23572
71,380,383.03662305326515,365.2237738650238,363.02017736094615,371.24277
71,400,409.6344879769538,386.6986698717948,390.3995952912706,397.13245
71,315,318.6971809579036,323.5250234487734,318.8962976284662,322.22244
71,265,270.6848590970303,263.4896052803406,272.83813969451154,259.18365
71,295,289.99062383234445,293.3559484796249,304.0712196927853,295.6728
72,235,241.22355019956865,246.42965154290147,230.68695894592986,237.96107
72,240,246.41744557084996,246.7327904179154,240.2132164794119,241.4721
72,235,239.29526280117625,246.32070397168192,225.1238601548112,241.07172
72,320,312.31984473336377,311.79409090909087,328.75004919704577,317.5079
72,205,204.6278306591588,211.74991046453565,218.7930482571286,210.59378
72,245,253.84206937412387,256.9608364845938,249.43520423895458,260.67654
72,260,259.81521822935133,258.1088705738705,256.4320482437637,249.32642
72,190,181.7023385803583,193.068188145188,191.8512714180636,190.85672
72,265,271.327165762149,271.6235594960594,245.27063910000763,263.67545
72,345,347.34387923903137,347.9686938478188,359.31326558351645,350.74597
72,265,260.05823752322397,256.75864737468413,258.5220282943891,247.2824
72,340,338.25220743516127,338.4642551476302,346.70298261096184,339.44806
72,335,353.665579313076,344.7026865560911,361.7750849060715,346.22763
72,330,338.10328247607526,338.7590444416695,333.4074189106681,334.00436
72,220,217.77430844604487,225.3292461011212,214.36878526009792,222.82797
72,395,397.73087344162025,367.1590873987122,371.32725263225774,380.26736
72,395,430.35152494907436,234.767247113997,425.0939367228249,333.82584
72,235,235.5827131657246,248.8162167415917,223.99245260587713,247.23938
72,165,180.25836537661291,177.0522475531006,175.59849969767666,177.02968
72,300,290.5628751216491,282.71902801365303,299.21149706369755,277.38733
72,385,380.4598691580968,360.5501371814457,377.07169466903343,380.33813
72,295,292.0671499295888,293.3167694527694,292.4680668569251,285.77368
72,160,141.09923424323577,176.34526332817512,51.78944580907523,161.47928
72,300,302.36863197974753,298.47384224190836,310.6618984176284,286.70236
72,320,332.816352039491,330.0338100539811,335.8655507006764,321.72662
72,295,298.53850021154926,293.5228465007216,306.02363085089866,289.52472
72,220,221.454608254527,228.35936323398826,219.62426153163784,224.78143
72,225,232.95568178521887,238.06647973595034,230.48155814768435,240.29547
72,380,354.68765949956355,344.69842679624315,349.09191701024963,364.34018
72,225,226.4989257909964,229.59654331779325,229.4326126859573,224.20589
72,165,150.01836249996833,171.3344428480017,154.21712447604875,165.14838
72,330,345.52447215323946,333.05747632922663,352.40877152079565,333.6661
72,310,318.80031175225656,324.4892479946524,323.7875201635747,317.34372
72,190,183.20435365077697,200.4952538099155,203.6257517200378,191.79869
72,200,198.0348051859935,223.52333613608613,192.5998924389006,203.57263
72,170,177.52182926912326,179.49218825129125,174.35481752458125,166.52582
72,345,339.38983427227265,341.34701300088796,339.46364910588557,345.69916
72,340,344.5060908496796,338.6964092851594,345.6607782002625,339.50656
72,200,201.64566989367665,207.17788715451204,199.8432564791521,199.06802
72,265,263.90759435332177,265.94238963813973,257.9296186220054,264.21054
72,360,359.429359816461,349.0804675879679,352.4559598209046,354.6207
72,185,190.93724674739917,186.67270412293234,185.59136709844026,182.36157
72,370,373.4628296455992,367.277945276945,368.2503250584259,378.0062
72,175,175.2825998142327,179.60625411190108,180.85887618560014,175.86662
72,220,215.90192961816138,225.49573174537883,219.71796482677226,223.31729
72,230,229.5057046289096,235.1662568958816,224.21635589459498,229.03284
72,365,357.77534014385765,347.9684118104121,353.798352657916,359.21973
72,340,338.0968319113035,337.4823598297128,341.09714505736815,345.2754
72,230,223.23931541097727,233.7318096764346,226.38754068163104,221.19505
72,285,294.3476398828267,289.8001619214118,302.1791130394656,289.29382
72,355,363.87164236271303,347.5181736547767,352.62174755606867,356.04578
72,305,301.93515682479676,305.271396604213,312.6940707280119,302.74176
72,175,167.60545776269612,179.8975763076791,168.3745572198572,181.63728
72,200,199.9868176618371,205.27809781803174,204.13380182008365,204.06042
72,385,365.95619675464263,363.4953363164613,365.84482760869014,376.62717
72,325,336.64797047487207,331.696124014874,335.5096085357767,321.3662
72,325,313.879033034205,345.6785332722836,326.4291613694959,365.45862
72,265,259.9707213075735,266.1769871411268,267.5647053097044,261.97986
72,375,380.4141553172898,358.5809614552117,367.1948369363816,370.45975
72,380,383.5741972700198,358.89411273693617,374.89629045129004,377.46722
72,205,208.25849355153161,226.3530165463621,197.09633987243245,217.90645
72,175,179.5369106121807,185.01755200355197,173.1674120657952,190.50626
72,400,411.8401580169673,377.68963947163974,393.77567114437664,405.34006
72,295,304.21368641397805,304.8304742618492,309.8386249062624,307.4377
72,235,237.76176381253958,246.93659840159836,233.2669852306973,240.70328
72,275,298.0584703110162,295.57393237155,247.02482174790455,286.44437
72,390,382.3868952255274,367.9960678232584,374.4259238177593,387.90518
72,230,228.05773212866677,230.06259812409803,225.18696832361672,224.59554
72,260,264.71487453598,277.0171930161343,265.2415732938925,275.87515
72,280,278.86601434517365,298.07999290986794,281.585567988176,284.6628
72,300,300.8601520969994,307.6298953130201,301.0748141776556,302.5289
72,250,257.38241887633035,258.35094652977756,255.3575377291218,257.93903
72,245,233.24351194726034,240.56431529581516,240.0568243533435,222.97235
72,215,220.94350257932672,220.70129557125892,222.74705979214227,209.15123
72,385,369.06933741627586,347.1402946914196,361.4006329175405,374.3992
72,395,388.60595857174303,377.46684987234966,374.920417209227,396.15244
72,365,371.1546751773377,359.90391479353974,364.9375374810213,378.74606
72,325,325.4645524058675,325.52927981740464,324.95734248485996,317.06546
72,360,362.73024135096034,347.0679902825933,347.507937719878,350.55847
72,375,367.73300814591096,367.7105477526431,357.69993790529054,379.58917
72,165,175.18606277661377,179.9281363358864,155.61853103412298,178.11215
72,180,173.41062420113894,204.45615395715404,164.15866770425623,196.4263
72,270,272.49935749757503,271.05388193913944,278.8099742990183,268.00076
72,245,251.21236680257016,261.8026275530025,243.43313242807497,257.7283
72,305,314.8350116748053,303.2258784410032,319.3883870833251,301.1596
72,345,354.57609262837775,335.66752221389737,335.0012678380541,342.14508
72,205,224.90825270607797,222.10183882947112,210.77667231186,258.66302
72,210,215.3107431220359,221.14312382796942,197.2527764758762,214.55333
72,335,326.1915583410663,312.4589845987348,327.0137068515462,330.0944
72,305,305.8150744748575,316.5220275974027,299.6713414717551,308.38254
72,265,283.62394410161664,280.98665505328,284.7136006178022,275.6962
72,320,294.6368047697879,232.42954520969235,282.84072925859454,305.3381
72,185,192.15073516783775,195.5655399300991,187.20003322591663,193.6241
72,290,276.95560760395324,284.3105107947607,278.6528057136979,289.66586
72,235,237.56511964479103,244.8296799173048,227.6957488918909,239.71675
72,365,351.61690961066415,353.658899142524,356.49671026592057,369.55673
72,375,394.6515382225972,365.2781264430016,390.3600217494433,381.54684
72,315,316.3339085124046,328.12485692085704,313.4815495966766,312.95792
73,215,211.42467012001958,217.53736286861292,208.50022184649094,218.92471
73,395,369.33271224891513,359.9566378868953,361.5404757751853,366.71344
73,210,213.933714177531,218.2688054538055,192.7903733311653,208.90628
73,395,404.6609022972399,377.63668157006373,390.9843572660328,405.52664
73,185,182.710672897645,194.4365714378214,182.91693793044846,189.71596
73,240,241.69442817129914,249.93004655067168,237.97145560010443,243.73083
73,205,224.41054912313655,226.34097569097565,213.06613751142822,280.23523
73,400,412.4397046529061,374.68124456561935,384.31470370416184,397.98456
73,315,334.90289853670293,335.79639449874736,347.7639977494979,335.22183
73,290,275.2262126510148,296.2756217339307,274.8608575333424,295.9526
73,190,189.18303751112006,200.98439622877126,206.86723593033418,188.21259
73,325,322.5932712815486,306.6262991774021,327.1930755765896,320.3152
73,260,260.47492969944125,257.7690384846634,259.38650130004726,251.98247
73,290,281.61565461259244,286.00745448995457,281.533097215661,284.00977
73,330,340.51863382947107,337.90489669644063,351.9002388317373,350.73923
73,245,253.71791587621033,258.8911279298044,249.5342787745039,262.0447
73,355,354.4589139086332,345.7930252849002,356.1370199520736,348.74374
73,305,313.50097003913334,305.70426406382285,323.709675066257,304.89667
73,300,291.0152883178655,284.5109766841347,301.8885831592068,279.14636
73,315,321.39900495863225,326.1109589715841,331.74972952042145,317.39697
73,260,259.64859053803974,276.27176450863954,262.1684581559073,274.34586
73,175,176.21693135088856,184.5917141885892,175.2140809047907,175.5447
73,255,262.6866347679948,263.93882578750214,275.8760584621319,264.51285
73,375,403.778966634146,359.5635122747624,401.719537159218,388.65067
73,180,175.44494952362513,175.36577727827728,173.86266668813258,172.97998
73,220,218.6376509436962,222.58621799496794,210.90666226978573,224.03763
73,330,335.45791856809274,334.1121779554869,338.40628698618633,328.36902
73,310,305.3143293011457,301.1561949325185,317.18556763253247,291.88867
73,170,185.17845522128368,203.65673682798686,169.05866399498203,186.11816
73,310,306.60753970200653,310.2808351914972,307.1371134630352,301.99356
73,390,377.1891681327464,369.1455844642686,377.2222519680982,374.7404
73,355,349.6468385216956,337.57679195804184,359.00127802268776,355.6635
73,335,323.8036759622082,310.8465447515449,323.5000146870202,334.49368
73,320,347.9422263836283,346.4227297008547,352.5739406554136,340.51843
73,195,195.30136883220132,203.7835844017093,189.0564335658737,193.73634
73,205,206.4475683194517,214.76811399248908,189.26249521621634,208.41869
73,240,241.1445452018352,247.66995506808007,231.78848191336223,240.02795
73,240,246.99694795499937,242.84312640790588,242.86243998065396,240.82632
73,315,305.4335781627793,312.64177400758297,319.3192750163185,312.7967
73,360,362.7944526710961,357.92235192639606,365.8921261867973,374.34692
73,390,384.3462595839815,370.70318247656485,376.7033341221646,388.6309
73,280,274.90309729837094,293.9526689733268,279.9357290308766,291.57553
73,285,292.0686042509622,289.86048800736296,302.0196145717359,292.8845
73,375,351.46935955683216,330.82777872590356,366.0183443981215,359.01736
73,210,205.17751292456109,226.2709842241094,193.93919340276136,203.43935
73,280,275.06632195250717,279.1614038045288,283.6717352834702,276.23474
73,165,171.00014226046628,180.8224095570323,158.49324498062907,170.53424
73,275,279.1624188808716,271.5958490202608,281.10940384655714,273.24808
73,300,307.45780875258004,297.52357526732527,310.93120963003105,289.80374
73,180,191.70030636963676,184.9994846357346,149.57214121880426,180.35365
73,230,230.27649786120895,234.87183312058303,222.74924656728865,231.25436
73,390,363.5159671071062,367.858578204203,356.62336655830705,374.21567
73,370,380.3240394745293,354.86710803085816,367.97688025269116,369.88788
73,310,299.7477018623292,283.4712501618752,304.1982059125859,273.2019
73,185,203.92490438899247,204.9377213295963,215.25488099051728,196.73743
73,380,380.5375830368864,358.85199312261807,366.8181257076415,367.88742
73,325,331.80578716344814,336.35576135193764,348.69825178308236,332.44885
73,375,354.0477845132663,355.62189276001754,334.2151068782913,365.26788
73,215,208.5564815733195,215.16191195378707,204.58246767647262,210.73837
73,270,271.34437118318635,270.5109694009695,279.07043841758366,269.0381
73,235,243.95817465258202,241.24381572131583,230.79444472635888,233.85847
73,275,273.38658532082854,283.9303571891071,282.07365284059296,286.2611
73,375,368.88038640568254,367.70597280714935,352.4472146596404,378.01453
73,395,366.0312220174586,223.85132372257374,388.6372139922131,301.85983
73,220,219.92333020274899,224.3528760360009,213.61089605497585,223.49072
73,250,254.70129117482472,255.883120682422,253.5397495458057,253.99977
73,345,344.40189228832935,335.43392787767783,350.3821363052818,344.1428
73,330,341.27597959041026,336.8711822137556,351.2746829390688,338.45032
73,200,204.16478561091753,205.4187554112555,207.9549866677819,204.58984
73,215,212.25785679578334,220.26999455609757,198.1765851462688,212.41852
73,255,257.2633921624475,262.75800298693696,242.55153128362628,267.82477
73,225,222.66342667532325,231.1092506105006,211.93497931408672,226.53416
73,350,355.6411139833333,348.8349434361934,357.8009659820086,352.2588
73,345,345.9224151561072,341.497204022829,355.16371257195095,346.41098
73,285,283.24573296558674,288.95530011655006,288.9743256141137,284.1487
73,200,205.3574229127994,208.14081848706846,195.79528117690896,203.65674
73,260,265.24518066157054,275.85191978092706,266.7539522347243,274.65445
73,335,343.6000586932301,330.785820938321,351.7931581350109,342.76868
73,245,243.76139505733954,248.56796497484,246.24145987090793,243.20406
73,195,192.26062792927198,199.62661077348582,202.69456826704973,196.84793
73,180,180.592292148448,188.56894619269625,172.35024701339847,173.23724
73,290,291.6919449127604,295.2640924299013,292.87522391240304,297.00827
73,355,368.18414232931184,343.3252105846222,367.3226807327475,350.322
73,170,174.5585887514327,179.79366981093943,163.54161841743885,168.87975
73,255,254.91569711274968,254.50580919352987,259.75040665883694,254.94275
73,270,267.5524275167981,268.90652566795944,257.8949410197026,275.16583
73,300,296.5234825116647,309.6297867927279,325.32170489687803,298.11365
73,350,349.847838899006,352.2156897568664,355.2956616247184,356.09586
73,350,338.4806586574022,337.89492879805385,336.3914718736018,341.85168
73,370,367.4164033674481,353.66374747937243,366.12835752018736,363.13345
73,400,393.9113554567293,336.60535920098414,375.9974797414422,328.75412
73,310,324.20960091572783,321.3568626281124,336.612966955017,313.4603
73,210,196.97370266087762,206.69939826377325,205.6810107169074,201.30472
73,170,172.50018645279218,186.20377299479287,195.63225928757308,171.33878
73,385,370.9673338407365,353.3557717282717,371.2169246392879,363.6082
73,185,188.92930251186942,203.32144640082137,184.06272695357376,197.08543
73,180,205.36597264049612,191.9147721028971,214.8430280797859,176.39705
73,275,280.01343815209236,278.7340359628187,281.0188100329048,274.14838
74,305,309.49352755776783,306.85902504222344,320.9321174820637,301.03882
74,245,251.40254106684097,257.2987373682964,249.23391935528798,260.12656
74,355,350.37246874506764,352.07631733326605,348.7935812354308,352.1922
74,385,370.8843005536105,358.5315058667111,360.9933590330236,377.33673
74,265,281.8484279220178,282.02520853057615,284.97916577746736,276.4768
74,330,347.3353250263908,339.0319123700375,343.93043525214375,334.13815
74,225,222.1417844168277,232.35726431248477,212.66165298938532,224.19705
74,170,172.50007290507278,191.89044178044185,187.27913835861378,171.19966
74,345,358.6134793965423,336.6832794029394,342.4330901307363,347.74533
74,330,327.83962230606323,319.7982852006379,323.9195893637195,316.9685
74,215,213.08314023731793,218.68209610650766,199.52384066345695,212.15076
74,245,249.93209269681086,258.99353419728425,241.2362615997893,256.64587
74,385,370.87716812006477,348.0580529818766,360.7242749979552,378.8678
74,295,273.2070509666555,278.4822302697302,288.1142841820754,276.15033
74,325,348.6654846125557,346.2529970356443,360.4350328017854,341.7903
74,180,171.69980674913853,178.18640262515268,162.66306103756096,175.49547
74,290,281.53545732038845,284.61152747715255,282.5084822307543,286.3124
74,195,192.373825022353,198.01620278550425,199.1597298199153,197.11334
74,400,404.77654685600305,327.5531441243941,376.1974262591929,339.75555
74,235,236.94082287512606,247.13974906629326,224.20427421101058,241.0427
74,335,350.35067908432995,347.4978069987382,348.9703021825161,333.4189
74,315,316.91279488641146,325.3258280717104,313.7558202682108,316.6424
74,355,357.1864573696014,353.08035881029303,358.1676009431036,361.4527
74,310,308.5058868949915,311.2090781277544,282.8835769693251,318.87274
74,340,346.96748431206686,336.6647802940237,351.18799406603614,347.1576
74,370,374.12919304879756,358.8327896177896,364.1123636923604,381.9215
74,170,172.50018437906692,172.41328025460388,185.16054279959363,171.54091
74,365,370.26585437492236,352.405625525074,371.3375779110824,377.63187
74,390,380.91798182897844,349.56259715309045,379.1410118741978,374.92664
74,200,204.5789012724622,207.06842006713322,190.58102364012962,200.71841
74,180,176.47995507736175,192.38294729235903,167.9781670602349,187.21426
74,210,200.64767093303033,208.95146679709174,197.0827351345954,194.6375
74,360,356.4829777859944,350.6982108101595,352.5199927457478,360.66928
74,320,343.4780485453223,342.6584889530691,350.7702213817246,339.40125
74,250,244.47178314782207,251.7068263680765,246.3510743851926,243.35387
74,215,215.09653379191093,220.51608054391147,222.41263434812575,214.05037
74,255,258.7251393958985,264.728648870193,249.30131867586894,267.52426
74,165,153.8556991584761,173.18167166711288,161.5045066789176,163.87122
74,270,273.13033570967434,275.8912978687978,271.0846881579683,273.1963
74,250,247.47734893982727,258.5990577967784,252.34987507325883,252.30385
74,385,380.0501976421964,357.6876810969241,375.8328026017246,381.0427
74,190,188.12045618700654,194.66718068968066,179.4485607398789,191.15448
74,210,203.73640988949478,223.77552390420033,192.59872294516066,221.67172
74,315,304.17506008237774,314.33994394766455,320.3362364395416,304.577
74,250,249.06179818888563,260.7302911902912,245.1231371000971,248.47278
74,380,381.5869265129977,368.9634477096977,366.11931967183625,375.67587
74,325,332.145328905566,326.8299643480157,333.30932936419384,319.80765
74,370,379.8182187453143,364.65077207922803,364.2239486077933,379.0119
74,230,218.99708656837527,226.9804416444122,216.74467715168043,221.43335
74,330,340.78931923631524,336.3378362609611,339.2222305487501,333.85965
74,300,313.94287853018125,308.6746745112186,312.54715471272505,310.25558
74,175,165.77100650256534,180.34186124605242,169.7152651301695,174.84303
74,400,410.8855430166169,368.1463754788097,382.9719795448213,390.2818
74,225,225.13962703185848,223.66721570096567,226.3212893520435,221.0374
74,360,353.4390497312244,349.91922047859555,349.0705524527955,350.26733
74,400,408.1357350067466,381.03056481773586,383.5292572994574,394.7582
74,205,206.59587349352648,225.88408536860734,189.48410354353075,219.9728
74,220,215.94839920771722,225.96114039011087,211.84578784056953,218.62209
74,285,284.63180934146453,289.3295681810022,288.70325166920486,281.84216
74,300,286.74117982624364,299.14349710474704,297.4201901762153,297.63348
74,260,265.1973890466086,266.37370194892253,266.0756444763512,271.08768
74,270,263.77026843626663,275.8330502803297,268.3412152973492,261.77924
74,350,356.39174663457015,354.9056880850632,358.98076574528795,349.69876
74,300,289.79511268915587,286.57220765345767,297.85668088600374,290.01578
74,195,197.33197416924338,213.50505966800077,183.68999034337742,204.16476
74,190,197.7111710617187,195.835223017723,196.7152731662535,188.126
74,180,182.4080461302852,215.68557322307316,135.52693880365644,214.06334
74,395,394.8440090111154,378.30700972201754,381.5094135057936,389.9073
74,380,387.3118834941048,368.932291023247,365.91334202750716,388.41794
74,305,310.2073312367404,302.10854768461377,311.1702753535725,297.53128
74,325,328.2112378540003,329.07201028138536,325.041114369072,320.38373
74,240,236.83994725546256,246.27710989990416,233.5229107847537,236.63947
74,295,297.4650349828387,293.09458065083066,307.56268754101814,285.46506
74,330,343.229776131775,341.66960132460105,343.0653397181812,333.90543
74,175,197.05736672397865,249.48285016726197,211.47655762496032,205.4383
74,365,361.49072200519356,345.3745674975608,370.32235834349075,361.8046
74,300,299.73575819145685,309.45164209020817,319.04661378079277,300.1798
74,345,346.06613062932183,349.3534887334888,358.54268305913223,350.35672
74,195,189.752733585109,201.07534880968697,188.48459786121174,197.36829
74,305,298.04079629085754,303.7082582722289,300.3051711190977,296.07062
74,280,277.2804233110387,276.08613677988666,286.72367518920527,261.49768
74,270,270.73575319216786,274.5880925827987,276.08519347577374,268.3925
74,275,268.81389980989184,284.1920983373924,264.3442892316733,267.22095
74,195,193.11812257414294,196.10901636081778,195.7303301950077,199.68538
74,275,278.9504197871288,277.04060848193205,279.0182530743661,269.88516
74,165,171.1784581210751,183.83623220733514,159.21266690347147,188.63625
74,350,340.1449866526074,337.36016384078863,344.48553426001496,356.21967
74,370,371.6076540633662,361.82648342641767,369.5994896597656,372.28864
74,275,272.3032473382409,272.22002270877283,276.79113053850824,264.00433
74,315,322.1469514172518,317.2047115969542,343.4400191347978,315.75696
74,185,174.7092433034535,184.94212286624042,192.78384679981644,175.58344
74,255,255.56996590643564,252.5239749370999,264.29328342992335,253.17729
74,230,228.96367059075033,241.5680301982876,224.6327143683822,229.8036
74,200,201.17186600542323,208.126543063418,193.61132468363286,204.88383
74,235,238.70045609152703,240.60790924217397,229.18523494816287,225.53468
74,260,260.8637780247336,274.4489470251971,264.2650317774889,275.13156
74,365,350.90540298512656,349.96306384576906,355.92898240830453,370.75415
74,230,228.13484146339215,236.98050981425985,225.32796951904808,229.0229
75,255,248.42440276040787,262.99735316640334,258.39417607546085,264.1262
75,220,216.00697426490677,225.89704127518553,212.41072358665673,221.19775
75,295,289.90302697842264,286.81680437046407,288.6480191270367,282.41516
75,380,377.4533330813397,370.4624997135215,367.4630743744712,384.5604
75,220,218.9491576793278,222.39271002497674,212.97104188956536,220.00269
75,215,214.99733541940248,219.2654979481304,211.5391797425035,220.77692
75,400,401.31631415368696,368.5765567284024,392.8417479986394,392.2846
75,195,191.4729131907185,199.6161377496772,202.90335618778383,201.49261
75,170,170.99979538126402,189.09875717668993,192.42280765010034,172.67053
75,310,325.3071646491598,307.97966641326497,334.6802143555074,318.76343
75,335,341.2658771470342,330.3259970968576,347.239691991132,341.9222
75,330,331.01337207201993,341.98756276150056,348.0721516336728,340.3292
75,285,280.77553568743815,289.3586685508009,284.2577247465,279.7137
75,330,343.09800933387294,341.8623423321348,340.0940333235056,327.3713
75,200,200.29738074525835,204.91597291597293,205.4749220132491,200.23923
75,335,340.6550121043997,329.1454002896842,339.45470421141346,342.163
75,195,190.9123005986458,194.61486378314675,201.3133196740455,192.53424
75,385,372.2876580025093,356.72487365412366,362.09270234362134,382.75302
75,325,312.69275165159274,348.12410863891,326.98327920255133,362.93448
75,275,291.8980361506165,295.8404613752262,250.42580766418516,292.09528
75,330,348.1664564365195,338.5296464292086,343.25271950235077,340.34262
75,210,208.1772818519692,209.71616551504047,210.21674760575524,200.59749
75,335,354.64161276479604,353.9563448618374,348.89478186443716,349.34946
75,315,335.2246165080274,334.35929180915565,343.7816427433147,337.47443
75,275,281.9797476713684,280.1435248219406,281.0511897029543,278.37433
75,180,168.715629430161,174.88742721167725,176.56273106663207,176.34843
75,370,379.8834761810587,363.266062086606,373.2162658817024,369.91904
75,335,328.6775668521782,318.70679992867974,343.75304258666273,327.37836
75,320,343.85604416827596,340.23583345567675,351.83710080255184,336.72375
75,245,256.7300988956003,266.0337505704254,265.299787248968,262.01392
75,195,187.29823240888697,202.38687982034318,184.3529525662168,200.6767
75,385,370.6983783323309,350.29520416355473,361.0970843028091,375.12527
75,185,180.4757026557245,191.45649874798403,179.6803354044822,188.63414
75,205,213.59199902087008,226.20164306363574,194.4783402813027,211.21068
75,200,204.9797870787928,203.94483270895776,210.49287236615496,204.45792
75,250,252.28465033173563,254.43551760180804,250.34402655741286,244.20917
75,170,174.91958484953884,176.7921594802685,176.97324056311007,169.42314
75,225,221.82245520135325,234.12076011488512,215.29378993302262,222.7027
75,220,216.89025888728258,225.46239823766734,214.15106498269353,220.31133
75,190,187.8828383240076,197.85399544164994,205.8608492662318,192.12169
75,365,357.30138169725024,347.0067183040854,349.3129601106647,355.99133
75,280,273.52018404755063,293.96016966444563,281.70783640801864,289.08792
75,215,213.51163682745135,212.88856698856705,220.2479774545407,217.08105
75,370,364.73994808273414,356.6484658331864,376.14439410197906,368.93665
75,180,177.06134666243523,212.8955674358321,151.24412677229031,192.80093
75,275,259.77567355580106,282.87104133203235,257.44346647499486,275.63727
75,345,341.504733700314,334.8863059587043,349.4076846685542,342.83142
75,295,290.5786004607801,295.8053268774416,289.1869232752853,285.63013
75,390,374.9628672599682,379.03784014596533,371.1900764296472,393.9991
75,180,167.40609318200248,176.91584648607338,161.44128535689464,175.70093
75,315,317.1008606162848,323.1011985655677,330.72339095682594,318.71942
75,240,241.88976543594305,256.5939330583631,232.7862545481526,244.91995
75,235,234.72362510516103,244.18790822702726,229.85091721114716,237.11218
75,240,247.28924550458765,244.89492638360315,244.65885420225868,234.95563
75,275,267.1207449228817,283.82033285932573,271.4306890212115,286.81113
75,390,387.7522259181935,367.6849051748061,368.1701706413439,390.93457
75,270,270.22926006000097,273.76547275327323,277.4249173417332,265.1585
75,360,364.25446753229915,355.6000410226464,350.7969842958424,364.26123
75,340,342.291016757032,341.82040842439864,345.5438131398442,338.98358
75,175,167.0491379299996,172.07892612942604,178.31449756083214,170.59085
75,300,286.52196981381576,282.0478773566744,292.06437357236774,272.32703
75,295,301.02859738847206,305.37153148651555,309.2437064811448,305.63333
75,230,223.27448827778187,233.2408001712339,232.88917804461832,223.69458
75,320,327.230026064654,330.15090940668534,337.2146930842471,316.33426
75,180,169.77358843304802,186.1628554738176,172.33651304971988,185.56499
75,315,320.89296697517,328.348842150741,331.02269756310386,323.1
75,255,251.66914738957553,263.45156635131065,245.97677456149285,267.23657
75,360,358.56148295310265,350.984516102994,347.95308734938294,349.63492
75,355,347.16381282181874,344.0321665202983,361.1722311271744,345.77045
75,390,366.55470124132427,346.0460449044421,369.0694792368586,370.7537
75,270,270.42107153582725,273.9880040428385,269.937913148015,267.23682
75,240,236.7069951885406,246.73759528334588,236.60358352933392,232.19496
75,380,374.7624153097924,342.11924431859,376.09494095361197,368.84082
75,235,238.81981113924388,237.70253575887716,233.33067679916124,229.74796
75,395,372.42840134357954,361.7908383128591,363.8009403040104,368.89465
75,270,267.30188546788503,269.14018370804587,258.9021308937858,271.1243
75,390,375.71907867074924,369.72234228271714,376.07681937535796,368.8151
75,295,296.23210691284464,295.89218702289486,304.129385034908,289.63663
75,200,202.78798441140316,204.3101866744368,208.78228747165025,199.04514
75,165,165.01224773893017,172.37501089923137,160.74923641852732,166.98775
75,230,231.55085610883145,240.00744321675057,220.65241584278812,234.7226
75,345,349.36408275905194,340.9659173594201,349.5272547968963,335.28967
75,320,286.14296455269766,231.7546288433789,282.91709833648696,259.0404
75,285,290.58287657149975,292.8335887511889,299.19840180128745,292.44708
75,280,278.5336625739633,298.7784431263183,291.40829071551053,289.25134
75,315,315.6540430540106,316.0016989959645,342.7943088825505,310.25635
75,170,165.69098609711483,175.70806867805385,174.58606157177442,172.89893
75,365,371.5456344753372,370.29464309138535,359.0308049762675,370.99704
75,280,288.43349445752597,299.224552409192,285.7149919542533,287.86258
75,375,364.70126897835985,356.34032063567645,370.534526572344,367.7264
75,255,259.15409883053945,264.5353327502563,249.29919135700737,266.53754
75,375,379.0340981059614,359.5597352654654,370.75757563233043,378.878
75,290,284.87671851530695,281.9978489572867,292.20589261775706,282.7934
75,210,206.02398754721168,206.6392262027189,205.3969892672713,203.60854
75,305,299.7992402411735,304.19509355921844,310.32577457316046,303.4335
75,375,352.027576309291,358.4385973601842,336.8182731330496,370.28534
75,310,308.6435385013705,308.6984017310519,323.823097572252,304.22174
75,205,201.8828925292998,210.6956419902337,205.32182186500003,205.2178
76,300,301.3966016368472,306.64056869600967,319.96443311028014,300.23907
76,310,315.42738703740474,317.5520938689991,328.77437542023125,310.07156
76,295,299.8002485210429,305.0532946325927,310.88368328729035,300.0925
76,265,265.57427292501006,270.4872623657139,266.5293684186717,268.30414
76,180,185.30808046732795,182.3652485110206,158.45015326444232,181.07729
76,365,351.9477136484727,359.06949462331056,356.4038516391595,370.21973
76,395,369.0271667232265,360.7388547502787,359.9922085218207,368.75357
76,330,328.62961959823843,330.5807859085359,342.2985012657118,329.3783
76,270,264.1402669179144,272.21823922516666,269.20641740184107,266.11676
76,245,255.6930537414163,267.6425445395867,268.1665589840635,264.18878
76,265,269.66364017771053,283.3177735454777,270.41021670773483,281.4406
76,245,236.20701490545034,238.88692930163535,239.91470145370383,224.85301
76,360,355.6315802109933,341.19768307019774,356.26912693983076,350.00653
76,255,266.8810316453685,265.7906676319971,242.9506603583963,261.36707
76,305,314.67674747938764,309.24487195925275,323.1801470186895,296.31766
76,175,176.9758078147733,184.13375571188078,177.3972703432114,183.63918
76,255,251.4515782734824,254.76138738106607,255.8870263631116,251.97963
76,385,366.2715940393538,360.3586478490643,363.6555702238089,367.78308
76,320,324.14069026369054,322.348009543483,328.1392675978474,317.93338
76,250,253.63844256292435,254.27321223264167,269.02152070689044,243.12552
76,290,285.2708258254381,286.57520723609287,300.1554652701027,279.79382
76,180,177.80774330203917,188.64657260359468,172.26681363091976,174.0375
76,230,228.24372629961186,235.20386978404025,224.90556385754834,230.1478
76,190,197.95874897993124,198.6673864330115,198.7794443201263,198.1221
76,290,283.8416434222694,283.2163752396841,296.94633296770155,279.73486
76,370,362.95316947501186,352.75851473444845,341.67855808892386,364.40787
76,320,280.5126237337576,219.63734106579693,297.34474715159496,197.0895
76,210,203.11008725864835,222.7320828285634,194.8789386863533,211.2397
76,380,359.30691076018417,338.5881290700039,379.0523709330368,369.6075
76,190,196.41223702781696,191.43860157407946,200.68226997182643,185.33894
76,345,346.48846367210535,350.558950979911,351.6530509562557,356.74295
76,240,243.38135140397384,253.32022502720122,242.39569302502395,250.36157
76,170,172.49991082052364,185.0452732779204,183.5172245547737,170.91022
76,195,188.29907137014794,196.1889522745772,188.64555972742366,178.40578
76,175,172.689581664768,186.10237729862732,181.0113297472489,175.89388
76,180,182.19629035904418,201.27068666083372,139.43356090983298,179.4048
76,395,391.49888146640785,369.25083475484206,371.4503834551875,390.43518
76,270,255.84821758802573,271.1061722608962,265.6013711281525,267.56253
76,175,169.81492652216153,179.57925009222814,172.73345758209769,171.84758
76,385,381.7055779283965,355.83059947024657,366.1325292753821,379.83508
76,360,347.68677969472736,345.1661237599544,362.86657514393033,354.12286
76,390,377.35760010765694,365.5665303939097,375.48127179076397,381.29346
76,215,212.17227217970208,219.895430612857,211.39499518553149,221.06038
76,325,320.69223707133125,306.24825678463833,333.8073315377926,314.9843
76,400,401.2317173183643,333.9271412575475,375.4840659940096,350.11606
76,265,259.2106851752272,255.6022541143373,261.5316267360133,246.3633
76,195,198.23925169005543,197.90306304197753,208.9784818765454,196.11052
76,215,220.04474232734088,225.68054192639727,220.63582164537007,223.89943
76,190,191.96866453239562,200.5955292896102,191.98545013067226,195.25244
76,245,245.56939614311295,244.21429863265405,255.1986436406267,242.18289
76,315,327.3426394630632,333.44300145354936,346.80701080747315,331.31042
76,335,339.3966822304513,325.78689267992326,337.1254422093682,333.68222
76,255,254.67276864227938,252.22980634042003,264.1365937750741,257.25845
76,235,233.16634290776568,241.08603295575716,230.61739512632812,235.02774
76,350,355.2881286672839,344.1942699121866,356.61468591995856,344.81296
76,220,215.17689009940662,226.2712245384304,211.84404950100554,222.02365
76,360,344.4014482907842,345.7122323654133,350.08738698473627,361.87036
76,365,362.6117647800521,352.71754362921,365.7070967399048,357.4524
76,350,341.9244677862497,340.2325785610541,345.36492067848155,340.03864
76,225,221.26943597884772,241.47179661712545,215.12358307800463,232.54709
76,230,217.93238714390014,225.63573818066473,217.5401652847545,222.0172
76,350,357.61697225655996,351.61450664939645,346.7868987083655,354.34552
76,245,242.36601910692883,245.31161324408944,236.81245122283653,235.3149
76,370,366.56645420495516,359.0273638319741,363.50511841370604,370.23505
76,400,404.56404226160663,376.31755933723434,388.75209702562665,397.93652
76,300,290.7558077003279,289.09228715725914,297.7159391752273,289.01846
76,270,269.0067713055163,268.7116669851343,259.8253638923437,272.1754
76,180,180.83987137249363,178.3425061145283,193.23158428779314,172.84836
76,345,345.37870578858303,344.97553904909535,356.81858973158444,346.0986
76,205,205.69078906984748,209.67599789443454,204.52857693021778,203.60214
76,205,208.39225805695725,211.91484268691127,218.0573490621877,205.64178
76,395,378.61338276006506,374.783364633613,369.77699342198315,390.46423
76,165,155.1179630080535,171.16318124957843,160.83466254858016,164.94374
76,375,371.0742165125199,361.0914680708294,365.2625588191801,373.5638
76,300,289.5325030812801,299.98117346672154,303.50470265725187,290.14783
76,315,316.12345879067755,316.55867700117506,344.195963625636,314.1315
76,285,283.278876827894,290.3709046201252,287.7155431068535,282.03687
76,375,365.27662791989417,359.4853807654333,371.0327282216774,369.0012
76,315,305.3528285237055,315.00709621965103,319.7007359029748,308.1575
76,310,315.8593968726834,306.04276526287066,323.9487385921745,318.96786
76,350,353.98117216327535,342.1398627464582,340.44635815275814,348.28857
76,345,347.87586328262387,339.14325597605006,337.7854193796271,336.62106
76,305,310.8693765055442,316.4504105616605,312.15941641065973,312.17883
76,190,188.70284525374484,194.682444856342,182.19915752487168,191.40909
76,315,310.6275321081316,295.66673434597976,303.34465054990386,305.06808
76,200,207.49854597437417,204.07710951429618,208.53544184642942,202.72105
76,265,264.9904553288631,268.24685142359107,250.62654742246966,269.81024
76,280,289.4001948035535,291.6195918415214,289.2214131745487,285.0578
76,215,211.21089881480987,218.78417325229825,206.7531661752813,221.09583
76,300,311.8856348096349,308.8886313495874,311.42500435498874,306.30237
76,220,220.05698314181882,224.7149853632207,211.3378999295867,223.0156
76,215,206.04158302189825,216.21612121610193,203.66906110057917,214.33868
76,330,339.8274691398427,333.83309696975135,338.0913353661079,331.86414
76,205,214.0987441926598,220.49195390938058,204.61218599599823,221.73868
76,385,373.13835116439486,358.9573511503928,372.9513133836612,371.22784
76,280,275.0545641984784,287.8205741877581,282.07117483869234,281.99594
76,355,344.571743949067,341.59527278304483,361.5111438309839,346.40875
76,260,263.3166055378825,268.0979743018445,254.49902006245802,271.05258
77,320,347.5354020280748,342.89215853590844,353.16854634662565,336.56433
77,365,346.4495905483774,348.37317654567653,349.85095247904735,355.3833
77,245,235.62885120648653,246.25250430125428,230.56392622798384,234.82086
77,290,289.98930422487626,295.822160853852,284.22031849110925,293.69022
77,235,237.54096658504767,241.1895779220779,226.43810303849222,233.59555
77,340,340.1716239187517,338.57614774114774,355.95101206990773,343.1953
77,165,153.9028507730292,171.09305416805412,160.83046924145822,165.33647
77,190,192.1556981154946,196.26112450049948,189.39827179511153,192.77116
77,275,277.58648436985726,276.0702905019817,278.6067708421703,275.12363
77,395,364.64422613373154,360.6908714896215,367.0492871944648,371.0944
77,380,360.5915273017607,342.22506646131654,381.1155698245292,366.74564
77,250,247.9798617808449,247.57140914640917,258.65558317006537,243.1275
77,360,360.0656785661322,349.7116432178933,350.41233486447095,349.8776
77,335,354.3441230407927,348.73238116050607,357.893268787687,336.85315
77,260,266.17668976533116,260.35894758019754,263.3705084162136,267.27466
77,160,145.7310169456714,175.54586163836169,52.70575510009763,163.65178
77,215,218.5104937501514,222.99133422133426,220.92861324779403,222.21512
77,330,339.4339279417736,343.16754440004445,343.6779590724871,340.7029
77,200,203.1270761048881,208.98380029692527,199.39737999288693,203.54129
77,180,177.35745675545706,212.85201479076468,153.8755907385376,182.81888
77,260,259.23878563867925,275.4377022977022,263.954970810463,273.2066
77,175,189.8531377995533,181.63602621234978,179.03921555234928,174.61963
77,260,259.953119503475,271.2701309801309,255.44746745234838,269.5679
77,360,351.6902887075448,341.23858169608167,361.16839663835964,356.571
77,290,281.1523124436534,281.4406597569097,288.1919830579797,274.3355
77,400,394.80883458755386,376.0256683594183,384.9318339838995,396.5265
77,350,361.9275784958364,351.41122335997335,356.70761185195977,351.87344
77,380,374.65263123160076,364.32748605561113,375.057987940988,380.38388
77,305,299.21772848475655,301.6385498243586,302.2425206866946,291.51846
77,360,357.9074710771008,344.8972118159618,356.9794693621358,362.47937
77,190,194.3624362717553,197.30687160062155,197.85449262223804,190.70901
77,175,174.00034447101257,194.89840104340104,187.86915527427652,177.40839
77,290,280.8043448489361,290.79580114330105,284.87262355243394,285.61758
77,330,342.5005097713669,341.3572757104007,345.2672661228623,330.31137
77,285,286.13021172284857,296.02728604728605,286.4743351407167,290.4788
77,365,363.36650468967827,352.6209988622488,361.5571555034762,357.2369
77,310,325.8156851137853,304.0095895770896,330.9221177190916,323.75714
77,295,291.75927637327,291.4024846966759,302.16616804935194,291.1523
77,225,224.92063193725366,224.81595584970586,223.95287958733604,222.2663
77,390,384.3288592852911,358.35127400377394,380.9582801563968,382.1156
77,400,394.92175078785374,329.8032106782107,378.3739290749957,336.94858
77,245,255.64216205285226,263.55963952713944,244.14227271114265,264.8633
77,285,284.2242752745094,289.7886414973916,287.5251719025777,295.07776
77,240,237.25309715960947,246.33013458763452,237.11978978212665,233.78094
77,210,213.51716809845215,207.99180090742587,205.45009399960327,200.15291
77,325,334.78124867616566,336.8257833832833,349.2659496524377,328.5028
77,240,237.51735552748818,248.0032977153564,237.00416533531865,244.04556
77,325,315.86973931723435,345.4020460095461,337.57332661088657,364.28412
77,400,404.3357325072572,370.218945082695,382.32725344650106,390.6063
77,325,327.932036300346,329.51919712232205,326.14409760661215,320.05066
77,365,355.5830359156747,356.8683132145631,358.91933451799343,372.85822
77,210,213.28734583314758,222.16382450882452,196.96788133999775,207.58034
77,335,344.33371612068254,331.13902195027185,340.32920536100505,327.96506
77,200,206.60501564077438,207.77178841991343,198.01343459478235,204.09644
77,200,210.35939344677422,204.75386842324343,207.7710963321829,201.7001
77,260,264.89664558088936,256.09771658896653,257.73962891826454,246.40906
77,265,265.67453561502845,271.24816387860506,267.98829407064596,267.26498
77,280,273.95753633165873,277.975493117993,283.13686468815655,275.81216
77,380,360.23828814067224,358.6725415556668,364.8101612942515,360.58157
77,215,213.76885091644772,218.62259809634807,213.39548763495947,219.59564
77,380,359.9096090104981,348.28548049173037,346.0280729662223,365.50702
77,300,307.7809393758756,303.6069345931846,303.1839131052901,299.54425
77,175,169.18331121477289,179.09430916305917,171.56627289538477,171.05322
77,190,195.2471915284386,212.122700979576,194.1489468831262,196.69667
77,180,172.62474497354904,191.38308344433344,174.80644997036262,179.36668
77,220,225.81818166900985,230.81537504162497,221.96222994553878,226.11488
77,355,353.5968978761659,348.22608930285395,355.0688455583306,345.12595
77,340,341.48780295663437,335.67620155171613,339.23322891103066,335.46072
77,305,300.7523027738853,305.15421800421797,303.241894314996,297.45853
77,200,193.65280839184896,205.7353598484848,204.26865008358413,202.62057
77,275,281.31368555873047,278.0685831815244,279.1690304884479,282.44073
77,240,231.5852336095778,243.00642801642792,226.22726254653645,238.73433
77,320,327.85210349360915,326.0119341769342,338.73900882396833,318.63785
77,345,345.96820007391767,343.93486735486715,353.0442766562764,346.07993
77,270,270.1279745319242,272.80056970806965,277.20362936982787,274.90692
77,350,358.21915022322634,349.6467340747488,342.5096045305192,349.65335
77,280,275.01421681841737,274.9693957023368,283.5972695562033,263.86688
77,235,233.8250104935478,244.64556499056494,229.3981187900869,232.92282
77,245,254.78243005174653,258.2812558275057,248.97915396404773,261.54684
77,215,207.64281258320432,218.26699633699636,204.23462113155287,212.69182
77,245,242.28019846812663,248.09064976689973,238.5006129192913,234.79286
77,370,362.47410451984297,356.7849986124986,367.0083097499458,368.89685
77,315,330.3949285456925,313.3768444055944,318.6428355792716,312.42273
77,165,157.0273636326462,174.3591298978799,158.4456446064809,166.62724
77,315,322.8840444018685,321.64138888888897,332.5234064455549,314.93082
77,390,372.9307797836202,377.98137272449765,370.9536442994192,395.86166
77,215,214.61090515324196,219.99940281940286,213.15845160096936,220.11221
77,305,318.9460688060014,307.5041969141969,322.2790440775173,306.39874
77,185,187.32412646241758,206.27977244977242,209.4520708394062,176.3202
77,190,183.7042682986645,193.7667354173604,196.10323691282105,191.24907
77,230,228.80987632360694,233.5160822510823,223.41892130404702,227.70131
77,375,369.5123416453671,362.90170093795103,368.3008875283357,371.61124
77,355,375.6039673547848,343.1764968364969,363.01756188258065,351.74753
77,190,192.10037152475232,205.33401952214447,190.00405267227558,197.91463
77,340,343.98711625082353,348.3187601042748,356.48012120617955,338.57077
77,295,300.79720847881293,301.50947968697966,308.6043713979357,295.71555
77,165,176.51734544324938,176.30402113409468,182.33471942949308,170.53633
77,225,226.66221142926267,229.65216797091796,228.7590007906865,224.07637
78,300,302.9054671081539,308.2550209327711,300.85465658720886,299.60788
78,290,280.06852736073154,280.6289513727013,297.01353168620193,276.76105
78,260,261.53995174203294,267.0329346440389,263.4389410336185,263.58493
78,170,193.9816359053763,205.2101685242862,187.06470147983015,181.61879
78,335,346.3585855115902,343.6304098787922,349.5211188942943,336.37823
78,355,346.3650665365284,338.2060057597817,358.09803385214457,351.70486
78,240,237.83051380835064,250.21078137746778,232.48630175193327,254.51355
78,215,213.4712330841981,217.16657909628512,223.17886317364395,203.33904
78,310,317.35532757080773,311.69185241865415,325.7613430460924,316.16254
78,265,265.18433911323496,271.5111303659785,248.81399606822603,266.65356
78,325,333.6473228674148,330.17841115263843,333.9531841387344,324.288
78,270,269.31911515280837,269.50257728728883,259.6223297818477,273.6565
78,395,403.0950957867965,377.44624620749613,389.8472252799979,403.7077
78,265,266.4653106010768,269.69541072960305,270.40624790657915,266.44537
78,215,211.53192493491431,213.14239738475035,220.59972011635296,206.84726
78,340,341.84024262389374,339.83838075509755,345.49165033466124,341.12912
78,335,346.21063396938865,341.47406259189154,342.4977538316333,337.71783
78,200,204.6655673202174,208.66483197358198,190.98233357169318,200.49411
78,180,175.45245590783463,205.2221007179096,125.43252658200731,185.75739
78,195,195.1287822797945,219.95486358412833,179.49076567104447,198.26048
78,270,260.666367179423,267.430491853825,263.42847409424,262.52924
78,365,357.2120875083308,348.39581032538484,350.34281097947405,359.53503
78,245,245.70577925877348,257.7787358638092,241.1635907378921,267.4759
78,185,190.4929868114565,207.9700496888733,185.58971534296944,196.69048
78,240,240.81332401260548,255.13079763292268,233.29573683983853,239.74547
78,390,386.77701518908634,368.5805814116157,381.11837255503264,389.80807
78,245,242.31339416558356,246.9927725511485,237.5041323181133,231.84813
78,305,303.3387303403903,298.126150627122,309.7898271913745,301.37958
78,190,186.52305603199716,194.68197740440394,180.6829865396641,190.9068
78,380,382.52716364569363,360.42939328960466,372.0536906271081,371.4891
78,320,321.6551944201174,330.8417628250257,319.5798214821572,326.69162
78,250,250.51406535281558,252.54404856507355,261.7283747889994,247.1896
78,320,314.7375283058712,314.39172505679966,327.88378914136797,313.27124
78,170,172.8260124384375,174.4265515829486,180.3654142675038,169.54724
78,185,190.13386773661426,188.3160121945047,195.4196528526862,181.80598
78,360,365.43179723559257,356.97280719153616,352.753483493061,363.0214
78,370,366.55847332203984,355.53444164631685,371.2722650290368,366.74326
78,310,332.29223372194934,325.0947938095856,344.17932323504346,334.2954
78,375,376.51630163708484,379.1790857671739,371.7215426645741,381.8108
78,325,327.467105243429,320.1961914569634,330.41775160574264,317.23938
78,285,293.6149397646041,289.8213351718939,300.02465527118557,288.41864
78,230,220.5317328966637,234.15521295017612,234.20677299829046,219.25558
78,330,347.1937002187855,340.62287021744436,345.28894153464495,334.18396
78,180,170.37598597083243,184.24828006144182,174.159781884341,182.01228
78,225,231.69965555600712,243.68250478279893,213.2893417491519,221.66118
78,395,355.90670592872516,221.41442520442524,405.3467659087904,306.51392
78,235,232.95913006041255,244.82298243241985,221.5099896706331,249.14658
78,260,258.8497676501371,272.4615649209086,257.12091636167514,266.0148
78,205,216.4064355447102,226.24354892792394,193.16114647142487,232.6044
78,295,292.46563631474976,290.5875369890827,290.9804292158234,287.35812
78,375,359.56519161933596,357.04553293612605,338.9411341493697,370.92725
78,390,382.00004881883774,368.3451846995597,375.6549039285202,385.50314
78,195,195.84369616754566,197.78146305491885,210.54386280974484,190.3975
78,165,176.42067204693572,168.2492765105265,170.93757087813157,166.07483
78,300,290.298274354444,282.25813254779484,302.67179752029654,283.0054
78,195,191.82334590636083,196.18488206646302,199.6726138300494,198.11304
78,280,273.7690916013369,293.39565212512053,280.9389037127188,287.97388
78,310,305.9826241851425,313.0848402060902,321.8190378677119,303.6995
78,270,270.06310041320563,271.9680812760947,282.07905407514636,270.3335
78,400,402.0647805923094,367.9047519348607,391.2935142471041,388.29175
78,190,187.81923753458327,194.26287166265115,182.08293983029017,189.90303
78,240,235.6327788927529,247.85562540898604,234.06557981428116,235.61098
78,290,287.45166242152465,285.8691402429876,299.887493618734,286.61295
78,340,355.2662323786875,351.2274049929723,354.8349757868651,359.46747
78,370,371.40362341372816,360.35170885367137,367.0703954046693,371.1072
78,215,207.7415547448812,217.50843553233253,202.4046484262115,209.75685
78,210,204.66037367511643,216.85302086530035,186.8705729426257,210.64862
78,330,346.1065713024218,342.1485993745533,353.8411216745667,346.49567
78,330,337.02459140962065,333.391983866872,339.9895728424979,326.06775
78,235,235.26174130358373,243.1325678392969,229.57574696581625,234.28894
78,290,281.9768831053112,288.4049535252837,282.8252709167211,286.18573
78,400,404.5858601796754,384.52600949159745,386.26141283628067,398.07443
78,300,289.26236148810494,285.2196881810603,292.8407791065873,277.668
78,270,275.1605390210989,272.2744647640848,280.40129833241116,268.1183
78,375,368.0141544930157,358.57820140507647,370.91576793631543,377.86008
78,325,340.0789501401991,331.4110332260333,336.1475981610298,345.25452
78,310,307.8391817837247,313.18327220329405,308.86112525741794,303.95947
78,230,217.66066099129847,225.12978124761943,216.00938064875913,222.01065
78,245,241.83817975577313,246.6919944024426,242.67164801790574,242.99399
78,370,377.1334664108358,359.7091626348403,369.64060692375944,368.31085
78,215,210.5521014027844,219.6893794862546,205.92094443472672,214.08334
78,175,214.00198615845161,252.65890744603976,213.55352290947098,217.95967
78,245,235.9928560787097,244.8305714490105,227.90778229437274,234.70868
78,330,334.3889715339514,331.9641002111763,340.81512735494164,327.01633
78,210,217.039438770923,218.32018101996047,196.34929272698923,209.47417
78,320,327.67012347448326,322.778301917741,329.67945950327146,319.3632
78,215,209.50101769921753,220.78932849965946,225.65037956168445,202.91753
78,195,191.1534624848394,200.95600869446454,193.99336129233154,196.67755
78,170,155.03758200404,169.51340515965512,164.2624216548166,166.46527
78,395,391.18067463938854,368.00381439359523,372.83547564897447,376.59717
78,365,354.88855922056734,350.5821264152516,350.2845769161997,356.81784
78,380,370.5380428790899,354.54186876357033,369.2344127619524,376.94955
78,335,343.4451297049219,337.613372812373,342.06765220597117,332.57037
78,170,172.50031885139393,185.99423039923033,184.72846017717012,170.75081
78,330,343.4104475739708,341.95344954600284,342.78403286744447,326.72174
78,180,175.5926915994988,174.54258496133485,177.8073831114865,173.5138
78,380,368.612399364211,340.05951287601306,375.16091264766897,373.00055
78,260,259.5264478427712,264.6643569889478,252.7635393354604,272.03098
79,175,164.189138892497,179.26974749841673,176.70878942390308,173.81818
79,310,296.82795965961145,306.9106412771027,278.87277109668497,320.5138
79,255,259.0255616632692,253.4826021048661,265.51311518009527,263.32693
79,225,229.01407488161158,241.7140361093154,215.14213871244328,222.8897
79,310,323.040604373314,338.6305032595812,326.65808936990027,325.83575
79,285,285.15018990451335,289.307064256724,292.15334865602495,285.51334
79,380,361.7759444440717,348.76571327644535,361.14678361911183,364.59445
79,165,171.9605713742994,173.0086295175412,185.79122997171044,166.17961
79,240,234.92882289473715,243.65664504146727,223.39793595024054,242.97734
79,205,205.02139763697613,223.7609014261883,197.16344683008452,203.77527
79,300,287.08155857636064,296.2462199687139,298.0879024958213,293.5882
79,385,370.17322284559845,354.4428629274477,359.5101287782869,378.02237
79,190,187.16973126745017,194.54887270409327,180.85979918523753,188.15335
79,200,201.06678121087424,206.69165520590522,196.37290713818118,202.10313
79,230,228.0504427028485,236.3563210605185,224.31930907791929,225.31923
79,315,315.8537939177962,325.98557440925094,315.40209290265955,317.99927
79,185,187.59024125835157,207.44357770415843,187.95618027303007,197.12732
79,395,413.2407254953414,375.9080179895164,389.83846954975627,404.91766
79,315,334.50880920214917,337.0099063593365,346.64135328080584,338.40335
79,240,241.51230785610448,255.05855396319376,231.53160767621478,238.29482
79,260,259.32637514469366,270.6256970535051,256.1834540847234,267.40927
79,205,203.74719309340787,211.37148973901915,203.42550470487282,207.15665
79,245,253.91125537437352,260.0608383318445,250.38519097461062,261.26123
79,185,179.7345508316107,196.60505858438935,191.15004274832853,184.71568
79,355,366.0537827168604,345.35890359640365,361.1820456960937,349.78348
79,340,341.087215848167,340.89568967601565,353.67719814136603,334.15677
79,360,354.78756942405187,351.5596949571978,348.67470505330647,350.726
79,355,350.73873345234335,349.45451952679286,360.4793532189459,347.93112
79,175,175.69594795577484,192.1759836552336,179.59038933159928,180.3169
79,350,352.18212053203274,348.19111264614656,339.9878622126772,352.22916
79,270,270.91048080022034,269.48827594571765,281.36009121597147,271.20422
79,285,289.2265193151208,287.8404340300894,294.935540810557,272.7124
79,210,198.35381600277287,206.69778383054862,190.77462536575916,187.22397
79,255,251.3663857269903,267.6773402680796,250.96124298547426,263.15503
79,275,271.6653041323173,286.25604895231106,279.7796926102177,282.74005
79,305,304.3621905517484,303.06846115720015,318.4801088723728,295.79163
79,365,371.0882237530732,364.0609255821262,355.5275644982087,363.20114
79,375,360.14839920590265,331.54299537145846,357.45516159350063,361.8471
79,360,346.8909486956076,347.14441280478775,352.9631144434079,363.07745
79,185,189.82315818913912,187.8338208139899,189.6848093425966,182.63246
79,345,340.99957510277795,320.4621322319049,354.1121369267575,352.9879
79,305,306.2106450195958,313.8014340863816,302.9651625216483,298.52502
79,340,339.5874512389283,335.91730634098525,337.9371585042056,330.60165
79,305,317.22598241843536,322.03295184567116,311.58906923885866,313.48306
79,250,248.9195209454465,251.1037828611873,262.0719772678783,232.47607
79,380,366.14159728513965,358.64733229409114,365.0465187369166,389.18884
79,335,330.54498802099215,320.5112182335209,345.3533898828511,326.03345
79,380,386.29224384788796,360.70663848789707,368.7744451628337,376.5135
79,215,212.82335502506305,219.75302798590297,197.65365893268688,214.65822
79,300,291.97978186566223,291.87820139503265,292.2730276192747,290.94458
79,210,201.61432475603044,214.58479407112495,190.86506382031234,199.78915
79,400,411.87521379697085,381.03760550385385,380.02094959724263,404.29398
79,245,245.75121369155852,259.44382826747955,240.88287721347143,264.06735
79,390,375.61650542721543,371.46168637284705,354.17293960540957,374.3659
79,265,268.4653717289468,268.814971011702,272.2177738707,260.8062
79,320,324.8018664226238,330.92490380521826,320.7279604655688,330.40036
79,300,305.9464973351505,298.28740416308824,312.73825591242905,291.50906
79,260,262.31766383734004,270.8131889203348,260.3609974532763,264.9559
79,220,214.3967183713017,219.65374989922344,208.0942805304094,219.92915
79,350,351.0954479148496,344.59407584540185,356.11280185643557,338.0288
79,290,289.06979170837553,284.6717073000539,293.3998359979299,278.29865
79,380,374.0135657362696,360.2949229584078,372.6920965706478,380.16037
79,370,362.44002295482017,355.4721927414373,342.15413192846165,371.82764
79,270,268.8200365572833,270.82760061840025,261.25435150181374,272.6606
79,225,226.5863459130697,227.9091306320872,228.56199302958476,225.36748
79,310,316.8700608373366,310.86354527321987,325.58767281917915,314.8275
79,275,278.0148979895393,275.22303506471957,279.5249497153835,269.4197
79,345,354.64387067420455,335.24826271017065,339.7479418124103,345.99796
79,180,181.5441192817475,178.25504763292264,192.65313509561315,173.3726
79,370,367.0561001436592,360.61761699637367,364.8814219288468,372.82764
79,345,351.32503792551734,342.31333431079247,350.2393704725119,336.87924
79,370,363.33778524862237,362.2933583654909,343.53824039193853,364.48785
79,170,173.87470281432917,181.9515516134193,170.1454200148668,170.24834
79,390,388.4384722585864,370.87523347240995,376.9802288508956,386.59088
79,390,375.4090874749581,378.63747035725714,371.08603004174637,400.25354
79,280,277.83688990711477,286.2145438506505,277.5050991346239,282.05472
79,250,245.5847607474198,252.3363726036777,248.78678694141297,237.5933
79,250,255.2868573395583,256.84327582977744,255.51870599320984,261.4346
79,215,217.52584857155387,225.5783539978848,219.61708507839097,223.11105
79,340,340.79623866355587,340.34736603319794,342.2820759349708,345.2242
79,330,345.54971989305415,343.5382062751499,340.7465579749621,341.87344
79,315,324.9151618674093,319.973881197451,317.8689825847765,316.30103
79,200,204.685323675659,203.71441479353982,207.33806528536806,205.40596
79,310,299.55511922974296,310.9803764071757,313.6230931817987,302.78275
79,375,374.2812859985809,361.8547153473976,372.67332087162197,370.77502
79,265,280.87336004640684,281.04624057351225,284.4847095688626,277.24518
79,255,260.1390932181638,261.85650267787776,244.98032469286508,265.3054
79,215,216.1420156894933,217.64750121288222,212.52618177716084,221.27007
79,180,180.6918012740494,189.7188155594404,169.42979952959837,172.16399
79,220,218.34777364393324,223.40212492987962,210.97699053647318,221.96214
79,200,203.427422674259,206.08624660796718,194.8193122194311,202.32579
79,190,188.40465094401463,204.3466575091575,205.8392284134416,190.10954
79,265,264.8447310245375,271.2382870950819,250.37934970517193,265.43997
79,300,290.01658163306087,283.3487420308942,300.24571303422937,278.8881
79,180,169.3535123007875,178.62073741128154,166.39550518507053,177.6242
79,170,173.9366197830871,175.44890776380493,171.81737970846382,170.18185
79,175,180.24715966434707,187.72614541749095,175.89367502386352,183.4737
79,295,297.9090138464584,292.3217061255121,306.3598047765104,293.6246
80,275,250.61195612981595,280.887174908425,258.4669977498768,265.18427
80,170,153.28957957765158,170.5907427294928,170.4211175460395,164.93436
80,315,322.78917015337936,321.4235158591409,317.07611862266225,315.76904
80,355,342.84677047512025,343.3128144078144,359.76751195244765,344.36096
80,170,171.00037202048537,184.81878156565654,188.74228516821222,170.12032
80,245,238.25888831919167,263.6027115939616,226.9192972296624,255.15622
80,300,312.94797657207096,311.0318524531025,311.49382408422895,300.58414
80,360,346.07711995783416,352.57526071151085,351.8703390669462,364.56888
80,380,378.0550090777333,364.74420662670656,366.7531301977008,373.9729
80,245,235.18420554231284,238.84520215895216,241.36963087968462,228.6599
80,360,367.12757534529544,354.8495418470419,352.79077011363023,364.98215
80,255,259.41729712968777,263.9623963536464,247.3958684200777,267.62256
80,175,183.8399529877288,190.1636252198094,174.4473492277173,182.59117
80,340,332.73631916062664,339.08975066600067,346.3407225478696,338.03033
80,370,369.55079979339496,373.2604462898214,362.54670757881206,377.5523
80,280,276.76753052667516,297.6717424242425,289.2553879773343,290.36127
80,365,358.4517148824036,352.6186519852697,379.0344815330913,361.96457
80,350,342.373436054988,340.5927007714508,336.4792275228036,342.1188
80,350,354.86041330926116,349.54191752691753,360.18457924880494,354.0373
80,230,226.08599615135563,233.00100602012367,223.54742855149675,221.1348
80,220,216.1385618959954,226.3188394938394,212.71574354559073,224.77638
80,325,317.86195634837725,354.9313143800645,317.00782309489466,354.60373
80,165,170.51797680999584,179.83335056390976,159.26546543244456,179.62073
80,185,187.90402541199967,189.72118464868464,199.061107743092,187.77795
80,395,383.8032168244446,386.1810247799586,381.13475239203046,394.84647
80,205,206.64670594667723,219.99087995337993,200.26959140870372,204.23814
80,220,221.13240729605502,228.85579836829834,218.73311657356925,229.41414
80,385,370.7749821113024,353.0362785825288,362.4195693396031,379.17468
80,215,213.39617907102127,222.16748501498492,202.13707977092326,216.21819
80,265,266.4764797251104,263.6442147034253,259.17654095384876,264.47958
80,300,287.20825132184723,276.8926887001887,291.6909494597754,276.54105
80,330,337.93169000783416,335.8583635808637,349.2170243239162,333.10956
80,200,207.4829120791095,208.13096049783547,199.22858971996664,200.60454
80,330,329.3033964011746,327.468762903763,328.25415959524315,328.26202
80,260,261.2141168025769,267.163713092463,262.1656459453615,263.43875
80,270,272.4285356894203,280.07185148185147,272.9882935991707,266.97513
80,295,302.6877692193701,305.5137921800421,307.41851825136496,301.45245
80,310,302.92725345631527,313.86651431901436,313.95323285295865,299.21417
80,270,269.4980571729367,271.26263680763685,259.31821362011453,272.71564
80,225,229.06624841462587,229.8443715312465,232.39599796959504,221.47038
80,325,330.5447140200815,334.09806526806534,333.17850308986567,327.75098
80,395,359.2297943326965,211.20817238317233,392.55498647169287,318.07086
80,290,284.44985150830576,287.4504878454878,283.0983465377028,287.4433
80,325,301.2318088811052,282.4183620546121,365.032919592495,321.42236
80,270,263.4680364748614,269.9260557498058,266.4467671316727,263.2457
80,325,315.1607012403121,347.9399146686647,339.50519760761665,363.25363
80,345,346.50211983049235,344.46952555614314,351.80282810358597,353.21426
80,375,360.23624435489245,335.19753295315803,362.8175761781118,365.32965
80,300,315.61759509435456,313.20994061494065,313.11186361805136,300.9583
80,310,332.7343493621727,330.1712799006548,325.56301272658783,338.69153
80,215,210.6171745852256,220.12205537518037,224.77857562753277,219.52097
80,170,171.00030683827657,172.41442279942285,181.58716468668254,170.60652
80,190,193.731740104717,189.13227439227438,201.1407349203174,184.76158
80,285,283.39840836922247,294.3340712065712,287.64362025502294,286.84146
80,165,154.32535455315713,173.73492433735854,163.91415980730108,161.11037
80,185,180.76467498185843,195.03837075205493,179.51509215076612,188.78111
80,255,252.6239752166033,262.07009393384385,243.45125425801186,267.21625
80,280,272.16081845088775,273.14785603285594,277.37502156310205,269.9218
80,185,189.89299806204872,196.4355050505051,208.2585492469429,185.16283
80,245,254.49117348216578,264.5187456987457,246.92729786752778,265.1566
80,205,207.36401288903357,224.8809718059718,193.6390958585763,211.1125
80,240,248.65021763860784,253.18139638139647,242.88554268300138,252.96017
80,330,322.2195384311566,333.56595917970924,332.8925048915709,342.8488
80,290,285.3188980563058,294.5443413530914,295.74791529194835,282.00046
80,280,280.4854282571165,283.5967500555,279.1338625032175,280.45328
80,185,189.94615878280956,186.65957334332327,193.02666841535103,179.17952
80,305,314.0721351658001,304.33453116328104,319.9458869990548,309.98267
80,175,174.21992606261222,186.16154591023016,187.07236803674238,176.11984
80,390,383.93037597139516,365.7339923964924,380.94824083621904,387.50632
80,225,217.68393007142708,225.81905192030197,223.89201654814022,218.27585
80,310,289.4171239111877,313.05868922743923,297.94154259730664,322.42227
80,245,246.1161454664948,256.81866008991005,242.2539644249917,259.15942
80,210,203.1498979805159,209.09524053560813,192.09911197177803,192.38731
80,230,219.2392536665211,242.25604319291816,228.54164096131632,219.02448
80,255,254.84498662590806,256.6287927642534,259.0520701039491,260.6039
80,345,343.8694190780393,342.31509865134876,336.9227274337095,341.3244
80,270,272.96817147546824,278.6476645576646,278.54401363067865,272.45718
80,170,188.44823438792866,205.57129248310164,173.44080896378057,182.0441
80,365,356.3586508797506,352.8103000594177,356.99551949953195,370.71695
80,400,399.41971549127663,368.0383333333334,394.7832200531108,389.32196
80,310,304.7594586761877,307.5021683463596,319.3108726768434,298.85312
80,320,324.67000227560595,328.0159879989292,335.92425986335115,323.79807
80,335,349.0551974974986,346.5409483571984,358.9958975246648,340.68878
80,255,262.71614175499246,261.9144196081696,248.26939503516581,261.37408
80,390,372.50261156223917,376.9229850419189,369.5139452357361,394.83728
80,185,183.9558787747883,193.18274582142996,182.94058835841048,194.01755
80,345,350.8979395515546,340.6080140692642,349.956304049142,335.3078
80,255,252.19977333331792,267.6440620490621,249.43404248954874,265.145
80,215,212.7253328107929,219.20021001057762,209.33391240453074,225.89264
80,400,393.06381461575063,378.7865538628038,381.48984748827075,398.46808
80,355,363.3354321712127,346.8340225052725,353.0985965667931,357.28275
80,355,350.17171523786897,338.6971720762898,358.6189043396227,350.10452
80,175,173.7826792688254,174.70892676767681,179.6049609486027,171.19983
80,370,373.93282191384606,365.2595032173709,364.89465894908466,373.54034
80,390,386.7891633226278,368.64256021756023,376.30198380398497,388.05634
80,290,283.49152479660256,288.26669053169053,300.09152793246545,284.6514
80,385,372.3295894759684,365.42614750445625,368.32227676009984,376.44012
80,200,198.94247232424038,221.97553662840429,188.6792982839652,202.23758
81,185,179.22567989790588,195.74685073668155,177.69583287448413,190.58548
81,385,366.27580536130955,366.4171230316253,364.34579454064783,371.68976
81,200,203.89135186126845,208.22775368014345,198.02545888569873,203.22897
81,320,326.30058056159925,319.0775110154337,338.615563189176,319.2943
81,390,373.21271913054915,367.4330648008853,352.6423472857477,379.2497
81,250,250.63913863066767,251.23212729090025,258.9758687243488,247.71625
81,305,301.86412716871115,299.22235084387796,301.1916922022132,297.97366
81,255,249.80755088727932,264.49337071960906,257.87827310259854,266.3106
81,330,341.2848919857552,334.18810200042446,350.36678295408115,335.71872
81,310,334.6021711677394,336.41631176024276,333.52784211439973,338.91394
81,390,386.44661053375734,368.3760080073433,366.8968276953138,387.6381
81,380,366.5976460175605,358.65640540136206,361.58184236153767,368.45718
81,215,213.48794180254464,221.29162720071253,212.05441891336744,220.74127
81,200,198.25543868879123,230.35876383746768,188.95789199020174,215.76427
81,210,209.01086380826297,212.86718905440966,210.19982258150105,200.28618
81,250,253.26675317949827,254.23719897648613,263.44367033135575,240.3761
81,250,255.86714071427247,254.28539847871218,255.9811470271839,252.89555
81,400,408.2155011568356,373.5347220305195,387.50458782602396,396.58694
81,195,188.3876246099755,205.1496554140302,189.1933111618269,197.25073
81,370,365.0619675126613,358.7338106754358,346.535953961392,375.5932
81,230,227.5762796644238,232.27513580183242,227.4869356432253,227.61848
81,195,199.2395732477758,202.79945322569583,188.34100795141575,193.17615
81,265,264.0245959292294,269.56322770268673,248.89935095476724,267.26413
81,175,175.73479588406332,172.3609764802191,178.26879656734775,171.53345
81,305,307.9215073685845,314.86773281673555,306.2521631823259,305.82907
81,225,224.5262832265692,224.60889223669022,228.65804006063144,220.64815
81,245,243.50586210137448,245.2086663178158,241.83558837884252,236.40588
81,325,350.151760806,346.0864471092934,361.1325116896217,350.0151
81,205,213.92979811131812,222.77386642494082,205.5424084018856,219.68585
81,190,185.9107423539619,208.17266051921914,189.98630592718507,193.91519
81,370,372.35970265334225,366.4791265766097,365.3544558333907,377.00626
81,255,250.51933208816746,254.78613635381967,258.1810555018171,253.97997
81,310,317.5546514067702,305.470321377642,344.74785622201193,319.53973
81,240,236.8466761187006,244.93189401707338,239.10257025720892,226.12653
81,385,368.1610020373018,357.4088414472132,361.1182164659387,377.9566
81,355,356.1473707753175,354.4982101678727,358.585160945034,362.2351
81,230,224.21552175953667,232.94833386577952,231.91696708978827,222.0254
81,260,262.06626410151085,257.6630248054894,257.05583573377424,245.31454
81,285,288.7373999767943,297.9361359084024,287.4978648500329,288.61902
81,325,303.6522527652753,281.64279387736474,371.78508069384003,325.3601
81,175,173.29439418407145,197.47644452769453,189.89998942746666,176.80788
81,385,367.6758875866114,353.98711411082434,359.855944327357,377.65692
81,300,297.38910420994836,293.12210468711015,294.0089755270761,291.63278
81,270,271.4024845819553,273.87216036953043,270.577759475408,269.91824
81,360,359.3173324356829,345.84088442893034,349.0198768041005,356.5993
81,260,264.7873978104522,276.76804086310244,266.7419504159283,278.18774
81,280,275.157023571637,271.7200351270118,278.0355029314962,261.44736
81,345,338.8282911342215,341.3442848136164,351.4061015266545,346.31204
81,340,337.95530915407306,337.0270504872354,341.0906791641815,345.7971
81,270,272.6312035153739,275.78072326368175,275.9487013788853,266.50238
81,220,217.8593089880664,222.9056156256863,215.7147835686306,219.62535
81,265,258.0458097815619,253.5068704168366,258.51471507028333,245.94627
81,165,171.89828826075848,173.61989756077259,184.436669403637,166.57146
81,220,212.43838402096384,221.5826815029795,209.336284020278,220.1915
81,350,355.4234887976914,348.9782868554287,340.3238591568754,353.0182
81,180,176.57918431089246,196.7339061881099,174.08103154547146,176.66808
81,260,260.1867134000474,270.8704982302348,266.37945850343743,272.1587
81,230,237.42303581184927,239.85601314659522,238.53937796879742,234.5073
81,270,257.062192575609,265.5353916089658,265.97952152136884,263.524
81,240,245.4545886728452,243.7930076608749,252.23958862383898,240.09024
81,255,254.0705823155584,257.84894177732536,257.6446263721729,262.09238
81,325,317.0959406499345,351.72046073455726,338.9017406984782,365.15485
81,190,187.43834930917677,197.6722405201007,182.64347402938773,200.99773
81,300,292.7648300040419,281.26832744037677,296.1579130364283,280.1994
81,220,225.49792896244816,235.18517140778135,221.53777240224645,225.83577
81,345,347.9723519711883,347.1264379824968,356.59574793584574,347.63504
81,320,325.9503483501746,327.4717947746698,338.95828671599475,320.7912
81,365,350.72149904146016,350.19309865451424,354.9691877973539,360.94366
81,375,369.42842890453943,366.965559057871,350.1450532510923,373.0356
81,205,213.46756335707647,229.99562557149378,198.06211453223239,220.79472
81,175,165.98872323412053,181.9276456321456,169.5047552353978,176.22879
81,215,211.8406419660842,220.1392683922545,210.81505201368398,220.32588
81,315,324.8623680526668,320.30045298247484,317.56690222998276,315.58743
81,300,286.15756523124827,283.26631684962456,292.4653974893562,276.3711
81,360,360.12385970861027,349.1753069153071,356.8349067016434,354.82593
81,190,193.9977788186589,199.20065205709332,187.95154114810555,190.93954
81,285,280.11888318996245,289.005710400132,282.35062002292375,290.59546
81,175,170.42481851492272,186.03932144652723,181.23892983061194,175.30594
81,300,310.1002103058159,309.6337205095774,311.99888250818765,303.36523
81,340,355.7835024407479,355.41575882838436,352.7039683843336,361.5068
81,175,173.29439418407145,197.47644452769453,189.89998942746666,176.80788
81,355,360.27575642122457,345.5308493104543,352.191542060052,359.61255
81,285,285.29928504918047,291.04122424845815,288.98846691337116,287.43863
81,180,184.0457026759912,188.50558719140344,209.2994586429226,180.10658
81,330,335.70080276891457,339.66352526640014,350.33447413325666,337.13977
81,380,380.2544988226941,360.8022454439266,370.4015075717095,378.52838
81,340,341.9770771445606,340.6203992589535,348.2430696833793,342.64798
81,245,235.9069401869528,242.26011006286754,230.4423018266591,233.92143
81,375,355.6684279452673,357.12200966911155,339.1895340983025,371.76218
81,365,361.09128398069873,352.5954508965757,354.8219247606695,356.67334
81,350,340.6328467527705,335.20781804794296,346.1130448679368,350.9369
81,395,373.83909719680975,374.65988397887895,368.11086232336083,393.97632
81,400,409.5780783961888,383.56958941058923,392.4299332060001,395.9573
81,315,317.5513533663788,328.72764168021496,318.0417165167119,325.14636
81,330,341.4700835125606,346.3221167690239,339.3328835295454,341.70612
81,295,280.62324004763747,279.3785685598546,287.0885235761135,281.5666
81,270,271.8561012020471,269.851366815699,280.61492547401554,266.42133
81,175,177.2994837545785,192.7782099232467,173.57029686408637,190.66321
82,400,398.2588503713703,367.49249937099944,388.42321341919205,390.8213
82,295,291.7934121104852,287.37017594605834,305.0347130463956,291.18594
82,195,191.45821002650428,200.96470921901457,201.96423819743728,200.43181
82,380,378.06775038500507,371.74731166981155,368.1848959264283,383.1914
82,270,267.58653985169826,270.81618185042146,262.4631099911335,272.93393
82,180,177.22216190114352,177.89743853096795,178.11594276282335,175.65852
82,200,201.8483952179413,206.46582437442726,195.92038794261828,198.04817
82,330,346.96581833002995,338.01421827828176,342.39780876078606,338.87045
82,195,192.189837536077,197.3162192109289,198.67486336448871,195.15134
82,295,272.899006102626,276.5476960372908,286.9386117571879,267.37445
82,295,295.4393586510421,281.9953061339245,299.87925604207106,278.26398
82,355,367.88188736708867,344.7830851691881,356.1388394758743,353.82227
82,380,382.52415203038504,370.5918467029459,367.5328715059244,376.71924
82,265,269.0318425562343,279.00083099005997,272.8219661344589,273.20663
82,355,353.81120845384487,340.6770508012943,360.8707525753724,345.86554
82,205,215.38675675774175,226.743624792963,194.81092193738692,220.02959
82,260,264.6655249081622,270.47175714336134,264.50602417632336,265.4514
82,180,193.85119862572867,186.78417268461388,160.8152705082218,183.08994
82,250,250.65489858566252,251.9782885401638,261.43653632834645,246.43263
82,305,303.7791313980765,300.4848074610573,309.51452653460603,300.11227
82,315,317.7921307251953,325.156950678491,329.06652267711394,323.7442
82,310,319.7792797806866,336.6596367494978,325.40642086245646,326.99908
82,240,244.64373128199736,253.85505122202414,246.45969208534115,260.6944
82,320,327.1767784993142,328.2585520498018,338.4797987846398,321.36273
82,165,159.439079806522,171.89746901390095,181.26834881978883,166.08542
82,370,374.03236833710935,370.44688777317435,364.7706920728771,378.10394
82,210,207.40861694800446,208.62224079870361,212.7887471578597,198.10046
82,250,245.52871529115384,251.84465787280027,248.6736556290877,243.83078
82,225,225.04623615297646,224.20497335997337,226.913987180272,222.34688
82,225,223.09181566458165,232.51294494856987,211.96419606526015,223.03242
82,210,216.19144323189062,222.36857312400068,193.07310257464889,208.17271
82,390,376.8219581984089,369.24605598592444,374.78023262786894,364.5952
82,220,220.76868022224392,227.43760209697692,213.30634920424313,224.06366
82,310,353.493243619807,328.11611373762696,310.5751099488085,335.94287
82,220,224.2030609951005,234.84608391064276,207.18733147532703,225.36876
82,350,354.84227502406077,346.30340713325637,357.88073238095564,346.69116
82,245,248.11849736809972,262.57251672594845,243.28089381463866,264.95807
82,175,172.56661964554257,191.1498192017677,186.89896435519347,176.49254
82,385,378.86100342816997,363.64266287288683,377.68104500192925,380.9442
82,255,259.26177821298916,265.5648716133141,248.92035635411557,264.79507
82,290,284.42231541143485,287.46044582698914,302.5387277968787,281.33197
82,345,358.6766804283425,336.90388410200893,343.89589789506704,343.8587
82,360,361.9855134852779,356.6896645946645,350.543312795641,361.88208
82,175,195.51137089896935,253.41573852073847,211.5029218459337,202.2774
82,205,205.40483835419286,210.2322464801567,218.68683893857354,201.62654
82,325,338.19218823485664,326.2108534569715,336.09715048273114,342.64523
82,390,377.39261603021237,380.84192259616583,371.5855201013035,397.329
82,205,204.94727881408596,213.15547416764522,207.7324532776116,204.23338
82,350,359.6344851842399,350.45415955998175,347.8436207664747,356.00305
82,355,355.8858394415364,348.7904355400346,354.7442843893495,348.54288
82,345,347.62648117557706,349.0034043022158,355.8267340942574,357.49527
82,220,216.099348092024,226.5355803687052,217.53584553353306,221.7857
82,215,216.00608470992813,220.9425215306137,210.51475598102104,223.39241
82,240,249.59652826959632,242.79983375420872,242.99862622755987,235.24008
82,280,274.28785698364845,294.5857577786711,279.50323541925593,283.76666
82,290,286.25050686606335,281.1014129320813,292.72465161048285,277.4827
82,370,364.3787526139612,357.2201054223556,367.9695666677117,370.27753
82,260,264.79830977092365,268.4490771212607,264.681790353172,269.7046
82,175,184.9821915834766,179.78775823584454,173.66142799125305,176.9158
82,280,277.7825550934333,297.26857254401364,288.48026616397544,286.34857
82,270,276.20211913511616,273.92155268416985,281.89944744243013,272.9056
82,290,281.98188493233374,277.70500163061115,287.8659873703312,275.0555
82,260,259.2667160429378,269.92254622117406,263.7480933696695,266.0773
82,310,308.951375886705,312.9250323962722,308.9371412004584,308.93372
82,350,352.5638697864823,349.49668264605765,353.8668587973388,359.7761
82,230,231.11260145803703,243.31406401650253,218.98467553808857,241.0713
82,265,282.0306787322287,281.8451933518225,285.09542917699054,278.3375
82,205,209.18981285857296,227.5524711217145,193.73482214055656,220.6303
82,360,363.8677816218135,363.08614439844825,366.7109699083902,374.01697
82,170,173.55539546398506,175.30266599284786,183.22425563313288,169.93896
82,335,343.3560990149032,332.5978013190515,339.9559365944716,336.26883
82,310,316.8783942191311,310.2269378110182,326.02730833630096,318.4941
82,340,340.0709248018496,338.2710842829102,346.6967708104156,337.17413
82,245,254.0283427245779,258.0857854178443,247.29411513088007,261.39676
82,360,365.7550697227649,357.62620090095095,354.1631797611318,368.02872
82,310,328.02808535254337,309.3704041840226,337.1163521245656,321.1972
82,335,329.425955007169,314.8962777604567,345.1575562701118,336.85162
82,190,187.9893115154897,194.86299761906776,203.0972497476878,192.2159
82,365,354.00235665801404,358.8227742732032,356.13122475329516,369.5729
82,300,315.37483138074754,313.61273128496447,310.3005197526191,306.51102
82,300,290.3233225543677,287.6337553051983,296.9617340179203,288.99124
82,400,393.9216676141813,375.11111599049093,379.70794109115184,399.246
82,190,181.67844282089516,192.9638683210065,196.19923182170555,194.146
82,310,309.55760010573886,312.29109383535837,284.9617588067365,325.44766
82,250,252.335815132182,259.088931379508,263.85552166313613,238.30446
82,175,180.90242652733582,185.85854490825074,176.8829070979759,186.95639
82,395,392.99066777025564,372.1313568642685,370.33626918276764,391.7059
82,185,191.37867148791383,195.131802546582,204.1086507701785,194.73996
82,215,210.89358390066957,220.0444445369445,211.13037303552858,219.97513
82,250,253.24808039365394,265.30572048565466,250.02196415196752,246.62506
82,360,360.37776312270285,350.5546138306139,357.55130508911145,358.06113
82,325,314.77477510166494,345.59631481943984,338.9656185016195,362.1502
82,395,402.71517344864026,378.2019790163542,387.04662995585966,399.69855
82,270,271.47707563859296,276.03856005071077,275.2681581098152,266.9243
82,165,180.76408933316475,175.2363067950568,176.85200871962542,172.42418
82,255,252.34232641722724,255.12590563927458,258.7448498400065,258.40988
82,385,368.7822838015477,358.86286024931866,359.014073695253,378.8407
82,345,344.4921589918937,345.02704628771784,352.57528753585757,345.23093
83,355,354.67504572506095,344.1600710482329,356.10595725744287,350.0192
83,250,253.51126882281653,251.6725115599565,258.4177698537422,250.37564
83,265,258.3285152295408,262.02019137377374,261.90246442817823,262.66138
83,350,359.47809912983456,345.4966728850858,353.8083751361846,356.42032
83,170,182.65337123191725,174.44984798534793,179.1628443286816,167.00186
83,355,352.02323883039287,339.4075338778632,360.9233596303566,348.63486
83,185,173.7745424932773,183.356686667091,190.11522104540717,178.4656
83,170,155.67353049672826,170.0283524955436,165.43825385165763,166.11938
83,285,288.9533646442359,284.3211337597383,293.19194706409513,274.76227
83,260,262.18765940629964,275.40931586058355,261.39785365408505,273.6359
83,205,211.47863011160118,214.71578895352144,211.8197585446675,209.33281
83,200,204.24298811667728,208.12450230814918,194.37293618421776,199.88463
83,325,313.2609427133776,348.6027621576911,329.0256960196683,363.37225
83,230,230.39103582502588,239.01542464217937,219.91241165960662,238.37752
83,370,372.7964438967406,361.5456474121425,366.19959989432766,372.89288
83,170,176.30678657707327,174.66782592407588,175.5223180977943,166.04485
83,210,208.46152490072268,208.4391810431142,209.31449254356937,198.54295
83,400,405.164689068707,373.0581629762569,383.5451599547972,398.62326
83,255,258.8122916377614,264.2420379213352,245.96283173094128,263.4428
83,225,223.01529956636955,232.3223834020946,211.62716584454557,220.55348
83,275,279.7106750138696,279.9705749724132,276.7891085981037,276.6622
83,400,401.0720198351123,373.3934035303793,385.8580128217653,398.7775
83,305,323.7494858569954,312.18634966720657,321.3809897254044,311.2911
83,260,259.48467190027833,269.5933726937258,265.4906515363018,268.91666
83,165,179.29675081984755,172.60991150516145,176.14877993940502,167.58705
83,395,374.3946994488237,373.7305245827878,365.2820839518171,389.26596
83,280,278.78304543689296,296.8687930059254,290.3439463949834,285.26968
83,225,224.3228998857296,223.44213160450647,226.07075811228157,222.30287
83,260,260.51831403407874,265.36762954940775,255.74884330681408,270.1937
83,395,340.9455908723649,214.63970053802407,390.2579961537733,287.33203
83,270,275.17034120328185,271.6061763542704,281.8922449345162,266.2897
83,400,401.18347375546045,370.6290357681102,396.09181964374636,397.03732
83,200,203.06112902891292,206.82836171263364,196.2272177516138,193.78427
83,315,328.91769362793275,318.1440154528736,320.64394059373865,313.6528
83,190,193.01099718912386,195.16292913132608,187.05932359876954,189.41121
83,175,176.00036495567846,181.83699924421987,179.02188952498312,177.90453
83,220,220.7147675477815,226.50832193335566,211.86983748876537,222.45184
83,170,178.5987823785802,175.5768693006339,183.66741308277295,168.37083
83,315,336.79440064302605,335.20341380446786,345.802292586919,333.8686
83,325,348.87099994858113,343.695143858017,362.9394830869495,352.8653
83,285,283.7497069391519,280.1567271591901,293.9025076258038,272.12994
83,395,369.75701750253916,362.48758590127,361.3667073497449,368.32172
83,265,268.1960769572384,263.6969437241377,269.7672467572171,255.38593
83,345,351.1306298701365,343.8264278326037,347.27144468830215,345.90085
83,390,371.5178381366674,373.1596094978723,369.6577624975623,393.21228
83,240,244.6161109968965,248.7228508082727,231.77590243675868,240.4252
83,175,166.22497355190666,177.7585431945507,176.16752464153268,175.22223
83,245,248.984636238856,259.01589173882905,244.49567809784264,265.68506
83,170,170.99998924485897,170.8904310175118,185.17312519238575,171.23445
83,195,198.8165665324183,206.4543008576392,192.59169378846548,195.06546
83,195,188.9068791743618,203.35317476151295,185.1359401079552,208.27983
83,245,244.22788278117864,244.8453656791373,239.28331663288162,236.50943
83,235,233.90161405403734,241.1079403935657,229.23100364882677,235.00261
83,340,345.9300356764207,338.16431317614587,349.5333029107841,340.38974
83,365,370.47724432738937,369.20552081662953,356.1939009881155,374.08606
83,300,307.7955466376801,297.156056249306,311.898026612038,284.376
83,335,349.77437355787924,338.70596362494894,352.21863206952855,337.11478
83,210,214.1470766332527,220.4111726459814,196.39304850377874,205.95074
83,310,294.5483239716393,286.23770656975825,302.4311976847893,280.56195
83,325,325.5768185354275,329.75803579994874,326.2029739064974,317.71872
83,220,219.04522190583862,224.7696598870686,210.7344161814638,221.85811
83,175,194.80221291082992,190.2010647995795,198.97967059662255,174.05571
83,300,289.15411456125184,284.68097504872236,293.2502519898725,277.79166
83,315,321.1392394920717,317.4730146175632,339.8589099685841,315.16406
83,230,219.42029768033592,224.62819489720806,218.5252141077557,221.04242
83,330,329.4847959042489,323.78857791260117,327.05858556399147,321.89938
83,355,362.25614443747764,351.7525048495411,350.640370862116,355.72827
83,340,346.3815878523571,340.26806307467234,347.9467549289285,337.52032
83,250,249.69357971648782,248.9262575659633,263.2521577162113,235.9605
83,295,299.6675140275529,291.09547853372095,305.68486616829165,283.17242
83,330,341.3790094031186,338.1094719187699,351.74353919034695,324.6539
83,325,330.0218969928436,319.3867561547214,328.74104315769114,322.1823
83,350,345.78798221841146,352.9723063751248,349.4463577495799,350.43527
83,290,288.3034306348719,285.79911984038085,292.8729002460999,280.14557
83,360,351.218335978426,349.92947294739724,371.0469411690511,350.1693
83,395,388.5800642168045,367.70877139867576,367.0311376729587,380.43033
83,380,373.8352553426496,357.86437759659833,372.65342393119977,377.75204
83,375,364.1660829056084,363.2726700641118,373.88400723703944,374.06943
83,320,271.38442792099346,218.9309034595436,282.7119248006721,224.78215
83,240,243.88824478836335,242.26631387648033,241.71943765889614,232.57083
83,290,282.6085731141829,288.6301740653918,283.54877027826114,285.03815
83,375,373.74154749590264,364.840554673268,371.0378247882537,380.9499
83,240,250.54665094529076,253.3800042735041,246.31123202944525,254.29099
83,275,291.6157944882921,293.453626918975,247.56703688811479,287.0551
83,280,273.75505771629884,293.6448641858158,279.03846847885586,286.62784
83,240,235.73559339782918,244.32183991887408,222.72832367698112,242.09373
83,220,225.9373331558781,232.2866438189862,203.2685979396107,226.76305
83,185,179.7537856709613,191.6631519297695,191.11575124478384,192.30542
83,205,208.93502211854337,219.88217831055255,196.4264543668179,206.69054
83,335,341.24969580489375,331.1746362387614,348.7187746025457,343.7155
83,310,305.1916666140138,304.37968701012915,313.6347293329018,305.1627
83,220,215.7556476411433,224.28848324714224,210.5447011603655,218.78397
83,370,365.6493506912841,361.46174189212235,346.9145921086367,374.1942
83,355,355.5618616128779,348.9482486068287,356.4177468731997,345.42947
83,390,377.8542210706143,370.1443834454527,377.1898369756235,372.65674
83,350,356.708894089859,351.17675610317707,347.11970481646824,356.69418
83,285,295.9445536412508,298.7396630286153,305.9479936486751,289.71857
83,195,192.13309909936703,211.7458457073971,193.4528081614193,199.84193
84,175,167.1238466934247,178.6307868414263,176.25856216966002,176.10495
84,215,212.99975746935758,218.40141065715332,218.0400077663731,212.20453
84,160,156.15232957976934,175.76992471417464,54.72782793413214,167.05138
84,215,213.02270306913493,219.51514470251988,212.25068047254615,219.50624
84,375,372.8311707617931,360.92829717912787,374.4085912138428,377.11838
84,195,186.98662256779738,203.47067312752603,183.97476834539162,206.09767
84,370,361.55183831043223,359.0226045759794,365.97785751992825,374.2324
84,215,213.31373509305882,217.34625742313247,220.10320441942844,211.80658
84,180,178.01013922723615,176.97126369545467,182.11359796944458,176.19334
84,310,316.16934253302185,310.96885084360065,325.61987287585544,320.0398
84,315,305.6970780126192,310.2777633893884,323.06556998678434,302.3381
84,335,341.7124915055196,330.1066085442334,338.9306662428735,339.7951
84,350,356.77794533856235,348.7877862415361,352.32893142073823,355.3152
84,360,357.41625330213793,341.85368365947784,359.88706090072196,353.42352
84,180,182.47066364622907,209.88235457597978,150.39899164490708,194.34837
84,255,258.8958063937077,268.0380024281274,270.8807815993263,255.96007
84,255,247.8177585018879,261.3546820401822,252.9011755666258,268.28943
84,385,382.06831115008066,355.35167099893556,369.6637186381099,382.96323
84,190,196.716941903316,198.85515881585732,198.74380423641063,194.71568
84,190,182.20882266339953,195.98013185670547,193.46290574966338,192.37451
84,250,247.44010531357839,248.8954372449447,255.42058734393095,235.71132
84,305,300.84367880289943,304.5700637034535,313.3766281024099,308.33786
84,295,290.7581314877701,291.171073093573,293.244060007455,282.24576
84,225,215.68827749799465,233.4298769008769,217.34536941035412,218.80699
84,365,368.8582076607674,363.2760299610518,366.3772660457665,375.3644
84,205,213.94077502325155,227.84082865990217,195.25970834852455,213.54993
84,260,261.6932419118272,257.6759898445639,257.6303097345852,248.1968
84,290,281.76597168403515,279.6854641330892,288.5870153486129,284.06055
84,190,187.0445510247202,194.75776369219017,184.1762967134149,188.26292
84,230,216.09263198246714,225.34135482572992,217.90730363845768,223.68391
84,340,353.50478157614,343.72649182108694,352.35221474634875,355.743
84,380,376.42581314754835,354.64741822066827,377.5425213654881,376.81076
84,380,381.8928480322265,360.96873192248916,373.9213317982566,374.0387
84,380,381.44992396816934,363.72717558830055,365.51833821820986,379.4539
84,245,242.86827620755986,247.70377265789756,244.3623719001995,243.52872
84,320,342.4376163966817,341.06499837662324,355.23117424232277,332.89224
84,205,221.94750291243776,224.51242503656482,210.82421516652983,261.1075
84,255,257.02509480603004,250.06587971750466,261.1910477339424,258.59677
84,340,342.4871869691705,346.60087767134814,356.02635911347835,340.37115
84,400,410.98797121890965,376.84668097833554,392.6456497308144,407.3032
84,310,319.2886820099772,336.51675469138695,327.36984665052455,323.44937
84,250,255.89046025478666,257.0185741717431,253.57989984139874,257.72064
84,275,266.8396610077454,281.5493239888765,263.9841306474014,267.38962
84,275,279.3083248882313,273.72750044400067,278.76865869775827,274.00787
84,210,209.4993700843948,211.55278435453434,211.05495372883814,200.23128
84,165,157.26431166064538,193.27830003085157,193.77163112672616,171.8068
84,325,306.33760198260416,279.0624115491923,355.3612336222833,318.49826
84,275,277.53815190848826,275.9525242535243,276.3001997893402,282.9342
84,200,206.1045160777473,218.4562934426685,208.85983544295937,201.69699
84,255,265.84050297314064,260.7767475669754,245.09228399687225,267.58005
84,390,362.9251204954916,354.479824203574,373.7683750622273,371.92
84,320,329.3253044921538,326.2024974192473,337.8882365984632,321.5603
84,355,350.4394932427886,335.2234193861693,363.5120454555243,347.88373
84,290,283.52180419714847,283.37056888944375,290.42981683938433,280.7742
84,245,245.90643736190538,256.98812380674866,244.63258915240908,261.40048
84,235,239.38642838125082,244.88290191752685,228.21401750100023,240.21956
84,350,355.03379695790414,347.166925507499,355.83519865272217,357.22717
84,355,347.35394045486106,351.0610295235812,346.9334464232981,354.95798
84,300,315.8503227628333,310.6128683122433,314.3858907070703,307.3192
84,165,160.2613331354933,173.36564639527134,159.22847408583743,165.87672
84,190,184.25676372921498,203.3290849681364,190.2213515470496,190.9328
84,265,266.28569921130253,263.605150805335,271.8968801474668,257.44794
84,290,281.54627097447,287.0346274387377,284.523443263601,287.0899
84,240,236.8098873863617,244.81602660518882,227.08942215273873,242.24042
84,320,314.52854651327897,314.8298748294189,332.1417129430898,315.71802
84,275,303.036190310321,294.08105513930485,242.34898890620454,280.0216
84,330,341.9342094231095,332.52873018239916,354.68923441149235,338.77316
84,260,260.8883498283496,267.8391147732987,264.0570180727485,265.68842
84,350,355.0489168381021,351.62317237337794,358.3959309004557,356.78677
84,395,393.1086145968931,367.5363333333332,372.6842700664163,380.10632
84,315,320.39108753711906,319.5738485264736,339.6008453733082,311.05685
84,205,204.79678340655943,211.79593863081365,218.2464392524231,205.27252
84,205,213.2759585322505,222.46818272332263,207.66257126417432,212.28146
84,365,357.0327492123919,346.79673651267007,353.99862055696923,363.2978
84,210,215.25526831617657,218.6453083656111,193.67084856714052,209.3125
84,215,211.6892638586807,219.53526859251872,212.75577096111383,219.34229
84,230,226.8078005022465,244.17646870965285,222.81336298315586,228.24518
84,400,395.2127424665755,369.59977247099295,396.40659930510725,398.5032
84,340,341.06952513655943,342.0702095127095,348.0440549529903,340.42337
84,290,274.84240553302385,286.2358763426115,277.9173491762593,288.4353
84,345,339.8209067957261,322.3863716659159,362.1204412507502,350.99857
84,390,387.3081650586708,364.48536559274044,384.70196693126957,385.35037
84,400,385.2003102590393,335.3968298025507,404.1355030931891,372.37524
84,265,266.1561164235654,261.84107979520485,259.0124288031485,264.45612
84,355,348.20864155959674,337.1609325535574,357.57312561846777,358.29202
84,305,306.501713722034,312.3074065215829,305.43043376127184,298.02243
84,365,363.39938550405185,355.60248794261287,361.9948462820645,358.49152
84,300,285.3618562264157,295.732539016539,294.97570924751545,293.09402
84,170,171.64010882024587,176.49058044488186,174.05129873851706,166.91638
84,365,365.3163644874625,355.48296869796866,376.9463755877967,371.8295
84,180,190.6870672188566,203.09762277926757,184.61171115751017,189.1051
84,290,288.59199623099124,283.7761152213799,286.54781220776476,282.39258
84,335,348.9832483096299,344.5884866799868,357.05867800696603,339.91605
84,260,260.18969623068614,266.83372177822184,255.7402100331442,269.27435
84,315,318.376181746083,330.7261769015299,313.6834764329348,320.1991
84,230,230.07150900408408,240.54167956798102,223.81757444338746,225.55092
84,270,268.9488201686377,275.09507395055914,273.14092435962795,275.8746
84,165,173.45323214622397,172.19244165556665,170.88287544780155,167.5885
85,270,272.23857095616137,273.5358332177083,273.29076331883516,274.42163
85,200,205.71371357151338,210.19060804935808,197.04395278340556,202.4703
85,385,370.6907624232537,356.6658648758648,363.01204997074075,378.34744
85,165,161.06506159942575,176.27731092981097,184.62354807803126,165.94574
85,330,339.6732235284753,334.403553946054,351.5613880085957,336.94244
85,175,191.78532838786003,194.23305560180555,185.63395569227538,173.46576
85,385,370.5939558842741,365.82130230880216,368.82691469310686,374.82416
85,230,229.79111882314746,242.71245118307624,223.0089675309015,230.99016
85,270,273.3182163471355,277.9765403999595,274.3815174241774,273.87268
85,345,341.5171271024533,321.39137108262116,357.3647814084811,353.81616
85,400,392.4311986298426,338.15093446586087,380.0580289893909,343.8374
85,370,366.60415742199206,359.2946118233617,357.53993864340094,379.62317
85,225,226.4608900044234,229.443158920328,231.7715936986835,220.89206
85,230,225.76589745311745,243.95561121626918,223.97367671553323,226.19499
85,195,192.53298249368493,199.64449689199697,198.54668913013904,200.7254
85,290,275.0344605907673,286.5896263159499,278.5231513530154,285.8954
85,190,187.08475760378806,196.44981546231546,185.02449488073404,193.16714
85,365,369.8355656683127,365.00529530654535,359.1072680126361,361.78882
85,160,157.4099580691846,176.19831661394159,57.98381746250101,164.32631
85,190,185.04435100101313,194.12370104432603,197.3934733872599,192.14584
85,345,357.8475204130161,336.2573390960891,340.21387072691596,347.54666
85,320,325.8432183884374,331.2148880055129,338.2343422764912,312.27032
85,305,306.3481608295542,307.3851412013914,311.3071651095768,313.20447
85,220,220.0523154487495,226.31631111535515,215.78367826314542,221.49443
85,360,361.26497120120047,350.5231661394161,360.51290468720964,361.43555
85,170,176.0140968886522,177.77726889123963,173.7782820444585,165.84929
85,220,224.99253555028116,233.81355448473096,222.53797775182363,227.58794
85,245,243.90901658453868,246.20188998501501,256.909302998491,244.14453
85,235,238.91723945121277,238.73573939948935,232.48175491286062,237.90591
85,390,364.9961469241847,362.6328446784697,358.5054237444496,377.2477
85,400,392.02076414861466,373.5822450955904,380.79358623619913,397.25748
85,295,298.26138275851827,298.01378373940884,297.80758653339956,295.64142
85,170,172.11245001050833,177.87081206103252,162.8549324516492,170.70116
85,195,199.90676197561578,202.19205162892672,192.73860075314957,200.3154
85,325,337.31119000608504,336.7887063399564,346.6855142590897,332.90112
85,375,358.40498757975985,354.62673203974674,349.24511022089825,368.28918
85,190,193.8358940500724,198.8357613220114,189.9443001381474,198.67911
85,175,187.96279550054405,180.93723993871052,170.05259737456723,174.36917
85,195,191.21196082741042,196.53029495967004,200.45084453980184,196.28741
85,250,248.54604136376577,260.2416851178576,249.9921598438299,254.01521
85,305,299.1433090965819,301.7257926332926,303.40035568568373,296.86
85,260,255.95032074634577,270.19101097295936,265.9394207378822,269.2219
85,230,235.76736860954566,237.85941079753576,233.78029577181783,231.08064
85,245,245.73750745801195,248.18234802506865,245.59346298220834,241.17531
85,210,214.32156428700677,217.7515346690347,192.47294654269393,208.48412
85,390,374.73711739877956,367.148555981056,373.3811865654341,371.37897
85,350,355.27742998220344,349.47460116272606,358.37061823543024,355.83218
85,380,363.4615511821575,352.1599720187218,362.27609658421324,370.05652
85,295,297.59748142421824,303.678197486065,308.1220181292615,296.93646
85,265,265.3666433136464,260.20520602763236,270.64166873659417,251.50737
85,250,249.28643023649198,251.14672218576646,260.8230634622109,250.1259
85,220,214.56417152587144,219.50583472083488,208.25106255485633,219.32637
85,240,245.96531208767183,251.10993994431502,234.83157064584424,244.46904
85,280,277.65332151070737,284.202037915788,281.48138317155065,288.28998
85,280,291.5377332354478,290.9957473082473,284.9904875752788,291.81055
85,285,292.17948545853164,298.45868422155183,287.54859450369537,288.24777
85,375,374.1237253299047,358.8081177156178,368.31698403608476,374.46017
85,325,318.22263904082183,311.718949764832,318.39348649896573,320.7299
85,280,275.1133167063873,274.7025942303884,285.32379172351835,264.8405
85,315,315.34516321413895,324.31526086114343,329.96755117437453,317.89282
85,320,347.0995209932655,348.74025049025045,354.5937126578966,338.7072
85,375,373.5086773121968,362.3591183816185,374.08021871146053,369.9279
85,345,353.21803667275117,347.4773192316942,356.25320811404913,356.06882
85,185,188.94776562417903,200.7248829180079,189.14095660123905,200.78471
85,385,369.22234822280234,348.418542059792,361.37416130176723,382.36008
85,370,362.9981556775958,359.59917892292884,346.31378397247727,362.1239
85,235,238.87713940702568,239.28654197654205,234.30488263598608,228.76245
85,275,273.38556011955507,271.2429941708619,278.9658063077049,268.97147
85,300,290.04695182923547,310.943906001406,317.05715142064025,297.5643
85,200,204.0945330034669,205.34989963739966,206.22598677524792,204.2399
85,315,316.0044615904035,324.688852004477,310.92744461669116,307.11664
85,280,274.9077750733503,278.0017955546633,284.02948472059785,275.9875
85,370,366.42472899095264,361.3019639619639,368.5417925549153,367.29172
85,370,372.2503277205127,361.8548051023052,366.9516236276062,373.4567
85,230,227.955614866924,229.5255336983278,229.32017787656338,217.92769
85,325,326.4436172059918,326.7903276815777,322.94424913068997,323.0287
85,295,291.55917199089447,290.3680273783952,301.3027408578751,286.64685
85,235,237.9423256319549,241.5378705281647,226.81560883707397,238.5941
85,220,215.7034468098139,225.0518395955894,220.36824473443957,220.40587
85,310,303.0991252988169,300.5683563196064,311.21726055523595,303.85068
85,285,286.81679154601045,288.62045252949656,293.36170153595975,278.788
85,245,252.4986724950574,257.67884950575746,250.62215936188426,262.21457
85,205,201.84374851326368,212.31039122914117,202.1828585740938,209.24773
85,250,255.8882252652862,260.9742149299503,256.02992286707325,253.18497
85,360,350.53031740435705,343.7816098716099,346.88621289702496,356.83215
85,395,370.88278984229413,362.59657631720137,365.55875338077624,370.41238
85,385,383.37975588060107,356.0046190383691,370.1084187174772,383.71515
85,335,341.62626052540656,336.05052575828313,343.07344464639937,335.13586
85,350,352.9542741189016,341.6203691678691,355.3062883471065,347.62244
85,295,278.41853216049253,278.5025806138305,286.0822983103426,273.808
85,175,172.4999148268259,190.65381412568917,189.80715521843874,175.44904
85,280,274.57332159088475,284.43754065379056,277.2348412141352,285.9132
85,165,160.45669650204354,172.72236721883777,160.22603422108688,166.28242
85,305,299.4991188963244,297.72884870848105,302.3663427938289,300.40485
85,165,154.56287972740148,191.887274993525,193.52163829552225,170.21246
85,340,347.1286921612615,346.0002753034005,356.4601790970184,343.2792
85,330,344.42559508703675,337.4102643883894,343.14113692416225,328.7033
85,350,361.39364752933255,347.3070218860658,353.92581056192415,358.38577
86,260,261.65781835556754,267.71719569646046,259.8096898722546,259.67853
86,300,293.5467421561307,289.5629405316906,296.4313040178002,291.51334
86,325,326.6276102419995,330.6871212121212,324.0751462837778,321.9293
86,400,406.29990850079946,382.7429840747487,386.1030386986286,397.22153
86,270,273.7291461411564,277.38263236763237,271.89729617485784,268.57224
86,270,269.81630604414806,269.2958932733933,258.6907478631128,271.13284
86,185,190.44485554500946,188.57108918858913,203.20854539880037,188.41122
86,360,346.52518502726116,345.1587481962482,350.6135352150456,366.22974
86,185,184.99397170984327,194.6591627816629,196.61358726457985,184.49217
86,235,238.66698666617268,245.8434663947165,233.42303432394942,232.80824
86,225,225.22814580671383,223.81399697524697,227.17852996541666,222.33826
86,305,308.75918971749115,299.7015968059718,323.0582611685254,308.27637
86,260,262.05956432144706,270.2754117410367,258.95127916557124,264.15973
86,390,365.4347341009339,350.92560606060607,368.9273155312292,368.002
86,220,224.33905986106492,232.21259669252322,216.88720456352465,225.4455
86,285,283.39696140220514,286.90980394605396,288.6727149309946,293.33157
86,360,355.3782271585628,340.1230143467644,354.3538331902563,352.96722
86,320,334.7802001892222,334.5379174991675,332.49651364471106,318.46906
86,255,254.95473113851796,257.14356227106214,258.8127141222967,257.27002
86,190,186.4822299585,191.57804653679653,180.4750958392585,190.14629
86,335,352.047859656727,352.82567113442104,348.7006537885254,340.2356
86,305,303.0947395774233,301.3212039349539,308.29431964607744,302.81827
86,205,213.17719258682,219.02603091353078,203.1090635579082,224.0163
86,290,282.7104797227037,281.1179084314378,286.43188088048623,274.91687
86,170,172.50023547092948,170.9711933899434,183.44054210559165,170.51852
86,370,371.7911220205799,360.767646936397,357.9033341204163,381.45456
86,380,363.109272500902,354.85545634920635,361.7076956519322,379.6134
86,270,273.9245979807464,277.07896429958936,278.69619565938535,275.4754
86,350,355.4910039782847,352.63361430236415,362.76247273349395,364.08936
86,365,356.4140467027935,351.8317955655457,353.03044544638914,359.1266
86,395,402.95621649396105,376.124843395983,382.32446649098944,394.17334
86,360,355.53890469735666,350.9400969863468,371.19053751457227,359.1365
86,200,206.41579865106567,216.83863455988464,202.68007673107778,204.52832
86,320,328.57689727778825,323.3135324397824,334.8426336203606,319.66443
86,220,225.94080047366177,234.79170995670992,205.78623358355486,227.83994
86,255,262.78317293866047,262.3921779609278,247.12315198762485,250.22464
86,295,293.36551219820734,299.1538727938728,295.7630329114727,289.13367
86,280,275.1475314088457,273.6547380642234,278.6135403494354,264.3358
86,255,253.39786200395508,266.0730492424243,248.6785050899312,270.51227
86,210,204.05606436379267,205.53194118381623,194.7345669914689,192.42342
86,365,365.17240588204095,354.00844058719065,358.15157964668043,356.3342
86,175,177.49996373105682,188.19026542901543,178.14621660061033,175.6768
86,180,169.6295470116239,180.60451659451658,170.8467695622445,180.47862
86,170,170.68658793600125,176.47222097347097,169.66005448336864,172.02118
86,305,308.37763038055687,319.3049585137085,316.00484191928774,311.14972
86,370,371.1240367516278,359.2181907675659,369.0868251442792,368.97937
86,330,336.35450321893325,330.665392107892,350.4435059730855,333.31708
86,340,339.74821300637086,342.74659451659466,342.55952491968435,346.55875
86,395,387.98000322048296,377.17467920967937,373.2809085598985,399.2632
86,295,302.696924127848,302.14658882783885,306.79190159429737,304.1039
86,375,370.7812341941265,371.53288780663786,354.05747137166367,383.23584
86,295,297.51102492349355,283.80709429459426,300.43027926425265,275.8226
86,185,177.02607945437092,185.6257241369741,191.82778442733604,176.636
86,315,316.05708538960255,330.9864711677211,324.50322762541174,318.41818
86,300,294.59347768274597,289.8259134819429,297.4553864172699,290.66965
86,365,348.384421036739,344.74098623598627,350.5313453967301,360.5466
86,165,156.32466938925373,178.48724747474745,166.84038738177014,167.27995
86,165,172.11124300971647,181.35058080808082,182.6692660687015,162.92693
86,265,269.19716913135176,264.45413406038404,273.7342367664427,261.2838
86,310,316.09760119922925,304.9183250083249,323.6536475360233,310.76294
86,245,244.92531611107378,243.51791486291484,253.57611388784954,245.25464
86,245,232.7881249541332,237.48244824619817,241.55712183343815,219.6224
86,330,349.44483584469646,341.56632478632486,342.7730189514458,324.19498
86,220,220.37072153399185,226.48890845265848,214.26862152735237,225.45325
86,215,214.71885910020976,218.88573232323233,224.63467978311343,212.2935
86,250,254.2563202078504,255.3002877677879,249.72683529743387,240.87422
86,395,370.1544356398214,359.7868094405593,363.75065339760494,370.27408
86,225,226.46679795795603,229.58356835974482,225.97498303897686,221.28214
86,275,280.1837472325079,282.4371290066144,282.7326116780761,271.53265
86,265,270.69737600631163,284.6524946581196,268.73372758761275,272.36078
86,250,250.60928812859535,251.2387548562548,256.12522462892116,251.80421
86,235,237.605556497238,239.30343344155833,232.93444250400512,229.65323
86,200,203.71241873896952,203.07088591963588,203.91764817704623,199.99384
86,390,367.3274196270055,364.1943359418359,353.1960639429833,369.75586
86,385,378.87099787551614,370.9893251887001,369.0628801993637,375.72052
86,335,342.93022671053154,331.7971188533689,340.1001595387646,343.94434
86,170,176.9763737897229,178.44974386724388,180.90961707738916,162.18181
86,280,274.1150744551873,280.5703028221778,271.20498223696455,288.54526
86,340,341.565398468761,340.87779761904756,353.10143564398993,333.40488
86,345,345.8326364923924,346.1134078421579,343.7085804361866,342.53943
86,295,290.1166215772626,291.46540591353084,285.6286975290439,289.68887
86,315,321.06224753668425,322.16294955044964,329.47258083512213,318.06354
86,325,346.7775290069354,339.1279387279389,362.2848727472609,338.77216
86,210,208.24215160156353,210.8658026695527,212.1949268492691,200.8104
86,160,160.40879045633505,184.09364232989228,74.13940983602663,170.76059
86,390,384.735489308435,371.380641996892,379.7823057266175,390.97397
86,220,222.00835367004356,228.08110667110665,210.79627876688602,223.73657
86,195,189.95875031068942,206.788667027417,191.2183958376341,207.98973
86,195,186.65503818128224,206.44995213120208,182.91364538927098,208.95033
86,390,377.4499685275672,366.6755320374071,379.3765765360359,370.97604
86,335,323.83655508533536,309.51976877289377,334.58885471265813,330.71225
86,375,397.32890121491687,363.1340816822069,397.1193914255304,387.20477
86,225,228.87910116196883,242.5628520335873,210.81271731362972,222.64336
86,175,174.07574383699432,190.60918109668108,182.04381973840486,176.046
86,200,197.3952202197011,202.9672784160284,204.44641890324107,201.55826
86,345,351.56824392498635,341.41556124431133,351.97062029229943,340.03122
86,255,253.23531102974525,260.69729659229665,242.70392503478513,261.47513
86,310,323.83593777843765,318.0952701710055,334.26693776847344,311.24518
87,255,252.4373550764856,256.11493215118213,258.7138801719435,255.26872
87,275,270.9390656191499,272.733334998335,276.9384542301665,265.08566
87,345,349.8044382558861,345.02309981684976,348.34878191275243,336.50815
87,165,176.71739141823275,172.60147311022308,172.71240669931362,168.4122
87,165,180.1968176453098,182.4308055906082,178.80658612457586,172.00687
87,280,289.8762337231015,293.50141177450007,283.5359641489762,283.48682
87,375,355.75346403273267,341.8116161616162,364.6878017858767,359.9075
87,400,406.0432614335785,372.1943172268908,382.14110319584535,393.90515
87,170,172.49979139514502,174.21720030700288,181.95122151673792,170.15067
87,290,275.7241002286879,284.46838314463326,276.75208138846205,282.61096
87,265,259.4618396995652,264.9653332778332,265.7473705443239,261.73535
87,370,366.93951739240276,361.0453563797314,342.9609883819611,372.35492
87,260,264.6280379832102,276.5319054556555,266.7542520160106,278.19693
87,240,244.0108405951614,256.76681596181595,249.44869648972283,258.98264
87,175,180.38797987936783,182.10123792873793,173.43594499642774,180.61105
87,350,351.9514574252502,350.0471281496281,354.1791928760549,362.5956
87,175,185.13134327041303,180.0236323398823,176.92901158517242,175.92404
87,295,290.9181989408065,290.61884199134215,289.98990012194133,284.82104
87,365,377.22426471694075,363.3338364413364,358.21232215691055,371.77396
87,255,256.819839432309,250.02635184260183,264.80417508263156,255.30054
87,350,357.04853100089156,347.10482274669783,342.74405927021974,352.6465
87,255,253.77661683329984,271.4897438672439,250.2767408898584,264.83545
87,195,189.31749190353025,205.6133992396492,188.128442030575,197.13615
87,175,168.96345543966964,181.08074647574645,170.44253444917504,176.8151
87,395,386.68631919247355,378.23621975246976,377.99371107879534,390.58185
87,235,238.60191550123028,239.00317904317905,232.5020013680976,237.2873
87,195,202.0041645591279,209.04609612609613,190.16499524666594,206.39001
87,220,218.50915031418648,223.9569583194583,211.31597936684963,220.17862
87,330,330.78803568131565,338.2528485403486,348.9419500909187,333.98007
87,310,320.4070162828681,298.3170164557665,344.6455080404294,314.73212
87,280,274.773856566688,270.77032495282486,277.7750950679929,264.79126
87,190,186.69914265892626,195.40046689421695,185.2840348212695,192.48183
87,285,278.90938798956256,292.029487942613,289.62863655432176,286.74686
87,340,341.9992667367023,342.04069388944384,352.9064696967065,334.5211
87,230,217.48849008622915,225.91295607170608,221.9887941555377,224.7629
87,380,379.70328143243455,367.3748877511378,364.61122050330374,379.18735
87,240,246.9000905128295,245.53621225996227,253.45074678658756,241.73914
87,350,358.7251200208332,347.4777311577311,350.1416558250605,353.85632
87,310,340.8083962136161,325.76030982905985,323.99471055879184,338.6191
87,300,292.2048918903564,290.6861564824065,295.3901675329285,287.04456
87,260,261.6160711047654,270.5219155150405,257.392969889062,267.5145
87,315,316.7745784053346,320.15514457764465,313.1042835146906,318.0844
87,320,327.06505460977377,325.2777828707241,338.0083528974267,308.82364
87,355,354.45744355907993,352.41694444444454,363.8316975552511,338.11737
87,260,266.65394631856856,268.5932671821642,264.8243795822491,268.92072
87,325,306.14903548112846,279.7164349612376,375.22164207819816,318.404
87,365,359.4221141489933,350.6174771062271,377.72208927933656,366.32016
87,330,340.4145879443398,336.4107782495282,349.49510534071214,340.0956
87,380,379.59999460992657,368.905566670172,368.30833805688235,383.34738
87,245,252.5999064124028,260.61362748362745,250.03222884873355,259.90936
87,210,196.673261473284,208.86626165501158,204.31039222524106,204.74709
87,190,193.4391721538419,189.27796814296812,197.29889273444542,182.187
87,305,315.5580611257226,303.3898321817072,315.21147648660406,297.32465
87,210,205.30084153461175,222.44460275835272,197.96108615086303,222.44717
87,265,270.9802199264992,284.32313304750807,272.07168833935987,273.0495
87,285,287.6094866084927,288.14864482739483,293.7230140904004,275.12936
87,215,213.5540081418545,218.2250091575092,208.57399677611738,218.50084
87,385,378.78652361540486,360.13375943500944,366.9733085023697,382.17258
87,290,284.7712756529097,287.1991038128539,300.01966388189385,287.6812
87,220,225.8913550703317,237.00002247752252,217.68565060350747,227.81316
87,370,373.5715303677233,365.36191227073584,361.416738819629,378.49503
87,390,391.4420647042459,374.09757603507603,376.2939990957321,392.20273
87,385,378.2638771539488,360.9132352747871,364.304955540601,381.7205
87,200,204.40924990554282,214.2415406815406,203.22582050667717,206.7004
87,370,373.21694609403113,365.3165025398578,365.5784931301624,380.7919
87,360,353.0318831154674,349.30500485625487,350.9364678081193,353.15216
87,190,193.87717761364627,203.4969004606505,188.1100181601971,194.73715
87,200,200.66801219029503,205.99664973914972,194.85826846403245,201.63504
87,180,169.89256045173985,183.9974377011877,174.5269898877061,185.35153
87,340,357.82996856883483,345.7875165112665,361.9877410444584,355.49136
87,370,373.8450193773125,361.43268148518155,356.0826566485768,378.2547
87,305,307.99281259875477,298.0670281107782,321.1599133823112,298.7673
87,345,344.8459777457855,344.6133172383172,351.18126017686643,338.82614
87,315,321.73326597647264,325.94743544445754,331.9721458007263,307.2118
87,225,216.60559169862154,235.5554039016539,217.3788860848531,218.49405
87,390,374.2639046793547,374.5803124799177,370.17307400160746,392.88373
87,205,217.00073432763406,239.0873004773004,194.2576554519948,221.07838
87,195,196.11060503574862,195.41391192141188,204.95557330587513,194.18588
87,240,243.3733963085391,252.63627441186264,232.48322346023366,249.00838
87,170,176.11910778406767,182.24425949781207,168.81459073481258,169.38962
87,270,272.02190238482854,273.8176642801643,269.42079100109333,272.80893
87,390,373.53261533734445,370.9029602505338,353.1716215557528,380.8455
87,295,288.8124037434607,292.57055666555675,286.40339083177963,294.0878
87,210,219.4031446793579,215.81609862359866,194.3403194799323,222.1196
87,320,289.8416137309755,224.8570404595404,284.73204876552427,193.80771
87,305,299.58711622602357,303.21610909515323,299.436403783397,299.682
87,225,234.3157474498081,242.63328588078585,212.2721848059318,223.59334
87,190,187.77123074282224,194.45098790098794,181.12826135903447,191.12956
87,215,209.67824708057483,223.74348568098569,203.9161143780596,213.61595
87,350,354.32547817813315,341.2332851870353,355.52074008190607,352.37326
87,380,378.2596535169689,355.76805416805416,372.9073422405374,383.63605
87,300,289.58810340563264,283.861938927086,297.6533311225915,280.15018
87,270,272.39260162212236,273.98488483738487,272.14645269202845,267.99628
87,180,186.5299284824559,199.9088736263736,182.84504009028163,190.41295
87,355,350.45474004847154,356.62215145965143,343.3427712525805,348.55237
87,245,236.75187316526805,242.20358724608727,230.79631169290897,247.5068
87,325,315.3928655944289,301.5650450937951,348.31850196966116,322.2923
87,235,234.5947142923012,245.4085248085248,224.52474000898013,244.78714
88,285,278.16379240369645,293.37364998889984,288.66406645225607,289.1118
88,185,191.13565482691726,190.70350888653846,202.2055151039503,190.77654
88,310,306.38722087525866,295.7248766462295,313.91043514102796,287.12653
88,350,351.5108846295742,343.68408119494876,350.01304268972217,347.3952
88,190,189.82388295080824,203.0094270615005,190.34744731345307,195.1806
88,235,239.27362080055235,236.46380268342764,233.1156023372809,227.19934
88,230,228.4490720411041,230.76568044696108,225.6730522057281,222.34662
88,230,229.90098727197403,239.08957931812765,223.42092703886385,230.23122
88,190,191.17638005718325,200.78822397292242,187.16891571178053,193.9715
88,290,288.132175429424,282.33535076035076,291.03101925376365,279.76895
88,400,400.2554441847441,334.9951120978699,376.08530119711185,329.7628
88,320,318.7420145500781,329.29578282909875,320.5936762102219,324.92453
88,305,309.4840044369622,318.59692816823673,315.83822689119955,314.9753
88,335,321.1319884257085,312.39755217005194,328.3019420708613,321.85663
88,325,340.01768663724374,341.17736992827435,350.24405019716426,337.91302
88,165,144.21432654194592,188.66193725310643,195.80615521954294,173.19957
88,400,403.16895603849906,370.99805257242775,391.98584098732067,389.61993
88,400,383.22104706518064,327.41043179369655,400.86164488279405,348.4478
88,170,176.23722460997573,176.76167912642924,181.42858400706675,165.9354
88,305,301.58115494210926,299.9094306037101,308.5666444574769,301.84964
88,370,371.14163383187207,362.69011451783496,354.88238436421136,384.58423
88,210,203.45714924889836,223.08138496470846,195.35675288070203,208.6438
88,195,198.12264290293535,200.9635466200466,202.75532447164306,197.76596
88,370,369.600196254159,358.19465528915526,364.8258322055744,376.50867
88,370,361.8348224729678,359.21979417641165,343.152530965611,363.06076
88,375,369.70463271268505,370.0025148168828,353.08887671428306,383.99164
88,170,171.74156610793892,176.59566599984973,177.7324288750321,166.65619
88,225,233.73324792264853,237.11016033149872,230.74751148345933,218.97037
88,375,351.37633340053753,332.2579626851906,361.18156622787177,359.48215
88,180,190.49386290869663,199.60934387834396,190.1013830660237,181.94789
88,170,154.10994368105193,170.22138915251406,168.82095443459286,165.18251
88,275,269.3948046710349,272.8647026502908,274.2954046419748,258.5982
88,350,359.08994392335194,351.7647158119658,348.5533411548415,358.23547
88,250,249.24197035301628,250.57163091157204,261.58437548202943,244.49976
88,380,369.26349247637563,358.6702832445331,369.3007369554521,391.36612
88,230,219.08467699829026,224.2513494512024,220.33331655333816,222.8828
88,290,283.05849032437726,286.43881998557,299.1646012895148,282.41232
88,250,252.02267794694436,259.50190736632624,242.69054173589706,241.9098
88,250,248.34093429084695,258.51444556832047,253.0490463490154,253.1513
88,365,365.837517089554,359.49458985459006,357.82166145208936,372.11615
88,195,191.41804695201017,196.1043744866244,200.95929764794823,198.19196
88,260,259.4448712650687,274.2939468252335,261.6655380147267,277.4873
88,185,180.76744509847362,195.02821951659453,190.0348996874722,185.3381
88,255,259.60941556989246,268.426186036186,267.7959524167114,255.83887
88,230,221.5808676644519,233.6543684926186,234.22064798851258,223.84877
88,165,148.4707187082238,174.23273862248865,170.50105922042454,164.51297
88,215,209.8543739387611,220.0538305175217,223.12296048821423,207.83896
88,240,244.03824289104102,251.89811122043605,245.9753558164988,249.62451
88,280,276.53983017797657,281.0577525929951,273.216715119058,284.565
88,310,322.4428141688578,321.78906938894465,330.15363529591207,316.5184
88,350,355.85941963673525,354.67495016094995,360.90997709584565,355.29968
88,250,253.02971648436133,253.4851116693764,250.99132469771473,241.2774
88,300,288.13621741488254,298.83835403485415,295.93847489972495,296.8877
88,195,186.61270513726672,204.42796993529333,181.67416772409632,196.79054
88,340,341.8048544043269,339.01249146686615,355.05779261359265,334.21448
88,210,210.71513538562527,210.24477510071625,212.85141937723137,207.2391
88,345,345.9579092489161,346.6002067515814,353.31078104241965,351.04486
88,175,173.75841311962336,175.0071999520088,179.5066932935212,171.98933
88,400,401.1085860173896,374.6001906426908,378.73747585481277,393.7267
88,360,359.89574053335554,344.5067298534799,361.71152246436793,351.9212
88,185,178.002723974243,183.87644728882228,193.39832880581628,178.27222
88,260,257.69051752103326,262.46643098568086,254.1305554742483,272.18216
88,385,376.95049303266717,375.5446020376685,365.12496976350883,380.24866
88,395,408.27597987105025,377.9508066549465,390.5496125419648,403.27917
88,270,271.2089044726848,268.2386327243016,258.46869868945197,269.10324
88,200,199.7749049311756,226.4507761266509,189.62712027640265,209.35144
88,290,274.3734574498367,295.6704700005874,276.7178491019002,294.96524
88,285,284.61522271851914,288.06974142524166,292.000521382344,290.67035
88,175,162.5196881865466,181.01222266540663,171.8631244605593,179.35693
88,295,287.15147738577514,286.41852024364516,284.7748168075791,284.78937
88,260,264.04382828805,262.0179681943871,255.80102154024365,246.30643
88,245,243.03534293796466,244.7718282550782,239.16836633279507,235.06474
88,370,373.52022402780045,365.4776955544455,360.5941595318197,377.8779
88,280,274.2189073900644,271.2444377150629,279.0113258897509,268.89285
88,335,353.2679604011194,342.0611695526695,354.87228821104907,334.17575
88,325,325.02321916825827,327.77692547811654,323.40721399899195,320.68097
88,320,321.96504265171393,324.0225658646908,327.3108140957022,320.47958
88,280,285.73611604627587,294.478050671551,284.7471789421097,290.8383
88,240,235.476738829353,244.5715145459119,224.63620536304114,242.31113
88,190,184.34853550859194,196.16783838628697,181.01747925376438,191.07253
88,225,226.5760742074426,227.19741372516395,231.42580074135097,219.7594
88,330,341.33138476070144,334.34527563939344,350.75032389155956,337.09186
88,310,339.23106399839685,329.73700725091896,338.87421478005626,333.157
88,330,341.53469948835493,343.4993681596181,340.9679196692558,333.02057
88,225,224.20220365635421,222.9482235403486,226.46965407028645,219.90462
88,380,361.9687223652102,353.76212913475405,360.8143732233079,368.71545
88,170,172.4997905209633,173.72872546897534,179.97022148861646,170.5042
88,310,297.28044830202714,284.7898638755035,302.89907267844507,277.54538
88,260,261.4257472152842,270.4846004714239,267.57977616305675,263.46542
88,265,266.31671241860556,269.53969335403156,268.2802151492443,269.30255
88,375,370.76497978057256,356.77678002553034,366.31832649014655,373.82782
88,245,243.18085282378283,248.96108110435298,243.92957037013701,242.3164
88,305,299.6053998638388,303.18550686813177,298.74393805860205,300.56268
88,380,379.789786119908,371.3603688484718,368.7537926385736,384.31815
88,355,372.5718497108096,342.9974055944054,365.897405040443,358.77747
88,400,405.7766387124743,380.90136176242066,385.6717905991517,396.0931
88,295,294.67133500003246,282.0912063255372,300.72496915056416,279.21576
88,335,343.51904633950704,331.4290869685868,340.29633271925667,342.60016
89,270,263.60895892721175,271.7851712421565,269.89193913866376,262.62863
89,250,252.9855770004355,254.76052707182714,253.61093747071203,242.66913
89,310,303.09096435717555,312.3229707329709,315.10645985464885,307.9414
89,240,238.48889780275005,252.00804769304756,233.80373822174326,247.72638
89,275,303.19674364780246,294.0939372664371,244.47055938535013,289.2346
89,175,200.66438779770124,240.71462046531917,215.7344213662136,200.62973
89,180,183.7645358621557,210.11879456191963,137.68915694119838,193.46227
89,245,234.7486337951279,237.75511947969173,238.7376802852588,223.66095
89,370,367.65023033104416,359.36459158760636,355.94306511893024,377.9993
89,225,228.4341771282505,226.92719332138446,232.9611282060089,221.14243
89,280,276.4072948815047,278.80526912357794,283.7377777499919,272.00006
89,360,357.31094245107084,349.73489582055385,355.0170226364602,354.5501
89,225,218.28510140248324,230.0075943963445,224.03245852296914,221.76805
89,300,291.10668830085325,290.696478335118,289.9744002840522,291.5809
89,340,339.9814605538608,338.7530314199759,346.1366602939597,339.51215
89,275,277.3668194401277,277.62857709420206,275.58806612393903,275.3703
89,230,225.83020776449376,239.90024503546573,221.40770826519795,236.11772
89,225,217.2418377675686,233.17510149722997,217.04366934101188,217.51445
89,320,316.1701136969412,315.5293704906205,330.91862999562204,311.91464
89,245,245.97285436633143,244.37881516631518,256.5510903025432,244.02174
89,205,204.5095229149279,212.10593258593252,217.8075324675357,208.22993
89,290,287.4779955375407,284.84983622858624,291.58364954626796,282.47437
89,330,332.4215020952743,338.2079838448588,346.9148711895552,331.5212
89,205,208.06083027097617,216.11976991146102,193.6447797150736,211.39442
89,210,197.03062309399564,206.7743938006437,192.16544337084824,193.52977
89,285,281.13916042809075,277.67958495072463,295.49189900556223,271.99283
89,200,198.23890167904602,230.27272493846024,187.13704194938975,212.53319
89,205,214.69696315537516,232.01796325134563,192.71263259381243,227.9131
89,240,243.4171298471186,253.43013357013362,244.52145984430024,254.2011
89,375,377.76004765786087,360.23164171340653,372.0009331451573,374.3172
89,390,372.0529585414184,367.75173988049005,351.73316754589507,378.3037
89,315,321.18689427193436,327.08522559276247,332.8285415980309,320.4275
89,380,383.1085839994981,363.0489252414252,371.6027830395609,374.93713
89,335,351.6068626633193,352.5450253219005,361.1296603915391,343.78983
89,220,220.4942463650006,223.99380802562305,212.0298570300885,222.37355
89,315,319.04856920471224,317.1810786122918,348.187800498257,315.5698
89,190,181.30674018513236,193.21607870207123,193.86705371916554,194.01457
89,165,166.33303063457214,175.02716877349243,177.38674593844934,164.92093
89,175,170.39956097889905,181.35407763532768,177.90803693461595,175.13675
89,255,264.4274760591275,261.92056315824675,244.5124694225621,262.34335
89,350,359.1972651748819,350.66138493859074,364.5913041519967,354.2487
89,320,343.6648518437892,343.97821930384424,354.52090239766653,338.57474
89,240,247.253029845247,247.9931051859361,254.27065107490864,238.2925
89,320,327.77556303406476,332.7250815388316,330.60500662999675,327.43396
89,285,285.82809056318007,288.7071422790174,294.0054793459849,284.1683
89,375,369.2569700979588,368.3322033522036,351.1086520867878,380.92618
89,280,271.9984727656644,295.0238283013282,279.9990749297697,283.28958
89,380,364.6960735443319,354.96979296166796,359.7582794525376,368.52325
89,320,327.3484951752541,329.1527083646203,339.56418427382016,319.5402
89,335,341.9779802505272,327.14130260942744,339.206381877669,339.96783
89,210,208.89672513255783,217.36316812816824,199.1112225046177,208.44151
89,285,281.1962126141954,297.4558557646055,285.3929518148421,291.54504
89,170,183.63081084752173,176.2929799068035,181.19880707241919,168.1846
89,400,377.25987166512755,327.1657582695082,397.15429867593195,370.3791
89,380,379.9676581783203,355.8157537111582,375.4298391883075,372.70667
89,305,307.257649413323,318.0420015632515,303.0818381212952,300.55344
89,315,317.96073092894136,330.0633893421393,317.1707292663375,321.8651
89,360,360.14801254502726,349.0699666387534,375.9334980415276,351.40872
89,270,269.68428115447904,271.1242496161243,261.3584606038693,269.77026
89,395,385.0202192805702,367.80516763207555,365.81383655704036,388.89087
89,230,228.51719610904655,232.909902415123,221.05512696746484,221.48007
89,230,237.28629018336363,237.77642889517878,241.1717414607656,231.21516
89,220,218.8422463240168,222.78497030560888,209.72015176729366,222.24515
89,175,177.50034858832868,188.32515208239485,177.9425406382416,174.93713
89,340,352.7216719080679,348.88532324157336,364.6395698626039,353.73727
89,315,318.03465784632834,336.4070739132872,314.805634380549,327.41193
89,280,278.90025161974717,296.82304748356194,291.01814419980326,282.51593
89,330,328.81699806671855,330.7867952105085,343.9878884265155,326.89658
89,330,344.4845552344338,336.29483851796334,341.68228653469896,336.0892
89,345,340.56937688509237,344.19348870914655,340.04804634487726,344.98227
89,355,350.9866156541248,343.56019373328195,363.02512778273893,348.8249
89,165,172.0545776888103,177.49738355870716,181.037981218672,169.15526
89,175,208.0824022266082,197.70823173830524,198.40893274449343,173.53917
89,285,292.1119060363872,295.89443685943655,304.446601542237,291.79535
89,185,184.57115855681587,194.68836402023908,181.7717133288417,187.78647
89,200,201.32130881910354,208.05620704730998,194.44454609187193,205.08409
89,190,192.59835245072753,197.0204636757577,189.42020215599058,193.92049
89,390,364.83585369533574,357.8902104608356,371.43483637249585,376.61453
89,280,277.68466307202135,278.95370404649805,286.3690627647172,271.46515
89,365,353.4828749466214,351.54721082158613,357.4333302342168,368.3667
89,260,260.36169729618035,274.8138873626374,264.49915611901685,274.87134
89,200,204.36362428932688,209.2728905000229,195.4607877338728,206.54121
89,400,399.94902481603657,370.33837343212326,390.338634532022,394.84802
89,365,355.5766901552951,351.34676691364183,352.57038214482134,359.28625
89,245,243.34442648569308,261.5242948717946,241.29561365527667,261.1833
89,255,251.0600794831226,255.14203049265555,257.40358730741394,256.3463
89,375,368.4609999357953,361.2004638879638,371.8096263563473,387.63275
89,260,261.9248482791458,268.1581361517022,263.57962332008475,259.99146
89,285,293.4404779995761,292.09992499738814,301.5976244629369,288.88336
89,195,202.53808231838076,215.66488170598458,188.56971620049984,207.58017
89,300,285.6461809954173,299.8452133052133,292.6300060153754,298.39258
89,390,384.3226353896883,368.35161511826965,385.7463616375891,388.64218
89,240,235.93751888231003,247.22936360344457,234.6431187828849,235.4951
89,360,352.3443465734086,346.20906951844466,345.2627415060275,356.88007
89,315,305.78348839370034,315.7093006299256,321.9852150918819,305.9073
89,400,408.3189671193472,370.1749625605878,386.75397431640215,398.52484
89,340,341.3627290142454,342.09982753357747,343.14622723024036,336.70004
89,165,160.47148253721463,193.8881025850512,200.54614592373144,173.64934
90,180,170.05302481800663,177.82547077432378,165.46761621011655,173.08073
90,300,286.8395301810578,284.59097418186377,292.38162321020445,277.4533
90,400,412.9430439134383,379.65452837685206,389.91279838156834,401.94888
90,245,235.37295902810502,265.120156815407,232.25995237712033,258.3567
90,355,351.3839372788173,341.49331744154523,356.6367706009912,353.0201
90,270,272.38589498998084,273.3060371744269,269.66436430806897,273.28122
90,385,365.4516120477976,355.3282156781127,360.1709486370249,372.1947
90,390,355.2320589817362,343.9262471115488,364.4706716758451,366.40842
90,240,244.5719472781537,243.6710312187811,240.27506047984025,239.23566
90,325,332.71181727126117,356.4130400245183,321.2841874542835,361.31113
90,360,353.537880078717,340.7219609140861,349.9522842899666,359.99457
90,385,382.73086324978243,359.13961113886126,371.3625714727634,377.74695
90,225,214.08568246395424,224.00179186091688,222.85015362025348,213.8633
90,295,293.77860114353854,299.15498031135536,297.974957514741,286.65842
90,170,176.39281977795355,175.37124581966881,175.68851805892737,165.8316
90,370,375.8215705453105,366.8684480176686,365.0710418625413,375.7304
90,320,329.6899061785729,320.3013921078923,340.50147698958597,319.2356
90,335,331.4294383894308,312.7147915001666,322.4485887619647,330.9603
90,320,326.3924785190638,329.0237391774891,337.84680225314196,316.12238
90,195,197.67489891128167,200.92330275198677,203.64139810617655,200.98856
90,350,339.26101597909854,334.2547633061384,343.59329883133637,354.51132
90,265,268.65213913263227,261.9307763821147,272.75037002819994,259.06744
90,330,343.5617738160245,340.1442243173492,340.58787601623834,330.6165
90,195,188.65392358978676,203.4503764568765,183.25658696212497,198.89107
90,235,241.9274986256168,237.3678221084471,230.16317137510325,234.57336
90,365,367.89885038603364,353.7311439614309,358.8956093814309,365.4304
90,190,195.25579675861542,202.97023020443606,191.07575390140022,191.93466
90,255,261.01583104685966,267.90713436400205,276.3120300304235,261.5186
90,255,249.34800953665075,264.0772439211117,259.039886684028,262.29913
90,225,224.6479590815573,246.47692507492496,209.86026108572884,225.19025
90,320,315.043587369809,311.14409390609364,325.4581898012872,308.83667
90,300,288.18309620117753,298.0741546500886,297.2489759451527,296.55597
90,350,343.5716106996943,347.7377279142429,348.85153628468356,348.20392
90,390,377.15001333659797,353.9986489621489,369.05944375146447,379.76636
90,210,203.9436466199291,222.70816879036,195.66246230736078,218.18555
90,275,263.1387583698366,278.87742660117675,259.0098447990138,266.9507
90,285,281.182529070833,295.68714252414264,288.80335756181705,290.59406
90,250,251.35298006463194,248.92977775440943,261.2503670865327,241.49245
90,400,402.3756753916702,376.1459065934066,381.7260562461768,397.66226
90,205,212.76732788691862,211.45277687590175,213.2400366518821,203.93779
90,355,353.0369941837054,352.1252400516151,356.03509528832,365.5475
90,190,199.1687492783323,198.54708134757396,201.29243813634565,198.34283
90,395,368.1270427553948,362.3571144479015,363.63168467395815,370.16736
90,170,169.56997751566132,178.81160649970943,164.41980643672542,166.32968
90,295,273.3493697674364,277.1640047730047,287.20432863056874,277.28983
90,330,335.4532264539068,336.9095409729163,347.57288394887644,336.0314
90,230,220.2214774252039,233.53876443001445,234.15837712719787,223.86201
90,265,257.98431011688655,257.9207267136459,257.3991066641152,247.81656
90,260,260.0529584170552,269.3520982546865,266.83415426286035,269.37488
90,390,376.64869140215586,366.3366843826109,376.30872796958806,368.4327
90,325,319.2014917853587,309.4445678920751,328.4192905325018,316.3422
90,365,353.9999114754193,348.6085540848041,353.77295632876735,359.80127
90,270,272.23891342051724,276.3929688922188,274.3681894327606,265.47583
90,365,345.08330949223813,344.86012431767557,353.6675929613269,362.7801
90,190,193.85597760294849,191.51232776782032,201.03526842574905,187.7855
90,350,351.9343206688514,351.73511969974487,355.19375266769475,360.03314
90,190,191.91154567232337,201.11834525197037,188.94407556183316,194.02753
90,255,252.54032334660468,257.017973873349,259.763224485077,256.91238
90,355,348.51962428528014,336.5221653346653,360.19560857927195,345.91928
90,170,155.10564055025333,170.94639090974385,166.74202916175363,165.72574
90,270,269.1476919927184,274.6281846715377,273.69772392960226,273.47208
90,340,345.0573490130594,341.96403452348306,342.39975905574073,333.4134
90,310,300.53530914238553,305.73390237540224,296.4560760374501,319.68225
90,215,210.12995198164225,214.5375141892422,217.77147359980148,214.00879
90,355,362.06357596841707,350.044337731713,349.6548829606897,356.57794
90,315,304.2536931996021,312.139008649847,319.0615185045821,301.7623
90,285,293.05699492529453,288.5143661297851,300.00681256010046,291.06293
90,225,220.14305840101616,229.75730666555663,218.39859729091685,215.48862
90,185,191.3865528386711,190.5404189712077,203.49806065528247,188.84554
90,290,289.8098653743097,295.0637546065045,292.0761728979516,298.19904
90,290,285.82732821025985,297.10175280601766,296.40038732048316,295.1675
90,315,320.4364419650789,315.0002591297592,340.24229476954156,312.12903
90,340,340.7169811558642,343.61069699254983,351.70432909680363,335.97845
90,250,252.8603927689349,261.3595040294673,251.48626061191516,249.25122
90,370,363.09916771048717,366.72437667397963,341.3961494198331,366.16766
90,275,269.652065521864,272.31075745659575,276.46668074383354,266.25833
90,385,364.59280849051885,342.26510330682396,357.4982389962412,370.6461
90,350,354.4636434268377,344.27142757595027,355.285505929963,345.15744
90,175,172.49964672542097,189.29512418545502,186.131119173981,174.58562
90,225,227.0397247016869,240.01337907925404,218.19145312929055,227.52487
90,170,166.33445774890663,174.72125311616483,172.3523444187611,169.61562
90,235,235.26906890565903,242.20508216783207,231.88004205750786,238.20346
90,270,268.0679368276548,272.3903057530706,274.61724912589085,271.53915
90,335,342.4064239028201,331.4872451298702,337.8568101771434,336.16946
90,180,192.5467295709895,185.16933499472663,156.7296192913664,179.8922
90,265,254.72202004169668,267.0542696731374,263.3230458925681,264.0872
90,185,185.92582341141843,191.6719481343818,196.70204163490445,187.55139
90,230,226.19182434399937,236.85042105117105,223.43586315488596,229.06458
90,225,224.11839502010565,223.5200467032968,226.17037406422457,223.12949
90,325,336.34428271350663,328.34925928483284,334.1153970121668,324.25253
90,385,372.8370110617224,366.51533237106054,368.0065674812289,375.36615
90,210,207.58590871145185,207.95309546009526,207.02910286448076,201.31256
90,170,172.49990861168982,185.1174374703383,184.1446013196025,170.50392
90,235,241.08696318065876,239.10979786879804,234.66498368128254,224.6273
90,190,192.1013941388514,197.26836693943315,186.01533201383683,194.60063
90,165,173.61031799467747,175.1790525643946,178.01881931140613,165.40807
90,310,324.145273646363,328.5332366620312,329.55256635361974,341.93835
90,320,283.85561368609234,217.82388159634482,295.3881067889399,192.06975
91,375,369.5636096565301,369.6069890862954,352.46673315170995,381.84308
91,265,270.9010094687132,280.37013312915315,268.9248794664346,278.90466
91,320,325.525964088888,326.91584178360364,336.6922781567028,319.7552
91,335,344.87573202868606,338.5564136778255,340.25785457510136,331.07034
91,310,299.74456514008585,305.8182525913629,311.05987166052284,300.0988
91,180,172.5016174524245,177.77817378862966,157.50063506674135,174.9978
91,220,221.55708563733032,229.36237372822396,210.7988177610058,224.22887
91,280,274.00460914064735,275.2910813667715,281.54135866188335,270.02512
91,310,291.96690391237604,307.6908742186177,288.5186533416836,318.62378
91,245,244.83420820017596,244.32334423283265,238.44914661107597,234.85191
91,380,371.8031834818859,357.47742812742814,368.15501501271325,381.22403
91,240,235.35108259266661,242.2657160258044,223.23286177462882,241.48413
91,210,209.90443651707716,218.22048609642002,194.76845772072238,205.87811
91,310,318.2331940059907,336.64915661266866,325.04338127292556,322.7473
91,400,416.28892412029745,377.1049774780776,389.4285902091372,400.2132
91,275,304.4309789332133,293.79591284357844,243.22862417475093,286.29236
91,370,362.746287616924,351.4297837168851,342.08273871572703,371.00787
91,205,213.83646144882408,226.7556168041626,194.96229496911914,207.08205
91,370,369.9411375261935,358.9897706380305,369.0105019611152,370.69794
91,305,300.630174002792,298.62868202674633,302.6135800618485,300.68774
91,285,278.4349442314547,277.965612165612,285.6917867861316,281.26874
91,205,204.35572635632417,210.83242716318773,203.30387408115507,210.64728
91,340,340.1687543052148,341.1247176822201,343.26140746744176,344.5946
91,215,218.3209881749171,228.28001387157738,218.86146613124052,222.54794
91,180,185.1166138089411,186.0013138707697,151.85936414994987,178.17918
91,180,188.3799236310282,211.43175642168296,134.90770823653173,187.96773
91,275,277.0337490688501,272.8027454445947,278.8646314910365,270.12286
91,185,184.62607058324386,189.73924255319844,191.13369847071766,179.2486
91,165,174.5722275914829,169.99331438006433,170.09645014385592,168.2855
91,275,272.5794540514409,273.2388569188933,276.1497116160311,266.1148
91,175,168.410454007436,180.32152435064944,171.20544110056593,175.63332
91,280,279.9168273688961,282.1549265388908,283.4527468021474,290.08844
91,390,372.330410439207,366.5930738497571,351.8924707677624,377.80194
91,305,304.9074494186369,297.73235872460873,319.78356660751825,308.77924
91,165,152.34635086783595,170.8050549433796,162.67353787465433,161.9871
91,185,190.30758508658954,204.68334132207664,205.04083998426643,198.3656
91,330,322.73871892423364,337.4714677204868,337.5837937460818,337.41553
91,295,289.2340761475314,289.54357551199473,290.3740331783265,288.49487
91,180,176.1461562825391,176.71368694214274,172.1650752463593,172.43855
91,290,280.9956157788999,278.6090718497187,285.92969003906956,271.19165
91,340,356.76591450606094,353.22792878732787,352.63707727902835,357.183
91,185,174.0154972851597,182.57692724350807,194.4227634223024,174.18741
91,335,352.4563677979964,353.4829376845375,346.39306856538985,346.16537
91,245,257.161360549937,266.13617251846676,266.92961432107927,263.51984
91,370,371.12674273089084,369.5094289898012,366.36851449217323,377.99585
91,235,236.0611637204566,243.59133022206535,235.97808396392128,235.18062
91,320,345.52333851000145,345.64962267794215,354.56958310466223,340.1405
91,385,379.4971798345902,351.2842196895379,364.51759186778526,375.20953
91,250,255.8476399400318,259.97668525207797,255.6178150407587,262.63376
91,395,387.2916523960967,364.68052689947484,369.531213037204,377.22632
91,270,274.45127575874125,274.94615705009426,269.8838870124576,272.46777
91,355,352.8948041635703,351.7914362745097,357.90449773173486,359.64334
91,170,182.2687757550935,211.36182381099295,174.11648158019378,187.34294
91,400,411.1932639922748,380.1706896326671,388.03861246199983,396.78497
91,210,202.44075956288833,212.39751556776562,189.0028069605525,196.5241
91,320,327.5612866927225,332.0159479777468,332.51813601093346,324.85028
91,350,355.015103506906,344.9694852943068,342.0379697752036,349.50156
91,175,174.00007406912374,191.1354085195849,188.31860664527613,178.072
91,390,381.6884521636345,350.34472171382987,375.14681246229543,377.18817
91,205,203.3081449316881,213.40080089355106,202.6512452903334,207.40825
91,345,341.6752979892306,340.7973853130015,338.88321446997145,344.9377
91,265,267.46323151111363,262.2592211762787,270.587490642879,246.0861
91,215,217.17751777662653,220.8108711025816,223.8639546576822,208.03337
91,215,213.45434378130204,215.5246484920308,220.19741139511473,212.03041
91,300,287.2362823713699,283.6436992438485,297.7523139840269,280.96686
91,295,277.5455684582202,279.95393957431435,289.9377976281596,273.2158
91,230,228.4294958570045,230.24209828416977,222.55708131886433,222.93884
91,360,356.4503936216169,342.90405898094616,358.2706265754796,353.03632
91,370,372.7586611924634,362.77467454525,365.1491494759939,374.88297
91,385,367.37767535159054,353.9429168095026,359.093266803405,375.4777
91,400,390.25716206386454,373.7522346820448,375.7548943604267,396.38846
91,345,349.8010409670623,342.3493502792007,349.406455316655,336.5735
91,195,185.4147580794205,204.33283236208237,192.85434527995153,189.92668
91,240,237.04354541493768,258.861858118075,226.48585197970783,260.77386
91,310,328.73875136406923,306.77532494679247,333.43211835452166,320.69226
91,390,378.1228403392368,355.1653982809673,374.9703371631731,377.34326
91,255,261.6039231412495,270.8959938928669,267.7007265157494,263.05038
91,370,380.2084255447948,358.82360066322576,369.2852931401643,368.10367
91,195,197.51869975751987,203.18584954979696,190.00761372228573,195.94379
91,225,229.8522022555016,228.4881232915692,229.23824294518784,224.80524
91,300,288.6615969763589,284.3498866952809,292.29182697695865,278.53348
91,255,250.55773494992542,261.8732884000023,242.49227019439945,263.83014
91,205,207.54105508557637,227.3947000509295,191.58075326599294,206.87578
91,360,366.6228719136545,354.2604498879491,353.30945431188127,364.31186
91,195,193.3345579064807,209.78759703042078,181.6479889525699,201.94478
91,340,353.97436291422986,345.89764120610374,365.2297229914811,356.18704
91,265,256.42772271639143,265.09400883892454,263.9284869979099,260.67914
91,315,320.03372981767257,333.0777445621993,311.839377784869,333.7222
91,225,223.36683844689225,230.6537185260369,215.38684427410408,220.713
91,325,335.9967199801716,328.7737657183023,334.3936329215773,335.9601
91,245,249.34668099502102,258.75147119402556,242.45937116812613,265.03595
91,300,285.7002626072397,297.60094075369074,295.4970021497676,292.84042
91,220,221.3358410193378,227.7105217731616,210.86748796203432,223.63264
91,240,250.00752563144346,243.21007460810003,250.1229272626721,236.39146
91,335,339.26505051883345,329.8667620018871,350.37097858579375,344.44067
91,285,276.8740989504541,295.8905941351627,283.89151033350953,288.6924
91,375,357.96486448345485,357.6087069178388,337.89133434775596,367.66214
91,265,265.3825993251248,261.78295030192845,259.92426314869954,261.9505
92,190,187.96774680195722,203.9834288628039,202.769616779511,190.61015
92,310,337.4956753640541,336.39237526362524,369.69200469120875,350.284
92,380,376.3846392241984,363.7013338050838,369.035817985198,374.6841
92,245,247.07259863503555,263.55038274225785,232.69532448953575,260.33176
92,335,328.6326445558077,317.7315395715395,343.6025273707708,324.42642
92,305,300.6298869490763,299.0424725274725,308.7391516517033,298.17136
92,165,171.51935851944637,173.70552475302472,170.65779407359247,160.08575
92,365,360.418560898201,350.10016501472387,369.6400798557127,362.85294
92,360,351.0657561388366,344.43979663310546,353.0798784100804,353.07162
92,215,218.61376362743738,227.84401265401263,219.02148882815402,225.12766
92,265,270.4528208233894,263.3003472915973,272.35320099127523,261.72623
92,300,297.5613620437055,310.1253354284605,316.3797286884412,295.56686
92,200,204.2552524956517,207.7860885642136,195.74997780738596,200.39502
92,360,352.6562893319008,350.77819250194256,372.81117517594714,351.85968
92,205,206.17341182312066,212.49516287633938,218.33793237709324,206.17407
92,370,369.605617191933,363.7050182170769,367.90130703495845,374.14966
92,255,266.9956310832722,262.56857975357974,247.60016008503007,263.94186
92,265,263.82522566294585,270.919623154623,248.5436562345518,264.61642
92,335,335.5000635307548,336.38060925185925,353.0901317786023,337.55154
92,185,190.80276400345542,198.75176164113674,184.7073073877802,191.23376
92,255,249.7045003989731,266.86614649239635,250.65271321545444,259.64243
92,300,288.23560345064084,287.55207417582415,302.75282691026825,283.56387
92,345,346.6693877057385,347.3294453667247,356.9534208462779,355.35104
92,355,348.2098057369218,342.0920025807526,358.4734224988322,353.01315
92,320,321.53430694069687,327.4726500297088,337.86992532648617,319.49283
92,200,197.72289527695852,221.38229645354642,189.11790859022864,202.30768
92,295,292.26609920583905,289.8169986957487,303.55738238518984,293.2361
92,190,191.73616864739847,197.52884268509268,189.84403649463573,195.60664
92,335,346.98273237973484,338.73536331723835,341.608196476825,337.3422
92,170,177.887114528207,172.7623204573204,187.6725992929122,173.6933
92,325,349.4219855344418,342.51150530025524,363.8695809459691,352.001
92,260,262.83915404420304,264.69452672327674,254.97879106566575,269.68976
92,265,266.4496099484501,270.05055194805203,270.58570727973745,272.79733
92,180,192.03375548492443,183.72156203273855,169.31890896052337,186.2087
92,180,187.20537663368327,212.39996066841658,127.27335937473276,191.38858
92,170,177.887114528207,172.7623204573204,187.6725992929122,173.6933
92,235,237.07281585757244,249.11452741702735,226.81706895884267,239.46164
92,370,368.5155906652661,366.6847157009656,374.4531656409835,374.22293
92,285,289.70256500564744,284.5498164335663,295.51137324772753,274.92673
92,275,273.4555362739194,282.2711408036407,285.03584187573966,273.2383
92,160,164.0968692919248,184.60630966255965,72.97554571120202,166.28952
92,325,330.2406379503155,354.397530871906,325.14494338013094,367.82733
92,350,340.40110452558474,342.49202380952374,339.74596987636056,341.52072
92,280,278.73985822674115,280.38077811077807,287.1792709606607,291.32996
92,270,270.13883799477037,275.0102428127428,268.6772214677057,273.10162
92,185,187.88362180752586,195.9333554639805,183.0962016176763,189.99915
92,220,217.2881966762102,225.74687215562219,212.00904975908645,223.17926
92,385,380.4355106436726,350.85310859891746,366.53255271753795,378.58002
92,310,298.35281303118904,284.22442099567087,302.52537088724176,291.27
92,280,273.68227609494124,271.00308261183255,276.91317716197506,263.14896
92,335,354.21959008059105,354.92376998002,348.8591324406179,346.64383
92,220,219.34809920077407,224.83929168054172,211.0279673327229,224.33028
92,260,260.4278977474611,260.0934663947164,255.87631023664605,250.8357
92,390,365.38292633387084,353.98655526662884,369.16448561441536,367.8539
92,250,248.1741335683081,261.97978424353425,256.8055250539297,247.59912
92,310,319.1419349267983,323.29890283327785,326.093987900584,321.2857
92,305,301.122043467715,298.728184038184,310.74532784921286,301.7605
92,395,395.6019350596697,365.172534965035,374.08081983171076,381.04022
92,255,262.7682395731092,267.03983169608165,277.3314384918107,256.9254
92,225,226.0794609205352,228.01746018279107,226.8210362642376,224.96388
92,355,374.25698029845205,344.5649830724831,361.8116046189591,352.89035
92,330,328.5812589846838,330.97872335997346,343.47167521318244,335.23404
92,210,208.7963370222335,213.0115110583861,211.26804457146767,201.10213
92,170,176.1348995093013,180.36030899655904,180.3705533372362,165.73361
92,310,322.85770810674364,321.4753037240536,333.47701080472245,308.6354
92,365,350.0868573128308,344.41533234739126,350.3829384963171,356.1102
92,400,394.0358512583591,328.03800463425466,402.1773568772254,358.3891
92,255,251.52487176850468,259.70766830391824,243.760078651992,260.71973
92,295,295.9533348938936,303.504124902875,308.9514275739675,300.10434
92,225,221.96575985227673,235.31865467865467,215.59037132605818,225.65752
92,205,208.25810467044982,216.81349053724054,192.2424460719512,205.07289
92,200,204.41143127724933,209.33518133010782,200.2702458143848,202.71095
92,170,170.99935412523587,184.50208666333663,181.40682976816413,169.94305
92,215,212.84526351678767,218.83863109113113,209.51483680503202,218.37717
92,300,302.44155710903885,307.4683871683872,300.8895552589652,299.60416
92,235,235.99767777157615,244.48689213564208,233.15389054348378,240.06204
92,385,374.49734566379595,378.564514027639,370.2158326728317,375.92996
92,235,232.64674839425254,245.25293290043285,222.84495614547,244.61038
92,360,356.3494206708298,346.13207986457985,349.6537817018751,350.72147
92,345,345.21430360477575,342.80645631329446,351.9790971524742,347.1071
92,355,355.9539157808374,353.3429655760905,360.2696321334265,363.46872
92,325,333.2015436611854,329.82296855921857,333.24260531792424,323.1931
92,400,408.61850801352455,386.341407203907,387.55608123215444,391.84787
92,310,297.85300150102523,310.4628478874067,317.07284373488187,308.56207
92,390,385.9211469848366,370.96349109224104,371.16896212728517,387.4316
92,335,324.8504232914647,310.9802429514929,333.6562659435988,331.78885
92,230,231.5388709056038,238.49603681041174,218.65352745032067,238.89691
92,250,252.72460109089116,255.10438741813743,267.14455325108867,240.57692
92,395,424.64556061782037,237.4115904928405,402.57852947395963,278.97504
92,215,212.42975750297103,212.10527278277286,218.36350428933144,216.20538
92,275,268.43923244123334,270.43832722832724,276.8596828886815,258.82623
92,330,336.52415308845696,336.8340453500748,349.41596405957387,325.37622
92,185,186.20470824298195,191.8925067987568,186.37036463083354,184.10252
92,295,291.90562224242615,291.36593697968686,291.5077560727678,284.71265
92,400,403.3248741425398,366.0626873126874,398.95260914851326,390.6175
92,175,174.00051532532086,193.22411713286715,183.857450679649,175.61807
92,300,311.60029480288586,310.9776227938728,312.0466887814158,305.84274
92,220,218.35861121625226,223.89233669108674,214.07418514525156,223.70181
93,175,174.00018404006573,183.81889064639068,181.8472710046267,175.13321
93,395,393.8075381335973,228.48133156603754,410.20719780779734,299.865
93,165,170.40601910896044,172.27347092722084,182.64843052044665,167.36601
93,275,263.8098973162535,282.7670100270101,257.65333236582705,268.091
93,395,382.6259881211323,377.76652969715497,380.6851110668786,388.69116
93,355,366.55079569617493,341.8177743029389,363.2548900836523,356.7703
93,230,223.7780172398279,239.48824371978782,227.84181171261977,223.79605
93,400,398.946000174615,370.42690059940065,396.8238978311822,394.13184
93,350,356.9743932325191,350.24058401973855,362.22935925685545,353.55908
93,235,241.0722277863469,247.25897305037026,235.47890702848323,242.40248
93,340,345.8359091611058,340.12741131281564,345.01436616262237,341.31
93,250,255.30797364784874,258.6708832602584,258.7189583902913,259.19412
93,275,271.73091552740163,272.2105098142598,278.0922755311763,270.87543
93,320,281.8567938659406,213.75557831057841,293.6366871270616,187.49207
93,375,365.48611165426587,360.15840735653256,366.6308906364723,374.48923
93,240,235.27380811413428,243.63811225811224,224.0284748652189,241.11906
93,285,287.9418142468152,287.9395541958041,291.98936549513763,275.78323
93,200,203.03815000052214,206.21783886492477,194.1584142457356,202.44524
93,350,345.0378412193135,350.7327476921229,351.33920230800175,347.4665
93,285,296.62993910274776,301.6588892262422,304.5984820877847,295.90326
93,200,204.76524584090984,207.43988350522602,195.9093395767718,201.09909
93,290,285.896495400748,302.1877852702852,296.6201451646236,290.16583
93,340,359.20245081962304,355.13517367708533,358.05974681492495,360.57657
93,290,282.0032472311418,280.82190725940734,283.193450432627,275.95706
93,280,274.7510420681172,296.1167433029933,280.52501348573503,286.3371
93,325,284.19461313897864,349.48219905094885,347.4189869370682,359.4625
93,260,260.4325134231618,276.072244075369,260.6710626558248,274.89905
93,295,295.6156468537953,285.6349514374515,298.9256521207485,279.2362
93,255,261.57774905019244,264.09300267814973,249.37852586331854,264.98615
93,330,345.46156970744414,341.47357334114696,342.5639585485376,326.30768
93,385,368.2538263784692,366.60392676767685,368.6815701732554,378.7847
93,300,294.5825127221966,311.15039578068985,315.4499958562384,300.88513
93,320,326.91398921153325,330.4034377659379,339.12153307355794,324.57367
93,365,372.29398488218294,366.5123857623859,360.8274155859026,371.20715
93,385,372.4519400397828,351.228440505573,360.9129615881051,383.33795
93,170,167.923345323006,176.3442165242165,178.13060966918243,170.85956
93,230,229.29417138846318,242.83557326932316,224.46279226220236,222.86609
93,200,205.78526174025652,204.2013579853383,206.75708821333183,200.42027
93,305,307.2324814899978,307.43269615324766,317.33293576139954,301.1008
93,190,186.14798191753206,197.15598193473198,205.47846217332545,187.72371
93,250,254.6826686289492,253.70807354682364,258.5287841570132,257.66837
93,360,353.6370460834497,342.97370533061707,344.62162679140715,355.2524
93,375,373.1184411137459,356.0505341283959,371.0429618494555,372.10742
93,160,173.68074254070072,183.0401182151183,70.73437497976332,169.08463
93,370,369.41732190227566,356.74426919077655,355.2933738776238,375.2119
93,170,186.11771192801592,204.6048663931385,175.966896736873,175.65065
93,375,349.15668707147586,332.8212160232556,362.525661794488,358.3747
93,225,232.76001606204903,236.09379612081815,231.02103850212083,242.85538
93,270,269.9935121697227,271.1756533744034,274.5186516282215,267.006
93,245,252.3250782190444,263.4086687155436,243.92693013093242,263.16144
93,170,171.00025020694832,191.81565173252676,185.07382638636057,170.47588
93,370,375.9201284449797,359.98103082869125,363.8544034698688,375.10785
93,350,341.59334626901483,339.8875331281348,338.7059172772535,342.4986
93,360,360.051817796222,349.853389547544,375.28102485996027,356.074
93,180,177.0589315951844,175.046129056129,180.63550713660743,173.68884
93,255,259.91726001737527,264.4349017186519,247.95097286908546,261.56943
93,190,183.5190641947882,192.52408568827687,196.2927971156875,190.46194
93,395,373.8541135043025,373.206255781256,364.31992163942874,390.55856
93,340,340.57635280702556,340.02409016909036,350.01423100101107,340.30536
93,380,360.12757235180004,350.55072258423274,358.6024982422597,365.7495
93,390,369.2582889637025,375.4169062419062,368.4236893865316,395.65146
93,215,216.11801207163862,217.2524095580347,219.00318821799584,214.5901
93,220,221.41124683199797,223.51300014527965,215.49570963997553,224.16675
93,400,402.9155003632518,371.7327990296742,387.38444532801117,398.41263
93,225,222.43424806104187,222.6124019669415,224.39883186851165,223.67427
93,260,259.7404301445189,270.2913340281724,260.25455003646266,268.03772
93,190,189.63986238003997,196.91104717586333,190.85866318579292,195.61218
93,325,296.8148815040821,290.09758479945975,361.2257743184793,311.3365
93,185,191.42060927691676,199.9379629800026,184.86209613843863,185.82927
93,360,366.7959715597819,358.89007915695424,355.26174304109213,362.808
93,265,268.82618896704224,261.48036112036107,271.11500198195733,251.88391
93,285,278.80495295058654,294.1522115833514,289.69037532908845,293.02118
93,315,333.7299010286397,337.520993936619,343.118261886842,336.47485
93,310,306.3222241778685,311.38969553544433,302.7045173759695,301.26932
93,310,319.6712072912917,338.25795216357733,325.91573232490526,319.18542
93,310,337.1814330287848,326.97101916959895,343.5395117034293,344.51932
93,250,254.6182735219509,253.48915010915016,250.09578190366534,239.76762
93,315,282.56485829985485,331.41191965441976,335.3252893868544,334.73837
93,170,171.00020435418037,173.29059903059888,184.48256041593862,170.7151
93,345,351.24894760761265,337.9235915214958,346.3860641316142,334.92126
93,330,332.24448587178443,335.84378030466263,347.1514445484352,334.83005
93,165,170.39910396171092,180.95069978632483,163.35043701446585,170.6807
93,195,197.1667384308223,201.75305637037252,205.9763134147258,200.30522
93,265,267.24128478096117,271.49001299626303,269.9307815448038,269.5313
93,335,343.4032461571762,339.44616290436153,343.6445308970503,336.3969
93,235,240.52767844884409,240.4042790080289,232.95133195771305,234.57483
93,265,269.75903354317404,263.63036084286097,274.9049883214857,262.81448
93,205,205.58602344291106,222.09478782791285,200.66902097512514,202.3685
93,205,225.16162352185722,223.5415559821443,207.32836160136748,269.76645
93,300,301.26045211626774,303.750730743428,301.43727386328646,297.48965
93,270,271.47519775002957,274.8774455800189,268.38879391374564,270.58185
93,210,210.51883951949233,211.2199413354677,199.88132028024478,204.28621
93,215,215.70372940887157,217.70604267400128,209.87655897791896,217.62389
93,255,251.9126335934614,255.14768231768238,257.2495401962679,257.75385
93,215,216.0939543748658,213.84329886244353,218.01956115746464,216.53465
93,310,295.4064449244521,286.450067282935,299.43364580365284,280.04764
93,390,372.8804253439679,371.3212254181004,376.25919569639086,371.10608
93,210,213.44243410267438,215.18692048448628,195.6440535038551,209.89789
94,165,175.0005362906034,179.2391435313052,178.33713706398456,168.62688
94,400,402.41620933326857,363.84834305971816,388.9666846705695,386.3968
94,215,213.4557760832285,217.77356779331797,218.43577709173275,213.0625
94,385,376.72022391459956,378.5938732729692,367.14128253920614,379.0486
94,185,180.39218459708894,195.43739910089897,188.5043034517481,185.09427
94,270,265.7836516190003,273.7986882561882,267.6839190054607,264.95258
94,305,300.71801998348036,299.24213672438657,310.3044881504537,299.36826
94,170,178.07761191869832,180.91310274366148,179.35865534855122,166.69208
94,265,266.87773040637336,272.3074863200526,249.41366646803777,270.93552
94,350,357.40184264785427,341.42317754141294,358.53025449955544,343.61752
94,375,360.95626825242454,357.12352990065506,339.15297983430406,371.37927
94,170,174.4873544391657,185.16213303036847,165.889304054529,170.15585
94,260,259.299513742624,269.83819996669985,258.2642930896175,263.34497
94,180,174.85792895074024,187.5275255855256,177.9276361691697,178.56442
94,260,265.1888039284598,268.44614378676886,263.6937689206576,268.38263
94,215,213.37274416366694,215.3851239871242,221.95890477339708,212.22488
94,230,228.8168060322377,229.46325618825622,228.56493139929484,219.18108
94,260,264.8059079986086,275.264177628744,265.8435618524356,279.7532
94,165,158.94246663772242,175.3531204457307,166.5705221949902,168.30939
94,370,371.1904220018875,365.84371294722666,364.4557688136831,378.83212
94,215,211.62385832538388,218.2225611420743,210.14717182484685,220.46371
94,210,196.77762211883538,208.63459983072482,206.68730980926915,201.20923
94,325,286.85327099769887,343.17873572918313,350.2516812188919,362.8444
94,375,366.49728765514845,357.88209194318756,373.2899454205719,376.6421
94,400,396.5500044998749,339.6216026196028,376.34300348523374,334.23828
94,260,259.86357770815874,258.56745084653926,257.2729943568942,245.67026
94,250,248.0696618035933,249.55108535908522,260.2716567729474,235.49823
94,255,251.84413802909097,265.35436805433136,242.657105858843,261.00354
94,375,396.3737226662192,363.8585697701424,394.24344568669426,387.00082
94,235,227.00807531831964,243.02542352968683,238.43090601322763,235.44354
94,335,340.99517655720894,333.47258252858273,339.5659213492953,343.5145
94,345,354.784754534515,342.25759376734385,349.487286471267,345.42908
94,170,177.0927439536893,180.81732129961537,182.18160926831382,166.95744
94,285,278.2062210830596,277.7563322233324,296.1637085326807,272.75797
94,275,253.66129361715696,282.27885774519615,258.9201680246395,266.41165
94,245,244.0729353259191,244.938608807859,239.66642790576475,236.27827
94,345,350.1686893147058,341.55093234543244,349.0692757510586,338.49387
94,180,171.39101805805797,179.8753097637655,168.89248246451194,172.94473
94,290,287.41507595681134,288.14117314711444,298.8170472085385,288.12665
94,400,400.75320166145224,379.307594565565,377.9517303336164,401.20068
94,400,404.8789180049619,374.6322910627387,381.6190097953912,396.48657
94,350,342.5137459342299,348.6273706571207,350.10806938704104,340.88733
94,220,220.07855561647324,226.9129727217229,220.638523708316,226.54626
94,220,213.9606828757881,220.17326998388626,208.35929013787603,219.7441
94,225,217.46569279678084,224.83276079476084,225.3948528546557,218.39682
94,305,317.78178191948217,323.79221378539734,312.7286578250256,315.2729
94,400,393.790763688616,376.0453244745453,378.26222479834945,398.6833
94,195,187.9975270889026,203.18883185910252,181.4623157587107,200.25514
94,310,304.09142411757495,301.63456630787545,314.46833151837563,303.04352
94,325,326.0994871301115,325.9050379334716,322.95656171401424,319.08582
94,340,346.05622015270313,341.4231935205316,347.30931127693594,339.8783
94,255,255.5614168062461,265.08850142096475,246.39787480947996,268.86746
94,295,278.7786863306124,280.53405878108805,287.05806629159406,281.30844
94,375,370.21869548227704,369.88959385059366,352.13724409822856,379.15353
94,195,181.31350482265742,198.76132139102734,193.4751126052808,186.33249
94,240,235.588358703957,241.84669527694538,222.25465553619483,242.87186
94,310,313.5416105270363,319.71228549228556,328.88848296781805,322.81683
94,380,381.7343839337015,366.22375157685434,364.7626682370293,373.22726
94,335,354.11798991966924,352.9924104506604,346.0647376392269,336.87985
94,285,286.2349383125991,287.6256510925434,290.96990717288315,288.5922
94,165,181.78748444891778,170.39295940089315,170.44745470373525,166.88837
94,290,281.50144788747224,295.2340583952081,279.7656846880777,297.1405
94,340,350.7754706665092,346.8755006243756,349.51204159978215,350.38168
94,285,283.4181926015328,288.7898623598624,290.94440446242476,284.8887
94,315,320.69067075422964,325.20481071706047,316.9314559952609,319.01797
94,355,363.73697334032454,344.4000747644169,362.29606971905,356.92593
94,210,215.91760282843285,220.7015027750029,193.53700397854044,212.24986
94,380,379.87879672340154,370.8373566075736,368.3432008412976,380.5748
94,265,269.3259405562258,281.1596418989507,270.605708760859,273.9396
94,335,347.2279273024897,339.6036216797908,342.0474443738473,335.43454
94,175,174.7487329871791,172.92257564820807,175.43766164024376,171.03668
94,185,190.96069581016246,202.16368674789268,211.27885694815475,191.80139
94,260,262.06175456562147,272.2601371553284,265.5919254455188,267.8178
94,285,285.48105120272845,293.9370071127704,287.7959996749631,294.32538
94,330,338.44929801429765,333.80194537407044,335.56136679732197,332.96564
94,205,208.7120637203313,215.36628765189084,191.03142644979823,207.54752
94,370,380.6457936476983,361.28526473526495,372.57933776076436,365.6626
94,355,353.85908078695473,348.8684767675136,356.8060880808255,345.64066
94,295,293.74602819519276,297.95505072705043,297.7122690856573,287.4118
94,190,193.42973026073997,198.67769315058862,186.23284562437718,198.45317
94,255,251.83610207767396,264.74119751163875,257.17322704172057,273.62222
94,315,285.0924636673642,333.8320269583359,338.8572208474348,331.58673
94,250,252.74771436821123,255.60111061161052,262.2570169455207,241.15665
94,270,272.85134058874536,273.3006648074149,271.5160503864159,274.14502
94,190,190.61959319833153,197.08899663000403,184.55089848778704,193.01833
94,355,353.07642186760785,345.11471072065194,353.38715955267594,354.26752
94,360,358.58172528214544,348.9709983072481,358.6993740176867,357.46005
94,385,375.22401504052476,354.8073265770179,362.8691838451382,383.02994
94,320,329.9557250831079,333.13175644548073,334.4744577754733,327.10327
94,400,402.3745693018115,361.55122784160284,392.79305615827093,393.83286
94,195,201.34056958944274,202.29808047160114,188.11653601681365,198.69899
94,320,317.37064182378987,326.9773896250809,320.2398940156934,328.49533
94,235,234.16909845766037,246.28797277722282,222.12843125028493,241.01408
94,205,203.65094732708945,208.94252955377965,205.3923144797502,205.97502
94,250,250.14535746125074,250.30020607170596,258.6602613931879,240.17255
94,230,220.59421924923396,245.20803641679976,226.84923154147467,224.01166
94,325,298.8054914164658,285.5589325535578,363.50039614427004,318.52625
94,190,186.6638385304687,202.99520248134235,206.91112806600998,187.0505
95,315,323.14931561782834,324.29107406482404,336.2792555330019,321.76627
95,375,367.0686455461725,368.35876468225695,353.8216622550332,380.21494
95,280,277.3148906270041,284.069940312955,276.84096557147353,287.2915
95,330,321.39534689494286,333.22806450511695,334.0049594327894,333.22006
95,190,193.69560247908265,207.4379863886114,193.53967343499096,188.49792
95,355,352.559207819773,351.02902999777996,357.3237305794488,346.7511
95,265,265.6706590952543,270.21370528827055,252.38838055108948,270.12146
95,220,218.98841441478038,223.7653179908326,218.79901922105174,222.23195
95,215,215.11708326837817,218.93428469406408,222.32067164064387,214.40984
95,320,321.48506861685763,318.88906207681214,323.8531888858498,319.36847
95,370,359.020345023223,359.46043553668534,343.95662685044516,365.67303
95,370,369.4621140140295,366.6659565313914,368.2084646874697,372.2893
95,300,304.6778520907188,298.7923151440063,311.1404352365519,290.6788
95,215,208.06240787583448,216.22277597402604,205.51806789559987,213.71367
95,200,206.80200022061666,216.82521381396384,208.5030786219541,206.21954
95,230,229.02434960597742,241.08280615218118,222.23160843076195,234.04906
95,240,243.35500529787288,255.06531225718726,233.26480876668396,239.61629
95,390,359.7505300665675,350.9706347818847,358.2245420490435,369.619
95,180,175.2900633147458,178.60882964257962,176.86029922714783,174.30411
95,240,246.60862460872528,249.50075453531971,238.88983137621537,241.18431
95,210,199.93807816267457,216.09067141192142,188.85404604856006,202.87526
95,250,253.34463936128742,252.28023230713393,264.50930577423514,245.35817
95,310,297.09606492261463,288.350781949532,299.970915315213,284.36203
95,160,161.3896785675875,176.42374209124213,52.64218429167505,165.2571
95,290,275.99451814532694,297.3220202020202,274.6479693124242,298.48822
95,375,360.0316072858739,358.13571926865416,348.79710359754444,374.17697
95,300,292.574371078115,283.80613998338265,298.68650766835236,283.71054
95,170,182.85385065369923,200.84741050616051,173.1444154326784,169.88632
95,185,177.9088214292762,196.50018939393937,187.60533038964888,184.76964
95,190,194.46121936574087,192.61880237817735,202.41871796073363,183.40382
95,180,195.1913735941564,190.54251061438555,151.57293346175106,179.82948
95,240,237.06413035716076,247.31438308282878,234.8007550688211,246.96117
95,375,397.29854023955176,366.36006049506045,391.839652879811,389.57642
95,390,361.3282052230109,353.53455171639956,368.7579118208784,373.22742
95,305,308.0869151348755,301.58596681096674,312.2087233079817,308.0096
95,270,271.6033361369945,269.5430608040297,276.1052254289004,273.60556
95,290,292.5547950999001,296.6164707514707,285.1926539739924,295.79178
95,305,304.0544217585306,306.1334527563939,312.91485870220765,298.1181
95,270,276.0863575270319,278.18470795408297,279.56333191661923,271.3596
95,220,216.57530279683357,225.68883920817748,215.89478151101756,221.27272
95,255,255.70305192215864,253.65624398749398,259.60650146788606,254.70291
95,250,253.71830856219566,261.72600732600733,251.49493014666643,250.64896
95,375,378.0650232204493,356.994709632095,367.4830294050405,369.99045
95,195,198.44345878224095,195.90215888278385,209.43507931420027,194.60008
95,320,279.6445618807923,219.397638056388,289.56636413877857,205.03003
95,195,189.33885631345487,196.77162136474632,203.29169278683037,194.30336
95,250,251.09739026970948,257.77403438065204,246.3346682723337,247.02954
95,170,178.6987560396309,177.3811474636475,163.56249060219153,173.41302
95,340,339.95137364901024,333.8139789256638,356.55328618524265,338.44547
95,175,175.99987861370886,184.022036019536,174.38347042719886,175.31104
95,385,376.80815295576457,370.12838115428633,367.66671221343313,372.76672
95,340,343.12429686971694,334.94756826506824,348.04128753404643,341.04028
95,325,331.3973108116448,317.7704871517371,332.5502906105038,321.4707
95,295,293.5314252058411,296.9363778623338,296.915083970501,296.67102
95,270,271.86112607556873,278.47418152023414,270.69924744483353,272.11243
95,190,186.05476879436213,195.0832573676323,197.6526104522811,189.00237
95,380,369.0918083693131,351.28252109002113,371.5309279214152,370.19406
95,340,341.67336296589104,339.79999255729354,346.60571680195676,343.16702
95,220,219.4805895499066,229.89853549228556,217.080064294867,228.13976
95,300,286.6823970257114,289.97137806637807,295.58332648234,294.96548
95,255,260.33102801060437,269.5115205069516,249.95169956547224,266.8665
95,275,273.60054609035154,282.7643366355867,272.82202136451133,289.80402
95,350,358.15965683728,352.014673709522,350.86434962933106,355.35983
95,270,272.94245485955065,278.0365340288366,270.9488423693943,266.39557
95,340,353.40081745892127,343.5632649295149,351.55897662220247,345.2309
95,215,214.1605194565597,217.01911670845493,215.26070660647065,218.63493
95,265,267.7831201673228,260.54469946719956,269.1460522177111,256.374
95,305,310.74444830824115,316.5280515498995,314.58953159405235,313.03888
95,190,191.30457411861488,200.30044053169058,188.5842289685626,193.55594
95,180,185.5209527588117,205.8163847263847,185.95490998505232,189.58983
95,215,214.30897169178485,213.48104131979125,218.40306161109342,214.97992
95,400,402.3212551475221,381.20960261960266,392.10096732408385,396.85458
95,375,367.48401929337564,345.07455391830393,368.02133353259774,368.80316
95,200,206.15736770254995,207.05122372725305,208.19637769349487,201.98682
95,165,183.17630193828722,176.29292748917757,175.3879642741221,183.14288
95,385,372.9731701097268,374.9822072372072,364.55534609924666,376.93958
95,290,288.50796869028096,287.75831376956387,288.92652735218,281.9389
95,400,401.30565544703785,371.95654817404807,391.68869276200076,392.42468
95,295,291.07789368200844,289.6740350444762,290.51362101771343,286.5827
95,235,239.27856493927442,246.63144681707183,229.5478409813885,236.94316
95,235,231.19920249054422,241.606000395803,235.53333918308522,236.74474
95,350,354.2414890602624,355.0681637685985,360.02361229182003,350.5445
95,315,315.2529134105292,320.2382592407592,317.54860597402484,318.0343
95,335,350.5902798112434,333.88766282346523,345.9897444641436,336.1592
95,180,172.69012938221323,186.10733571983565,175.71857124755613,180.65726
95,370,378.32420202894394,361.87827908202894,377.78336866383074,372.76276
95,345,346.97101764093014,349.86361942405426,352.39764484679216,348.6921
95,275,277.87839217805123,277.5489025095275,273.4523990077131,275.25177
95,360,358.42387101689957,346.593373870961,362.63387914031387,346.73834
95,195,189.07260836973438,204.1442643467644,183.6227280965325,197.54086
95,210,203.35752883337597,214.97508810633812,195.78875682725993,201.13258
95,310,295.27929642033183,306.9268896381395,295.35772925609865,326.01294
95,395,395.3695427328982,367.5747566066974,369.9918518787792,381.91168
95,320,324.98440080518793,322.51746087246084,337.76325725366246,321.39102
95,385,368.8531197514014,355.8798686346034,363.40360242499025,371.45514
95,260,261.2992954229762,267.07615103696634,262.36267355594356,263.0087
95,350,352.8220023265165,343.4575888341026,350.99924908969854,356.13232
95,400,412.1444677521395,371.8662019924521,393.74415469637387,399.83282
96,170,172.50004264949507,187.80252073335166,190.77249659522877,170.67406
96,245,243.30496927587717,245.83626758617206,238.86590346359117,241.71556
96,280,275.97710139025935,275.8416528055278,284.84877339170305,266.45523
96,330,330.67452368410045,329.1228718642469,341.0878337441118,322.10928
96,235,238.2452380061402,246.60060814349052,231.9772293676795,234.88658
96,255,254.82501199177727,256.18878903041394,258.2234888020687,266.4615
96,400,406.64975029930054,383.52856092600217,394.65989889382286,392.19415
96,265,266.2595997790876,264.15682689695944,258.7886515447318,265.34634
96,380,364.9904130353034,351.8847550464241,362.81705253668025,367.9689
96,335,346.4111607040815,341.3033356782106,338.3773130283036,324.58517
96,280,277.8590137589148,293.6039451798201,283.1208345346685,289.18448
96,395,420.6012997758085,233.04419982223652,431.7951699770787,258.48605
96,360,357.05074849638265,344.1538517169108,360.62491531896933,351.95993
96,335,350.111151905592,348.4084887254558,360.7135109029016,339.67267
96,205,204.37995294077996,211.30775892571467,218.71287099475674,206.20383
96,395,382.3877002482924,369.6377983070851,370.13535560619823,392.15503
96,380,381.6900022308171,367.7347260973031,364.5707743801129,376.77344
96,335,340.117101487429,327.5838580577916,347.8669167409717,338.15207
96,170,172.49965819086017,173.10212226417391,179.1559158322218,170.32231
96,260,260.1526015097779,276.2505879259628,264.71102921708933,275.25693
96,230,219.0586308709988,224.51598750759058,219.3865446833598,221.09915
96,245,236.73062015117432,244.84956581082307,231.20020535104163,235.99416
96,385,366.1657936181402,365.88052374014876,367.31720755168493,371.8751
96,190,189.4341152258387,202.1252353316619,204.10967439979754,188.71336
96,310,297.1021473150314,308.7094388666889,306.8602595627966,328.59262
96,345,350.0509289732328,346.71330192030206,352.3915744512046,344.7146
96,175,184.3975147813951,192.80128743968453,178.5539413659011,182.70973
96,350,343.9866950446247,344.42581472693956,353.2171331105355,355.49908
96,275,271.30680921565533,282.6012178083353,269.962691577959,286.56277
96,260,261.08248059140794,267.3372491813743,266.0638017684833,260.44498
96,175,184.3975147813951,192.80128743968453,178.5539413659011,182.70973
96,240,243.19710409714526,253.1512134687208,248.01775210935875,257.5697
96,205,207.052702312017,216.74720328282834,194.04909075105326,206.76399
96,300,288.75130329221304,281.7012483994762,290.476379244279,277.56784
96,315,326.2990864205873,321.1560068028378,318.0368327618867,311.40848
96,305,309.2185317761973,320.2596650155398,313.4865708589563,311.67026
96,310,311.3124583594555,322.94255438515705,325.65639038301146,321.98984
96,230,228.56432633686154,231.42464163614187,225.41849265514696,221.63257
96,235,234.0476066503128,247.82697950823672,225.26449558349495,247.27974
96,375,373.4711206119903,360.7006422882673,371.6998347964427,373.0615
96,220,220.28964722424814,227.18432894882898,215.36958915702658,226.13362
96,300,289.6463682493146,300.35642113442094,294.8167445500579,296.37024
96,315,315.5825551696264,323.3909195942946,330.75386171493534,319.0869
96,305,300.7544296816811,301.9440305389054,304.5103200738095,304.98788
96,375,371.67376349287883,378.88905274872167,371.2408813102968,387.3881
96,300,293.11405266200416,288.6721060695837,288.43409736669,288.49796
96,325,314.69501729089836,347.11960152266045,339.20590342360754,348.49863
96,345,352.32288498392484,342.94709917859933,349.685775601174,346.07608
96,170,176.0243949718668,175.84405375180367,172.17695621470972,169.16585
96,270,269.2070635547667,271.00102206127207,260.15847581777155,269.20584
96,185,181.89788691953765,188.95493830189426,184.746133380672,193.9708
96,210,201.4009020680778,209.2761410166631,195.44659980234763,185.24301
96,235,238.8532014470967,246.1637659872806,232.74958845396586,241.09413
96,165,181.61473387236236,176.7694565712067,176.69127680992113,173.12389
96,165,162.40722743693502,172.0697579699714,159.4879896109765,165.25961
96,305,302.00512832405724,298.2185459140533,304.51249098230755,297.6019
96,320,317.5695871240912,317.4512732430968,328.7522708351259,314.43152
96,180,172.5545948673635,176.0383213959245,182.33293471581192,172.76463
96,270,271.0307762859662,271.6843342441871,277.55814060010687,274.66022
96,205,219.97261411198588,223.79552195246276,197.33913373594328,209.01657
96,295,290.92522544671533,290.82805945443437,292.19541610470577,288.66208
96,360,351.4957840509129,342.7514874153624,353.1580339802254,356.2781
96,330,342.61503851684085,338.23476563958906,351.5203666589312,330.18323
96,210,201.6922649748335,211.03716901154408,196.10699389977418,197.4123
96,245,243.96631720109843,247.09068617656854,244.97951840013903,243.52298
96,400,402.07119169430075,374.74389653157306,382.03917802552587,395.2945
96,375,360.37999901476087,365.84586686924195,376.27813871128933,380.12192
96,320,325.730230793738,327.69679080233504,334.7971582983288,316.4966
96,255,253.00254483793816,267.9752831751581,252.79756564095607,266.37576
96,305,306.31216957599594,302.5144606178135,319.47563154638317,299.1555
96,280,272.415882271254,288.5024974698505,278.4100151721032,278.23306
96,365,350.1071364781882,342.5671489898988,350.36763415446063,360.56824
96,215,213.0937803743161,218.0932622655123,211.90752267889138,219.0758
96,390,382.1282151432001,351.8628114858997,382.1110441027098,380.5962
96,195,191.8632399412122,198.12450273337765,199.04000968375556,194.91527
96,295,297.58991348613074,298.0682787678009,308.2523428471383,293.60355
96,290,289.1671250672357,286.81277128427126,287.3180128636904,281.04196
96,185,184.37810316122489,193.3281467601026,185.25022726167754,192.05118
96,220,225.65174446546303,232.6825435397936,221.6366720413257,224.88193
96,215,216.44590520625047,219.78719756361627,222.21050770260655,201.76723
96,365,361.4830786496219,352.65904285991803,362.097933813359,353.41193
96,300,297.2313341176241,307.46538339356715,316.4494426500852,304.26324
96,270,271.8878135862918,273.1023102591854,270.07419389041945,272.47495
96,200,205.5618927309988,218.000308182014,205.50722934947547,205.00543
96,295,300.8772240615923,303.3802824397823,305.9422655571982,302.86398
96,385,369.20497751051664,343.90876588689054,361.6419651648447,366.0818
96,370,355.5141039501448,360.05854935342416,344.6612571404453,367.65414
96,195,191.31994634675584,195.65720038295038,199.39667587339696,198.56058
96,230,230.73447747722946,235.98973433510938,223.7355099042519,228.60103
96,160,160.8006768301571,176.37930610239442,51.66376247326852,161.14667
96,370,363.1146811600399,353.0102324064822,346.9760002215017,372.5598
96,255,263.58211098278514,265.4259482184483,246.49153667944879,260.28268
96,375,367.14600762281805,368.71160909515345,354.894807453676,381.00385
96,195,193.75851841268263,198.1082094572094,196.85272815023978,191.60799
96,210,214.3679542673658,220.4698224969475,197.23576872712965,212.27184
96,380,384.1403455899179,361.4819053453425,372.32840134445723,372.5983
96,340,351.8329076095526,337.5993621925462,352.5251329071485,347.41766
96,335,348.36747914936245,339.7982915654608,345.042977543883,332.5934
97,280,288.39213874903874,293.8998907971114,290.1338361259622,291.22186
97,260,260.2812673142626,268.8989571539571,259.48292956719865,261.31516
97,385,366.8650773528243,366.616143845834,367.6054740003032,370.87106
97,395,385.34085245910336,374.04093140760165,370.04915763871975,386.9617
97,285,291.740365602795,293.0350758914289,302.2129474526678,289.0077
97,190,192.55207103818543,203.98642169290133,190.35193101244425,187.87221
97,260,262.5453868722317,261.8485221608456,260.0786030509295,249.61485
97,225,226.67081766093634,230.09305612198273,227.70899296841066,221.23735
97,315,322.9480634254661,326.34150141164287,318.885556901655,319.14926
97,220,221.86492936103946,227.42798573403715,211.39138171807724,224.93634
97,225,219.5039905368535,230.16224547021625,221.70791334757484,223.71378
97,225,217.6607424573044,227.49013556399743,213.40886474286094,218.94307
97,400,418.680167373409,374.3380774364525,386.29356096196364,402.52243
97,315,315.0723659672732,322.4589284188035,333.219396484359,316.46555
97,200,206.85797463255352,210.94980490343002,195.42030667846177,201.13412
97,365,354.5241758025765,351.4054309165207,349.8198674549769,361.6569
97,295,295.07383275137346,291.9326061299813,304.56667927381324,291.69193
97,175,187.0567080145256,179.34294265456748,175.60153220215673,177.49205
97,200,200.1803653824483,222.99329548229562,187.37001965255797,201.56253
97,225,228.29163524262736,244.2056178127427,212.78071403114546,235.76814
97,305,305.10612141352084,308.05548502233063,312.57359527575284,307.59875
97,290,279.341294446433,289.1127987061956,282.37959643202737,287.16177
97,330,323.29222950549314,339.17058632054255,340.86132702042386,338.63425
97,260,258.72931874220717,267.4747379122424,264.48116472952387,257.34268
97,365,357.00940236498576,349.2080254518876,350.48285309859733,361.4272
97,280,275.47005302998394,295.5624725135974,281.37713073859874,288.5773
97,230,222.38096511975652,238.86581318518085,227.81979538171916,225.08878
97,345,337.91192033246404,322.4547952186701,352.1711969685192,351.3268
97,255,262.1509548835862,262.17478335553324,246.7450590855796,263.48212
97,205,210.72670394444557,226.2435358530359,193.6552589637127,218.9321
97,215,217.63066918418687,227.98831655436084,218.1723965203591,226.32271
97,350,359.295675078789,346.1353668276166,355.21139320949754,351.8595
97,335,342.93777961556106,328.48819086731123,351.1474168648626,346.7972
97,285,287.9595580034157,284.60963482595844,295.96479696215,274.3287
97,180,172.80214263751068,186.64824216061714,176.1451050234894,178.16313
97,295,291.8082410027506,293.4651978462715,291.9114463802903,283.49133
97,285,291.82154613323905,297.9713651792394,284.2903325540482,294.5758
97,310,318.29967884084533,337.4861730165259,327.08331309847154,320.76657
97,320,281.4830831532047,221.29844126706627,300.3331564067623,192.85243
97,235,238.30014286679247,247.00516969141975,226.70669362995784,239.63708
97,400,413.8652669522076,368.98430392646594,380.5419380846181,392.4264
97,265,256.9980585993019,260.56274988899975,263.3041443519799,258.05453
97,260,260.09445831298774,265.5137146187144,253.07691196952945,270.33087
97,385,367.28543549411665,357.1049534958503,360.0450870626293,379.90518
97,250,249.98286271342647,252.05505094252163,263.53085338279135,248.14525
97,240,243.2049788092461,250.21097344812048,237.6012738413263,240.18706
97,230,227.49493708182456,237.53465879708534,222.86734707149066,229.38347
97,180,179.27412493824878,206.06193816559266,130.8851317184452,176.77472
97,370,369.45106860669944,361.5494160488204,365.1883260413689,368.05228
97,170,172.89916880795084,179.95418534243532,166.70386060792367,172.09706
97,285,282.20600963243925,280.85805804652875,293.35544349872583,274.9497
97,345,340.152310653677,343.35485654623153,342.924991142104,346.00568
97,355,364.3069308128926,351.3559294594297,356.77855069031455,355.54068
97,340,354.88288645096594,352.5754818514817,356.2936795184786,361.26038
97,355,356.48966264458306,350.41448301698296,357.6707030021352,350.24088
97,180,181.51579535197624,188.84767378618113,201.27404631437318,181.6131
97,170,177.2956890168881,174.54309246472482,187.97527610925346,178.30623
97,375,374.8948557322652,371.27507865745366,369.6164898677013,380.8731
97,295,305.7027125120062,306.35256147039246,306.5502859136355,303.21207
97,170,177.2956890168881,174.54309246472482,187.97527610925346,178.30623
97,240,252.30945713989883,258.0080416250415,245.0169854879967,249.69997
97,190,192.08030312699634,197.22405626829314,190.3235043094609,194.07008
97,335,348.61688026287584,339.95925632043424,342.8065260670704,342.71924
97,250,245.55799586621805,251.88576727439232,247.3295812933454,246.20546
97,375,368.66895700987607,364.9914860401038,367.90722776601274,383.71667
97,240,236.12117903952287,247.4185650738152,222.5825507881412,239.88013
97,395,393.0938573116869,376.3410667257577,380.3473821764949,394.54105
97,305,296.40153884627074,303.4987957924428,299.95866291965217,296.53055
97,220,221.50713885310958,228.08074161785916,219.07539685846078,227.08272
97,205,206.12314495077158,215.55243126318103,204.28935030763375,205.81355
97,190,191.32351575330807,196.8169581980626,185.33977188164172,195.239
97,340,358.0303125132516,348.9279946719949,364.3011849091288,354.14664
97,200,203.46996971058712,207.4111715419082,195.1618711784282,201.55933
97,165,153.4869254404877,172.18986238761246,162.7818752260842,165.18349
97,240,240.24727648068762,252.8303943768649,232.11799228015605,238.8577
97,270,270.8427291002525,271.5308275115408,280.9876293141084,271.08856
97,365,364.0886610277341,352.92550008325014,363.4470164775911,360.10812
97,195,191.60263029331264,196.24357334332322,196.29366696835586,196.56711
97,315,312.68184451282616,321.55378360528346,342.17996082195924,316.4192
97,305,309.09471099228597,318.5296449473731,317.53168339432483,306.71512
97,385,375.7284463942982,373.4360873570873,366.48400423219425,374.58478
97,175,200.8581238669802,245.38624833499833,209.62414484516415,205.68057
97,340,346.11958230112134,346.2781932650682,357.7510647086478,338.17224
97,390,382.2135179920192,355.2479511738261,376.35459622470796,384.60965
97,400,414.12924028912107,326.9221299980979,374.18893585689455,350.0184
97,310,303.83681784799313,300.1593287421642,312.9182155025558,307.28583
97,315,308.2505682812053,314.40594223342026,323.1031395184159,309.65683
97,395,409.6547368755128,374.3186059512383,380.2524907448652,396.78336
97,355,351.874676234941,352.0385735930738,364.7438110318683,351.85324
97,375,376.4118142532047,367.44895269926144,370.05966304963033,375.9806
97,245,235.45252885568124,246.40638847263867,228.02594300549288,235.9756
97,340,345.2974683550103,340.2990021783772,348.53412268405117,341.74466
97,230,227.69325166092148,236.05338637119672,221.54923061208257,229.51236
97,235,239.78598008217662,246.99103785593482,229.84936729172682,234.38713
97,310,324.1055094937062,325.51641533956246,337.64047360698754,310.11584
97,270,269.6475655675721,272.91917804417807,277.1165060501167,269.67657
97,280,274.37567905890677,277.51097144358926,283.28567722681606,278.11096
97,205,205.79911710193002,213.84597105019176,217.5818041766324,205.09343
98,335,335.6465213006836,334.87259012113606,347.59888383034297,341.64355
98,210,205.689831404411,228.66664557664546,197.1490632435296,211.16493
98,200,198.39410987880882,205.18235575535564,205.02275905564102,200.2856
98,295,304.6569007823816,302.1417439276411,306.39962148214573,307.45325
98,185,192.99938092609284,203.76038700188695,213.06331587052694,191.74632
98,240,236.3010654448815,247.710519575196,237.9837121011921,237.13576
98,400,400.84673210477627,380.87242872731866,392.89951674864807,391.57843
98,355,369.8641117772355,343.91687977382077,358.61655269516365,356.42957
98,270,270.81395295481974,277.8516661892887,270.37272010781766,271.69266
98,170,172.49989165648145,187.82924075352753,201.6940250052133,170.70374
98,210,214.149260899593,211.6997004800756,211.73954491987553,203.77719
98,205,208.65065042884424,227.80788877788865,195.64636181621552,225.81265
98,310,307.6539687449884,310.58544659670395,311.8734117686177,301.95825
98,340,355.9518934687616,351.4071805792246,350.3779815226503,354.95172
98,285,286.3937477974254,287.42962608577363,293.3889530763234,289.14536
98,240,240.27247015706615,250.88251933034286,237.72325542004415,245.0981
98,395,371.4132392198688,361.21865500594186,363.6345769083813,368.62906
98,345,355.0335113887772,342.6662501991044,349.7425391068823,341.50992
98,170,172.50020615287897,175.07108720446226,183.66928154231906,171.42903
98,390,373.4937166912846,367.9482614052614,355.4628555695658,372.43637
98,280,279.0906983168498,287.98131234043734,277.54360696760665,285.6885
98,235,234.32862837435943,246.70047448384977,223.51126598012496,247.44043
98,200,206.23622322000773,216.89920942945935,208.60088161807786,202.91481
98,265,282.3465242747006,279.615670044266,284.32779774819363,278.38043
98,315,304.50835444201954,312.508682606609,317.67543952234075,300.71432
98,315,316.27860255937446,332.28093845043844,324.5722219004013,326.8047
98,280,279.744647574176,284.5974326000798,283.0366781968861,289.1437
98,250,250.45717785804726,258.35028915528926,251.93412698550645,252.75392
98,250,251.0285424279316,259.9241752169401,245.15820869831308,248.02904
98,180,176.97694550300298,176.80772091797084,178.84111529675104,175.2466
98,335,337.107931402075,338.5109938256188,340.89407670831275,339.71335
98,350,338.886355310741,342.8706578331798,335.3483983433624,341.1234
98,305,297.0148730127193,302.3023882141251,297.52637124197656,296.40506
98,285,273.435104642106,278.53595077553194,283.51384055612215,280.41052
98,370,371.33040027872903,364.4057643190141,364.3534618517946,373.89255
98,365,367.1075740045295,353.5842955500382,357.5267607036361,358.44327
98,260,261.16658573384245,269.3232874951846,256.3556752432972,270.40344
98,270,267.2750631398387,269.5948986651463,258.72960071154023,266.5887
98,215,210.9994540317498,222.23990279165275,223.67822268111195,218.53862
98,165,179.56981748642895,179.58451800976806,181.99824794752743,174.5752
98,235,239.6176265545826,239.1347014097015,232.6325594799951,232.06529
98,385,370.1734879498348,352.4644134101193,372.7708400636203,368.73926
98,240,245.29493830545374,255.57536719201855,245.38223374451127,263.16827
98,265,269.5954490904274,272.99536311736057,247.51713881656786,270.623
98,390,362.4816253618892,364.3054066480907,356.94902252026725,370.97375
98,395,399.5853933668557,366.6304670941803,371.30142131938624,386.40512
98,355,354.77367892497045,346.0732088678864,352.9318579946456,355.1684
98,360,357.4229332173853,344.60959879009886,359.6523906179612,347.6856
98,375,356.07088395072077,353.16117278962867,347.90104359226655,372.5539
98,175,172.56138506467053,188.92110468697965,190.05314908230622,175.13422
98,300,293.2061302295484,287.8626810944903,296.74550705779467,293.1846
98,160,155.2457519836727,178.06857571676696,56.89237805443062,162.28517
98,290,273.88331412090014,287.13622796574765,275.54428814729954,289.16016
98,345,341.53332155261666,344.54246973786445,339.51158410720467,349.62387
98,195,198.41310973543625,201.3699104767781,197.6375875290579,200.63585
98,370,371.7958763051436,360.3032941421327,356.5103821693897,380.02002
98,215,215.4683172198013,220.6271346708845,212.21770743733185,220.96391
98,300,290.12607506966987,278.35046666079035,299.31863984912616,279.16327
98,310,302.82599788218454,306.788144971042,314.8310228242667,306.46518
98,275,278.7350631794175,273.9676867438118,277.10940908858083,272.54266
98,340,342.12552984674096,343.03912160388614,353.27228254553285,340.93073
98,205,212.9883752981891,227.16169493904783,196.6300136448424,207.70354
98,365,374.9994646927015,367.670408247454,359.1638714023916,366.55063
98,235,238.835811012335,246.5350054528806,226.67211262545703,243.86974
98,260,260.09807058139273,271.1637913059163,265.34328596932494,271.33386
98,340,342.3257263635591,340.2330193131601,345.56256925866745,342.80304
98,210,201.76829186229287,208.40732628482624,195.9929045829756,198.9935
98,305,301.04061441383226,304.2120031810296,312.6664752634347,302.5018
98,315,319.01921328290683,324.3440960705963,319.1472153842981,320.67834
98,175,182.95089820384084,179.58214744977266,173.58048940990142,177.52776
98,295,290.6427212790127,289.64347025197054,301.84536805204425,290.93576
98,305,310.77042878645955,306.063715825841,320.71052898679795,302.20917
98,210,211.74418763430754,212.2453234543234,212.88675582828478,202.19858
98,385,379.3323823800942,370.54791809905777,366.4814560250529,374.5283
98,380,376.40139749414544,356.2165090146779,373.94129722835305,367.00473
98,280,278.40801724625277,277.9743805418436,285.8810289435701,271.69504
98,225,217.82008049819098,233.76548387723375,218.37996564008586,223.88419
98,320,322.4143009205668,326.1288886554193,318.2230300862319,323.87943
98,165,161.32703415622788,173.68055038915338,182.27662024073425,166.49101
98,325,326.5771490650131,322.5451949439451,329.9526365911829,317.97562
98,395,390.7085421692732,378.83901403090414,384.45821229645804,394.67834
98,215,212.34315856724817,220.20573049173038,212.65330109559358,220.72687
98,250,253.3448695768452,254.41394028194037,265.5865793358017,245.87346
98,360,357.02949802446005,348.6004040396743,354.6933502581168,355.02924
98,340,338.8820947638293,334.5485953490953,338.6076012976509,334.4649
98,225,232.7993244283877,240.00508303216387,232.62123220506606,234.86903
98,310,316.18371521642536,309.1886498085249,324.0113991292194,322.46738
98,215,218.41664202464534,225.78382180319696,220.74961573217547,223.79901
98,300,301.8541311121993,303.2098775800222,299.9877023260225,296.70657
98,350,351.74763649897176,338.9460672301555,357.75133447313306,347.46637
98,205,213.93454536298975,225.79823593073587,207.01363199458254,224.06892
98,165,177.34031739551938,172.38390065326837,170.91868011157288,166.65994
98,190,189.5724801030122,196.45247490009982,188.22449197337926,190.93837
98,195,191.80438564383064,200.78095791545064,198.17460120969446,192.13832
98,400,403.60445594414983,376.14143847818866,383.29561514676897,397.21387
98,375,399.5101187378232,365.5758194860697,393.68465956343994,395.5115
98,235,239.1081470304257,241.4132487585945,225.910678507923,238.14474
98,200,203.19956193258594,209.39719617882105,196.37979722037628,201.00717
99,230,220.17042860478074,232.8297546016785,231.47210915508256,227.84059
99,350,338.05170064375335,339.5925879045627,334.3170966875554,329.86447
99,205,206.1523386584011,209.69392566583758,218.6097315589909,211.28336
99,395,403.49596798379747,384.8885102107081,380.7871979550952,397.87283
99,390,359.8182290618225,349.7980564076445,364.6972731677268,372.20502
99,185,186.5286973864301,204.7078727693874,188.89462829944557,194.21889
99,385,366.4202643346911,354.5624898685666,360.3800976113199,378.016
99,200,203.22953414639602,206.47728518703516,196.85835827187026,202.69182
99,285,288.6753931624973,288.93757970999667,293.592041750974,272.4303
99,235,239.93558991572064,245.82944497646312,226.05218544373488,247.20126
99,165,172.1170714583913,178.6197228702671,180.95706408749757,173.77739
99,190,192.61992740774286,194.2866945415695,186.8626875139996,190.24887
99,325,327.7184163794972,322.0400699431291,330.84586157091553,314.71872
99,195,184.87483664857683,199.08914299181203,191.61128519142588,204.93005
99,360,364.0618629159059,355.4342699169475,352.7508051110874,363.0733
99,400,401.50225530600125,376.60599782719385,378.342230942428,392.17462
99,250,245.8405004041494,259.37431111600256,250.3742628849206,260.10568
99,175,167.25325533858273,181.26398292965195,176.14773300680955,176.92567
99,170,169.39918332943728,174.19432500914118,169.8446751818587,169.34607
99,165,156.28330483448434,179.37369191429488,183.8842416712921,170.41252
99,165,164.05022297749133,174.09195473562386,189.1151889400153,173.12094
99,320,290.5290641828181,237.2201427738926,280.58761433577513,197.01567
99,385,366.0234696784235,364.52239646219766,366.4379851305017,372.28824
99,290,285.5155726110025,299.8076283919706,297.4701763771478,295.51062
99,175,174.05566824990223,188.4168738622489,182.38785797833032,175.11229
99,265,268.3021022263504,281.9674069563326,271.0849758085598,276.64636
99,285,284.53638402403936,289.21062074864153,290.5148158286313,290.79358
99,350,357.76877424367257,349.36976536031534,348.60415727256486,354.97592
99,195,192.28652332547648,198.00165684887014,201.78902742180645,202.17525
99,385,370.50016765602885,358.9788747633063,374.17569466628686,369.54233
99,210,212.09689536558022,212.26888385144267,210.0408759340546,209.83012
99,260,261.90563503232823,269.27289341056223,265.45290386619746,261.97067
99,270,269.9797142267118,270.3883492175913,274.9261423200751,267.80655
99,265,265.2198853274885,271.9431428313189,250.79035677509341,267.30338
99,225,231.61515253550755,226.5997802957557,229.08493072447968,221.59735
99,240,249.4101828543607,254.3444715643834,245.38532061403265,248.16472
99,375,349.3096000069442,333.8532505602839,359.52915755597024,354.24713
99,250,255.571511268425,256.3327254092174,246.85792539724713,251.32433
99,255,254.79727262640353,269.2100699321765,251.6924926645425,262.68314
99,185,177.81461488509677,194.77435059303428,191.5652335926972,214.17761
99,240,241.13549705255633,251.98988350130253,231.94424825491603,253.23453
99,220,224.98534227970885,233.4344934297442,218.08780004180107,227.78152
99,315,337.46841774225703,338.6886895033431,347.9492483354946,332.30853
99,165,156.62719265146433,175.08666241601549,172.4972253162467,169.5037
99,330,340.56096039427445,345.39298153081745,344.98100212311806,337.0084
99,335,339.3707537393804,327.8852439458118,348.9992787762952,331.36823
99,185,179.6746314884419,196.43180088294062,182.96413261470698,185.56786
99,290,293.2374807410211,296.8177810316903,293.2217437728094,298.10898
99,300,304.76656092294644,300.702800396383,308.7311348902367,293.2309
99,345,345.48249750880547,341.49823336538753,347.7962887156691,338.18204
99,370,367.9392206167849,367.9726206390226,363.66063624368485,379.65454
99,310,299.231556984448,287.71852405398226,302.9977235907198,282.6327
99,335,342.26189074526036,327.11841133013746,339.32960609414727,346.89322
99,355,346.3890831609065,333.87119076011675,355.622114031644,346.56415
99,305,323.0924317347613,316.7288819366783,326.5092772502852,311.20135
99,395,397.57099912239636,371.4705230353022,373.5756209046863,384.27304
99,230,237.69728998002864,237.51717364579852,237.71596652557713,229.85347
99,230,224.38990749606177,241.8961436948413,224.31631926800674,242.8518
99,260,259.87342536051557,274.1379530871474,262.72336022968375,273.0234
99,280,275.85485712309804,271.7337750646071,276.0775853534948,263.09888
99,395,395.59646835318125,365.9612722500744,369.10506824974465,382.01184
99,185,187.1977222909706,199.32760361860355,211.33700866162047,185.36044
99,270,264.06298224129415,271.0961348974913,267.595419066562,268.29352
99,305,316.85629826510336,319.6469174602605,313.1593366691471,313.3708
99,375,375.76578383781685,364.24644052891546,368.7640811394117,381.2391
99,290,282.8040241973401,279.11146946906314,287.5733975399385,280.9345
99,360,353.20094596079065,347.5469494925365,372.17018904084443,350.158
99,320,323.81275444518104,320.5571845610274,328.1820729125538,319.33948
99,305,302.29809541580966,299.8230490481741,311.2573226320227,299.30844
99,380,377.7534019437632,356.7004850487037,375.72558623766366,376.7354
99,390,385.5512359837282,365.1567240230434,374.8205827825288,386.47076
99,350,352.8080066642428,354.4221528739023,351.76904843131484,362.99884
99,210,213.72740181746195,219.05418958276215,193.80491129155263,209.11455
99,370,371.6985793494918,360.26615285434247,353.85383168807584,376.7312
99,220,219.52768933587134,228.08073739227967,219.78077360126557,227.31923
99,210,202.34312165787236,212.41270910837878,192.65295166812007,197.89085
99,265,270.87555408972054,264.7745762849859,271.1946020332679,260.03983
99,325,340.15096538205563,331.00184130270395,335.58487269595076,330.00266
99,240,237.61643279393144,245.80686209812177,237.39316160996324,240.23053
99,360,342.5146238032078,349.0063423757618,350.44187198707186,365.5407
99,180,183.699784470393,185.94549851129236,154.78700540381834,186.65817
99,225,231.3915561708273,238.9632087830469,231.3984096154929,229.80241
99,275,278.56727138693617,281.8065086274307,278.754798196641,276.1818
99,320,324.04363766765726,327.8258308185352,336.36569227361076,315.12424
99,235,235.9822852840495,249.98138268210582,223.2735634562066,244.17014
99,235,243.7172800576662,248.29305456216156,227.50571886976599,230.91516
99,260,260.0411378802756,267.6507027108944,263.5359511460414,262.43622
99,355,351.34005044891927,350.2149338365142,365.07468101542895,341.42944
99,200,206.3130592311997,207.5076456160369,193.79234417933273,200.05643
99,245,231.81445250228165,261.79752736607225,227.80555926508458,260.85553
99,375,366.04639993312406,353.7716723395028,367.8092696436195,371.5188
99,285,280.95164160865994,288.0537138470112,285.86983598921876,281.58313
99,350,349.37373319984505,343.3562855318128,348.9901813395357,342.61395
99,335,330.58708009350386,318.6416306690388,341.77450233087654,326.76285
99,335,354.83506686224763,349.92096712720104,348.5889615333045,335.25305
99,290,272.01443822485186,296.7589239427029,279.95904047093234,292.29483
99,325,314.4417794746877,349.904545125626,339.55334945628823,362.38663
99,170,176.65115196629796,179.4660843862021,183.01271024751497,169.12556
100,240,235.71840528706457,243.77045193695184,227.35285048362027,239.73448
100,335,356.47880138177027,339.31875731458064,356.01148671087014,337.15906
100,370,382.48158976768525,365.44860921023434,372.0725010773755,376.85553
100,260,257.77650962439554,269.6962723036768,266.5929381607227,270.03375
100,245,252.05307810554586,258.43875357893734,244.8697445030183,264.5955
100,325,294.77272374443015,285.77318908868904,359.5832437503933,305.5182
100,385,373.46412371216877,372.3533728828365,366.4050018792947,377.87054
100,400,399.2033051899922,338.75180754131503,376.7028059780864,332.9912
100,365,353.28117403737315,347.5767060153898,351.90819449235653,358.43927
100,385,370.10400425957823,355.49790216727695,372.62847833424865,367.2987
100,275,274.5099293692615,272.11042413387264,274.6804278426714,268.7761
100,250,256.2216609700887,258.6381839092278,256.3531489238299,249.75983
100,165,154.78849489870325,189.69105017205047,199.83730037224447,173.2792
100,400,404.0679847803899,374.9049239363579,387.34167027796997,397.09805
100,345,354.89744366989373,343.92716020091024,350.8374477637726,341.03223
100,185,189.23489476072422,195.3730044400045,190.6087511001561,189.4223
100,225,228.97218135710204,241.2195787947432,206.49428930554666,225.68422
100,215,213.78157988667667,216.29298408862394,216.97868045466333,210.6654
100,285,284.86672229996316,286.8379188597349,291.38839856886887,288.22986
100,185,181.02862616467007,194.00333846708835,185.82320487418633,182.12634
100,355,351.392188494723,343.3436738539239,357.6265345172992,357.9403
100,305,301.77046049732587,304.94852727827737,310.28267467698845,299.27173
100,295,299.5900882622964,295.76461901986914,308.15512352605487,297.91724
100,320,328.5259150279196,330.86433116883103,334.66674790888015,323.6636
100,185,200.5903946285714,206.43111606367484,217.352613073643,194.27428
100,285,281.5572657081235,292.03441005644663,290.69212508177753,288.51346
100,250,253.74995186596087,256.2424514782601,262.5046364393916,243.12187
100,230,238.10717299928,239.12484999722508,240.03269412443265,236.45268
100,340,347.21412520796963,342.55721683871684,347.7509300921464,337.04364
100,380,388.17948694503986,369.09329352591845,373.79726614550543,388.01068
100,350,341.10484203461914,342.06219642040946,336.16533298928886,346.00372
100,200,204.60959139352025,208.83456383893878,192.36048830293987,206.01723
100,300,314.928487874158,312.15727584996705,312.406167368854,306.0444
100,230,229.04513324704783,235.78436062548556,223.57586621550647,230.0833
100,220,216.60480195366125,224.92582972501359,215.6279949928678,220.74606
100,380,379.2290864746092,349.57705675941696,376.83066512862706,385.18484
100,225,227.33171370505102,228.18206612831614,232.05734132789706,223.03654
100,240,240.58469607157633,254.83169098956597,232.31903267095552,240.0903
100,310,314.24466983393654,322.86996880896885,327.1662145879785,314.28003
100,320,322.55630811971713,315.83863013375515,325.9392809730349,312.5642
100,265,268.0694670461999,272.8202003062296,270.814727837241,271.49008
100,255,251.03302039578932,270.25508392098095,252.33150833881407,266.4937
100,310,347.156003366516,326.4400549058788,344.60582671816906,341.00702
100,305,314.6587588991197,306.41050414862906,321.5492575397829,299.13742
100,305,318.8047567032945,314.12956918816474,324.9268783788302,308.6236
100,295,293.9333534875291,303.81332314980335,302.6064007497157,290.71603
100,250,250.78111347276902,259.23761685536675,250.98200925725348,249.94087
100,315,319.7678685787938,326.2815917522019,311.75896976843165,314.68246
100,390,363.5292723566644,358.2355961040596,354.70689801361124,370.8208
100,350,353.8287624772257,349.8898143988364,358.98435329987365,355.429
100,200,205.23662618791175,208.653357892108,197.80186539615795,203.58463
100,220,220.057943760532,226.28763216522043,212.32316690426467,222.20427
100,375,363.63112111619296,350.4020626097763,368.05135650776634,364.92175
100,285,284.61773427026316,283.70952930402945,296.4057292226828,272.8203
100,275,282.8231069003349,279.9318485125982,281.12622094397176,265.45932
100,270,276.80798133847384,271.3324452214452,280.14063390125625,271.37653
100,200,195.982205542465,205.47796638084154,206.43137714750867,202.54329
100,195,191.41670571243986,196.82979814548224,203.63956076499048,198.08702
100,255,264.10418385785573,266.7856717587966,277.25089211366867,260.35287
100,270,270.9530104275725,274.89690560828046,275.9329669523995,271.78625
100,175,168.56995798285413,185.4653683816185,184.12087681037008,170.36824
100,355,370.77043690256454,342.44547501109963,370.9784334975807,358.0962
100,190,190.0740405704001,195.15019927294924,186.1364108643816,190.49538
100,255,248.37632141289617,265.17158887599317,257.53892228892994,265.3544
100,210,202.414878955377,213.4466986208236,189.87090475533375,202.87279
100,345,340.7590170739003,342.9086789003481,340.38889208460387,342.84283
100,375,358.01733443869387,352.615282139429,334.7813218357748,366.22562
100,190,187.9953129585062,193.95574335386843,204.94138147455578,190.75763
100,175,175.66348608352405,189.45789249639245,187.76154683055788,176.7082
100,265,271.1998410535858,281.2346235774029,271.129798580341,277.14935
100,210,202.5612429197147,219.189519036519,193.6964744307367,208.30566
100,330,332.494408689009,324.4015595376848,336.85919771497385,321.86194
100,385,374.2681047460578,374.07345173454075,365.1811860412181,370.34094
100,280,272.97831522584346,290.4878624986127,280.2988421084053,284.97427
100,290,288.8820888424749,287.4310473268562,290.5103714714274,287.5857
100,175,162.04861180986782,180.26021878121892,173.2376754171565,172.74556
100,225,221.66328425750564,231.37154174012258,212.77284541421983,222.54715
100,180,179.4882563071369,190.22522907647917,173.25013556586052,177.96237
100,260,259.2244067056062,272.8062866716616,259.4375621006208,273.11786
100,390,383.9751645809954,372.9136242866612,373.24629544160746,389.9661
100,360,364.7846755781432,354.4300074598601,352.31953035090817,360.93356
100,380,375.8211726582042,354.7495292434175,374.2827411577632,377.6607
100,180,190.84187298970915,186.08270924092253,149.93816041272606,180.38185
100,295,295.2239497811253,291.3102944832945,302.3433198726815,287.36243
100,180,179.19334266088396,175.65002930239712,177.0801784078796,175.58926
100,310,298.69109115642436,285.39740406815406,302.9205836495783,272.7089
100,235,235.46013451286626,243.9167843432368,234.3662040514908,238.14757
100,185,187.55819043234706,190.04246194002081,193.53884462326639,181.53912
100,270,253.86794148388094,263.4759815976506,262.4326489027078,262.09305
100,370,373.45332668181567,362.7699338692356,356.9154324624561,382.1359
100,320,327.6841309154598,320.1067143958982,338.46134932805325,317.45834
100,355,341.50417369492413,339.4845524010304,359.65403187431207,344.03397
100,180,196.3605279928883,191.91133254164137,216.86208632935632,183.2047
100,345,345.5318348422647,338.0439943667441,353.1693995001964,347.4435
100,330,332.6271892888364,336.7945706401442,346.4671632865788,335.24152
100,350,354.3356883636736,347.0193991245682,342.9367061897814,349.54523
100,375,368.83800211407754,358.40287810147345,373.88421098524657,371.35254
100,170,171.84841561377345,175.93179476732416,181.1528866288471,166.16345
