feature,rank_perm,importance_mean,model
0_Peak to peak distance,1,0.1180970644528105,SVR
0_Spectral variation,2,0.1163632783042502,SVR
0_Spectral entropy,3,0.1058836112217586,SVR
0_Spectral decrease,4,0.0806059615102345,SVR
0_Mean diff,5,0.0801120713769828,SVR
0_Interquartile range,6,0.068239290877338,SVR
0_ECDF Percentile_0,7,0.0682212470539596,SVR
0_LPCC_0,8,0.0639449082202356,SVR
0_Wavelet absolute mean_27777777.78Hz,9,0.0591043831633158,SVR
0_Median,10,0.0572967076057747,SVR
0_Absolute energy,11,0.0506267918207492,SVR
0_Slope,12,0.0434191131301307,SVR
0_Max,13,0.0415582997344258,SVR
0_Wavelet absolute mean_125000000.0Hz,14,0.0333754926662791,SVR
0_MFCC_11,15,0.0252144992558849,SVR
0_Autocorrelation,16,0.0128846033824297,SVR
0_Median diff,17,0.0125814706065871,SVR
0_MFCC_9,18,0.0122893101033605,SVR
0_MFCC_10,19,0.0091070738728028,SVR
0_Mean,20,0.0084755924876685,SVR
0_MFCC_5,21,0.0081677119686116,SVR
0_Wavelet energy_125000000.0Hz,22,0.0074959289216543,SVR
0_Wavelet entropy,23,0.0049215535092092,SVR
0_MFCC_0,24,0.0048110053206915,SVR
0_Maximum frequency,25,0.0039894282731262,SVR
0_ECDF Percentile_1,26,0.0038177829796721,SVR
0_MFCC_4,27,0.0037856821229576,SVR
0_MFCC_8,28,0.0029711461804114,SVR
0_Histogram mode,29,0.002638838566258,SVR
0_LPCC_1,30,0.0022751473754202,SVR
0_LPCC_5,31,0.0012070772558732,SVR
0_Spectral roll-on,32,0.001019796252357,SVR
0_Power bandwidth,33,0.0009663704662781,SVR
0_Entropy,34,0.0008657917446683,SVR
0_LPCC_6,35,0.0008349382159131,SVR
0_Median frequency,36,0.000663083922257,SVR
0_Zero crossing rate,37,0.0005645123329872,SVR
0_Fundamental frequency,38,0.0004364203354386,SVR
0_Neighbourhood peaks,39,0.0003169270281884,SVR
0_Spectral positive turning points,40,0.0002057116013881,SVR
0_Median absolute diff,41,0.0001034648716208,SVR
0_Negative turning points,42,-0.0002011121632171,SVR
0_Peak to peak distance,1,0.1749030560846326,Random Forest
0_Spectral entropy,2,0.0916407635552953,Random Forest
0_Absolute energy,3,0.0387779000840218,Random Forest
0_Spectral variation,4,0.0351442058390558,Random Forest
0_Autocorrelation,5,0.0305934252920959,Random Forest
0_Entropy,6,0.0271594458825389,Random Forest
0_Interquartile range,7,0.0252275339021184,Random Forest
0_Wavelet energy_125000000.0Hz,8,0.0161136480316371,Random Forest
0_Histogram mode,9,0.0141522776905177,Random Forest
0_Wavelet absolute mean_125000000.0Hz,10,0.010425866004988,Random Forest
0_MFCC_11,11,0.0104216502501743,Random Forest
0_ECDF Percentile_0,12,0.0074180096985695,Random Forest
0_Mean diff,13,0.0052889088054373,Random Forest
0_LPCC_0,14,0.0051557271585105,Random Forest
0_Wavelet absolute mean_27777777.78Hz,15,0.0048210651134522,Random Forest
0_Slope,16,0.0047180962884365,Random Forest
0_MFCC_8,17,0.0038477133286164,Random Forest
0_ECDF Percentile_1,18,0.0034029407729422,Random Forest
0_MFCC_0,19,0.0030654484678947,Random Forest
0_Fundamental frequency,20,0.0027596598170812,Random Forest
0_MFCC_9,21,0.0022568120136893,Random Forest
0_Median,22,0.002151844383145,Random Forest
0_MFCC_10,23,0.002080757755265,Random Forest
0_MFCC_5,24,0.0019511355271588,Random Forest
0_Spectral decrease,25,0.0018505883404688,Random Forest
0_Max,26,0.0016948441682415,Random Forest
0_Maximum frequency,27,0.0013954285493347,Random Forest
0_Median frequency,28,0.0013624645769739,Random Forest
0_LPCC_1,29,0.001099773993414,Random Forest
0_LPCC_6,30,0.0008332481275712,Random Forest
0_Zero crossing rate,31,0.0005354357886011,Random Forest
0_LPCC_5,32,0.0003786299333691,Random Forest
0_Spectral positive turning points,33,0.0003538293730933,Random Forest
0_MFCC_4,34,0.0003482792880322,Random Forest
0_Mean,35,0.0002445796535346,Random Forest
0_Wavelet entropy,36,0.0001271450286793,Random Forest
0_Spectral roll-on,37,9.4613483758752e-05,Random Forest
0_Power bandwidth,38,8.595407580083739e-05,Random Forest
0_Neighbourhood peaks,39,7.869634589319219e-07,Random Forest
0_Median diff,40,-4.440892098500626e-17,Random Forest
0_Median absolute diff,41,-3.3516941107913923e-06,Random Forest
0_Negative turning points,42,-3.373593704720049e-05,Random Forest
0_Peak to peak distance,1,1.8536926016695645,Bayesian Ridge
0_MFCC_4,2,1.2424623525110643,Bayesian Ridge
0_MFCC_5,3,0.8944750090425292,Bayesian Ridge
0_ECDF Percentile_0,4,0.875450214507031,Bayesian Ridge
0_Max,5,0.6974095577274747,Bayesian Ridge
0_Mean,6,0.5578042344936335,Bayesian Ridge
0_MFCC_11,7,0.3987982327714717,Bayesian Ridge
0_Slope,8,0.2754900998804506,Bayesian Ridge
0_MFCC_9,9,0.2333423317137923,Bayesian Ridge
0_MFCC_0,10,0.1983384137323919,Bayesian Ridge
0_Spectral decrease,11,0.087394786212839,Bayesian Ridge
0_Median,12,0.067339190984512,Bayesian Ridge
0_Wavelet absolute mean_27777777.78Hz,13,0.0534614064342514,Bayesian Ridge
0_ECDF Percentile_1,14,0.047028038925201,Bayesian Ridge
0_MFCC_8,15,0.0344810723177778,Bayesian Ridge
0_LPCC_0,16,0.0318316288458051,Bayesian Ridge
0_Spectral variation,17,0.0284562691823734,Bayesian Ridge
0_Autocorrelation,18,0.0251880993596425,Bayesian Ridge
0_Entropy,19,0.0214689765279639,Bayesian Ridge
0_Spectral entropy,20,0.0187664848050063,Bayesian Ridge
0_Absolute energy,21,0.0178842249475261,Bayesian Ridge
0_Power bandwidth,22,0.0137392082615857,Bayesian Ridge
0_Mean diff,23,0.0130960414229496,Bayesian Ridge
0_Interquartile range,24,0.0096649646392643,Bayesian Ridge
0_Wavelet entropy,25,0.0067219712661266,Bayesian Ridge
0_Wavelet absolute mean_125000000.0Hz,26,0.0038665258978572,Bayesian Ridge
0_Wavelet energy_125000000.0Hz,27,0.0036869731952344,Bayesian Ridge
0_Median frequency,28,0.0031727942908589,Bayesian Ridge
0_Median diff,29,0.001508999417301,Bayesian Ridge
0_Spectral roll-on,30,0.0014279904582585,Bayesian Ridge
0_MFCC_10,31,0.0008025081110343,Bayesian Ridge
0_Spectral positive turning points,32,0.0006537314997314,Bayesian Ridge
0_Maximum frequency,33,0.0006184629287254,Bayesian Ridge
0_Histogram mode,34,0.0004793879807123,Bayesian Ridge
0_LPCC_5,35,0.000212711858381,Bayesian Ridge
0_LPCC_6,36,0.0002124841136806,Bayesian Ridge
0_Median absolute diff,37,0.000184313264125,Bayesian Ridge
0_Fundamental frequency,38,3.98697176927465e-05,Bayesian Ridge
0_Neighbourhood peaks,39,3.190419138679642e-05,Bayesian Ridge
0_LPCC_1,40,2.142553087360296e-05,Bayesian Ridge
0_Zero crossing rate,41,-9.340258913121514e-05,Bayesian Ridge
0_Negative turning points,42,-0.0001765402751288,Bayesian Ridge
0_Peak to peak distance,1,0.6409449227650961,XGBoost
0_Spectral entropy,2,0.2777519536018371,XGBoost
0_Autocorrelation,3,0.1170796600977579,XGBoost
0_Mean diff,4,0.0083790334065755,XGBoost
0_Spectral variation,5,0.0083026504516601,XGBoost
0_Entropy,6,0.0079286781946818,XGBoost
0_Slope,7,0.0046568989753723,XGBoost
0_Absolute energy,8,0.0044890785217285,XGBoost
0_Interquartile range,9,0.0032173752784729,XGBoost
0_Max,10,0.0027675875027974,XGBoost
0_MFCC_11,11,0.0010874819755554,XGBoost
0_LPCC_0,12,0.0010439817110697,XGBoost
0_Fundamental frequency,13,0.0006567080815633,XGBoost
0_MFCC_5,14,0.000486835638682,XGBoost
0_MFCC_0,15,0.0003762737909952,XGBoost
0_LPCC_1,16,0.0003702958424886,XGBoost
0_LPCC_6,17,0.0003038962682088,XGBoost
0_Wavelet absolute mean_27777777.78Hz,18,0.000147148768107,XGBoost
0_MFCC_9,19,0.0001284146308898,XGBoost
0_Histogram mode,20,0.000109810034434,XGBoost
0_ECDF Percentile_1,21,9.49867566426595e-05,XGBoost
0_Median,22,7.826646169026692e-05,XGBoost
0_Spectral decrease,23,6.010135014851888e-05,XGBoost
0_Spectral positive turning points,24,1.3982454935709636e-05,XGBoost
0_Neighbourhood peaks,25,1.192649205525716e-05,XGBoost
0_Power bandwidth,26,0.0,XGBoost
0_Median diff,27,0.0,XGBoost
0_Spectral roll-on,28,0.0,XGBoost
0_MFCC_4,29,-9.235541025797526e-06,XGBoost
0_Median frequency,30,-2.828677495320638e-05,XGBoost
0_Negative turning points,31,-3.286997477213542e-05,XGBoost
0_Wavelet absolute mean_125000000.0Hz,32,-6.847222646077474e-05,XGBoost
0_MFCC_10,33,-7.208665211995443e-05,XGBoost
0_Maximum frequency,34,-7.596413294474284e-05,XGBoost
0_Zero crossing rate,35,-7.657686869303385e-05,XGBoost
0_Wavelet energy_125000000.0Hz,36,-0.0001290170351664,XGBoost
0_Mean,37,-0.0001819984118143,XGBoost
0_ECDF Percentile_0,38,-0.0002211785316467,XGBoost
0_MFCC_8,39,-0.0002404570579528,XGBoost
0_LPCC_5,40,-0.0002858257293701,XGBoost
0_Median absolute diff,41,-0.000406478246053,XGBoost
0_Wavelet entropy,42,-0.0007905308405558,XGBoost
0_Peak to peak distance,1,0.1258763896648766,SVR
0_Spectral entropy,2,0.1083802498544614,SVR
0_Spectral variation,3,0.1035657179415477,SVR
0_ECDF Percentile_0,4,0.0875859871810635,SVR
0_LPCC_0,5,0.0856030607520295,SVR
0_Interquartile range,6,0.0827069672157832,SVR
0_Spectral decrease,7,0.0716839094850475,SVR
0_Wavelet absolute mean_27777777.78Hz,8,0.0705887183776322,SVR
0_Absolute energy,9,0.0699447141662094,SVR
0_Mean diff,10,0.0669501541092659,SVR
0_Max,11,0.0437606554705971,SVR
0_Median,12,0.0435699256171674,SVR
0_Slope,13,0.0393229278143253,SVR
0_MFCC_11,14,0.035301869358796,SVR
0_Wavelet absolute mean_125000000.0Hz,15,0.0161151637512055,SVR
0_MFCC_5,16,0.0133559122977918,SVR
0_Wavelet energy_125000000.0Hz,17,0.0114287845857265,SVR
0_Autocorrelation,18,0.0114010094849224,SVR
0_MFCC_10,19,0.0106040830605475,SVR
0_Maximum frequency,20,0.009603137535356,SVR
0_Mean,21,0.0092763943396608,SVR
0_MFCC_9,22,0.0084434986972209,SVR
0_Wavelet entropy,23,0.0055599306447005,SVR
0_MFCC_4,24,0.004415582547189,SVR
0_ECDF Percentile_1,25,0.0043185062647534,SVR
0_MFCC_0,26,0.002935188759184,SVR
0_Median absolute diff,27,0.0026438152568697,SVR
0_LPCC_1,28,0.0019468945946743,SVR
0_Median frequency,29,0.0018890053894808,SVR
0_MFCC_8,30,0.0017855272864294,SVR
0_Zero crossing rate,31,0.0016705564208021,SVR
0_LPCC_6,32,0.0009269628044631,SVR
0_Spectral roll-on,33,0.0009174215610307,SVR
0_Power bandwidth,34,0.0008319006940234,SVR
0_Entropy,35,0.0006954836671547,SVR
0_Negative turning points,36,0.0004058860192405,SVR
0_Spectral positive turning points,37,0.0001989079086312,SVR
0_Fundamental frequency,38,0.0001814048431409,SVR
0_Neighbourhood peaks,39,0.000158387856351,SVR
0_Median diff,40,0.0,SVR
0_Histogram mode,41,-0.0002439627378963,SVR
0_LPCC_5,42,-0.0013988667104901,SVR
0_Peak to peak distance,1,0.1673495186884985,Random Forest
0_Spectral entropy,2,0.0693410434382394,Random Forest
0_Absolute energy,3,0.0492280188485917,Random Forest
0_Spectral variation,4,0.0357385128891917,Random Forest
0_Autocorrelation,5,0.0324692936599268,Random Forest
0_Entropy,6,0.0317173546601612,Random Forest
0_Interquartile range,7,0.0301481151161508,Random Forest
0_Wavelet energy_125000000.0Hz,8,0.011504433631183,Random Forest
0_Histogram mode,9,0.0107867498302762,Random Forest
0_MFCC_11,10,0.0087780545020885,Random Forest
0_ECDF Percentile_0,11,0.0076878338126906,Random Forest
0_Mean diff,12,0.0062167594545638,Random Forest
0_Wavelet absolute mean_125000000.0Hz,13,0.0060145951175751,Random Forest
0_Wavelet absolute mean_27777777.78Hz,14,0.0052621849231416,Random Forest
0_Slope,15,0.0047212004108959,Random Forest
0_LPCC_0,16,0.0039635014853816,Random Forest
0_ECDF Percentile_1,17,0.003396828429936,Random Forest
0_MFCC_8,18,0.0033230305839198,Random Forest
0_MFCC_0,19,0.0031970506019697,Random Forest
0_Wavelet entropy,20,0.0031155027473548,Random Forest
0_MFCC_5,21,0.0025547203168936,Random Forest
0_Fundamental frequency,22,0.0025418237689522,Random Forest
0_Maximum frequency,23,0.0022376462499622,Random Forest
0_MFCC_10,24,0.0019178261891041,Random Forest
0_Max,25,0.0017869526333154,Random Forest
0_MFCC_9,26,0.0016853212166987,Random Forest
0_Median frequency,27,0.0015049357487451,Random Forest
0_Zero crossing rate,28,0.001362259376159,Random Forest
0_Spectral positive turning points,29,0.0006475146069632,Random Forest
0_LPCC_6,30,0.0006028448754284,Random Forest
0_LPCC_5,31,0.0005195661058934,Random Forest
0_LPCC_1,32,0.0004665502064453,Random Forest
0_Median,33,0.0003551957297661,Random Forest
0_MFCC_4,34,0.0002464522649566,Random Forest
0_Spectral decrease,35,0.0001119462868943,Random Forest
0_Power bandwidth,36,7.615786356928982e-05,Random Forest
0_Median absolute diff,37,6.0266080448655816e-05,Random Forest
0_Spectral roll-on,38,1.5073268536395604e-05,Random Forest
0_Median diff,39,-5.921189464667504e-18,Random Forest
0_Negative turning points,40,-3.405781889761113e-06,Random Forest
0_Neighbourhood peaks,41,-5.893898559713821e-06,Random Forest
0_Mean,42,-0.0001668381201599,Random Forest
0_MFCC_4,1,2.100896256035287,Bayesian Ridge
0_Peak to peak distance,2,1.5990744100630985,Bayesian Ridge
0_ECDF Percentile_0,3,1.2384250967945285,Bayesian Ridge
0_MFCC_5,4,1.0539564285139242,Bayesian Ridge
0_Mean,5,0.5768844235383356,Bayesian Ridge
0_MFCC_9,6,0.5746428738757214,Bayesian Ridge
0_MFCC_11,7,0.4891223330972677,Bayesian Ridge
0_Max,8,0.4363313214327902,Bayesian Ridge
0_Slope,9,0.3899748224044154,Bayesian Ridge
0_MFCC_0,10,0.1408750699370838,Bayesian Ridge
0_Median,11,0.1250777268047667,Bayesian Ridge
0_Spectral decrease,12,0.1175825185965619,Bayesian Ridge
0_MFCC_8,13,0.0891929691252209,Bayesian Ridge
0_Wavelet absolute mean_27777777.78Hz,14,0.0835774740510463,Bayesian Ridge
0_ECDF Percentile_1,15,0.0585511993824463,Bayesian Ridge
0_Spectral entropy,16,0.0323501550594431,Bayesian Ridge
0_MFCC_10,17,0.0314143435986613,Bayesian Ridge
0_Autocorrelation,18,0.0249984704057572,Bayesian Ridge
0_LPCC_0,19,0.0226642634801675,Bayesian Ridge
0_Wavelet energy_125000000.0Hz,20,0.01591575843955,Bayesian Ridge
0_Spectral variation,21,0.0142035873959091,Bayesian Ridge
0_Wavelet entropy,22,0.0122299899822009,Bayesian Ridge
0_Power bandwidth,23,0.0086569763191022,Bayesian Ridge
0_Entropy,24,0.0081110038227106,Bayesian Ridge
0_Mean diff,25,0.0077354565463928,Bayesian Ridge
0_Interquartile range,26,0.0032684578154899,Bayesian Ridge
0_Median frequency,27,0.002274349838659,Bayesian Ridge
0_Spectral roll-on,28,0.0016871463560929,Bayesian Ridge
0_Zero crossing rate,29,0.0013042739183447,Bayesian Ridge
0_Wavelet absolute mean_125000000.0Hz,30,0.0009608803191863,Bayesian Ridge
0_LPCC_5,31,0.0008509991363793,Bayesian Ridge
0_Maximum frequency,32,0.000414876683509,Bayesian Ridge
0_Spectral positive turning points,33,0.0003745446390188,Bayesian Ridge
0_Median absolute diff,34,0.0003727854331942,Bayesian Ridge
0_Negative turning points,35,0.0003625346175752,Bayesian Ridge
0_LPCC_1,36,0.0002754344482418,Bayesian Ridge
0_LPCC_6,37,4.143038637426748e-05,Bayesian Ridge
0_Median diff,38,0.0,Bayesian Ridge
0_Fundamental frequency,39,-5.373405408349926e-05,Bayesian Ridge
0_Absolute energy,40,-0.0002515575844652,Bayesian Ridge
0_Neighbourhood peaks,41,-0.0003162471733476,Bayesian Ridge
0_Histogram mode,42,-0.0014769945585885,Bayesian Ridge
0_Peak to peak distance,1,0.91337207476298,XGBoost
0_Spectral entropy,2,0.2928221011161804,XGBoost
0_Autocorrelation,3,0.1346389190355936,XGBoost
0_Spectral variation,4,0.011686455408732,XGBoost
0_Interquartile range,5,0.0116480199495951,XGBoost
0_Mean diff,6,0.0105938688913981,XGBoost
0_Entropy,7,0.0088073674837748,XGBoost
0_Wavelet energy_125000000.0Hz,8,0.0030171028772989,XGBoost
0_Absolute energy,9,0.0019505103429158,XGBoost
0_Histogram mode,10,0.001942069530487,XGBoost
0_Max,11,0.0017744263013203,XGBoost
0_LPCC_0,12,0.0016708008448282,XGBoost
0_MFCC_11,13,0.0013467915852864,XGBoost
0_Slope,14,0.0011843252182006,XGBoost
0_Wavelet entropy,15,0.0010907046000162,XGBoost
0_LPCC_6,16,0.0007257811228434,XGBoost
0_Fundamental frequency,17,0.0005899024009704,XGBoost
0_MFCC_0,18,0.0005096205075581,XGBoost
0_Wavelet absolute mean_125000000.0Hz,19,0.0004542684555053,XGBoost
0_Mean,20,0.0004001156489054,XGBoost
0_Median absolute diff,21,0.0003277381261189,XGBoost
0_MFCC_4,22,0.0002654560407002,XGBoost
0_MFCC_8,23,0.0002448272705078,XGBoost
0_Spectral positive turning points,24,0.0001688090960184,XGBoost
0_LPCC_5,25,0.0001501170794169,XGBoost
0_LPCC_1,26,0.0001233911514282,XGBoost
0_MFCC_10,27,8.06872049967448e-05,XGBoost
0_ECDF Percentile_1,28,7.62478510538737e-05,XGBoost
0_Spectral decrease,29,6.142139434814453e-05,XGBoost
0_Wavelet absolute mean_27777777.78Hz,30,3.514607747395833e-05,XGBoost
0_Zero crossing rate,31,1.8372535705566407e-05,XGBoost
0_Spectral roll-on,32,0.0,XGBoost
0_Median diff,33,0.0,XGBoost
0_Power bandwidth,34,0.0,XGBoost
0_Median frequency,35,-4.832744598388672e-06,XGBoost
0_Neighbourhood peaks,36,-8.975664774576823e-06,XGBoost
0_ECDF Percentile_0,37,-1.1612574259440103e-05,XGBoost
0_MFCC_5,38,-4.332224527994792e-05,XGBoost
0_Median,39,-5.852381388346354e-05,XGBoost
0_Negative turning points,40,-0.0001140817006429,XGBoost
0_Maximum frequency,41,-0.0001252198219299,XGBoost
0_MFCC_9,42,-0.000183085600535,XGBoost
0_Spectral entropy,1,0.1327602516756454,SVR
0_LPCC_0,2,0.1081767802957367,SVR
0_Median,3,0.0882101350361018,SVR
0_Peak to peak distance,4,0.0873227222315676,SVR
0_Spectral variation,5,0.071769110593089,SVR
0_Spectral decrease,6,0.071141253308314,SVR
0_ECDF Percentile_0,7,0.0690680117015761,SVR
0_Interquartile range,8,0.0653177158696345,SVR
0_Mean diff,9,0.0610179280552255,SVR
0_Wavelet absolute mean_27777777.78Hz,10,0.0462993304544869,SVR
0_Slope,11,0.0438289824533165,SVR
0_Absolute energy,12,0.0423339990453313,SVR
0_Max,13,0.035382065685474,SVR
0_MFCC_11,14,0.0333900388301731,SVR
0_Wavelet absolute mean_125000000.0Hz,15,0.0284090968362981,SVR
0_Autocorrelation,16,0.0194000691663451,SVR
0_MFCC_4,17,0.0126707786029498,SVR
0_MFCC_9,18,0.0116572762211723,SVR
0_Wavelet entropy,19,0.0103419279758696,SVR
0_Maximum frequency,20,0.0090014795993262,SVR
0_Mean,21,0.0081334777907663,SVR
0_MFCC_10,22,0.0075237004618428,SVR
0_MFCC_0,23,0.0067216635458096,SVR
0_MFCC_5,24,0.0063598406025596,SVR
0_Median absolute diff,25,0.0031107834369075,SVR
0_Wavelet energy_125000000.0Hz,26,0.0030384470001758,SVR
0_MFCC_8,27,0.002027969440434,SVR
0_Spectral roll-on,28,0.0018486613196935,SVR
0_Histogram mode,29,0.0015996448621446,SVR
0_ECDF Percentile_1,30,0.0014079817440873,SVR
0_Zero crossing rate,31,0.0013879124699554,SVR
0_Fundamental frequency,32,0.0005458475208889,SVR
0_LPCC_1,33,0.0005290304469065,SVR
0_LPCC_6,34,0.000438139342975,SVR
0_Median frequency,35,0.0003749519153186,SVR
0_Neighbourhood peaks,36,0.0003593498987683,SVR
0_LPCC_5,37,0.0002174176632934,SVR
0_Power bandwidth,38,0.0001340496228612,SVR
0_Entropy,39,9.078331537614244e-05,SVR
0_Spectral positive turning points,40,8.99344129271699e-05,SVR
0_Median diff,41,0.0,SVR
0_Negative turning points,42,-0.0008262065799356,SVR
0_Peak to peak distance,1,0.1461069616998015,Random Forest
0_Spectral entropy,2,0.071219119776801,Random Forest
0_Autocorrelation,3,0.04104618392202,Random Forest
0_Spectral variation,4,0.0308355260238765,Random Forest
0_Absolute energy,5,0.0172871242479152,Random Forest
0_Interquartile range,6,0.0094662289510266,Random Forest
0_Histogram mode,7,0.008009182800296,Random Forest
0_Mean diff,8,0.0070557829717741,Random Forest
0_Entropy,9,0.0061666887685949,Random Forest
0_Wavelet absolute mean_125000000.0Hz,10,0.0058063862644122,Random Forest
0_Slope,11,0.0053714300969265,Random Forest
0_MFCC_11,12,0.0053229803404626,Random Forest
0_Wavelet energy_125000000.0Hz,13,0.0042713242259263,Random Forest
0_LPCC_0,14,0.0042195671263576,Random Forest
0_MFCC_0,15,0.0027548902489527,Random Forest
0_MFCC_9,16,0.0027142632103734,Random Forest
0_Fundamental frequency,17,0.0025680419505907,Random Forest
0_MFCC_8,18,0.0022984198006813,Random Forest
0_Median frequency,19,0.0018600779836232,Random Forest
0_ECDF Percentile_1,20,0.0014324122971965,Random Forest
0_Wavelet absolute mean_27777777.78Hz,21,0.0013216750263595,Random Forest
0_Maximum frequency,22,0.0012694413352253,Random Forest
0_Wavelet entropy,23,0.0011102671810111,Random Forest
0_LPCC_1,24,0.000874627486173,Random Forest
0_Median,25,0.0008103428692894,Random Forest
0_Zero crossing rate,26,0.0006531424785967,Random Forest
0_LPCC_6,27,0.0005858240626839,Random Forest
0_LPCC_5,28,0.0005719552543427,Random Forest
0_Spectral decrease,29,0.0004422367047611,Random Forest
0_Negative turning points,30,0.0003660314758634,Random Forest
0_MFCC_4,31,6.034918978989297e-05,Random Forest
0_Spectral roll-on,32,5.96136893055288e-05,Random Forest
0_Power bandwidth,33,8.977670227821773e-06,Random Forest
0_Median diff,34,-1.7763568394002505e-17,Random Forest
0_Neighbourhood peaks,35,-5.533469571298669e-06,Random Forest
0_Mean,36,-0.0001159019963964,Random Forest
0_MFCC_5,37,-0.0001708884277543,Random Forest
0_Spectral positive turning points,38,-0.0002656984993591,Random Forest
0_MFCC_10,39,-0.000300861043013,Random Forest
0_Median absolute diff,40,-0.0004318676634296,Random Forest
0_Max,41,-0.0007718014713956,Random Forest
0_ECDF Percentile_0,42,-0.0046874988893915,Random Forest
0_MFCC_4,1,2.8633907561530645,Bayesian Ridge
0_ECDF Percentile_0,2,1.3259532415671995,Bayesian Ridge
0_Peak to peak distance,3,1.2731159863216726,Bayesian Ridge
0_MFCC_5,4,0.8544965019639741,Bayesian Ridge
0_Mean,5,0.7370803944779222,Bayesian Ridge
0_Max,6,0.513710156658257,Bayesian Ridge
0_MFCC_11,7,0.4992396731427149,Bayesian Ridge
0_Slope,8,0.4494619189600657,Bayesian Ridge
0_MFCC_9,9,0.3678521987978437,Bayesian Ridge
0_Median,10,0.2323084663869802,Bayesian Ridge
0_Spectral decrease,11,0.1516971823250023,Bayesian Ridge
0_MFCC_0,12,0.1153257070254616,Bayesian Ridge
0_MFCC_8,13,0.0519585251983013,Bayesian Ridge
0_ECDF Percentile_1,14,0.0505626790308889,Bayesian Ridge
0_Wavelet absolute mean_27777777.78Hz,15,0.0401287524364266,Bayesian Ridge
0_Autocorrelation,16,0.0316481399445043,Bayesian Ridge
0_LPCC_0,17,0.030458241503275,Bayesian Ridge
0_Interquartile range,18,0.0213055265189169,Bayesian Ridge
0_Spectral variation,19,0.0186334830775596,Bayesian Ridge
0_Spectral entropy,20,0.0176185776968562,Bayesian Ridge
0_Wavelet absolute mean_125000000.0Hz,21,0.0167050085967841,Bayesian Ridge
0_MFCC_10,22,0.0164272863539583,Bayesian Ridge
0_Wavelet energy_125000000.0Hz,23,0.0142862061287674,Bayesian Ridge
0_Entropy,24,0.0073451937899432,Bayesian Ridge
0_Wavelet entropy,25,0.0071539111111804,Bayesian Ridge
0_Median frequency,26,0.003685849555588,Bayesian Ridge
0_Spectral roll-on,27,0.0028993274725632,Bayesian Ridge
0_Power bandwidth,28,0.0018154840711512,Bayesian Ridge
0_LPCC_1,29,0.0012828654510998,Bayesian Ridge
0_LPCC_5,30,0.0012418668287077,Bayesian Ridge
0_Median absolute diff,31,0.0009446883864751,Bayesian Ridge
0_Mean diff,32,0.0008221489749982,Bayesian Ridge
0_Negative turning points,33,0.000599412015413,Bayesian Ridge
0_Absolute energy,34,0.0005163136834756,Bayesian Ridge
0_Histogram mode,35,0.0003158606077269,Bayesian Ridge
0_LPCC_6,36,0.0001905634468964,Bayesian Ridge
0_Maximum frequency,37,2.28157786692762e-05,Bayesian Ridge
0_Fundamental frequency,38,1.079523382987298e-05,Bayesian Ridge
0_Median diff,39,0.0,Bayesian Ridge
0_Neighbourhood peaks,40,-0.0003170736535753,Bayesian Ridge
0_Spectral positive turning points,41,-0.000348908046289,Bayesian Ridge
0_Zero crossing rate,42,-0.0003656706915784,Bayesian Ridge
0_Peak to peak distance,1,0.5833852918942769,XGBoost
0_Spectral entropy,2,0.2435101024309794,XGBoost
0_Autocorrelation,3,0.1553232630093892,XGBoost
0_Max,4,0.0086406183242797,XGBoost
0_Interquartile range,5,0.0083604248364766,XGBoost
0_Entropy,6,0.0065148671468098,XGBoost
0_Spectral variation,7,0.0063446426391601,XGBoost
0_Mean diff,8,0.0062255509694417,XGBoost
0_LPCC_0,9,0.0016774463653564,XGBoost
0_Median absolute diff,10,0.001082580089569,XGBoost
0_Slope,11,0.0009610311190287,XGBoost
0_Histogram mode,12,0.0007191999753316,XGBoost
0_Fundamental frequency,13,0.0006492829322814,XGBoost
0_Absolute energy,14,0.0004948194821675,XGBoost
0_MFCC_8,15,0.0003665232658386,XGBoost
0_LPCC_5,16,0.0002587882677714,XGBoost
0_MFCC_9,17,0.0002443838119506,XGBoost
0_Spectral decrease,18,0.0002414878209431,XGBoost
0_ECDF Percentile_0,19,0.0002284653981526,XGBoost
0_Neighbourhood peaks,20,0.0002086281776428,XGBoost
0_MFCC_11,21,0.0001889936129252,XGBoost
0_Zero crossing rate,22,0.000181967417399,XGBoost
0_ECDF Percentile_1,23,0.000151830514272,XGBoost
0_Wavelet absolute mean_27777777.78Hz,24,7.013400395711264e-05,XGBoost
0_Median,25,6.913503011067709e-05,XGBoost
0_Maximum frequency,26,3.452777862548828e-05,XGBoost
0_LPCC_6,27,1.5401840209960936e-05,XGBoost
0_Median diff,28,0.0,XGBoost
0_Power bandwidth,29,0.0,XGBoost
0_Spectral roll-on,30,0.0,XGBoost
0_Negative turning points,31,-1.0104974110921224e-05,XGBoost
0_Spectral positive turning points,32,-4.549105962117513e-05,XGBoost
0_Median frequency,33,-0.0001865100860595,XGBoost
0_MFCC_0,34,-0.0001898121833801,XGBoost
0_MFCC_10,35,-0.0002709325154622,XGBoost
0_Wavelet absolute mean_125000000.0Hz,36,-0.0003385845820109,XGBoost
0_MFCC_4,37,-0.0003386831283569,XGBoost
0_LPCC_1,38,-0.0007625977198282,XGBoost
0_Mean,39,-0.0008142169316609,XGBoost
0_Wavelet energy_125000000.0Hz,40,-0.0008974377314249,XGBoost
0_Wavelet entropy,41,-0.0010580110549926,XGBoost
0_MFCC_5,42,-0.0013776000340779,XGBoost
0_Peak to peak distance,1,0.1106067560613257,SVR
0_Spectral entropy,2,0.1083150494776184,SVR
0_LPCC_0,3,0.1045085997834685,SVR
0_ECDF Percentile_0,4,0.0948540895819076,SVR
0_Spectral decrease,5,0.0916664386272521,SVR
0_Median,6,0.0846642731770537,SVR
0_Mean diff,7,0.0780708330142737,SVR
0_Spectral variation,8,0.070184292187038,SVR
0_Absolute energy,9,0.0637746042017119,SVR
0_Interquartile range,10,0.0605330348844801,SVR
0_Wavelet absolute mean_27777777.78Hz,11,0.0594940230612216,SVR
0_Max,12,0.0432558764476107,SVR
0_Slope,13,0.0385931537232661,SVR
0_MFCC_11,14,0.0185429625174107,SVR
0_Autocorrelation,15,0.0181087697331738,SVR
0_Wavelet absolute mean_125000000.0Hz,16,0.0167842214149065,SVR
0_Wavelet energy_125000000.0Hz,17,0.0164692158545115,SVR
0_Mean,18,0.0129400195010025,SVR
0_MFCC_5,19,0.0119809859097949,SVR
0_MFCC_9,20,0.0073453217944929,SVR
0_MFCC_10,21,0.0064575762422064,SVR
0_ECDF Percentile_1,22,0.0051271569850343,SVR
0_Median diff,23,0.0048351222073351,SVR
0_MFCC_8,24,0.00436311608819,SVR
0_MFCC_0,25,0.002476114684174,SVR
0_LPCC_1,26,0.0022709917670817,SVR
0_Maximum frequency,27,0.0021944566918179,SVR
0_Spectral roll-on,28,0.0018580303280266,SVR
0_Wavelet entropy,29,0.0017680857923566,SVR
0_LPCC_5,30,0.0016162261164439,SVR
0_Entropy,31,0.001557673553688,SVR
0_Power bandwidth,32,0.0014585150915223,SVR
0_Neighbourhood peaks,33,0.0008544093822361,SVR
0_Spectral positive turning points,34,0.0008529639734774,SVR
0_Histogram mode,35,0.0006413811058236,SVR
0_Median frequency,36,0.0005638765802378,SVR
0_Zero crossing rate,37,0.0005148980354277,SVR
0_Median absolute diff,38,0.0005040695452449,SVR
0_MFCC_4,39,0.0001060722895952,SVR
0_Fundamental frequency,40,9.92911408570792e-05,SVR
0_Negative turning points,41,-0.0002245776397472,SVR
0_LPCC_6,42,-0.0003156697095992,SVR
0_Peak to peak distance,1,0.1471764007518639,Random Forest
0_Spectral entropy,2,0.0699978689013835,Random Forest
0_Absolute energy,3,0.0376255304739427,Random Forest
0_Autocorrelation,4,0.0295116953580147,Random Forest
0_Spectral variation,5,0.0283975289810854,Random Forest
0_Interquartile range,6,0.0211196490265809,Random Forest
0_Histogram mode,7,0.0176908309128354,Random Forest
0_Wavelet energy_125000000.0Hz,8,0.0155268351332322,Random Forest
0_Entropy,9,0.014119228904163,Random Forest
0_MFCC_11,10,0.0126605593313304,Random Forest
0_Slope,11,0.0074921119261946,Random Forest
0_Wavelet absolute mean_125000000.0Hz,12,0.007304946231419,Random Forest
0_ECDF Percentile_0,13,0.0048967967146247,Random Forest
0_Mean diff,14,0.0047018930778128,Random Forest
0_MFCC_0,15,0.0032629646101601,Random Forest
0_MFCC_8,16,0.0025171061186269,Random Forest
0_Median frequency,17,0.0025035193346253,Random Forest
0_MFCC_9,18,0.0020578281913136,Random Forest
0_MFCC_10,19,0.0019205304806297,Random Forest
0_Wavelet absolute mean_27777777.78Hz,20,0.0018649997514894,Random Forest
0_LPCC_0,21,0.0016652382639226,Random Forest
0_Max,22,0.0013999755726801,Random Forest
0_Fundamental frequency,23,0.0013115288694879,Random Forest
0_ECDF Percentile_1,24,0.001278759911349,Random Forest
0_Median absolute diff,25,0.0012460850948866,Random Forest
0_LPCC_1,26,0.0011666825079246,Random Forest
0_Maximum frequency,27,0.0008614053387689,Random Forest
0_MFCC_5,28,0.0007950452077965,Random Forest
0_LPCC_6,29,0.000702243098563,Random Forest
0_Median,30,0.0006539261208858,Random Forest
0_Zero crossing rate,31,0.000608111253969,Random Forest
0_LPCC_5,32,0.0004867329325028,Random Forest
0_Spectral decrease,33,0.000484700169826,Random Forest
0_Wavelet entropy,34,0.0003029444438322,Random Forest
0_MFCC_4,35,0.0002537311338837,Random Forest
0_Spectral roll-on,36,7.339274623816857e-05,Random Forest
0_Power bandwidth,37,2.929337990104604e-05,Random Forest
0_Negative turning points,38,1.7341304879218516e-05,Random Forest
0_Neighbourhood peaks,39,5.220023531954017e-06,Random Forest
0_Median diff,40,-2.0724163126336256e-17,Random Forest
0_Mean,41,-1.0043758749116447e-05,Random Forest
0_Spectral positive turning points,42,-0.0001723473895538,Random Forest
0_MFCC_4,1,1.9614044582026369,Bayesian Ridge
0_Peak to peak distance,2,1.64399951173226,Bayesian Ridge
0_ECDF Percentile_0,3,1.483499232247325,Bayesian Ridge
0_MFCC_5,4,1.006213518333622,Bayesian Ridge
0_Mean,5,0.79498132014413,Bayesian Ridge
0_Max,6,0.6426580591073976,Bayesian Ridge
0_Slope,7,0.4010494748519023,Bayesian Ridge
0_MFCC_9,8,0.3905336076475142,Bayesian Ridge
0_MFCC_11,9,0.3046076528119908,Bayesian Ridge
0_Median,10,0.2653384277785255,Bayesian Ridge
0_MFCC_0,11,0.2449337946912688,Bayesian Ridge
0_Spectral decrease,12,0.0989321096847668,Bayesian Ridge
0_ECDF Percentile_1,13,0.0966858198672899,Bayesian Ridge
0_Wavelet absolute mean_27777777.78Hz,14,0.0851356935413701,Bayesian Ridge
0_MFCC_8,15,0.0667507999240463,Bayesian Ridge
0_Spectral entropy,16,0.0518843263249877,Bayesian Ridge
0_Wavelet energy_125000000.0Hz,17,0.034025094633221,Bayesian Ridge
0_Autocorrelation,18,0.0320049947991133,Bayesian Ridge
0_Interquartile range,19,0.0275781466481844,Bayesian Ridge
0_MFCC_10,20,0.0261488658662222,Bayesian Ridge
0_Entropy,21,0.0213423103694736,Bayesian Ridge
0_Power bandwidth,22,0.01890122913849,Bayesian Ridge
0_Mean diff,23,0.0141670106126196,Bayesian Ridge
0_LPCC_0,24,0.0095372223122968,Bayesian Ridge
0_Wavelet entropy,25,0.0073843183777347,Bayesian Ridge
0_Spectral variation,26,0.0058684377407167,Bayesian Ridge
0_Spectral roll-on,27,0.005325374933397,Bayesian Ridge
0_Wavelet absolute mean_125000000.0Hz,28,0.0036313877487753,Bayesian Ridge
0_Median diff,29,0.0027199889839205,Bayesian Ridge
0_Median frequency,30,0.0017603838176152,Bayesian Ridge
0_Spectral positive turning points,31,0.0007252883428887,Bayesian Ridge
0_LPCC_6,32,0.0004728866601155,Bayesian Ridge
0_Median absolute diff,33,0.0003302621460082,Bayesian Ridge
0_Histogram mode,34,0.000258976136636,Bayesian Ridge
0_Fundamental frequency,35,0.0002344767895836,Bayesian Ridge
0_Zero crossing rate,36,0.0002023688719123,Bayesian Ridge
0_LPCC_1,37,5.341673056332189e-05,Bayesian Ridge
0_Absolute energy,38,1.0325859444318591e-05,Bayesian Ridge
0_Neighbourhood peaks,39,-4.65213307968219e-05,Bayesian Ridge
0_Negative turning points,40,-8.001740908719117e-05,Bayesian Ridge
0_LPCC_5,41,-0.0001030900893715,Bayesian Ridge
0_Maximum frequency,42,-0.0003838314470796,Bayesian Ridge
0_Peak to peak distance,1,0.5756960956255595,XGBoost
0_Spectral entropy,2,0.2401431171099345,XGBoost
0_Autocorrelation,3,0.1608742038408915,XGBoost
0_Mean diff,4,0.0082824206352233,XGBoost
0_Entropy,5,0.0070402709643046,XGBoost
0_Spectral variation,6,0.0053540992736816,XGBoost
0_Interquartile range,7,0.00493816614151,XGBoost
0_Absolute energy,8,0.0034912808736165,XGBoost
0_MFCC_11,9,0.0010560170809427,XGBoost
0_Fundamental frequency,10,0.0010105411211649,XGBoost
0_MFCC_5,11,0.0005266539255777,XGBoost
0_MFCC_8,12,0.0005260014533996,XGBoost
0_Histogram mode,13,0.0003717827796936,XGBoost
0_Max,14,0.0003608131408691,XGBoost
0_Wavelet energy_125000000.0Hz,15,0.0003572392463684,XGBoost
0_LPCC_1,16,0.0003184501330057,XGBoost
0_MFCC_0,17,0.0002992192904154,XGBoost
0_MFCC_9,18,0.000242957274119,XGBoost
0_Median,19,0.0002287864685058,XGBoost
0_Median diff,20,0.0001704661051432,XGBoost
0_Spectral decrease,21,0.0001509761810302,XGBoost
0_Wavelet absolute mean_27777777.78Hz,22,0.0001266082127888,XGBoost
0_Spectral positive turning points,23,0.0001132329305013,XGBoost
0_Neighbourhood peaks,24,8.880217870076497e-05,XGBoost
0_ECDF Percentile_1,25,3.784815470377604e-05,XGBoost
0_Maximum frequency,26,2.28420893351237e-05,XGBoost
0_Zero crossing rate,27,4.4226646423339845e-06,XGBoost
0_Spectral roll-on,28,0.0,XGBoost
0_Power bandwidth,29,0.0,XGBoost
0_LPCC_0,30,-2.8983751932779947e-05,XGBoost
0_LPCC_6,31,-5.13005256652832e-05,XGBoost
0_Mean,32,-7.089296976725261e-05,XGBoost
0_Negative turning points,33,-9.467283884684244e-05,XGBoost
0_LPCC_5,34,-0.0001898177464803,XGBoost
0_Median frequency,35,-0.0002629383405049,XGBoost
0_Wavelet absolute mean_125000000.0Hz,36,-0.0003089634577433,XGBoost
0_Median absolute diff,37,-0.0003188689549763,XGBoost
0_MFCC_10,38,-0.0004594953854878,XGBoost
0_MFCC_4,39,-0.0006097873051961,XGBoost
0_Wavelet entropy,40,-0.0010959482192993,XGBoost
0_Slope,41,-0.0022529999415079,XGBoost
0_ECDF Percentile_0,42,-0.0026895856857299,XGBoost
0_LPCC_0,1,0.128849157911172,SVR
0_Spectral decrease,2,0.123856307336915,SVR
0_Peak to peak distance,3,0.1171166537431744,SVR
0_Spectral variation,4,0.0932894993602238,SVR
0_Spectral entropy,5,0.0916951717554287,SVR
0_Interquartile range,6,0.0880701399267889,SVR
0_ECDF Percentile_0,7,0.0747538434308819,SVR
0_Absolute energy,8,0.0702281835628345,SVR
0_Mean diff,9,0.0684729868884315,SVR
0_Wavelet absolute mean_27777777.78Hz,10,0.0600730576623214,SVR
0_Median,11,0.0545659921645894,SVR
0_Max,12,0.0442850147553639,SVR
0_MFCC_11,13,0.0386960278039104,SVR
0_Autocorrelation,14,0.0259722289692605,SVR
0_Slope,15,0.0245476804983441,SVR
0_MFCC_5,16,0.0220467865731686,SVR
0_Mean,17,0.0194808047344637,SVR
0_Wavelet absolute mean_125000000.0Hz,18,0.0176554613675592,SVR
0_Wavelet energy_125000000.0Hz,19,0.0140346483397604,SVR
0_MFCC_9,20,0.0138836752099172,SVR
0_Wavelet entropy,21,0.0080636445697475,SVR
0_ECDF Percentile_1,22,0.0074335568922526,SVR
0_MFCC_10,23,0.007061208269052,SVR
0_Maximum frequency,24,0.0058064101972713,SVR
0_MFCC_0,25,0.0035324076874109,SVR
0_MFCC_8,26,0.0030178540763998,SVR
0_MFCC_4,27,0.0024944007222152,SVR
0_LPCC_5,28,0.0023510891330023,SVR
0_LPCC_1,29,0.0019288103733617,SVR
0_Median absolute diff,30,0.0018026501699795,SVR
0_Spectral positive turning points,31,0.0017700683488226,SVR
0_Entropy,32,0.0013759591494178,SVR
0_Zero crossing rate,33,0.0011879594743789,SVR
0_Power bandwidth,34,0.0009160649042617,SVR
0_Histogram mode,35,0.0008761496357475,SVR
0_Fundamental frequency,36,0.0008490682959631,SVR
0_LPCC_6,37,0.0007505421550633,SVR
0_Spectral roll-on,38,0.0005789034142472,SVR
0_Neighbourhood peaks,39,0.000533063348428,SVR
0_Negative turning points,40,0.0004716197412909,SVR
0_Median frequency,41,0.0002689456712118,SVR
0_Median diff,42,0.0,SVR
0_Peak to peak distance,1,0.1533767221814762,Random Forest
0_Spectral entropy,2,0.0696597140324703,Random Forest
0_Absolute energy,3,0.0429019384634478,Random Forest
0_Interquartile range,4,0.0416269194486208,Random Forest
0_Autocorrelation,5,0.0345128472091325,Random Forest
0_Spectral variation,6,0.0307480598951891,Random Forest
0_Entropy,7,0.0295490895882836,Random Forest
0_Histogram mode,8,0.0192365760697894,Random Forest
0_ECDF Percentile_0,9,0.0148928692677845,Random Forest
0_Wavelet energy_125000000.0Hz,10,0.0131865929031659,Random Forest
0_MFCC_11,11,0.0091521052472728,Random Forest
0_Wavelet absolute mean_125000000.0Hz,12,0.0059660715741992,Random Forest
0_LPCC_0,13,0.0044508060017019,Random Forest
0_Mean diff,14,0.00425998073381,Random Forest
0_MFCC_9,15,0.0039729169883744,Random Forest
0_Fundamental frequency,16,0.0035623469735218,Random Forest
0_ECDF Percentile_1,17,0.0032403738047371,Random Forest
0_Slope,18,0.0030000434220677,Random Forest
0_Wavelet entropy,19,0.0027245029642355,Random Forest
0_MFCC_5,20,0.0026470559589502,Random Forest
0_MFCC_8,21,0.0024611145281639,Random Forest
0_Wavelet absolute mean_27777777.78Hz,22,0.0021625675191148,Random Forest
0_Max,23,0.0020930740864315,Random Forest
0_MFCC_0,24,0.0014224390180727,Random Forest
0_Median,25,0.001270931116492,Random Forest
0_Median frequency,26,0.0012105082078393,Random Forest
0_Spectral decrease,27,0.0010666505913517,Random Forest
0_Mean,28,0.0009903339445228,Random Forest
0_Zero crossing rate,29,0.0009665420585588,Random Forest
0_MFCC_10,30,0.0008694339366975,Random Forest
0_Maximum frequency,31,0.0008633295940716,Random Forest
0_LPCC_1,32,0.0008581256004843,Random Forest
0_LPCC_5,33,0.0006304117309963,Random Forest
0_LPCC_6,34,0.0003546123880101,Random Forest
0_MFCC_4,35,0.000183679875976,Random Forest
0_Spectral roll-on,36,0.0001533301428827,Random Forest
0_Power bandwidth,37,3.5246113165815864e-05,Random Forest
0_Median absolute diff,38,1.9236119853742e-05,Random Forest
0_Median diff,39,-1.0362081563168128e-17,Random Forest
0_Neighbourhood peaks,40,-7.94449073803142e-06,Random Forest
0_Spectral positive turning points,41,-3.1806255567460674e-05,Random Forest
0_Negative turning points,42,-5.962702760820448e-05,Random Forest
0_Peak to peak distance,1,1.6770625359680829,Bayesian Ridge
0_MFCC_4,2,1.582409565361544,Bayesian Ridge
0_ECDF Percentile_0,3,0.924295534958829,Bayesian Ridge
0_Mean,4,0.8974718969285785,Bayesian Ridge
0_Max,5,0.8439917252565008,Bayesian Ridge
0_MFCC_5,6,0.7221101793490154,Bayesian Ridge
0_MFCC_11,7,0.5964540859507598,Bayesian Ridge
0_Slope,8,0.2801585187618295,Bayesian Ridge
0_MFCC_9,9,0.2153298708196791,Bayesian Ridge
0_Spectral decrease,10,0.1777410687334966,Bayesian Ridge
0_MFCC_0,11,0.1541723280573135,Bayesian Ridge
0_Median,12,0.1094279915744518,Bayesian Ridge
0_Wavelet absolute mean_27777777.78Hz,13,0.0913882618337234,Bayesian Ridge
0_LPCC_0,14,0.066609571219938,Bayesian Ridge
0_MFCC_8,15,0.0630319206835504,Bayesian Ridge
0_ECDF Percentile_1,16,0.0346346776722756,Bayesian Ridge
0_Autocorrelation,17,0.0295659848217316,Bayesian Ridge
0_Spectral variation,18,0.0290320243032938,Bayesian Ridge
0_Entropy,19,0.0198422710809404,Bayesian Ridge
0_Power bandwidth,20,0.0197991999407966,Bayesian Ridge
0_Mean diff,21,0.0195348415735676,Bayesian Ridge
0_Wavelet energy_125000000.0Hz,22,0.0178552045385548,Bayesian Ridge
0_Spectral entropy,23,0.0158368808647364,Bayesian Ridge
0_Wavelet entropy,24,0.0094480586137816,Bayesian Ridge
0_LPCC_5,25,0.0052293432127652,Bayesian Ridge
0_Median frequency,26,0.0039664941505066,Bayesian Ridge
0_Maximum frequency,27,0.003005558240182,Bayesian Ridge
0_Absolute energy,28,0.0027750160582919,Bayesian Ridge
0_Spectral roll-on,29,0.001824563496291,Bayesian Ridge
0_MFCC_10,30,0.0007855740519633,Bayesian Ridge
0_LPCC_6,31,0.0005816655049272,Bayesian Ridge
0_Fundamental frequency,32,0.0005310117046898,Bayesian Ridge
0_Spectral positive turning points,33,0.0003369180856752,Bayesian Ridge
0_Histogram mode,34,0.0002841547575701,Bayesian Ridge
0_Interquartile range,35,1.1025768494965505e-05,Bayesian Ridge
0_Median diff,36,0.0,Bayesian Ridge
0_Zero crossing rate,37,-3.151782516303066e-05,Bayesian Ridge
0_Neighbourhood peaks,38,-5.499609554759181e-05,Bayesian Ridge
0_LPCC_1,39,-7.672235660190522e-05,Bayesian Ridge
0_Wavelet absolute mean_125000000.0Hz,40,-0.000115264201984,Bayesian Ridge
0_Negative turning points,41,-0.0002010289633284,Bayesian Ridge
0_Median absolute diff,42,-0.0002930206909629,Bayesian Ridge
0_Peak to peak distance,1,0.5881728943188985,XGBoost
0_Spectral entropy,2,0.2352007675170898,XGBoost
0_Autocorrelation,3,0.1491154726346333,XGBoost
0_Entropy,4,0.0193160804112752,XGBoost
0_Interquartile range,5,0.0155733235677083,XGBoost
0_Spectral variation,6,0.0102955079078674,XGBoost
0_Mean diff,7,0.0049429814020792,XGBoost
0_Absolute energy,8,0.0049221491813659,XGBoost
0_Histogram mode,9,0.0019031961758931,XGBoost
0_Fundamental frequency,10,0.0019031723340352,XGBoost
0_Slope,11,0.0017747871081034,XGBoost
0_MFCC_10,12,0.0012137707074483,XGBoost
0_MFCC_11,13,0.0012007800738016,XGBoost
0_Wavelet energy_125000000.0Hz,14,0.001035185654958,XGBoost
0_Max,15,0.0009260702133178,XGBoost
0_LPCC_6,16,0.0007642634709676,XGBoost
0_LPCC_0,17,0.0005627171198527,XGBoost
0_MFCC_5,18,0.0005360086758931,XGBoost
0_Median frequency,19,0.0002586960792541,XGBoost
0_MFCC_4,20,0.0002357451121012,XGBoost
0_Neighbourhood peaks,21,0.0002134792009989,XGBoost
0_Median,22,0.0001733088493347,XGBoost
0_Wavelet entropy,23,0.0001586826642354,XGBoost
0_Spectral positive turning points,24,0.0001559543609619,XGBoost
0_Negative turning points,25,0.000146993001302,XGBoost
0_MFCC_8,26,0.0001337997118631,XGBoost
0_Spectral decrease,27,0.0001285235087076,XGBoost
0_MFCC_0,28,7.06791877746582e-05,XGBoost
0_Wavelet absolute mean_125000000.0Hz,29,6.317536036173503e-05,XGBoost
0_Median absolute diff,30,4.537264506022136e-05,XGBoost
0_ECDF Percentile_1,31,4.2428970336914064e-05,XGBoost
0_LPCC_1,32,3.0287901560465494e-05,XGBoost
0_Mean,33,2.5134881337483724e-05,XGBoost
0_Zero crossing rate,34,2.243677775065104e-05,XGBoost
0_Spectral roll-on,35,0.0,XGBoost
0_Power bandwidth,36,0.0,XGBoost
0_Median diff,37,0.0,XGBoost
0_Wavelet absolute mean_27777777.78Hz,38,-1.968542734781901e-06,XGBoost
0_Maximum frequency,39,-0.0002171953519185,XGBoost
0_ECDF Percentile_0,40,-0.0002268322308858,XGBoost
0_MFCC_9,41,-0.0002826142311096,XGBoost
0_LPCC_5,42,-0.0004352434476216,XGBoost
0_Peak to peak distance,1,0.1066431754705637,SVR
0_Median,2,0.092747875253113,SVR
0_Spectral decrease,3,0.0876076127969807,SVR
0_Interquartile range,4,0.0871326678938858,SVR
0_Spectral entropy,5,0.0842075425426242,SVR
0_ECDF Percentile_0,6,0.0841706053529791,SVR
0_LPCC_0,7,0.0815488889089911,SVR
0_Spectral variation,8,0.0793794886573285,SVR
0_Wavelet absolute mean_27777777.78Hz,9,0.0781163836610445,SVR
0_Absolute energy,10,0.0752518701311997,SVR
0_Mean diff,11,0.0718881304342939,SVR
0_Max,12,0.0364103719153081,SVR
0_Slope,13,0.0301262000371086,SVR
0_MFCC_11,14,0.0266095840418347,SVR
0_Maximum frequency,15,0.0221488878907971,SVR
0_MFCC_5,16,0.017605315161415,SVR
0_Autocorrelation,17,0.0150910138617571,SVR
0_Wavelet absolute mean_125000000.0Hz,18,0.014169007551266,SVR
0_Mean,19,0.0097119447855783,SVR
0_Wavelet energy_125000000.0Hz,20,0.0063051954522092,SVR
0_MFCC_9,21,0.0059515962760933,SVR
0_MFCC_10,22,0.0038878516797228,SVR
0_MFCC_0,23,0.0033112261629967,SVR
0_MFCC_8,24,0.0032673904097269,SVR
0_LPCC_5,25,0.0027838144651192,SVR
0_Histogram mode,26,0.0027718396425917,SVR
0_MFCC_4,27,0.0026812365043628,SVR
0_LPCC_1,28,0.0024031448426524,SVR
0_ECDF Percentile_1,29,0.0021145906542598,SVR
0_Entropy,30,0.0020322925753945,SVR
0_LPCC_6,31,0.0017416751565453,SVR
0_Zero crossing rate,32,0.0012304102272641,SVR
0_Median absolute diff,33,0.00118681606176,SVR
0_Fundamental frequency,34,0.0010997655738394,SVR
0_Wavelet entropy,35,0.0008182071788169,SVR
0_Spectral roll-on,36,0.0007488142758721,SVR
0_Power bandwidth,37,0.0005992819195749,SVR
0_Spectral positive turning points,38,0.0004139483373983,SVR
0_Negative turning points,39,0.0001444358691285,SVR
0_Neighbourhood peaks,40,4.279310966572562e-05,SVR
0_Median diff,41,0.0,SVR
0_Median frequency,42,-0.001157108469447,SVR
0_Peak to peak distance,1,0.2052893134791921,Random Forest
0_Spectral entropy,2,0.0700269998834949,Random Forest
0_Absolute energy,3,0.0432059125157196,Random Forest
0_Interquartile range,4,0.0408731373691005,Random Forest
0_Autocorrelation,5,0.0355150061768529,Random Forest
0_Spectral variation,6,0.0258535546250857,Random Forest
0_Entropy,7,0.0211834170956234,Random Forest
0_Histogram mode,8,0.0182341585472305,Random Forest
0_ECDF Percentile_0,9,0.0120849713451072,Random Forest
0_Wavelet energy_125000000.0Hz,10,0.0099315914576947,Random Forest
0_Wavelet absolute mean_125000000.0Hz,11,0.0092405359913212,Random Forest
0_MFCC_11,12,0.0092315204296904,Random Forest
0_Wavelet absolute mean_27777777.78Hz,13,0.005538509825172,Random Forest
0_Mean diff,14,0.0042480871943425,Random Forest
0_Fundamental frequency,15,0.0042175575241409,Random Forest
0_LPCC_0,16,0.0041427254505724,Random Forest
0_Slope,17,0.0039760439878754,Random Forest
0_MFCC_8,18,0.0039069245778902,Random Forest
0_MFCC_9,19,0.0037528751777875,Random Forest
0_ECDF Percentile_1,20,0.0036650287971313,Random Forest
0_MFCC_0,21,0.0026666079688684,Random Forest
0_Wavelet entropy,22,0.0020142083816648,Random Forest
0_LPCC_1,23,0.0019060856216802,Random Forest
0_MFCC_5,24,0.0016711947309939,Random Forest
0_Maximum frequency,25,0.0013530832746725,Random Forest
0_Spectral decrease,26,0.0013168945730105,Random Forest
0_Max,27,0.0012681179363105,Random Forest
0_MFCC_10,28,0.0008537728920996,Random Forest
0_Median frequency,29,0.0008080609985635,Random Forest
0_Median,30,0.0007657442559158,Random Forest
0_LPCC_5,31,0.0007598491113578,Random Forest
0_Zero crossing rate,32,0.0005770594919397,Random Forest
0_LPCC_6,33,0.000568107366898,Random Forest
0_Mean,34,0.0004420667347415,Random Forest
0_Power bandwidth,35,0.0001799218400647,Random Forest
0_Spectral positive turning points,36,0.0001221135342687,Random Forest
0_Median absolute diff,37,6.978520266581078e-05,Random Forest
0_Negative turning points,38,4.9138129414794856e-05,Random Forest
0_Spectral roll-on,39,1.6702253420923796e-05,Random Forest
0_Neighbourhood peaks,40,8.736634793494365e-06,Random Forest
0_Median diff,41,0.0,Random Forest
0_MFCC_4,42,-2.850564790222609e-05,Random Forest
0_Peak to peak distance,1,1.7400915112085755,Bayesian Ridge
0_MFCC_4,2,1.6512712027637884,Bayesian Ridge
0_ECDF Percentile_0,3,1.486662849245615,Bayesian Ridge
0_MFCC_5,4,1.255826887998187,Bayesian Ridge
0_Mean,5,0.7573145227602853,Bayesian Ridge
0_Max,6,0.568674151571489,Bayesian Ridge
0_MFCC_11,7,0.5341127187423098,Bayesian Ridge
0_MFCC_9,8,0.4100752770522508,Bayesian Ridge
0_Slope,9,0.3238393979561567,Bayesian Ridge
0_MFCC_8,10,0.1962073796443043,Bayesian Ridge
0_Median,11,0.1695858760285986,Bayesian Ridge
0_MFCC_0,12,0.1448749254262709,Bayesian Ridge
0_Spectral decrease,13,0.1166509395742024,Bayesian Ridge
0_ECDF Percentile_1,14,0.0969582645149087,Bayesian Ridge
0_LPCC_0,15,0.0475135386181333,Bayesian Ridge
0_Absolute energy,16,0.0293949341356736,Bayesian Ridge
0_Interquartile range,17,0.0289044067947168,Bayesian Ridge
0_Wavelet absolute mean_27777777.78Hz,18,0.0285991220381194,Bayesian Ridge
0_Autocorrelation,19,0.025908194249941,Bayesian Ridge
0_Entropy,20,0.0257148319214967,Bayesian Ridge
0_Spectral entropy,21,0.0231835908262268,Bayesian Ridge
0_Wavelet energy_125000000.0Hz,22,0.0202280399281776,Bayesian Ridge
0_Spectral variation,23,0.0116474422846649,Bayesian Ridge
0_Wavelet absolute mean_125000000.0Hz,24,0.0086133895670016,Bayesian Ridge
0_Wavelet entropy,25,0.0085958980812936,Bayesian Ridge
0_Power bandwidth,26,0.0073997478179531,Bayesian Ridge
0_MFCC_10,27,0.0050171388399974,Bayesian Ridge
0_Spectral roll-on,28,0.0045711346758073,Bayesian Ridge
0_LPCC_1,29,0.0040801163026807,Bayesian Ridge
0_Median frequency,30,0.0024235352990996,Bayesian Ridge
0_Zero crossing rate,31,0.0023835094486068,Bayesian Ridge
0_Maximum frequency,32,0.0020042046278215,Bayesian Ridge
0_Mean diff,33,0.0006982257873239,Bayesian Ridge
0_Fundamental frequency,34,0.0005579630414571,Bayesian Ridge
0_Spectral positive turning points,35,0.0004688354890817,Bayesian Ridge
0_Negative turning points,36,0.0003898621369492,Bayesian Ridge
0_LPCC_5,37,0.00010418815592,Bayesian Ridge
0_Neighbourhood peaks,38,4.930994092237443e-05,Bayesian Ridge
0_Median diff,39,0.0,Bayesian Ridge
0_Histogram mode,40,-8.974872717246433e-05,Bayesian Ridge
0_Median absolute diff,41,-0.0002149983978359,Bayesian Ridge
0_LPCC_6,42,-0.0002675619543681,Bayesian Ridge
0_Peak to peak distance,1,0.5329603131612142,XGBoost
0_Spectral entropy,2,0.2279523261388143,XGBoost
0_Autocorrelation,3,0.1557501697540283,XGBoost
0_Interquartile range,4,0.0290136035283406,XGBoost
0_Spectral variation,5,0.0180128057797749,XGBoost
0_Entropy,6,0.0158267744382222,XGBoost
0_Absolute energy,7,0.0078725067774454,XGBoost
0_Mean diff,8,0.0052896849314371,XGBoost
0_ECDF Percentile_1,9,0.0022198096911112,XGBoost
0_Fundamental frequency,10,0.0015920368830362,XGBoost
0_Max,11,0.0015553251902262,XGBoost
0_Slope,12,0.0014031100273132,XGBoost
0_Wavelet absolute mean_125000000.0Hz,13,0.000944926738739,XGBoost
0_MFCC_5,14,0.0008771665891011,XGBoost
0_Spectral positive turning points,15,0.0005932768185933,XGBoost
0_LPCC_0,16,0.0005812684694925,XGBoost
0_Wavelet absolute mean_27777777.78Hz,17,0.0005508295694986,XGBoost
0_MFCC_10,18,0.0005309414863586,XGBoost
0_ECDF Percentile_0,19,0.0004950396219889,XGBoost
0_Mean,20,0.0004557005564371,XGBoost
0_Histogram mode,21,0.0004283102353413,XGBoost
0_MFCC_11,22,0.0004236944516499,XGBoost
0_MFCC_4,23,0.0003733436266581,XGBoost
0_LPCC_6,24,0.0002529501914978,XGBoost
0_MFCC_0,25,0.0002134807904561,XGBoost
0_MFCC_8,26,0.0001264158884684,XGBoost
0_Negative turning points,27,0.0001061089833577,XGBoost
0_Zero crossing rate,28,7.691065470377604e-05,XGBoost
0_Neighbourhood peaks,29,6.032943725585937e-05,XGBoost
0_LPCC_1,30,1.892566680908203e-05,XGBoost
0_Median absolute diff,31,1.5099843343098958e-06,XGBoost
0_Median diff,32,0.0,XGBoost
0_Median frequency,33,0.0,XGBoost
0_Power bandwidth,34,0.0,XGBoost
0_Spectral roll-on,35,0.0,XGBoost
0_Median,36,-6.870349248250326e-05,XGBoost
0_LPCC_5,37,-7.117033004760742e-05,XGBoost
0_Maximum frequency,38,-0.0002416896820068,XGBoost
0_Wavelet energy_125000000.0Hz,39,-0.0002497537930806,XGBoost
0_Wavelet entropy,40,-0.0003486323356628,XGBoost
0_MFCC_9,41,-0.0003694574038187,XGBoost
0_Spectral decrease,42,-0.0007590277989705,XGBoost
0_Spectral entropy,1,0.1425065150399046,SVR
0_Peak to peak distance,2,0.1369137696702244,SVR
0_LPCC_0,3,0.0967541631862695,SVR
0_Spectral decrease,4,0.092328700793931,SVR
0_Median,5,0.0900225510481091,SVR
0_ECDF Percentile_0,6,0.0839721286764774,SVR
0_Interquartile range,7,0.0687944166329667,SVR
0_Spectral variation,8,0.062900634479902,SVR
0_Absolute energy,9,0.0593562697511542,SVR
0_Mean diff,10,0.056106828086443,SVR
0_MFCC_11,11,0.0381973092502094,SVR
0_Slope,12,0.036845589892482,SVR
0_Max,13,0.0360776787606131,SVR
0_Wavelet absolute mean_27777777.78Hz,14,0.0276271091142924,SVR
0_Wavelet absolute mean_125000000.0Hz,15,0.020412491753165,SVR
0_Wavelet entropy,16,0.0162714786897266,SVR
0_Mean,17,0.0151234391857557,SVR
0_Autocorrelation,18,0.0131279935432865,SVR
0_MFCC_9,19,0.0116940333722196,SVR
0_Maximum frequency,20,0.0089808387463936,SVR
0_MFCC_0,21,0.0085459668769006,SVR
0_MFCC_5,22,0.0071928117417589,SVR
0_LPCC_5,23,0.0057857916548041,SVR
0_MFCC_8,24,0.0045140865017376,SVR
0_MFCC_4,25,0.0039085767777799,SVR
0_MFCC_10,26,0.003879628442942,SVR
0_Median diff,27,0.0038299702026666,SVR
0_Zero crossing rate,28,0.0029450981623495,SVR
0_Histogram mode,29,0.0027326484689926,SVR
0_Entropy,30,0.0020362030704407,SVR
0_LPCC_1,31,0.0019576795444544,SVR
0_Wavelet energy_125000000.0Hz,32,0.0019370908846342,SVR
0_ECDF Percentile_1,33,0.0018526656369984,SVR
0_Spectral positive turning points,34,0.0014048893425139,SVR
0_Spectral roll-on,35,0.0012636461610619,SVR
0_Negative turning points,36,0.000975574580895,SVR
0_Fundamental frequency,37,0.0004263889985247,SVR
0_Median absolute diff,38,0.0003638126719335,SVR
0_Power bandwidth,39,0.0002803043573601,SVR
0_LPCC_6,40,-8.796786201333173e-05,SVR
0_Neighbourhood peaks,41,-0.0002114747449208,SVR
0_Median frequency,42,-0.0006514111239226,SVR
0_Peak to peak distance,1,0.1489894925048284,Random Forest
0_Spectral entropy,2,0.0804988819468805,Random Forest
0_Absolute energy,3,0.0432877563974117,Random Forest
0_Spectral variation,4,0.0373395919854363,Random Forest
0_Interquartile range,5,0.0341107157051758,Random Forest
0_Autocorrelation,6,0.0272212763243393,Random Forest
0_Entropy,7,0.0249913034639805,Random Forest
0_MFCC_11,8,0.0146704313653784,Random Forest
0_Wavelet energy_125000000.0Hz,9,0.0107834991813864,Random Forest
0_Histogram mode,10,0.0100920405077485,Random Forest
0_Wavelet absolute mean_125000000.0Hz,11,0.0090917467669281,Random Forest
0_Mean diff,12,0.0075534846137513,Random Forest
0_Slope,13,0.0069187150847297,Random Forest
0_ECDF Percentile_0,14,0.0049510947040896,Random Forest
0_MFCC_9,15,0.0048600816928965,Random Forest
0_MFCC_8,16,0.0043618618442315,Random Forest
0_LPCC_0,17,0.0037669245112347,Random Forest
0_Wavelet entropy,18,0.0034337118027886,Random Forest
0_ECDF Percentile_1,19,0.0033665909205533,Random Forest
0_MFCC_0,20,0.0031303310056129,Random Forest
0_Wavelet absolute mean_27777777.78Hz,21,0.002864770317406,Random Forest
0_Fundamental frequency,22,0.0021159353171389,Random Forest
0_MFCC_10,23,0.0019282103248903,Random Forest
0_Maximum frequency,24,0.0014679948688069,Random Forest
0_Max,25,0.001190777900302,Random Forest
0_LPCC_1,26,0.0011809574878855,Random Forest
0_Median,27,0.001019952021124,Random Forest
0_Spectral decrease,28,0.0010053593273848,Random Forest
0_Mean,29,0.0007372418702746,Random Forest
0_MFCC_5,30,0.0007035615430331,Random Forest
0_Spectral positive turning points,31,0.0005938314282288,Random Forest
0_Median absolute diff,32,0.0004068149223133,Random Forest
0_Zero crossing rate,33,0.0003725730189576,Random Forest
0_LPCC_5,34,0.0003098653348033,Random Forest
0_LPCC_6,35,0.0001495853415172,Random Forest
0_Spectral roll-on,36,0.0001193427587262,Random Forest
0_Power bandwidth,37,3.981911518771586e-05,Random Forest
0_Neighbourhood peaks,38,2.1959046168333883e-05,Random Forest
0_Median diff,39,9.325873406851316e-17,Random Forest
0_Median frequency,40,-7.205229247248054e-05,Random Forest
0_Negative turning points,41,-0.0001362689949185,Random Forest
0_MFCC_4,42,-0.0002577652337606,Random Forest
0_Peak to peak distance,1,1.999389956583786,Bayesian Ridge
0_MFCC_4,2,1.905138501598794,Bayesian Ridge
0_MFCC_5,3,1.1461524339977094,Bayesian Ridge
0_ECDF Percentile_0,4,0.939180361268019,Bayesian Ridge
0_Mean,5,0.6227784470773045,Bayesian Ridge
0_Max,6,0.502174305292268,Bayesian Ridge
0_MFCC_9,7,0.4407932912251063,Bayesian Ridge
0_Slope,8,0.4086881553736723,Bayesian Ridge
0_Spectral decrease,9,0.2046674320894992,Bayesian Ridge
0_Median,10,0.174612096092744,Bayesian Ridge
0_MFCC_0,11,0.1713474814415576,Bayesian Ridge
0_MFCC_11,12,0.111452188175577,Bayesian Ridge
0_MFCC_10,13,0.1056193348649401,Bayesian Ridge
0_LPCC_0,14,0.0624145351386253,Bayesian Ridge
0_Wavelet absolute mean_27777777.78Hz,15,0.035076244173806,Bayesian Ridge
0_Wavelet entropy,16,0.0246846524612041,Bayesian Ridge
0_Autocorrelation,17,0.021701369013437,Bayesian Ridge
0_ECDF Percentile_1,18,0.0211720034637142,Bayesian Ridge
0_Wavelet energy_125000000.0Hz,19,0.0195520207904154,Bayesian Ridge
0_Spectral variation,20,0.0172285418773313,Bayesian Ridge
0_MFCC_8,21,0.0108081913395178,Bayesian Ridge
0_Entropy,22,0.00961477130791,Bayesian Ridge
0_Spectral entropy,23,0.0066261484939655,Bayesian Ridge
0_Power bandwidth,24,0.006503883075989,Bayesian Ridge
0_Mean diff,25,0.0061020707133189,Bayesian Ridge
0_Median frequency,26,0.0030128264346581,Bayesian Ridge
0_Spectral roll-on,27,0.0029743967552932,Bayesian Ridge
0_Wavelet absolute mean_125000000.0Hz,28,0.0027868102137644,Bayesian Ridge
0_Median absolute diff,29,0.0027072568929287,Bayesian Ridge
0_LPCC_5,30,0.0023763973711801,Bayesian Ridge
0_Maximum frequency,31,0.0016915711927264,Bayesian Ridge
0_LPCC_1,32,0.0012387003877927,Bayesian Ridge
0_Negative turning points,33,0.0009749749190892,Bayesian Ridge
0_Interquartile range,34,0.0006052179645229,Bayesian Ridge
0_Absolute energy,35,0.0003688379595552,Bayesian Ridge
0_LPCC_6,36,0.0002178283332204,Bayesian Ridge
0_Histogram mode,37,0.0001176635312625,Bayesian Ridge
0_Median diff,38,8.8016388067557e-05,Bayesian Ridge
0_Neighbourhood peaks,39,-1.5620955542428778e-05,Bayesian Ridge
0_Spectral positive turning points,40,-0.0002501663536503,Bayesian Ridge
0_Fundamental frequency,41,-0.0004136681827241,Bayesian Ridge
0_Zero crossing rate,42,-0.0005930200600481,Bayesian Ridge
0_Peak to peak distance,1,0.62175972143809,XGBoost
0_Spectral entropy,2,0.2498708629608154,XGBoost
0_Autocorrelation,3,0.1283729497591654,XGBoost
0_Spectral variation,4,0.0133285196622212,XGBoost
0_Absolute energy,5,0.010212542215983,XGBoost
0_Interquartile range,6,0.0084703461329142,XGBoost
0_Entropy,7,0.0060743387540181,XGBoost
0_Mean diff,8,0.0053663690884908,XGBoost
0_Slope,9,0.0051145537694295,XGBoost
0_MFCC_9,10,0.0013503583272298,XGBoost
0_MFCC_5,11,0.0011784648895263,XGBoost
0_Histogram mode,12,0.0009449092547098,XGBoost
0_Fundamental frequency,13,0.0007859603563944,XGBoost
0_Spectral decrease,14,0.0003701925277709,XGBoost
0_MFCC_8,15,0.0002955826123555,XGBoost
0_LPCC_1,16,0.0002727429072062,XGBoost
0_Median diff,17,0.0002320869763692,XGBoost
0_Wavelet absolute mean_125000000.0Hz,18,0.0001676034927368,XGBoost
0_Mean,19,0.000136612256368,XGBoost
0_MFCC_0,20,0.0001365208625793,XGBoost
0_Zero crossing rate,21,0.0001305365562438,XGBoost
0_Wavelet absolute mean_27777777.78Hz,22,0.0001290949185689,XGBoost
0_LPCC_0,23,0.00012726465861,XGBoost
0_MFCC_11,24,9.35085614522298e-05,XGBoost
0_Neighbourhood peaks,25,3.247817357381185e-05,XGBoost
0_Median frequency,26,6.444454193115235e-06,XGBoost
0_Median absolute diff,27,0.0,XGBoost
0_Power bandwidth,28,0.0,XGBoost
0_Spectral roll-on,29,0.0,XGBoost
0_Max,30,-2.202272415161133e-05,XGBoost
0_Median,31,-2.5279521942138672e-05,XGBoost
0_MFCC_4,32,-3.5288333892822263e-05,XGBoost
0_LPCC_5,33,-7.839282353719076e-05,XGBoost
0_Negative turning points,34,-0.0001015361150105,XGBoost
0_ECDF Percentile_1,35,-0.00012624502182,XGBoost
0_LPCC_6,36,-0.000164402325948,XGBoost
0_Spectral positive turning points,37,-0.0002033837636311,XGBoost
0_Wavelet energy_125000000.0Hz,38,-0.0002805415789286,XGBoost
0_MFCC_10,39,-0.0002837435404459,XGBoost
0_Wavelet entropy,40,-0.0003038199742635,XGBoost
0_Maximum frequency,41,-0.0003086725870768,XGBoost
0_ECDF Percentile_0,42,-0.000561199982961,XGBoost
0_Peak to peak distance,1,0.1158949027780762,SVR
0_Spectral entropy,2,0.1141583191366533,SVR
0_Spectral decrease,3,0.1069527675726016,SVR
0_Median,4,0.1007449910136584,SVR
0_ECDF Percentile_0,5,0.0919894804724074,SVR
0_Spectral variation,6,0.0914442163039644,SVR
0_Interquartile range,7,0.0908824966836393,SVR
0_Mean diff,8,0.0730649435447109,SVR
0_LPCC_0,9,0.0673828592424182,SVR
0_Max,10,0.0650202894955229,SVR
0_Wavelet absolute mean_27777777.78Hz,11,0.0636207047634038,SVR
0_Absolute energy,12,0.0382488300452227,SVR
0_MFCC_11,13,0.0269267040910597,SVR
0_Wavelet absolute mean_125000000.0Hz,14,0.0252574217774869,SVR
0_Slope,15,0.0209941617302023,SVR
0_Wavelet energy_125000000.0Hz,16,0.0148184052324149,SVR
0_MFCC_5,17,0.0124600668293553,SVR
0_Autocorrelation,18,0.0122636545093525,SVR
0_Mean,19,0.0120225129481446,SVR
0_MFCC_9,20,0.010057438176296,SVR
0_MFCC_10,21,0.0055332238860768,SVR
0_Maximum frequency,22,0.005020679115186,SVR
0_ECDF Percentile_1,23,0.0044522592749072,SVR
0_Median diff,24,0.0037363308521316,SVR
0_MFCC_4,25,0.0036126498745836,SVR
0_MFCC_0,26,0.0027634168550327,SVR
0_LPCC_1,27,0.0027113013339501,SVR
0_Histogram mode,28,0.0023175723132336,SVR
0_LPCC_5,29,0.0022633996615447,SVR
0_Spectral positive turning points,30,0.0019865751594306,SVR
0_MFCC_8,31,0.0018769531661545,SVR
0_Spectral roll-on,32,0.0013929530019281,SVR
0_Median frequency,33,0.0011972331758323,SVR
0_Wavelet entropy,34,0.0011788662494315,SVR
0_Power bandwidth,35,0.0010109839992971,SVR
0_Negative turning points,36,0.0003741336027365,SVR
0_Median absolute diff,37,0.0003633834118014,SVR
0_Entropy,38,0.0003390931250694,SVR
0_Zero crossing rate,39,0.0003361993519253,SVR
0_Fundamental frequency,40,0.0003288698079336,SVR
0_Neighbourhood peaks,41,0.0002081896313634,SVR
0_LPCC_6,42,7.868271181540099e-05,SVR
0_Peak to peak distance,1,0.154971901801872,Random Forest
0_Spectral entropy,2,0.0751557992447942,Random Forest
0_Absolute energy,3,0.042381155499396,Random Forest
0_Spectral variation,4,0.0356519159377428,Random Forest
0_Autocorrelation,5,0.031483922122022,Random Forest
0_Interquartile range,6,0.0229344505964252,Random Forest
0_Entropy,7,0.0225972616562763,Random Forest
0_Wavelet energy_125000000.0Hz,8,0.0148685328796044,Random Forest
0_MFCC_11,9,0.0123280205009399,Random Forest
0_Histogram mode,10,0.0082164019771317,Random Forest
0_ECDF Percentile_0,11,0.0073451662581698,Random Forest
0_Wavelet absolute mean_125000000.0Hz,12,0.007299315618441,Random Forest
0_Slope,13,0.0059135719007021,Random Forest
0_Mean diff,14,0.0059082992501761,Random Forest
0_LPCC_0,15,0.0047570468976527,Random Forest
0_MFCC_8,16,0.0030223654602026,Random Forest
0_MFCC_0,17,0.0027894256083465,Random Forest
0_MFCC_9,18,0.0027362670108132,Random Forest
0_ECDF Percentile_1,19,0.0025438116410203,Random Forest
0_Fundamental frequency,20,0.0023359321942651,Random Forest
0_Median frequency,21,0.0021277388595319,Random Forest
0_Wavelet absolute mean_27777777.78Hz,22,0.0017278352145873,Random Forest
0_Wavelet entropy,23,0.0015145995203271,Random Forest
0_MFCC_10,24,0.0015139357173244,Random Forest
0_Maximum frequency,25,0.0012552649001343,Random Forest
0_Median,26,0.0010553271839777,Random Forest
0_Max,27,0.0008555548247376,Random Forest
0_MFCC_5,28,0.0007603944808359,Random Forest
0_LPCC_1,29,0.0006505693824146,Random Forest
0_Zero crossing rate,30,0.0004750329384479,Random Forest
0_Spectral positive turning points,31,0.0003622131744815,Random Forest
0_Spectral decrease,32,0.0002475928414586,Random Forest
0_MFCC_4,33,0.0002460485473351,Random Forest
0_Power bandwidth,34,7.616624567747957e-05,Random Forest
0_Spectral roll-on,35,1.43756066210828e-05,Random Forest
0_Neighbourhood peaks,36,4.627563307318579e-06,Random Forest
0_Median diff,37,-1.4802973661668757e-18,Random Forest
0_Negative turning points,38,-1.3674426437209065e-05,Random Forest
0_LPCC_5,39,-0.0002210316479371,Random Forest
0_LPCC_6,40,-0.0002422079763567,Random Forest
0_Mean,41,-0.0003138813525317,Random Forest
0_Median absolute diff,42,-0.0003601705191507,Random Forest
0_MFCC_4,1,2.4135694869056863,Bayesian Ridge
0_Peak to peak distance,2,2.0751705924058155,Bayesian Ridge
0_ECDF Percentile_0,3,1.2493831525441212,Bayesian Ridge
0_Mean,4,0.9126642412063974,Bayesian Ridge
0_MFCC_5,5,0.9010451908191692,Bayesian Ridge
0_Max,6,0.7188066491890688,Bayesian Ridge
0_MFCC_11,7,0.5506380715775261,Bayesian Ridge
0_MFCC_9,8,0.4007183019789403,Bayesian Ridge
0_Slope,9,0.3072278191808555,Bayesian Ridge
0_MFCC_0,10,0.189947500182395,Bayesian Ridge
0_Median,11,0.1616199714336974,Bayesian Ridge
0_Spectral decrease,12,0.0886775414902048,Bayesian Ridge
0_MFCC_8,13,0.066698408078144,Bayesian Ridge
0_Wavelet absolute mean_27777777.78Hz,14,0.0533596846950725,Bayesian Ridge
0_ECDF Percentile_1,15,0.0425672678118864,Bayesian Ridge
0_Spectral entropy,16,0.0274267225711951,Bayesian Ridge
0_MFCC_10,17,0.0255868482982827,Bayesian Ridge
0_Wavelet energy_125000000.0Hz,18,0.024648110000163,Bayesian Ridge
0_Entropy,19,0.0240815557879945,Bayesian Ridge
0_Autocorrelation,20,0.0229059150046405,Bayesian Ridge
0_Mean diff,21,0.0215757037268808,Bayesian Ridge
0_Spectral variation,22,0.0141247644909717,Bayesian Ridge
0_Power bandwidth,23,0.0125383212710266,Bayesian Ridge
0_Wavelet entropy,24,0.0125160354827459,Bayesian Ridge
0_Absolute energy,25,0.0121360606888947,Bayesian Ridge
0_Interquartile range,26,0.0085114139659953,Bayesian Ridge
0_LPCC_1,27,0.0055610031558363,Bayesian Ridge
0_Wavelet absolute mean_125000000.0Hz,28,0.0055154410340039,Bayesian Ridge
0_LPCC_0,29,0.0053233636753386,Bayesian Ridge
0_Spectral roll-on,30,0.0038766291925033,Bayesian Ridge
0_Median frequency,31,0.0026252775965961,Bayesian Ridge
0_Median diff,32,0.0023638627461525,Bayesian Ridge
0_Zero crossing rate,33,0.0015226307724539,Bayesian Ridge
0_LPCC_5,34,0.0007540682980144,Bayesian Ridge
0_Spectral positive turning points,35,0.0006045117531344,Bayesian Ridge
0_Maximum frequency,36,0.0005763595215985,Bayesian Ridge
0_LPCC_6,37,9.35600067275392e-05,Bayesian Ridge
0_Negative turning points,38,4.2112059468677466e-05,Bayesian Ridge
0_Median absolute diff,39,3.14667988369625e-05,Bayesian Ridge
0_Histogram mode,40,1.9373765318969245e-05,Bayesian Ridge
0_Neighbourhood peaks,41,-1.267589209284677e-06,Bayesian Ridge
0_Fundamental frequency,42,-0.0001821448736883,Bayesian Ridge
0_Peak to peak distance,1,0.5698575552304586,XGBoost
0_Spectral entropy,2,0.219935024579366,XGBoost
0_Autocorrelation,3,0.1364392518997192,XGBoost
0_Interquartile range,4,0.0238593482971191,XGBoost
0_Spectral variation,5,0.0154468623797098,XGBoost
0_Entropy,6,0.0132327008247375,XGBoost
0_Mean diff,7,0.0080703465143839,XGBoost
0_Absolute energy,8,0.0079751269022623,XGBoost
0_Slope,9,0.0052188253402709,XGBoost
0_Histogram mode,10,0.0050075840950012,XGBoost
0_ECDF Percentile_1,11,0.0046225579579671,XGBoost
0_MFCC_0,12,0.0042161059379577,XGBoost
0_MFCC_5,13,0.0028521347045898,XGBoost
0_ECDF Percentile_0,14,0.0015809345245361,XGBoost
0_Max,15,0.0013501159350077,XGBoost
0_MFCC_11,16,0.0008524147669474,XGBoost
0_Fundamental frequency,17,0.0008351461092631,XGBoost
0_Wavelet energy_125000000.0Hz,18,0.0008341828982035,XGBoost
0_LPCC_0,19,0.0005220381418863,XGBoost
0_Spectral positive turning points,20,0.0004122893015543,XGBoost
0_MFCC_8,21,0.0003119389216105,XGBoost
0_Spectral decrease,22,0.0002262584368387,XGBoost
0_LPCC_1,23,0.0002137064933776,XGBoost
0_Median,24,0.0001703230539957,XGBoost
0_MFCC_10,25,0.000141999721527,XGBoost
0_LPCC_6,26,8.855104446411133e-05,XGBoost
0_Mean,27,8.640527725219727e-05,XGBoost
0_Median diff,28,8.094469706217448e-05,XGBoost
0_LPCC_5,29,3.550132115681966e-05,XGBoost
0_Neighbourhood peaks,30,3.159125645955404e-05,XGBoost
0_MFCC_9,31,3.1410853068033855e-05,XGBoost
0_Negative turning points,32,2.6670296986897786e-05,XGBoost
0_Median frequency,33,6.7901611328125e-06,XGBoost
0_Zero crossing rate,34,3.7256876627604167e-06,XGBoost
0_Spectral roll-on,35,0.0,XGBoost
0_Power bandwidth,36,0.0,XGBoost
0_Median absolute diff,37,-3.090699513753255e-06,XGBoost
0_Maximum frequency,38,-0.0001741472880045,XGBoost
0_Wavelet absolute mean_125000000.0Hz,39,-0.0002272899945576,XGBoost
0_MFCC_4,40,-0.0002421879768371,XGBoost
0_Wavelet absolute mean_27777777.78Hz,41,-0.0002628668149312,XGBoost
0_Wavelet entropy,42,-0.0004844951629638,XGBoost
0_Spectral decrease,1,0.1241674367085643,SVR
0_Peak to peak distance,2,0.1164707463274526,SVR
0_Spectral variation,3,0.0938953606764121,SVR
0_LPCC_0,4,0.0846300666256502,SVR
0_Mean diff,5,0.0821987762789754,SVR
0_Median,6,0.0813118572440965,SVR
0_ECDF Percentile_0,7,0.0790102439378977,SVR
0_Interquartile range,8,0.0738243505201405,SVR
0_Spectral entropy,9,0.0694871053084063,SVR
0_Absolute energy,10,0.0632005404973184,SVR
0_Wavelet absolute mean_27777777.78Hz,11,0.0533335217735838,SVR
0_Max,12,0.0513948436042673,SVR
0_MFCC_11,13,0.046013464950618,SVR
0_Slope,14,0.0351279000277511,SVR
0_Mean,15,0.0230094681174838,SVR
0_Wavelet energy_125000000.0Hz,16,0.0177332316453577,SVR
0_Wavelet absolute mean_125000000.0Hz,17,0.0172125068031046,SVR
0_MFCC_9,18,0.0162697666992763,SVR
0_MFCC_5,19,0.0131288118168183,SVR
0_Autocorrelation,20,0.0108042946792388,SVR
0_Wavelet entropy,21,0.0101883022391057,SVR
0_Maximum frequency,22,0.009682627051242,SVR
0_ECDF Percentile_1,23,0.0074055493121532,SVR
0_MFCC_0,24,0.006569806120449,SVR
0_MFCC_10,25,0.0042698228717038,SVR
0_MFCC_8,26,0.0041298953979546,SVR
0_LPCC_1,27,0.0039141329733188,SVR
0_MFCC_4,28,0.0039119695822125,SVR
0_Median absolute diff,29,0.0027629321375834,SVR
0_Zero crossing rate,30,0.0024934413779675,SVR
0_LPCC_5,31,0.0023265183330901,SVR
0_Entropy,32,0.0021951089217327,SVR
0_Histogram mode,33,0.0021233705825088,SVR
0_Spectral positive turning points,34,0.0015583803373661,SVR
0_Fundamental frequency,35,0.0013984380233391,SVR
0_Spectral roll-on,36,0.0012505717137166,SVR
0_Negative turning points,37,0.0010349671308584,SVR
0_LPCC_6,38,0.0009492788143561,SVR
0_Power bandwidth,39,0.0008151536757869,SVR
0_Neighbourhood peaks,40,0.0002063251380302,SVR
0_Median diff,41,0.0,SVR
0_Median frequency,42,-0.0001480602681309,SVR
0_Peak to peak distance,1,0.1517244157252923,Random Forest
0_Spectral entropy,2,0.0801700494465235,Random Forest
0_Absolute energy,3,0.0557879444856114,Random Forest
0_Interquartile range,4,0.0428580388749951,Random Forest
0_Spectral variation,5,0.0359223176806591,Random Forest
0_Autocorrelation,6,0.034631067516248,Random Forest
0_Entropy,7,0.0275614485149809,Random Forest
0_Wavelet energy_125000000.0Hz,8,0.0145766557428073,Random Forest
0_MFCC_11,9,0.0132421577533375,Random Forest
0_Histogram mode,10,0.0110506343917701,Random Forest
0_Wavelet absolute mean_125000000.0Hz,11,0.0075114198957743,Random Forest
0_Mean diff,12,0.0069584254953043,Random Forest
0_ECDF Percentile_0,13,0.006936442274275,Random Forest
0_Wavelet entropy,14,0.0053254270354654,Random Forest
0_Slope,15,0.0048216731953436,Random Forest
0_MFCC_9,16,0.0046133422410125,Random Forest
0_Wavelet absolute mean_27777777.78Hz,17,0.0035261164304356,Random Forest
0_MFCC_8,18,0.0035228677790739,Random Forest
0_ECDF Percentile_1,19,0.0035072173723288,Random Forest
0_Fundamental frequency,20,0.0034156147806458,Random Forest
0_MFCC_5,21,0.0033928338905542,Random Forest
0_LPCC_0,22,0.0033479565347425,Random Forest
0_MFCC_10,23,0.0028512441769301,Random Forest
0_Max,24,0.0026291935202324,Random Forest
0_Median frequency,25,0.0020467439622283,Random Forest
0_MFCC_0,26,0.0019970193827874,Random Forest
0_LPCC_1,27,0.0017554907780519,Random Forest
0_Maximum frequency,28,0.0016319919289092,Random Forest
0_Spectral decrease,29,0.0008822271411024,Random Forest
0_LPCC_5,30,0.0008588920648103,Random Forest
0_Median absolute diff,31,0.0007985051963439,Random Forest
0_Mean,32,0.0006721873519821,Random Forest
0_Median,33,0.0006505923092787,Random Forest
0_LPCC_6,34,0.0005205280167007,Random Forest
0_Zero crossing rate,35,0.0004653055332051,Random Forest
0_MFCC_4,36,0.0003922706583376,Random Forest
0_Spectral positive turning points,37,0.0003625639149899,Random Forest
0_Negative turning points,38,7.59371671533371e-05,Random Forest
0_Power bandwidth,39,7.246737658847054e-05,Random Forest
0_Spectral roll-on,40,6.552946995701378e-05,Random Forest
0_Neighbourhood peaks,41,7.449508492326136e-07,Random Forest
0_Median diff,42,-1.4802973661668757e-18,Random Forest
0_MFCC_4,1,2.451472700829385,Bayesian Ridge
0_Peak to peak distance,2,1.4362397083890268,Bayesian Ridge
0_ECDF Percentile_0,3,1.1278104130581406,Bayesian Ridge
0_MFCC_5,4,0.7878250599161156,Bayesian Ridge
0_Mean,5,0.7143309083402521,Bayesian Ridge
0_Max,6,0.672053847749792,Bayesian Ridge
0_MFCC_11,7,0.6071814067670487,Bayesian Ridge
0_MFCC_9,8,0.4567653164172183,Bayesian Ridge
0_Slope,9,0.3072359464932347,Bayesian Ridge
0_MFCC_0,10,0.2318612747589549,Bayesian Ridge
0_Median,11,0.1915066514205791,Bayesian Ridge
0_Spectral decrease,12,0.1568068279998103,Bayesian Ridge
0_ECDF Percentile_1,13,0.1182984399631299,Bayesian Ridge
0_Wavelet absolute mean_27777777.78Hz,14,0.0595470672990157,Bayesian Ridge
0_MFCC_8,15,0.053100182313103,Bayesian Ridge
0_Wavelet energy_125000000.0Hz,16,0.0395146671070988,Bayesian Ridge
0_Spectral entropy,17,0.0260783062379262,Bayesian Ridge
0_Wavelet absolute mean_125000000.0Hz,18,0.0245002469559054,Bayesian Ridge
0_Autocorrelation,19,0.0235293537233387,Bayesian Ridge
0_LPCC_0,20,0.022894883427107,Bayesian Ridge
0_Entropy,21,0.019663816602161,Bayesian Ridge
0_MFCC_10,22,0.0164959501686337,Bayesian Ridge
0_Spectral variation,23,0.0141367475823467,Bayesian Ridge
0_Absolute energy,24,0.0088616974951176,Bayesian Ridge
0_Mean diff,25,0.0084440518347702,Bayesian Ridge
0_Power bandwidth,26,0.0051205604213045,Bayesian Ridge
0_LPCC_1,27,0.0039394290867539,Bayesian Ridge
0_Wavelet entropy,28,0.0037436974831346,Bayesian Ridge
0_Spectral roll-on,29,0.0035746533058206,Bayesian Ridge
0_Interquartile range,30,0.0032945878695743,Bayesian Ridge
0_Median frequency,31,0.0023935466234529,Bayesian Ridge
0_Spectral positive turning points,32,0.0008782999400438,Bayesian Ridge
0_Median absolute diff,33,0.0006427437054619,Bayesian Ridge
0_Negative turning points,34,0.000569370248987,Bayesian Ridge
0_Zero crossing rate,35,0.000449653943219,Bayesian Ridge
0_LPCC_6,36,0.0001076275698121,Bayesian Ridge
0_Median diff,37,0.0,Bayesian Ridge
0_Maximum frequency,38,-5.3837783103697726e-06,Bayesian Ridge
0_Fundamental frequency,39,-1.1288795060679923e-05,Bayesian Ridge
0_LPCC_5,40,-0.0002114722585794,Bayesian Ridge
0_Histogram mode,41,-0.0002862946207789,Bayesian Ridge
0_Neighbourhood peaks,42,-0.0003750635059962,Bayesian Ridge
0_Peak to peak distance,1,0.5729580211639405,XGBoost
0_Spectral entropy,2,0.2675941046079,XGBoost
0_Autocorrelation,3,0.1192685389518737,XGBoost
0_Interquartile range,4,0.0351087506612141,XGBoost
0_Entropy,5,0.0224727551142374,XGBoost
0_Mean diff,6,0.0173263692855834,XGBoost
0_Absolute energy,7,0.0100628773371378,XGBoost
0_Spectral variation,8,0.0095551339785257,XGBoost
0_Histogram mode,9,0.0026037494341532,XGBoost
0_MFCC_9,10,0.0017894633611043,XGBoost
0_Wavelet entropy,11,0.0014891465504964,XGBoost
0_Wavelet energy_125000000.0Hz,12,0.0013572057088216,XGBoost
0_Max,13,0.0013491519292195,XGBoost
0_Slope,14,0.0013367048899332,XGBoost
0_Fundamental frequency,15,0.001152651309967,XGBoost
0_Wavelet absolute mean_125000000.0Hz,16,0.0008200446764628,XGBoost
0_MFCC_0,17,0.0007936207453409,XGBoost
0_LPCC_1,18,0.0007304763793945,XGBoost
0_MFCC_10,19,0.0005931377410888,XGBoost
0_MFCC_8,20,0.0005444939931233,XGBoost
0_MFCC_11,21,0.000542573928833,XGBoost
0_Spectral positive turning points,22,0.000534241994222,XGBoost
0_Spectral decrease,23,0.0005098716417948,XGBoost
0_LPCC_6,24,0.0003056295712788,XGBoost
0_Zero crossing rate,25,0.0002038510640462,XGBoost
0_MFCC_5,26,0.0001692215601603,XGBoost
0_Median,27,0.0001069331169128,XGBoost
0_Negative turning points,28,0.0001012929280598,XGBoost
0_LPCC_5,29,3.347635269165039e-05,XGBoost
0_ECDF Percentile_1,30,1.0237693786621092e-05,XGBoost
0_Spectral roll-on,31,0.0,XGBoost
0_Power bandwidth,32,0.0,XGBoost
0_Median diff,33,0.0,XGBoost
0_Neighbourhood peaks,34,-5.237261454264323e-07,XGBoost
0_Median frequency,35,-2.285003662109375e-05,XGBoost
0_Median absolute diff,36,-3.820339838663737e-05,XGBoost
0_LPCC_0,37,-0.0002142604192097,XGBoost
0_Wavelet absolute mean_27777777.78Hz,38,-0.0002651476860046,XGBoost
0_MFCC_4,39,-0.0003182824452718,XGBoost
0_ECDF Percentile_0,40,-0.0004166992505391,XGBoost
0_Mean,41,-0.0004221200942993,XGBoost
0_Maximum frequency,42,-0.0016082994143168,XGBoost
0_Peak to peak distance,1,0.1320093193117233,SVR
0_Spectral variation,2,0.1109163106251592,SVR
0_Spectral entropy,3,0.1087283882552136,SVR
0_Interquartile range,4,0.1008940683287158,SVR
0_Spectral decrease,5,0.0650672763187465,SVR
0_Mean diff,6,0.0631822021664138,SVR
0_LPCC_0,7,0.0604888547301055,SVR
0_Absolute energy,8,0.0578519185157346,SVR
0_ECDF Percentile_0,9,0.0566113859060143,SVR
0_Wavelet absolute mean_27777777.78Hz,10,0.045079973568117,SVR
0_Median,11,0.0447390658096471,SVR
0_Max,12,0.0392105153726068,SVR
0_Slope,13,0.0286577551784915,SVR
0_MFCC_11,14,0.0230335503450356,SVR
0_Wavelet absolute mean_125000000.0Hz,15,0.0225107285719853,SVR
0_MFCC_5,16,0.0158323001155187,SVR
0_Autocorrelation,17,0.0143219144388835,SVR
0_MFCC_9,18,0.0119301536639202,SVR
0_Mean,19,0.0107879871459532,SVR
0_Wavelet energy_125000000.0Hz,20,0.008916955031095,SVR
0_ECDF Percentile_1,21,0.0085184753589197,SVR
0_Wavelet entropy,22,0.0069719150280572,SVR
0_MFCC_10,23,0.0064191425534828,SVR
0_LPCC_6,24,0.0033884339967326,SVR
0_Maximum frequency,25,0.0033457993839271,SVR
0_Histogram mode,26,0.00263104430163,SVR
0_LPCC_5,27,0.0026100529474769,SVR
0_MFCC_8,28,0.0024137757063949,SVR
0_LPCC_1,29,0.0023005254366233,SVR
0_Entropy,30,0.0016032530247329,SVR
0_Fundamental frequency,31,0.0014636546821675,SVR
0_Power bandwidth,32,0.0014528353892124,SVR
0_Spectral positive turning points,33,0.001369324050296,SVR
0_MFCC_0,34,0.0012819890119969,SVR
0_Zero crossing rate,35,0.0011367521173081,SVR
0_Spectral roll-on,36,0.0008261436391842,SVR
0_Negative turning points,37,0.0007104768344427,SVR
0_MFCC_4,38,0.000644490693979,SVR
0_Neighbourhood peaks,39,0.0003173543116801,SVR
0_Median absolute diff,40,0.0002153071991028,SVR
0_Median frequency,41,6.756809562506571e-05,SVR
0_Median diff,42,0.0,SVR
0_Peak to peak distance,1,0.1599739738291611,Random Forest
0_Spectral entropy,2,0.0936388051765651,Random Forest
0_Absolute energy,3,0.0420744083904766,Random Forest
0_Spectral variation,4,0.0289193512034117,Random Forest
0_Autocorrelation,5,0.0255758012317784,Random Forest
0_Interquartile range,6,0.0230953749449765,Random Forest
0_Entropy,7,0.0208878437862185,Random Forest
0_Histogram mode,8,0.0170579912217791,Random Forest
0_Wavelet energy_125000000.0Hz,9,0.0116602159813429,Random Forest
0_MFCC_11,10,0.0109016859402608,Random Forest
0_ECDF Percentile_0,11,0.0092622573589958,Random Forest
0_Wavelet absolute mean_125000000.0Hz,12,0.0091868712642753,Random Forest
0_Slope,13,0.0060926376467159,Random Forest
0_Mean diff,14,0.0039314854486922,Random Forest
0_Wavelet entropy,15,0.0031371504317332,Random Forest
0_LPCC_0,16,0.0030524150415409,Random Forest
0_MFCC_10,17,0.0026773835589247,Random Forest
0_MFCC_9,18,0.0024810804683045,Random Forest
0_Fundamental frequency,19,0.0024601329299756,Random Forest
0_ECDF Percentile_1,20,0.0022988288613759,Random Forest
0_Wavelet absolute mean_27777777.78Hz,21,0.0021184637329571,Random Forest
0_MFCC_8,22,0.0017394633504972,Random Forest
0_MFCC_0,23,0.0015323478716642,Random Forest
0_Maximum frequency,24,0.0015002652959473,Random Forest
0_Median,25,0.0014588542828879,Random Forest
0_Max,26,0.0014061924436018,Random Forest
0_MFCC_5,27,0.0011395287691704,Random Forest
0_LPCC_1,28,0.0010948557637674,Random Forest
0_Median frequency,29,0.0008026006121228,Random Forest
0_Spectral decrease,30,0.000715049106336,Random Forest
0_LPCC_6,31,0.0006879452233231,Random Forest
0_Zero crossing rate,32,0.0006382512702859,Random Forest
0_Spectral positive turning points,33,0.000462910177211,Random Forest
0_Mean,34,0.0003525555569776,Random Forest
0_LPCC_5,35,0.0003264668890928,Random Forest
0_Median absolute diff,36,0.0002232982839493,Random Forest
0_MFCC_4,37,0.0002224606444079,Random Forest
0_Power bandwidth,38,2.383671167955311e-05,Random Forest
0_Neighbourhood peaks,39,1.2511301254588918e-05,Random Forest
0_Spectral roll-on,40,1.146337892474018e-05,Random Forest
0_Median diff,41,-4.440892098500626e-18,Random Forest
0_Negative turning points,42,-2.9948216294160746e-05,Random Forest
0_Peak to peak distance,1,2.3185869882053014,Bayesian Ridge
0_MFCC_4,2,1.298976740205637,Bayesian Ridge
0_MFCC_5,3,1.0458789739233594,Bayesian Ridge
0_ECDF Percentile_0,4,0.9035044741740808,Bayesian Ridge
0_MFCC_9,5,0.5663352536466192,Bayesian Ridge
0_Max,6,0.5121605100614829,Bayesian Ridge
0_Mean,7,0.4683171256026772,Bayesian Ridge
0_MFCC_11,8,0.2860193823140857,Bayesian Ridge
0_Slope,9,0.2573925806865319,Bayesian Ridge
0_MFCC_0,10,0.1343901945222356,Bayesian Ridge
0_ECDF Percentile_1,11,0.094872022252625,Bayesian Ridge
0_MFCC_8,12,0.0859451660549732,Bayesian Ridge
0_Median,13,0.0846394212579663,Bayesian Ridge
0_Spectral decrease,14,0.0837178076966787,Bayesian Ridge
0_MFCC_10,15,0.0650800014312333,Bayesian Ridge
0_Wavelet absolute mean_27777777.78Hz,16,0.0312847913174632,Bayesian Ridge
0_Absolute energy,17,0.0272910000537431,Bayesian Ridge
0_Autocorrelation,18,0.0226717126065893,Bayesian Ridge
0_Spectral entropy,19,0.0219236817703524,Bayesian Ridge
0_Power bandwidth,20,0.0211795638419708,Bayesian Ridge
0_LPCC_0,21,0.0196175233598492,Bayesian Ridge
0_Entropy,22,0.016469622812359,Bayesian Ridge
0_Spectral variation,23,0.0142340088301098,Bayesian Ridge
0_Wavelet entropy,24,0.0137407458718815,Bayesian Ridge
0_Mean diff,25,0.0093881922069346,Bayesian Ridge
0_Wavelet energy_125000000.0Hz,26,0.0048996707961452,Bayesian Ridge
0_Wavelet absolute mean_125000000.0Hz,27,0.0046453828779684,Bayesian Ridge
0_Median frequency,28,0.0038841101980342,Bayesian Ridge
0_Spectral roll-on,29,0.0024041230879381,Bayesian Ridge
0_Zero crossing rate,30,0.0017724673259464,Bayesian Ridge
0_Interquartile range,31,0.001651298812498,Bayesian Ridge
0_Maximum frequency,32,0.0016054636283573,Bayesian Ridge
0_Spectral positive turning points,33,0.0012411554934381,Bayesian Ridge
0_LPCC_1,34,0.0008996206406565,Bayesian Ridge
0_Negative turning points,35,0.0006123385745507,Bayesian Ridge
0_Median absolute diff,36,0.0003442345172158,Bayesian Ridge
0_Fundamental frequency,37,0.0001080745663601,Bayesian Ridge
0_LPCC_5,38,4.8862981427707136e-05,Bayesian Ridge
0_LPCC_6,39,2.940835567149117e-05,Bayesian Ridge
0_Neighbourhood peaks,40,2.90339064670538e-05,Bayesian Ridge
0_Histogram mode,41,5.953414904162161e-06,Bayesian Ridge
0_Median diff,42,0.0,Bayesian Ridge
0_Peak to peak distance,1,0.8654317418734233,XGBoost
0_Spectral entropy,2,0.3128242166837056,XGBoost
0_Autocorrelation,3,0.1878984061876932,XGBoost
0_Interquartile range,4,0.0191479190190633,XGBoost
0_Entropy,5,0.013303054968516,XGBoost
0_Mean diff,6,0.0053888487815856,XGBoost
0_Spectral variation,7,0.0051392714182535,XGBoost
0_Max,8,0.0046697839101155,XGBoost
0_Slope,9,0.0037419740358988,XGBoost
0_MFCC_0,10,0.0030409479141235,XGBoost
0_MFCC_9,11,0.0027532919247945,XGBoost
0_Histogram mode,12,0.0024940093358357,XGBoost
0_Absolute energy,13,0.001113789876302,XGBoost
0_Fundamental frequency,14,0.0010199205080668,XGBoost
0_Wavelet energy_125000000.0Hz,15,0.0008784484863281,XGBoost
0_LPCC_6,16,0.0005802639325459,XGBoost
0_Wavelet entropy,17,0.0005692442258199,XGBoost
0_ECDF Percentile_1,18,0.0005420931180318,XGBoost
0_MFCC_5,19,0.0005177553494771,XGBoost
0_LPCC_0,20,0.0003454415003458,XGBoost
0_Median absolute diff,21,0.000288062095642,XGBoost
0_Spectral positive turning points,22,0.0002828256289164,XGBoost
0_LPCC_5,23,0.0002583599090576,XGBoost
0_MFCC_11,24,0.0002229142189025,XGBoost
0_ECDF Percentile_0,25,0.0002122728029886,XGBoost
0_LPCC_1,26,0.0001907658576965,XGBoost
0_MFCC_10,27,0.0001311024030049,XGBoost
0_Wavelet absolute mean_27777777.78Hz,28,0.0001048835118611,XGBoost
0_MFCC_8,29,9.706338246663412e-05,XGBoost
0_Neighbourhood peaks,30,6.510496139526367e-05,XGBoost
0_Negative turning points,31,1.656929651896159e-05,XGBoost
0_Mean,32,6.316502888997396e-06,XGBoost
0_MFCC_4,33,6.310939788818359e-06,XGBoost
0_Median diff,34,0.0,XGBoost
0_Power bandwidth,35,0.0,XGBoost
0_Spectral roll-on,36,0.0,XGBoost
0_Median frequency,37,-3.004312515258789e-05,XGBoost
0_Spectral decrease,38,-3.5935242970784504e-05,XGBoost
0_Zero crossing rate,39,-4.220724105834961e-05,XGBoost
0_Median,40,-0.0001213423411051,XGBoost
0_Wavelet absolute mean_125000000.0Hz,41,-0.0001836427052815,XGBoost
0_Maximum frequency,42,-0.0001925945281982,XGBoost
0_ECDF Percentile_0,1,0.1148374530446671,SVR
0_Spectral entropy,2,0.1147254309951741,SVR
0_Peak to peak distance,3,0.1034578387960317,SVR
0_Spectral variation,4,0.0948066506517407,SVR
0_Absolute energy,5,0.0808614283469316,SVR
0_Median,6,0.0775139337890583,SVR
0_Spectral decrease,7,0.0715766261163627,SVR
0_LPCC_0,8,0.0711970414562462,SVR
0_Interquartile range,9,0.065955435379027,SVR
0_Mean diff,10,0.0625550689581758,SVR
0_Wavelet absolute mean_27777777.78Hz,11,0.0625216785684636,SVR
0_Slope,12,0.05074051466063,SVR
0_Max,13,0.0492293748194506,SVR
0_MFCC_11,14,0.023992843190189,SVR
0_Autocorrelation,15,0.0225394524958634,SVR
0_Wavelet absolute mean_125000000.0Hz,16,0.017513740281774,SVR
0_Mean,17,0.0145960178199561,SVR
0_MFCC_9,18,0.01382690482085,SVR
0_MFCC_5,19,0.0125769057104853,SVR
0_Wavelet entropy,20,0.0066861156859194,SVR
0_MFCC_10,21,0.0055437470126263,SVR
0_ECDF Percentile_1,22,0.0054105063866652,SVR
0_Maximum frequency,23,0.0040012468936983,SVR
0_Entropy,24,0.0037319142243226,SVR
0_Wavelet energy_125000000.0Hz,25,0.0036879447466668,SVR
0_MFCC_4,26,0.0029529301894172,SVR
0_MFCC_8,27,0.0028736745400423,SVR
0_Median absolute diff,28,0.0027268104880406,SVR
0_LPCC_1,29,0.0023090573116616,SVR
0_Histogram mode,30,0.0017204810437137,SVR
0_LPCC_5,31,0.0011549619212414,SVR
0_Spectral roll-on,32,0.0011523839436455,SVR
0_Neighbourhood peaks,33,0.0006104473103749,SVR
0_LPCC_6,34,0.0005672437146873,SVR
0_Zero crossing rate,35,0.0005503214112669,SVR
0_Power bandwidth,36,0.000396848904859,SVR
0_Fundamental frequency,37,0.0003937547577182,SVR
0_Spectral positive turning points,38,0.0001941944680882,SVR
0_Median frequency,39,0.0001356984436124,SVR
0_Median diff,40,0.0,SVR
0_MFCC_0,41,-1.3798261164056727e-05,SVR
0_Negative turning points,42,-0.0002347309577593,SVR
0_Peak to peak distance,1,0.1232610442808053,Random Forest
0_Spectral entropy,2,0.0833904622969754,Random Forest
0_Autocorrelation,3,0.045719026171924,Random Forest
0_Interquartile range,4,0.0335417964764779,Random Forest
0_Absolute energy,5,0.0331437261163568,Random Forest
0_Spectral variation,6,0.0261371415292709,Random Forest
0_Entropy,7,0.0163907735157823,Random Forest
0_Wavelet energy_125000000.0Hz,8,0.0094546426054071,Random Forest
0_Wavelet absolute mean_125000000.0Hz,9,0.0088870896765683,Random Forest
0_MFCC_11,10,0.0077839522718026,Random Forest
0_Histogram mode,11,0.0070002619861536,Random Forest
0_ECDF Percentile_0,12,0.0067018441491707,Random Forest
0_LPCC_0,13,0.0043231290362595,Random Forest
0_Slope,14,0.0037973212019166,Random Forest
0_Mean diff,15,0.003765102358207,Random Forest
0_Wavelet absolute mean_27777777.78Hz,16,0.0024159688580349,Random Forest
0_MFCC_8,17,0.0020093479924523,Random Forest
0_Fundamental frequency,18,0.0018426882440936,Random Forest
0_Wavelet entropy,19,0.0016409614315827,Random Forest
0_ECDF Percentile_1,20,0.0015360513986014,Random Forest
0_MFCC_9,21,0.001411146886493,Random Forest
0_Maximum frequency,22,0.0011506551618724,Random Forest
0_Median frequency,23,0.0010277531782095,Random Forest
0_Zero crossing rate,24,0.0007373049743459,Random Forest
0_Median,25,0.0005906303644071,Random Forest
0_Mean,26,0.0005779925047737,Random Forest
0_LPCC_5,27,0.0004717704818557,Random Forest
0_MFCC_0,28,0.0004305023488919,Random Forest
0_Spectral decrease,29,0.000392698079828,Random Forest
0_LPCC_1,30,0.0003387389536217,Random Forest
0_LPCC_6,31,0.0003090236903735,Random Forest
0_MFCC_4,32,0.0002032639156143,Random Forest
0_MFCC_10,33,0.0001524397079169,Random Forest
0_Spectral positive turning points,34,0.0001518434807066,Random Forest
0_Power bandwidth,35,0.000146092622577,Random Forest
0_Median diff,36,-3.1086244689504386e-17,Random Forest
0_Neighbourhood peaks,37,-2.7993756335392324e-05,Random Forest
0_Negative turning points,38,-3.773316957558226e-05,Random Forest
0_Spectral roll-on,39,-6.799128217678548e-05,Random Forest
0_Median absolute diff,40,-7.15363380943194e-05,Random Forest
0_MFCC_5,41,-0.0002327532722752,Random Forest
0_Max,42,-0.0004722751398805,Random Forest
0_MFCC_4,1,2.1393827654523454,Bayesian Ridge
0_Peak to peak distance,2,1.6686648596834892,Bayesian Ridge
0_ECDF Percentile_0,3,1.6016129721239956,Bayesian Ridge
0_MFCC_5,4,1.0921940905388792,Bayesian Ridge
0_Mean,5,0.920746726850903,Bayesian Ridge
0_MFCC_9,6,0.6126397001955796,Bayesian Ridge
0_Max,7,0.5831267831200663,Bayesian Ridge
0_MFCC_11,8,0.4305630202644273,Bayesian Ridge
0_Slope,9,0.3445583275400024,Bayesian Ridge
0_MFCC_0,10,0.1698727713520357,Bayesian Ridge
0_Median,11,0.1644960340126197,Bayesian Ridge
0_Spectral decrease,12,0.0999018341319833,Bayesian Ridge
0_Wavelet absolute mean_27777777.78Hz,13,0.0674622069335873,Bayesian Ridge
0_Spectral entropy,14,0.0597321330997673,Bayesian Ridge
0_MFCC_8,15,0.0486882960340247,Bayesian Ridge
0_MFCC_10,16,0.0369209267545245,Bayesian Ridge
0_Wavelet energy_125000000.0Hz,17,0.03119796583302,Bayesian Ridge
0_Autocorrelation,18,0.0296882845841717,Bayesian Ridge
0_Absolute energy,19,0.0285344770492074,Bayesian Ridge
0_ECDF Percentile_1,20,0.0254264065963988,Bayesian Ridge
0_Power bandwidth,21,0.0189135397911537,Bayesian Ridge
0_Mean diff,22,0.0156797252801951,Bayesian Ridge
0_Entropy,23,0.0118726771493364,Bayesian Ridge
0_Spectral variation,24,0.0079665240028719,Bayesian Ridge
0_Wavelet absolute mean_125000000.0Hz,25,0.0055057411649815,Bayesian Ridge
0_Wavelet entropy,26,0.0040138668923896,Bayesian Ridge
0_Median frequency,27,0.0032071318568003,Bayesian Ridge
0_Median absolute diff,28,0.0024196819525295,Bayesian Ridge
0_Spectral roll-on,29,0.0014285098562263,Bayesian Ridge
0_Spectral positive turning points,30,0.0011844256290117,Bayesian Ridge
0_Negative turning points,31,0.0007601526686829,Bayesian Ridge
0_Maximum frequency,32,0.0006773549406387,Bayesian Ridge
0_LPCC_5,33,0.0003409133220861,Bayesian Ridge
0_LPCC_1,34,0.0001454644242975,Bayesian Ridge
0_Fundamental frequency,35,0.0001397363843143,Bayesian Ridge
0_Zero crossing rate,36,3.389644853526293e-05,Bayesian Ridge
0_Median diff,37,0.0,Bayesian Ridge
0_LPCC_6,38,-5.811768087389998e-06,Bayesian Ridge
0_LPCC_0,39,-4.100603910181188e-05,Bayesian Ridge
0_Histogram mode,40,-6.869201571005531e-05,Bayesian Ridge
0_Interquartile range,41,-0.0002336980836195,Bayesian Ridge
0_Neighbourhood peaks,42,-0.0011788515772165,Bayesian Ridge
0_Peak to peak distance,1,0.6032001360257466,XGBoost
0_Spectral entropy,2,0.2446681729952494,XGBoost
0_Autocorrelation,3,0.1214872988065083,XGBoost
0_Entropy,4,0.0188427424430847,XGBoost
0_Interquartile range,5,0.0172622489929199,XGBoost
0_Spectral variation,6,0.0158520054817199,XGBoost
0_Mean diff,7,0.011866385936737,XGBoost
0_Absolute energy,8,0.01100559314092,XGBoost
0_Max,9,0.0049996749560038,XGBoost
0_Histogram mode,10,0.0034720230102539,XGBoost
0_MFCC_5,11,0.0019526433944702,XGBoost
0_Fundamental frequency,12,0.0016579786936442,XGBoost
0_Slope,13,0.0011619019508361,XGBoost
0_MFCC_9,14,0.0009928735097249,XGBoost
0_Wavelet energy_125000000.0Hz,15,0.0009197227160135,XGBoost
0_MFCC_11,16,0.0008240032196044,XGBoost
0_Mean,17,0.0007312989234924,XGBoost
0_Wavelet absolute mean_125000000.0Hz,18,0.0006045770645141,XGBoost
0_Maximum frequency,19,0.0004668442408243,XGBoost
0_Spectral positive turning points,20,0.0004233558972676,XGBoost
0_Zero crossing rate,21,0.0003877433141072,XGBoost
0_Wavelet entropy,22,0.0003433966636657,XGBoost
0_MFCC_8,23,0.0003283898035685,XGBoost
0_Negative turning points,24,0.000316793123881,XGBoost
0_LPCC_0,25,0.0002820189793904,XGBoost
0_LPCC_5,26,0.0002405786514282,XGBoost
0_Median absolute diff,27,0.0001955326398213,XGBoost
0_MFCC_4,28,0.0001644468307495,XGBoost
0_Median,29,2.5284290313720702e-05,XGBoost
0_Wavelet absolute mean_27777777.78Hz,30,2.415180206298828e-05,XGBoost
0_Neighbourhood peaks,31,1.4278888702392578e-05,XGBoost
0_Median frequency,32,4.468758900960286e-06,XGBoost
0_Spectral roll-on,33,0.0,XGBoost
0_Power bandwidth,34,0.0,XGBoost
0_Median diff,35,0.0,XGBoost
0_Spectral decrease,36,-2.838691075642904e-05,XGBoost
0_MFCC_0,37,-7.285753885904947e-05,XGBoost
0_ECDF Percentile_0,38,-9.922981262207032e-05,XGBoost
0_LPCC_1,39,-0.0001005816459655,XGBoost
0_MFCC_10,40,-0.0001613402366638,XGBoost
0_ECDF Percentile_1,41,-0.0002101135253906,XGBoost
0_LPCC_6,42,-0.0002679800987243,XGBoost
0_Spectral variation,1,0.1249234245455568,SVR
0_ECDF Percentile_0,2,0.1135374331139692,SVR
0_Peak to peak distance,3,0.0974975895543693,SVR
0_Spectral entropy,4,0.0870513491421019,SVR
0_Interquartile range,5,0.0827150552764776,SVR
0_LPCC_0,6,0.0702205235373226,SVR
0_Mean diff,7,0.0670591990009157,SVR
0_Absolute energy,8,0.0620548471934869,SVR
0_Median,9,0.0605065122916095,SVR
0_Spectral decrease,10,0.0560017335521008,SVR
0_Wavelet absolute mean_27777777.78Hz,11,0.0478866948711854,SVR
0_Max,12,0.04754409877918,SVR
0_MFCC_11,13,0.0450866848059505,SVR
0_Wavelet absolute mean_125000000.0Hz,14,0.0307556756246062,SVR
0_Slope,15,0.0231066344725918,SVR
0_Autocorrelation,16,0.0150143693911341,SVR
0_Wavelet energy_125000000.0Hz,17,0.0118341383553624,SVR
0_MFCC_9,18,0.0093304573312068,SVR
0_MFCC_4,19,0.009144549251471,SVR
0_MFCC_5,20,0.008606119344829,SVR
0_MFCC_0,21,0.0072773015230926,SVR
0_ECDF Percentile_1,22,0.0055716916138917,SVR
0_MFCC_10,23,0.0050136038491328,SVR
0_Median diff,24,0.0037936304149214,SVR
0_Mean,25,0.0034852915224095,SVR
0_MFCC_8,26,0.0028202464109364,SVR
0_Wavelet entropy,27,0.0021123159031236,SVR
0_Maximum frequency,28,0.0020490941181761,SVR
0_Histogram mode,29,0.0020028750753538,SVR
0_Spectral roll-on,30,0.0019676052003685,SVR
0_Median frequency,31,0.0015990339528648,SVR
0_Power bandwidth,32,0.0010706754665719,SVR
0_Median absolute diff,33,0.001067350880828,SVR
0_LPCC_5,34,0.0009903732131346,SVR
0_Spectral positive turning points,35,0.0009840274424532,SVR
0_Negative turning points,36,0.0008494112089311,SVR
0_LPCC_6,37,0.0007189029137333,SVR
0_Entropy,38,0.0006210394019851,SVR
0_Neighbourhood peaks,39,0.0004977158873997,SVR
0_LPCC_1,40,0.0002773264164631,SVR
0_Fundamental frequency,41,0.0001192813615667,SVR
0_Zero crossing rate,42,-0.0005025449087945,SVR
0_Peak to peak distance,1,0.1680735370300561,Random Forest
0_Spectral entropy,2,0.0812669078734563,Random Forest
0_Absolute energy,3,0.056244835663087,Random Forest
0_Autocorrelation,4,0.0425609390240073,Random Forest
0_Spectral variation,5,0.0377658567518271,Random Forest
0_Entropy,6,0.0325459086791582,Random Forest
0_Interquartile range,7,0.0286347464878651,Random Forest
0_MFCC_11,8,0.0142175760165121,Random Forest
0_Wavelet energy_125000000.0Hz,9,0.0135108360190037,Random Forest
0_Histogram mode,10,0.0130164192314702,Random Forest
0_ECDF Percentile_0,11,0.0112999209310743,Random Forest
0_Wavelet absolute mean_125000000.0Hz,12,0.0092798017560376,Random Forest
0_LPCC_0,13,0.0069650265535695,Random Forest
0_Slope,14,0.0051884798232855,Random Forest
0_Mean diff,15,0.0045483440331116,Random Forest
0_Wavelet absolute mean_27777777.78Hz,16,0.0035174863309704,Random Forest
0_MFCC_8,17,0.00339620439329,Random Forest
0_MFCC_5,18,0.0025806810727822,Random Forest
0_ECDF Percentile_1,19,0.0024447738516922,Random Forest
0_Fundamental frequency,20,0.0023563527744807,Random Forest
0_MFCC_0,21,0.0023105402566998,Random Forest
0_MFCC_9,22,0.0020305480668676,Random Forest
0_MFCC_10,23,0.0020053336281908,Random Forest
0_Wavelet entropy,24,0.0019233910773526,Random Forest
0_Maximum frequency,25,0.0011096681490614,Random Forest
0_Median frequency,26,0.0010930371395113,Random Forest
0_Max,27,0.0010583558613919,Random Forest
0_LPCC_1,28,0.0009650306146213,Random Forest
0_Spectral decrease,29,0.0008223490005856,Random Forest
0_LPCC_5,30,0.0007678195781705,Random Forest
0_Median,31,0.0007607273118903,Random Forest
0_LPCC_6,32,0.0005873821175534,Random Forest
0_Zero crossing rate,33,0.0005270506657241,Random Forest
0_MFCC_4,34,0.0004817938898801,Random Forest
0_Median absolute diff,35,0.0002417514048527,Random Forest
0_Spectral positive turning points,36,0.0001922075286402,Random Forest
0_Negative turning points,37,0.000151762796398,Random Forest
0_Power bandwidth,38,0.0001483545540009,Random Forest
0_Median diff,39,-7.253457094217688e-17,Random Forest
0_Neighbourhood peaks,40,-1.0613122592258624e-06,Random Forest
0_Spectral roll-on,41,-1.0498031333544176e-05,Random Forest
0_Mean,42,-0.0001279398870139,Random Forest
0_MFCC_4,1,2.4183460352598583,Bayesian Ridge
0_ECDF Percentile_0,2,1.7412836751186354,Bayesian Ridge
0_Peak to peak distance,3,1.226593563872853,Bayesian Ridge
0_MFCC_5,4,0.9430338964435678,Bayesian Ridge
0_MFCC_11,5,0.8431538634373172,Bayesian Ridge
0_Max,6,0.4244139776306882,Bayesian Ridge
0_MFCC_0,7,0.3140896750855706,Bayesian Ridge
0_Median,8,0.2843022327553796,Bayesian Ridge
0_ECDF Percentile_1,9,0.2425178679107604,Bayesian Ridge
0_Slope,10,0.2063461082952944,Bayesian Ridge
0_Mean,11,0.2033911837507492,Bayesian Ridge
0_MFCC_9,12,0.1985853556823028,Bayesian Ridge
0_Spectral decrease,13,0.1068087521124803,Bayesian Ridge
0_Absolute energy,14,0.0492140363247356,Bayesian Ridge
0_Interquartile range,15,0.047726625135614,Bayesian Ridge
0_Mean diff,16,0.0468987503376689,Bayesian Ridge
0_Wavelet absolute mean_27777777.78Hz,17,0.0425694169032551,Bayesian Ridge
0_Wavelet entropy,18,0.0357240084385859,Bayesian Ridge
0_MFCC_8,19,0.0313139736021195,Bayesian Ridge
0_Wavelet energy_125000000.0Hz,20,0.0296443474100018,Bayesian Ridge
0_Spectral entropy,21,0.0241261247735556,Bayesian Ridge
0_LPCC_0,22,0.0224998827676887,Bayesian Ridge
0_Entropy,23,0.0182298949439846,Bayesian Ridge
0_Wavelet absolute mean_125000000.0Hz,24,0.0125556177309901,Bayesian Ridge
0_Autocorrelation,25,0.0075291941891876,Bayesian Ridge
0_Power bandwidth,26,0.007509661939245,Bayesian Ridge
0_LPCC_1,27,0.0034309178988241,Bayesian Ridge
0_Median frequency,28,0.0020066939876586,Bayesian Ridge
0_Spectral positive turning points,29,0.0013042110101878,Bayesian Ridge
0_Spectral roll-on,30,0.0012767386977901,Bayesian Ridge
0_Median diff,31,0.0007402766145727,Bayesian Ridge
0_LPCC_5,32,0.0004486694356218,Bayesian Ridge
0_Zero crossing rate,33,0.0004311569617039,Bayesian Ridge
0_Neighbourhood peaks,34,0.0002771655533962,Bayesian Ridge
0_MFCC_10,35,0.0001563721434747,Bayesian Ridge
0_Histogram mode,36,7.130807776005129e-05,Bayesian Ridge
0_Fundamental frequency,37,3.952673030768701e-05,Bayesian Ridge
0_LPCC_6,38,-6.524915767854634e-05,Bayesian Ridge
0_Maximum frequency,39,-7.004252188656412e-05,Bayesian Ridge
0_Spectral variation,40,-0.0002577192817273,Bayesian Ridge
0_Negative turning points,41,-0.0005364161642459,Bayesian Ridge
0_Median absolute diff,42,-0.0006751774539356,Bayesian Ridge
0_Peak to peak distance,1,0.9132472825050354,XGBoost
0_Spectral entropy,2,0.3086443710327148,XGBoost
0_Autocorrelation,3,0.2253775310516357,XGBoost
0_Interquartile range,4,0.0260808110237121,XGBoost
0_Spectral variation,5,0.0045234131813049,XGBoost
0_Entropy,6,0.0040708176294962,XGBoost
0_Mean diff,7,0.0031125092506408,XGBoost
0_Max,8,0.0030585559209187,XGBoost
0_Histogram mode,9,0.0020589303970336,XGBoost
0_Fundamental frequency,10,0.0008291951815287,XGBoost
0_LPCC_6,11,0.0007814558347066,XGBoost
0_MFCC_10,12,0.0007247900962829,XGBoost
0_Wavelet energy_125000000.0Hz,13,0.0006503582000732,XGBoost
0_MFCC_5,14,0.0006228693326314,XGBoost
0_Absolute energy,15,0.0005805095036824,XGBoost
0_MFCC_8,16,0.0005266769727071,XGBoost
0_Wavelet entropy,17,0.0004284214973449,XGBoost
0_MFCC_9,18,0.0003503084182739,XGBoost
0_Median diff,19,0.0003411555290222,XGBoost
0_ECDF Percentile_1,20,0.0003068685531616,XGBoost
0_Spectral positive turning points,21,0.0002339005470275,XGBoost
0_Maximum frequency,22,0.0001743523279825,XGBoost
0_MFCC_11,23,0.0001725459098815,XGBoost
0_Neighbourhood peaks,24,0.0001665170987447,XGBoost
0_Negative turning points,25,0.0001460909843444,XGBoost
0_LPCC_1,26,0.0001295057932535,XGBoost
0_MFCC_0,27,0.0001041110356648,XGBoost
0_ECDF Percentile_0,28,8.519252141316732e-05,XGBoost
0_Spectral decrease,29,7.676998774210612e-05,XGBoost
0_Mean,30,5.093574523925781e-05,XGBoost
0_Median absolute diff,31,3.515164057413737e-05,XGBoost
0_Spectral roll-on,32,0.0,XGBoost
0_Power bandwidth,33,0.0,XGBoost
0_Zero crossing rate,34,0.0,XGBoost
0_Slope,35,-1.7647743225097655e-05,XGBoost
0_LPCC_0,36,-2.8989315032958985e-05,XGBoost
0_Median,37,-3.972450892130534e-05,XGBoost
0_Median frequency,38,-3.983338673909505e-05,XGBoost
0_Wavelet absolute mean_27777777.78Hz,39,-6.390174229939778e-05,XGBoost
0_MFCC_4,40,-0.0001271343231201,XGBoost
0_Wavelet absolute mean_125000000.0Hz,41,-0.0001562372843424,XGBoost
0_LPCC_5,42,-0.0002795267105102,XGBoost
0_Peak to peak distance,1,0.1173598252625766,SVR
0_ECDF Percentile_0,2,0.1171182058818448,SVR
0_Mean diff,3,0.0991172351822337,SVR
0_Spectral variation,4,0.0985477962109185,SVR
0_LPCC_0,5,0.0970075243649296,SVR
0_Median,6,0.092610027050821,SVR
0_Spectral entropy,7,0.0853826267106057,SVR
0_Spectral decrease,8,0.0836592930608029,SVR
0_Absolute energy,9,0.0714794229155161,SVR
0_Wavelet absolute mean_27777777.78Hz,10,0.0690801733827161,SVR
0_Interquartile range,11,0.060468578511459,SVR
0_Max,12,0.0600748796426957,SVR
0_MFCC_11,13,0.0294694153433042,SVR
0_Slope,14,0.0253472041926706,SVR
0_Wavelet absolute mean_125000000.0Hz,15,0.0207007996441717,SVR
0_MFCC_5,16,0.0177679304516468,SVR
0_Mean,17,0.0166445843742864,SVR
0_Autocorrelation,18,0.0129857234988944,SVR
0_Maximum frequency,19,0.007160796081727,SVR
0_Wavelet energy_125000000.0Hz,20,0.0071367176829962,SVR
0_MFCC_9,21,0.0067463902868688,SVR
0_MFCC_10,22,0.0047445826744007,SVR
0_Median diff,23,0.0044178443505599,SVR
0_MFCC_0,24,0.0037647920307708,SVR
0_MFCC_4,25,0.0030272069519845,SVR
0_Zero crossing rate,26,0.0020921597587245,SVR
0_MFCC_8,27,0.0020781702091721,SVR
0_Wavelet entropy,28,0.0018598908387762,SVR
0_Entropy,29,0.0017782814058717,SVR
0_Spectral positive turning points,30,0.0013277270019727,SVR
0_Power bandwidth,31,0.0009486876125087,SVR
0_LPCC_1,32,0.0008017892816923,SVR
0_Spectral roll-on,33,0.0005890298992996,SVR
0_Histogram mode,34,0.0004538478939223,SVR
0_ECDF Percentile_1,35,0.0003399990400678,SVR
0_Neighbourhood peaks,36,0.0003135757448221,SVR
0_Median absolute diff,37,0.0002377717047093,SVR
0_Median frequency,38,5.8409621275270497e-05,SVR
0_LPCC_5,39,-4.027937970337921e-05,SVR
0_LPCC_6,40,-0.0001529682816308,SVR
0_Fundamental frequency,41,-0.0005491836126951,SVR
0_Negative turning points,42,-0.0006240810003651,SVR
0_Peak to peak distance,1,0.1523481137310151,Random Forest
0_Spectral entropy,2,0.0735783598701668,Random Forest
0_Spectral variation,3,0.040455017711323,Random Forest
0_Autocorrelation,4,0.0327974286367898,Random Forest
0_Absolute energy,5,0.0299804917740794,Random Forest
0_Interquartile range,6,0.0228744169095347,Random Forest
0_Entropy,7,0.0165998076475586,Random Forest
0_Histogram mode,8,0.0125711239492044,Random Forest
0_MFCC_11,9,0.0105866860275866,Random Forest
0_Wavelet absolute mean_125000000.0Hz,10,0.0096304332704621,Random Forest
0_ECDF Percentile_0,11,0.0086301133369583,Random Forest
0_Wavelet energy_125000000.0Hz,12,0.007987405153517,Random Forest
0_Mean diff,13,0.0070900176570771,Random Forest
0_Slope,14,0.0058772169635403,Random Forest
0_LPCC_0,15,0.0053816254688542,Random Forest
0_Fundamental frequency,16,0.0033558770537474,Random Forest
0_Wavelet absolute mean_27777777.78Hz,17,0.0032958305379478,Random Forest
0_MFCC_8,18,0.0025244386587061,Random Forest
0_LPCC_1,19,0.0017746492019591,Random Forest
0_Wavelet entropy,20,0.0015616564292628,Random Forest
0_MFCC_5,21,0.0013462016121547,Random Forest
0_MFCC_0,22,0.0013020226095878,Random Forest
0_Maximum frequency,23,0.0012937349935531,Random Forest
0_MFCC_10,24,0.0012812466512618,Random Forest
0_MFCC_9,25,0.001253614956165,Random Forest
0_Zero crossing rate,26,0.001115606128484,Random Forest
0_LPCC_6,27,0.001023515934483,Random Forest
0_ECDF Percentile_1,28,0.0009487509641834,Random Forest
0_Median frequency,29,0.0008163561918664,Random Forest
0_LPCC_5,30,0.0006662652547402,Random Forest
0_Median,31,0.0004536209929242,Random Forest
0_Max,32,0.0001789478918,Random Forest
0_Spectral positive turning points,33,0.0001544540489926,Random Forest
0_MFCC_4,34,7.782733083113503e-05,Random Forest
0_Spectral roll-on,35,2.61936653205271e-05,Random Forest
0_Power bandwidth,36,1.98230914399226e-05,Random Forest
0_Neighbourhood peaks,37,8.70792939973164e-06,Random Forest
0_Median diff,38,1.4802973661668757e-18,Random Forest
0_Negative turning points,39,-0.0001593314403639,Random Forest
0_Median absolute diff,40,-0.000291544910215,Random Forest
0_Spectral decrease,41,-0.0004023550750804,Random Forest
0_Mean,42,-0.0011559147042334,Random Forest
0_Peak to peak distance,1,1.9528609385143303,Bayesian Ridge
0_MFCC_4,2,1.7072736232085124,Bayesian Ridge
0_ECDF Percentile_0,3,1.2555827152837258,Bayesian Ridge
0_MFCC_5,4,1.2533998816132172,Bayesian Ridge
0_Mean,5,0.9319322741920518,Bayesian Ridge
0_MFCC_9,6,0.5990326579946881,Bayesian Ridge
0_Max,7,0.560754853256752,Bayesian Ridge
0_Slope,8,0.3268749801539899,Bayesian Ridge
0_MFCC_11,9,0.262189479072513,Bayesian Ridge
0_Median,10,0.1743160883654628,Bayesian Ridge
0_MFCC_8,11,0.1106776275951239,Bayesian Ridge
0_Wavelet absolute mean_27777777.78Hz,12,0.110304982678854,Bayesian Ridge
0_MFCC_10,13,0.095814255479851,Bayesian Ridge
0_MFCC_0,14,0.0843468588330393,Bayesian Ridge
0_ECDF Percentile_1,15,0.0499706617902198,Bayesian Ridge
0_Spectral entropy,16,0.0434979665240162,Bayesian Ridge
0_Spectral decrease,17,0.0371234869610847,Bayesian Ridge
0_Mean diff,18,0.0200409795513394,Bayesian Ridge
0_Wavelet energy_125000000.0Hz,19,0.0196961919554094,Bayesian Ridge
0_Entropy,20,0.0190535306913751,Bayesian Ridge
0_Power bandwidth,21,0.0169779911233788,Bayesian Ridge
0_Autocorrelation,22,0.0164688772291574,Bayesian Ridge
0_Spectral variation,23,0.0145796644238336,Bayesian Ridge
0_Wavelet entropy,24,0.0102498854491635,Bayesian Ridge
0_LPCC_0,25,0.0064028402651532,Bayesian Ridge
0_LPCC_1,26,0.0039131356698429,Bayesian Ridge
0_Interquartile range,27,0.0037262829519882,Bayesian Ridge
0_Median frequency,28,0.0034208558414541,Bayesian Ridge
0_Absolute energy,29,0.0028036120857199,Bayesian Ridge
0_Median diff,30,0.0022902514311403,Bayesian Ridge
0_Zero crossing rate,31,0.0014772515442123,Bayesian Ridge
0_Maximum frequency,32,0.0009745170755268,Bayesian Ridge
0_Fundamental frequency,33,0.0007856047656926,Bayesian Ridge
0_Wavelet absolute mean_125000000.0Hz,34,0.0003437920814131,Bayesian Ridge
0_LPCC_6,35,0.0002026711925043,Bayesian Ridge
0_Spectral roll-on,36,8.800203169758418e-05,Bayesian Ridge
0_Spectral positive turning points,37,2.422083640031048e-05,Bayesian Ridge
0_Neighbourhood peaks,38,-7.046758370476229e-06,Bayesian Ridge
0_Negative turning points,39,-0.0001479258646944,Bayesian Ridge
0_LPCC_5,40,-0.0003404253694682,Bayesian Ridge
0_Histogram mode,41,-0.0004383701556503,Bayesian Ridge
0_Median absolute diff,42,-0.0007212643929748,Bayesian Ridge
0_Peak to peak distance,1,0.6413513922691345,XGBoost
0_Spectral entropy,2,0.2793765926361084,XGBoost
0_Autocorrelation,3,0.1200434303283691,XGBoost
0_Interquartile range,4,0.0175258644421895,XGBoost
0_Spectral variation,5,0.0161474927266438,XGBoost
0_Entropy,6,0.0093081672986348,XGBoost
0_Mean diff,7,0.007624720732371,XGBoost
0_Max,8,0.0051763288180033,XGBoost
0_ECDF Percentile_0,9,0.0036392021179199,XGBoost
0_Slope,10,0.003417637348175,XGBoost
0_Absolute energy,11,0.0028995553652445,XGBoost
0_Histogram mode,12,0.0022118624051411,XGBoost
0_LPCC_1,13,0.001298603216807,XGBoost
0_Wavelet absolute mean_125000000.0Hz,14,0.0010585109392801,XGBoost
0_LPCC_0,15,0.0009789768854777,XGBoost
0_Fundamental frequency,16,0.0009757844607035,XGBoost
0_Wavelet energy_125000000.0Hz,17,0.0008339722951253,XGBoost
0_LPCC_6,18,0.000528171857198,XGBoost
0_MFCC_5,19,0.0005228765805562,XGBoost
0_Maximum frequency,20,0.0004153458277384,XGBoost
0_Median diff,21,0.0002880573272705,XGBoost
0_LPCC_5,22,0.0002038788795471,XGBoost
0_Wavelet absolute mean_27777777.78Hz,23,0.0001587565739949,XGBoost
0_Neighbourhood peaks,24,0.0001478020350138,XGBoost
0_Median,25,0.000112673441569,XGBoost
0_Wavelet entropy,26,9.92147127787272e-05,XGBoost
0_Median frequency,27,4.551331202189128e-05,XGBoost
0_Median absolute diff,28,3.7252108256022136e-05,XGBoost
0_MFCC_0,29,3.5887559254964194e-05,XGBoost
0_MFCC_4,30,4.315376281738282e-07,XGBoost
0_Power bandwidth,31,0.0,XGBoost
0_Zero crossing rate,32,0.0,XGBoost
0_Spectral roll-on,33,0.0,XGBoost
0_MFCC_10,34,-2.1519660949707032e-05,XGBoost
0_Spectral decrease,35,-3.382762273152669e-05,XGBoost
0_Negative turning points,36,-6.672779719034831e-05,XGBoost
0_ECDF Percentile_1,37,-0.0002143414815266,XGBoost
0_MFCC_9,38,-0.0002213931083679,XGBoost
0_Mean,39,-0.0002949015299479,XGBoost
0_Spectral positive turning points,40,-0.0003061087926228,XGBoost
0_MFCC_11,41,-0.0003816207249959,XGBoost
0_MFCC_8,42,-0.0004926331837972,XGBoost
0_Peak to peak distance,1,0.1084887967744586,SVR
0_Spectral entropy,2,0.1057007757212393,SVR
0_Median,3,0.1015267595941056,SVR
0_Spectral variation,4,0.0895228285223243,SVR
0_Mean diff,5,0.0875078759342678,SVR
0_Spectral decrease,6,0.0832157680328849,SVR
0_Wavelet absolute mean_27777777.78Hz,7,0.0671768606112022,SVR
0_Interquartile range,8,0.0654437922244371,SVR
0_ECDF Percentile_0,9,0.0647170080873936,SVR
0_Absolute energy,10,0.055132729227863,SVR
0_MFCC_11,11,0.0493993216246463,SVR
0_LPCC_0,12,0.0357625332111475,SVR
0_Max,13,0.0335234211162458,SVR
0_Slope,14,0.026771957480412,SVR
0_Wavelet absolute mean_125000000.0Hz,15,0.024749199108743,SVR
0_MFCC_5,16,0.0214776295104757,SVR
0_Wavelet energy_125000000.0Hz,17,0.0159524319167015,SVR
0_MFCC_9,18,0.0110542772744931,SVR
0_Autocorrelation,19,0.0100938528905314,SVR
0_Mean,20,0.0092515600579748,SVR
0_Maximum frequency,21,0.0066824236266815,SVR
0_Median diff,22,0.0048279711706622,SVR
0_MFCC_4,23,0.0044708937105285,SVR
0_Wavelet entropy,24,0.0029314634755421,SVR
0_LPCC_1,25,0.0021518641014115,SVR
0_LPCC_5,26,0.0019502345097002,SVR
0_MFCC_8,27,0.0016942800255426,SVR
0_MFCC_10,28,0.0016391447560608,SVR
0_ECDF Percentile_1,29,0.0015794945471743,SVR
0_Spectral positive turning points,30,0.0014803580522547,SVR
0_Spectral roll-on,31,0.0014718814403724,SVR
0_MFCC_0,32,0.0012879601657534,SVR
0_Histogram mode,33,0.0008832206174673,SVR
0_Negative turning points,34,0.0008395072659163,SVR
0_Entropy,35,0.000838028830541,SVR
0_LPCC_6,36,0.0002981604583768,SVR
0_Zero crossing rate,37,0.000243259308064,SVR
0_Median absolute diff,38,0.0001418360419027,SVR
0_Median frequency,39,8.697362935882117e-05,SVR
0_Power bandwidth,40,7.689745269697419e-05,SVR
0_Fundamental frequency,41,6.902612555095277e-05,SVR
0_Neighbourhood peaks,42,-0.0005469160241985,SVR
0_Peak to peak distance,1,0.180784506231661,Random Forest
0_Spectral entropy,2,0.0758306840897312,Random Forest
0_Spectral variation,3,0.0478705684848185,Random Forest
0_Autocorrelation,4,0.0435983321640334,Random Forest
0_Absolute energy,5,0.028648564775839,Random Forest
0_Entropy,6,0.0185361680871668,Random Forest
0_Interquartile range,7,0.0157582964074133,Random Forest
0_Wavelet energy_125000000.0Hz,8,0.0136916394197608,Random Forest
0_Histogram mode,9,0.0103205138696731,Random Forest
0_MFCC_11,10,0.0089952224608514,Random Forest
0_Wavelet absolute mean_125000000.0Hz,11,0.0064072561171055,Random Forest
0_Slope,12,0.0050445733638118,Random Forest
0_LPCC_0,13,0.0043167181244972,Random Forest
0_MFCC_9,14,0.0037376816679322,Random Forest
0_Fundamental frequency,15,0.0035746960923102,Random Forest
0_MFCC_8,16,0.0034468175774306,Random Forest
0_Mean diff,17,0.0029145859204251,Random Forest
0_ECDF Percentile_0,18,0.0028136952921239,Random Forest
0_Wavelet absolute mean_27777777.78Hz,19,0.0023712225162052,Random Forest
0_Wavelet entropy,20,0.0023168250225942,Random Forest
0_Median,21,0.0022301179022812,Random Forest
0_Spectral decrease,22,0.0021094731281777,Random Forest
0_LPCC_1,23,0.001887755157442,Random Forest
0_MFCC_5,24,0.0018811780365418,Random Forest
0_Max,25,0.0015337308549675,Random Forest
0_MFCC_4,26,0.0015263370663153,Random Forest
0_MFCC_0,27,0.0015079896224538,Random Forest
0_Maximum frequency,28,0.0015036786039424,Random Forest
0_MFCC_10,29,0.001125263895831,Random Forest
0_Zero crossing rate,30,0.0011184449251635,Random Forest
0_ECDF Percentile_1,31,0.0007962648400485,Random Forest
0_Median frequency,32,0.0007792137461499,Random Forest
0_Mean,33,0.0006955523162969,Random Forest
0_LPCC_5,34,0.0006624547084453,Random Forest
0_Spectral positive turning points,35,0.0003353086111277,Random Forest
0_Negative turning points,36,0.0003028830526412,Random Forest
0_Power bandwidth,37,1.9734549584960645e-05,Random Forest
0_Neighbourhood peaks,38,1.1459473971591194e-05,Random Forest
0_Spectral roll-on,39,6.271896758155057e-07,Random Forest
0_Median diff,40,-1.0362081563168128e-17,Random Forest
0_LPCC_6,41,-0.0001411865109379,Random Forest
0_Median absolute diff,42,-0.0005198756313655,Random Forest
0_MFCC_4,1,3.5802336614740504,Bayesian Ridge
0_Peak to peak distance,2,1.7866065871189514,Bayesian Ridge
0_ECDF Percentile_0,3,1.504511369038072,Bayesian Ridge
0_MFCC_5,4,1.226208550385257,Bayesian Ridge
0_MFCC_9,5,1.1167507950189013,Bayesian Ridge
0_MFCC_11,6,0.7233943798679253,Bayesian Ridge
0_Mean,7,0.689472476038024,Bayesian Ridge
0_Max,8,0.4703762161845885,Bayesian Ridge
0_Slope,9,0.3080323518039227,Bayesian Ridge
0_MFCC_0,10,0.2322765095894974,Bayesian Ridge
0_MFCC_8,11,0.1826652538843103,Bayesian Ridge
0_Median,12,0.1715720148478161,Bayesian Ridge
0_ECDF Percentile_1,13,0.0914431202654593,Bayesian Ridge
0_Spectral decrease,14,0.0754700425344291,Bayesian Ridge
0_MFCC_10,15,0.0461964721583388,Bayesian Ridge
0_Wavelet absolute mean_27777777.78Hz,16,0.0459795781799157,Bayesian Ridge
0_Spectral entropy,17,0.0394240450554781,Bayesian Ridge
0_Absolute energy,18,0.0241042486605336,Bayesian Ridge
0_Autocorrelation,19,0.0190656540628128,Bayesian Ridge
0_Entropy,20,0.0151913030044113,Bayesian Ridge
0_Wavelet entropy,21,0.0113881174232976,Bayesian Ridge
0_Power bandwidth,22,0.0100821433953823,Bayesian Ridge
0_Wavelet energy_125000000.0Hz,23,0.0093919216996926,Bayesian Ridge
0_Mean diff,24,0.0065638675241921,Bayesian Ridge
0_Wavelet absolute mean_125000000.0Hz,25,0.0064776596523086,Bayesian Ridge
0_Interquartile range,26,0.005999273445907,Bayesian Ridge
0_LPCC_1,27,0.0042366596109815,Bayesian Ridge
0_Median frequency,28,0.0030108741127264,Bayesian Ridge
0_Median diff,29,0.0023392382595515,Bayesian Ridge
0_Spectral variation,30,0.0019320851567935,Bayesian Ridge
0_Spectral roll-on,31,0.0018525788779868,Bayesian Ridge
0_LPCC_0,32,0.0017792332642731,Bayesian Ridge
0_Spectral positive turning points,33,0.001252740966036,Bayesian Ridge
0_Zero crossing rate,34,0.000544144783338,Bayesian Ridge
0_Median absolute diff,35,0.0004823204520333,Bayesian Ridge
0_Maximum frequency,36,0.0004369629457514,Bayesian Ridge
0_LPCC_6,37,0.0004334878787856,Bayesian Ridge
0_Fundamental frequency,38,0.000356732904504,Bayesian Ridge
0_Negative turning points,39,0.0001314973340659,Bayesian Ridge
0_Neighbourhood peaks,40,7.492874860087392e-05,Bayesian Ridge
0_LPCC_5,41,-9.134240790015752e-05,Bayesian Ridge
0_Histogram mode,42,-0.0003007008636863,Bayesian Ridge
0_Peak to peak distance,1,0.660208081404368,XGBoost
0_Spectral entropy,2,0.2341195901234944,XGBoost
0_Autocorrelation,3,0.0888692959149678,XGBoost
0_Mean diff,4,0.0309679587682088,XGBoost
0_Spectral variation,5,0.0292617297172546,XGBoost
0_Interquartile range,6,0.0256418959299723,XGBoost
0_Absolute energy,7,0.0133460839589436,XGBoost
0_Entropy,8,0.0068792112668355,XGBoost
0_Histogram mode,9,0.0032997322082519,XGBoost
0_MFCC_0,10,0.0032269008954366,XGBoost
0_MFCC_9,11,0.0022307538986206,XGBoost
0_MFCC_5,12,0.0020209058125813,XGBoost
0_MFCC_11,13,0.0015019392967224,XGBoost
0_Zero crossing rate,14,0.001306840578715,XGBoost
0_MFCC_10,15,0.0012626600265502,XGBoost
0_Wavelet entropy,16,0.0012022336324055,XGBoost
0_Max,17,0.0011604277292887,XGBoost
0_MFCC_8,18,0.0011276944478352,XGBoost
0_ECDF Percentile_1,19,0.0011017036437988,XGBoost
0_Fundamental frequency,20,0.0010830211639404,XGBoost
0_LPCC_1,21,0.0007677586873372,XGBoost
0_Spectral positive turning points,22,0.0007339962323506,XGBoost
0_Mean,23,0.0007032148043314,XGBoost
0_LPCC_0,24,0.0006400990486145,XGBoost
0_Wavelet absolute mean_125000000.0Hz,25,0.0005435021718343,XGBoost
0_Wavelet energy_125000000.0Hz,26,0.0005289395650227,XGBoost
0_MFCC_4,27,0.0005199233690897,XGBoost
0_Slope,28,0.0004952454566955,XGBoost
0_LPCC_5,29,0.0004701876640319,XGBoost
0_Spectral decrease,30,0.0003427068392435,XGBoost
0_Negative turning points,31,0.0003079239527384,XGBoost
0_Wavelet absolute mean_27777777.78Hz,32,0.0002574157714843,XGBoost
0_Median diff,33,0.0002366105715433,XGBoost
0_Median absolute diff,34,0.0001853156089782,XGBoost
0_Maximum frequency,35,8.577823638916015e-05,XGBoost
0_Median frequency,36,8.461952209472657e-05,XGBoost
0_Median,37,6.543874740600587e-05,XGBoost
0_Spectral roll-on,38,0.0,XGBoost
0_Power bandwidth,39,0.0,XGBoost
0_Neighbourhood peaks,40,-1.9661585489908853e-06,XGBoost
0_LPCC_6,41,-0.0002340650558471,XGBoost
0_ECDF Percentile_0,42,-0.0006665190060933,XGBoost
0_Spectral entropy,1,0.1135234480193634,SVR
0_Peak to peak distance,2,0.109669013406117,SVR
0_LPCC_0,3,0.1026017162224495,SVR
0_Spectral variation,4,0.0990125468845235,SVR
0_Interquartile range,5,0.0764919090086172,SVR
0_Spectral decrease,6,0.0675095865902405,SVR
0_Absolute energy,7,0.0649155874794083,SVR
0_Median,8,0.0597807825602839,SVR
0_ECDF Percentile_0,9,0.050957527726676,SVR
0_Mean diff,10,0.0486259456114747,SVR
0_MFCC_11,11,0.0484631413010225,SVR
0_Wavelet absolute mean_27777777.78Hz,12,0.0407883699634449,SVR
0_Max,13,0.0371470828285638,SVR
0_Slope,14,0.0248153449208881,SVR
0_Autocorrelation,15,0.0214326550352186,SVR
0_Mean,16,0.0131633764211084,SVR
0_Wavelet absolute mean_125000000.0Hz,17,0.0126922801213125,SVR
0_Wavelet entropy,18,0.0102408024027707,SVR
0_MFCC_5,19,0.0101289148667607,SVR
0_MFCC_9,20,0.0086197803230962,SVR
0_LPCC_5,21,0.0057898495608635,SVR
0_MFCC_0,22,0.0052471739528088,SVR
0_MFCC_4,23,0.0046888951020873,SVR
0_MFCC_8,24,0.0022545870448971,SVR
0_Wavelet energy_125000000.0Hz,25,0.0018421432600245,SVR
0_Spectral positive turning points,26,0.001774702046827,SVR
0_LPCC_1,27,0.0016937577763686,SVR
0_Maximum frequency,28,0.0014634187529158,SVR
0_Spectral roll-on,29,0.0013350353733668,SVR
0_ECDF Percentile_1,30,0.0012940196980345,SVR
0_Histogram mode,31,0.000852965333192,SVR
0_Power bandwidth,32,0.0008529043576752,SVR
0_Zero crossing rate,33,0.00080566015829,SVR
0_LPCC_6,34,0.0005803274059612,SVR
0_MFCC_10,35,0.0005240864428234,SVR
0_Negative turning points,36,0.0005042876135098,SVR
0_Entropy,37,0.000344041982576,SVR
0_Neighbourhood peaks,38,0.0003288735485302,SVR
0_Fundamental frequency,39,0.0002254201719988,SVR
0_Median diff,40,0.0,SVR
0_Median absolute diff,41,-0.0002646280369773,SVR
0_Median frequency,42,-0.000273053063814,SVR
0_Peak to peak distance,1,0.1574140776676689,Random Forest
0_Spectral entropy,2,0.0720296947609435,Random Forest
0_Spectral variation,3,0.0423085581662508,Random Forest
0_Autocorrelation,4,0.0393686270431501,Random Forest
0_Absolute energy,5,0.0192816711444418,Random Forest
0_Interquartile range,6,0.0189588066008925,Random Forest
0_Entropy,7,0.0132000153541082,Random Forest
0_Histogram mode,8,0.0080673346965442,Random Forest
0_Wavelet energy_125000000.0Hz,9,0.0072497040600137,Random Forest
0_MFCC_11,10,0.0070851103486075,Random Forest
0_Mean diff,11,0.0054610635041602,Random Forest
0_Slope,12,0.0053336397427275,Random Forest
0_LPCC_0,13,0.0042888855472529,Random Forest
0_Wavelet absolute mean_125000000.0Hz,14,0.0042421972099269,Random Forest
0_ECDF Percentile_1,15,0.0034461193253923,Random Forest
0_MFCC_8,16,0.0032180629680634,Random Forest
0_MFCC_9,17,0.0029794681476685,Random Forest
0_Fundamental frequency,18,0.0023803143424018,Random Forest
0_Wavelet absolute mean_27777777.78Hz,19,0.0018949404402557,Random Forest
0_MFCC_0,20,0.0017447063230462,Random Forest
0_Maximum frequency,21,0.0017425399209956,Random Forest
0_MFCC_5,22,0.0016539765395848,Random Forest
0_MFCC_4,23,0.0014645786801551,Random Forest
0_Median,24,0.0012718752616683,Random Forest
0_LPCC_1,25,0.0011074333655067,Random Forest
0_Spectral decrease,26,0.0010288017920759,Random Forest
0_MFCC_10,27,0.0009698189627773,Random Forest
0_Median frequency,28,0.0009427794277841,Random Forest
0_ECDF Percentile_0,29,0.000818050415887,Random Forest
0_Zero crossing rate,30,0.0007375810325615,Random Forest
0_Mean,31,0.0006063374646584,Random Forest
0_LPCC_5,32,0.0004940920520121,Random Forest
0_LPCC_6,33,0.0003997306421747,Random Forest
0_Wavelet entropy,34,0.0003771140011882,Random Forest
0_Negative turning points,35,0.0002787361275971,Random Forest
0_Power bandwidth,36,0.0001204651586322,Random Forest
0_Spectral roll-on,37,5.743265609576831e-06,Random Forest
0_Neighbourhood peaks,38,1.91275943081326e-06,Random Forest
0_Median diff,39,-2.6645352591003762e-17,Random Forest
0_Spectral positive turning points,40,-1.9383052514035567e-05,Random Forest
0_Median absolute diff,41,-0.0004884541626665,Random Forest
0_Max,42,-0.0012690448264583,Random Forest
0_MFCC_4,1,2.774931841942504,Bayesian Ridge
0_Peak to peak distance,2,2.3116740513165817,Bayesian Ridge
0_MFCC_5,3,1.1523667079087658,Bayesian Ridge
0_MFCC_9,4,0.87503771171568,Bayesian Ridge
0_ECDF Percentile_0,5,0.8616746006731366,Bayesian Ridge
0_Max,6,0.7022788889840339,Bayesian Ridge
0_Mean,7,0.6649957496119409,Bayesian Ridge
0_MFCC_11,8,0.4986171848044303,Bayesian Ridge
0_Slope,9,0.2805101438457669,Bayesian Ridge
0_MFCC_8,10,0.209446646953024,Bayesian Ridge
0_Median,11,0.0983577258239815,Bayesian Ridge
0_MFCC_0,12,0.0893918772956365,Bayesian Ridge
0_MFCC_10,13,0.0807484376401202,Bayesian Ridge
0_Spectral decrease,14,0.056533633980763,Bayesian Ridge
0_ECDF Percentile_1,15,0.0540410849122072,Bayesian Ridge
0_Spectral entropy,16,0.0448518517749386,Bayesian Ridge
0_Wavelet energy_125000000.0Hz,17,0.0214431556628896,Bayesian Ridge
0_Autocorrelation,18,0.0210178385192869,Bayesian Ridge
0_Wavelet absolute mean_27777777.78Hz,19,0.0180902969121954,Bayesian Ridge
0_Wavelet entropy,20,0.0132027964375867,Bayesian Ridge
0_Mean diff,21,0.0116191184160239,Bayesian Ridge
0_Spectral variation,22,0.0113922143352198,Bayesian Ridge
0_Entropy,23,0.0100199172126689,Bayesian Ridge
0_Power bandwidth,24,0.0068158307394399,Bayesian Ridge
0_Wavelet absolute mean_125000000.0Hz,25,0.0064976111156756,Bayesian Ridge
0_LPCC_0,26,0.0064818775215464,Bayesian Ridge
0_LPCC_1,27,0.0059209964329862,Bayesian Ridge
0_Interquartile range,28,0.0057605497478024,Bayesian Ridge
0_Maximum frequency,29,0.0025205873591448,Bayesian Ridge
0_Median frequency,30,0.0022904424963478,Bayesian Ridge
0_Spectral roll-on,31,0.0015376281343775,Bayesian Ridge
0_Zero crossing rate,32,0.001354630884784,Bayesian Ridge
0_Median absolute diff,33,0.0012045735215187,Bayesian Ridge
0_LPCC_5,34,0.0008420971431905,Bayesian Ridge
0_Fundamental frequency,35,0.0006148002773145,Bayesian Ridge
0_Negative turning points,36,0.0004032860816495,Bayesian Ridge
0_Absolute energy,37,0.0001694366426461,Bayesian Ridge
0_Neighbourhood peaks,38,0.0001193198502682,Bayesian Ridge
0_Histogram mode,39,3.4471055566124655e-05,Bayesian Ridge
0_Median diff,40,0.0,Bayesian Ridge
0_LPCC_6,41,-0.000318311563552,Bayesian Ridge
0_Spectral positive turning points,42,-0.0003393084031707,Bayesian Ridge
0_Peak to peak distance,1,0.600531956354777,XGBoost
0_Spectral entropy,2,0.2421994709968566,XGBoost
0_Autocorrelation,3,0.1855546903610229,XGBoost
0_Spectral variation,4,0.0091080419222513,XGBoost
0_Mean diff,5,0.0077701020240783,XGBoost
0_Slope,6,0.0068879469235738,XGBoost
0_Entropy,7,0.004118009408315,XGBoost
0_Interquartile range,8,0.0034706290562947,XGBoost
0_MFCC_11,9,0.0013426502545674,XGBoost
0_Fundamental frequency,10,0.0013177323341369,XGBoost
0_MFCC_8,11,0.0012842599550882,XGBoost
0_LPCC_0,12,0.0011789544423421,XGBoost
0_MFCC_9,13,0.0007825477917989,XGBoost
0_LPCC_1,14,0.0007551678021748,XGBoost
0_Max,15,0.0006289410591125,XGBoost
0_Spectral positive turning points,16,0.0006109317143758,XGBoost
0_Negative turning points,17,0.0004801678657531,XGBoost
0_LPCC_6,18,0.0004386679331461,XGBoost
0_Wavelet absolute mean_27777777.78Hz,19,0.0003703848520914,XGBoost
0_MFCC_5,20,0.0003458539644877,XGBoost
0_Zero crossing rate,21,0.0003438051541646,XGBoost
0_Histogram mode,22,0.0002470541000366,XGBoost
0_Mean,23,0.0002335508664449,XGBoost
0_Median,24,0.0001739891370137,XGBoost
0_Wavelet energy_125000000.0Hz,25,9.455998738606772e-05,XGBoost
0_MFCC_4,26,5.903323491414388e-05,XGBoost
0_Absolute energy,27,4.2452017466227215e-05,XGBoost
0_Median absolute diff,28,2.6050408681233724e-05,XGBoost
0_Median diff,29,0.0,XGBoost
0_Spectral roll-on,30,0.0,XGBoost
0_Median frequency,31,0.0,XGBoost
0_Power bandwidth,32,0.0,XGBoost
0_ECDF Percentile_1,33,-1.0042190551757812e-05,XGBoost
0_Neighbourhood peaks,34,-2.0490487416585285e-05,XGBoost
0_Maximum frequency,35,-4.2572021484375e-05,XGBoost
0_MFCC_10,36,-0.0001447415351867,XGBoost
0_LPCC_5,37,-0.0002477208773295,XGBoost
0_Spectral decrease,38,-0.0003947027524312,XGBoost
0_Wavelet entropy,39,-0.0004983615875244,XGBoost
0_ECDF Percentile_0,40,-0.0006251764297485,XGBoost
0_MFCC_0,41,-0.0007199581464131,XGBoost
0_Wavelet absolute mean_125000000.0Hz,42,-0.0008420515060424,XGBoost
0_Spectral decrease,1,0.113615646348962,SVR
0_Spectral variation,2,0.1101862100090696,SVR
0_Peak to peak distance,3,0.1012926197001083,SVR
0_ECDF Percentile_0,4,0.094939979045703,SVR
0_Spectral entropy,5,0.0932083619579498,SVR
0_LPCC_0,6,0.0856771916889954,SVR
0_Mean diff,7,0.0774149027706258,SVR
0_Interquartile range,8,0.0701461111256806,SVR
0_Median,9,0.0682248042600568,SVR
0_Wavelet absolute mean_27777777.78Hz,10,0.0638744635058176,SVR
0_Max,11,0.0612089290957051,SVR
0_Absolute energy,12,0.0487103072085275,SVR
0_Slope,13,0.0290385613456507,SVR
0_MFCC_11,14,0.0218330226428078,SVR
0_Autocorrelation,15,0.0207773038798603,SVR
0_Wavelet absolute mean_125000000.0Hz,16,0.0191026231956519,SVR
0_Mean,17,0.0189405098626094,SVR
0_MFCC_5,18,0.0174826500394731,SVR
0_Median diff,19,0.0125657242687994,SVR
0_Wavelet entropy,20,0.0121416620970739,SVR
0_MFCC_9,21,0.0098138658123832,SVR
0_MFCC_10,22,0.0069610732600037,SVR
0_MFCC_0,23,0.0060541288119417,SVR
0_Wavelet energy_125000000.0Hz,24,0.0047057312970411,SVR
0_ECDF Percentile_1,25,0.0046913158150433,SVR
0_Maximum frequency,26,0.004603509226768,SVR
0_Median absolute diff,27,0.0042301029593391,SVR
0_Median frequency,28,0.002140044427203,SVR
0_MFCC_4,29,0.0021378610187108,SVR
0_Spectral roll-on,30,0.0018580022101973,SVR
0_Histogram mode,31,0.0016625290106888,SVR
0_Zero crossing rate,32,0.0014984596984087,SVR
0_Entropy,33,0.0012453301700062,SVR
0_Fundamental frequency,34,0.0011266739025617,SVR
0_LPCC_1,35,0.0011069507261768,SVR
0_MFCC_8,36,0.0010849775726876,SVR
0_LPCC_6,37,0.0009547391300753,SVR
0_Spectral positive turning points,38,0.0005610141144428,SVR
0_LPCC_5,39,0.0003893849382543,SVR
0_Neighbourhood peaks,40,0.0001650084412621,SVR
0_Power bandwidth,41,9.198454840095403e-05,SVR
0_Negative turning points,42,-0.0002390191761762,SVR
0_Peak to peak distance,1,0.158822532091514,Random Forest
0_Spectral entropy,2,0.0696270513413343,Random Forest
0_Autocorrelation,3,0.0425004621056003,Random Forest
0_Absolute energy,4,0.0376504658308372,Random Forest
0_Spectral variation,5,0.0338617455341612,Random Forest
0_Interquartile range,6,0.0205958053520857,Random Forest
0_Entropy,7,0.0180645650384507,Random Forest
0_MFCC_11,8,0.0115753311381792,Random Forest
0_Wavelet energy_125000000.0Hz,9,0.0090535163599786,Random Forest
0_Wavelet absolute mean_125000000.0Hz,10,0.0077836282086287,Random Forest
0_Histogram mode,11,0.0077729293330947,Random Forest
0_Mean diff,12,0.0061171321993983,Random Forest
0_MFCC_9,13,0.0057674238419237,Random Forest
0_LPCC_0,14,0.0055005570309997,Random Forest
0_MFCC_8,15,0.0050528541729023,Random Forest
0_Slope,16,0.0048019492457514,Random Forest
0_ECDF Percentile_0,17,0.0046432160105033,Random Forest
0_Wavelet entropy,18,0.0039312624605175,Random Forest
0_ECDF Percentile_1,19,0.0026516427966161,Random Forest
0_Fundamental frequency,20,0.0020659823090798,Random Forest
0_Median,21,0.0018729804201476,Random Forest
0_MFCC_10,22,0.0016874168646265,Random Forest
0_Wavelet absolute mean_27777777.78Hz,23,0.0016373196553368,Random Forest
0_Median frequency,24,0.001593872957894,Random Forest
0_Max,25,0.0014177089075562,Random Forest
0_Spectral decrease,26,0.0012045978892019,Random Forest
0_Mean,27,0.0011017523959262,Random Forest
0_Maximum frequency,28,0.0010395044410585,Random Forest
0_LPCC_6,29,0.000798972183121,Random Forest
0_MFCC_4,30,0.0006792186968526,Random Forest
0_LPCC_1,31,0.0006352172620861,Random Forest
0_MFCC_0,32,0.0005305081789208,Random Forest
0_Zero crossing rate,33,0.0003948293471671,Random Forest
0_MFCC_5,34,0.0003784716348825,Random Forest
0_Negative turning points,35,6.69505249506397e-05,Random Forest
0_Power bandwidth,36,5.369400243848096e-05,Random Forest
0_Spectral roll-on,37,4.07521223172506e-05,Random Forest
0_Neighbourhood peaks,38,5.065981162101588e-06,Random Forest
0_Median diff,39,3.256654205567126e-17,Random Forest
0_Spectral positive turning points,40,-4.499109429495866e-05,Random Forest
0_Median absolute diff,41,-0.0001796030593965,Random Forest
0_LPCC_5,42,-0.0001922537522112,Random Forest
0_Peak to peak distance,1,1.2989163017848504,Bayesian Ridge
0_ECDF Percentile_0,2,0.916855745887937,Bayesian Ridge
0_Mean,3,0.9125142318357896,Bayesian Ridge
0_Max,4,0.8774152230213303,Bayesian Ridge
0_MFCC_4,5,0.6788373153084735,Bayesian Ridge
0_MFCC_5,6,0.5052219069487486,Bayesian Ridge
0_Spectral decrease,7,0.3350753654189535,Bayesian Ridge
0_Slope,8,0.2930729748864737,Bayesian Ridge
0_MFCC_11,9,0.1251701289977917,Bayesian Ridge
0_Wavelet absolute mean_27777777.78Hz,10,0.1198502122563331,Bayesian Ridge
0_Median,11,0.1176336009556774,Bayesian Ridge
0_LPCC_0,12,0.1114713301187087,Bayesian Ridge
0_MFCC_9,13,0.1033120781147736,Bayesian Ridge
0_Spectral variation,14,0.0723261845446509,Bayesian Ridge
0_ECDF Percentile_1,15,0.0624610966835727,Bayesian Ridge
0_Interquartile range,16,0.0498455533738718,Bayesian Ridge
0_MFCC_0,17,0.0344585745606948,Bayesian Ridge
0_MFCC_10,18,0.0254099217888223,Bayesian Ridge
0_MFCC_8,19,0.0248879778734688,Bayesian Ridge
0_Entropy,20,0.0158097159045357,Bayesian Ridge
0_Autocorrelation,21,0.0130238750445684,Bayesian Ridge
0_Mean diff,22,0.0111238941971175,Bayesian Ridge
0_Absolute energy,23,0.008196058963047,Bayesian Ridge
0_Wavelet energy_125000000.0Hz,24,0.0081456461574038,Bayesian Ridge
0_Median frequency,25,0.0051255947477079,Bayesian Ridge
0_LPCC_5,26,0.0033963601932543,Bayesian Ridge
0_Spectral roll-on,27,0.003140241970569,Bayesian Ridge
0_Power bandwidth,28,0.0029710146976675,Bayesian Ridge
0_Median diff,29,0.0023602285792232,Bayesian Ridge
0_Maximum frequency,30,0.0022441831275422,Bayesian Ridge
0_Wavelet absolute mean_125000000.0Hz,31,0.0014196129132471,Bayesian Ridge
0_Median absolute diff,32,0.0014148520705205,Bayesian Ridge
0_Spectral positive turning points,33,0.0008979938807166,Bayesian Ridge
0_LPCC_6,34,0.0004047134037403,Bayesian Ridge
0_Histogram mode,35,0.0003209713744919,Bayesian Ridge
0_Negative turning points,36,0.0001849964644795,Bayesian Ridge
0_Fundamental frequency,37,5.344910624078677e-05,Bayesian Ridge
0_Spectral entropy,38,-5.941085586070797e-05,Bayesian Ridge
0_Neighbourhood peaks,39,-0.0001233087982022,Bayesian Ridge
0_LPCC_1,40,-0.000554172854305,Bayesian Ridge
0_Wavelet entropy,41,-0.0013996373795586,Bayesian Ridge
0_Zero crossing rate,42,-0.0022919456634296,Bayesian Ridge
0_Peak to peak distance,1,0.577317651907603,XGBoost
0_Spectral entropy,2,0.2819233377774556,XGBoost
0_Autocorrelation,3,0.1303532067934672,XGBoost
0_Interquartile range,4,0.0253677066167195,XGBoost
0_Spectral variation,5,0.0122247838973999,XGBoost
0_Entropy,6,0.0102693700790405,XGBoost
0_Absolute energy,7,0.0075882840156555,XGBoost
0_Wavelet absolute mean_125000000.0Hz,8,0.0065057015419006,XGBoost
0_Max,9,0.0039947613080342,XGBoost
0_Slope,10,0.0027190438906351,XGBoost
0_Histogram mode,11,0.0023985004425048,XGBoost
0_ECDF Percentile_0,12,0.0023507110277811,XGBoost
0_Mean diff,13,0.0020338932673136,XGBoost
0_MFCC_9,14,0.0019458389282226,XGBoost
0_MFCC_11,15,0.0019144074122111,XGBoost
0_MFCC_8,16,0.0018627969423929,XGBoost
0_Fundamental frequency,17,0.001836777528127,XGBoost
0_MFCC_4,18,0.0009805305798848,XGBoost
0_Median absolute diff,19,0.0008688481648763,XGBoost
0_Spectral decrease,20,0.0006015547116597,XGBoost
0_LPCC_6,21,0.0005425103505452,XGBoost
0_MFCC_5,22,0.0004529778162638,XGBoost
0_MFCC_0,23,0.0004327511787414,XGBoost
0_ECDF Percentile_1,24,0.0003804715474446,XGBoost
0_Wavelet entropy,25,0.0003180241584777,XGBoost
0_LPCC_5,26,0.0003022837638854,XGBoost
0_Wavelet energy_125000000.0Hz,27,0.0002864543596903,XGBoost
0_Median,28,0.0002767062187194,XGBoost
0_Maximum frequency,29,0.000272192955017,XGBoost
0_Mean,30,0.000175810654958,XGBoost
0_LPCC_0,31,0.0001699105898539,XGBoost
0_LPCC_1,32,0.0001615897814432,XGBoost
0_Negative turning points,33,4.962682723999024e-05,XGBoost
0_Neighbourhood peaks,34,4.471937815348308e-06,XGBoost
0_Spectral roll-on,35,0.0,XGBoost
0_Median diff,36,0.0,XGBoost
0_Zero crossing rate,37,0.0,XGBoost
0_Power bandwidth,38,0.0,XGBoost
0_Spectral positive turning points,39,-9.328524271647137e-06,XGBoost
0_Wavelet absolute mean_27777777.78Hz,40,-0.0001328341166178,XGBoost
0_Median frequency,41,-0.0001776965459187,XGBoost
0_MFCC_10,42,-0.0002547868092854,XGBoost
0_Peak to peak distance,1,0.1323558194663543,SVR
0_Spectral entropy,2,0.1052155511893936,SVR
0_Spectral variation,3,0.0967528423605057,SVR
0_Spectral decrease,4,0.0907683646869573,SVR
0_LPCC_0,5,0.0884479121751708,SVR
0_ECDF Percentile_0,6,0.0795295637563195,SVR
0_Interquartile range,7,0.0782224132661114,SVR
0_Mean diff,8,0.0720732180268745,SVR
0_Median,9,0.0609872353205411,SVR
0_Max,10,0.0557755197979768,SVR
0_Absolute energy,11,0.0553717834564274,SVR
0_Wavelet absolute mean_27777777.78Hz,12,0.0471682037937958,SVR
0_MFCC_11,13,0.0324351646615388,SVR
0_Slope,14,0.0288366552062669,SVR
0_MFCC_5,15,0.0167750327450124,SVR
0_Wavelet absolute mean_125000000.0Hz,16,0.0164464132343512,SVR
0_Mean,17,0.014223297121584,SVR
0_MFCC_9,18,0.0121912281269127,SVR
0_Autocorrelation,19,0.0109746020988629,SVR
0_Wavelet energy_125000000.0Hz,20,0.0072132979382394,SVR
0_Wavelet entropy,21,0.0070656745742195,SVR
0_MFCC_4,22,0.0049906755008692,SVR
0_Maximum frequency,23,0.0045257790710471,SVR
0_LPCC_1,24,0.004136217417987,SVR
0_Median diff,25,0.0041358093274678,SVR
0_ECDF Percentile_1,26,0.0039241685020299,SVR
0_MFCC_8,27,0.0032729549348436,SVR
0_MFCC_10,28,0.0030886605813891,SVR
0_Spectral positive turning points,29,0.0018115194821366,SVR
0_LPCC_5,30,0.0017138020105151,SVR
0_Fundamental frequency,31,0.001683063450283,SVR
0_Entropy,32,0.0012670315166411,SVR
0_LPCC_6,33,0.001261787059481,SVR
0_Spectral roll-on,34,0.0011945578886117,SVR
0_MFCC_0,35,0.0010181581166511,SVR
0_Median frequency,36,0.0008018161846014,SVR
0_Zero crossing rate,37,0.0006236206760235,SVR
0_Histogram mode,38,0.0006108555952184,SVR
0_Neighbourhood peaks,39,0.0006006458015882,SVR
0_Power bandwidth,40,0.0005062514156471,SVR
0_Median absolute diff,41,0.0001497125930221,SVR
0_Negative turning points,42,-0.0002184170102747,SVR
0_Peak to peak distance,1,0.1516716698726229,Random Forest
0_Spectral entropy,2,0.0766460747097203,Random Forest
0_Autocorrelation,3,0.0528755572084562,Random Forest
0_Absolute energy,4,0.0364854292175929,Random Forest
0_Spectral variation,5,0.0363335582026868,Random Forest
0_Interquartile range,6,0.0228577033913495,Random Forest
0_Entropy,7,0.0177632869866187,Random Forest
0_Histogram mode,8,0.011378474948788,Random Forest
0_MFCC_11,9,0.0108945495570309,Random Forest
0_Wavelet energy_125000000.0Hz,10,0.0107319580069442,Random Forest
0_ECDF Percentile_0,11,0.0091162149776202,Random Forest
0_Wavelet absolute mean_125000000.0Hz,12,0.007490979848331,Random Forest
0_Slope,13,0.0059602514084196,Random Forest
0_LPCC_0,14,0.005262062897671,Random Forest
0_MFCC_9,15,0.0045558892324256,Random Forest
0_Mean diff,16,0.0042064375952623,Random Forest
0_MFCC_8,17,0.0037407888789997,Random Forest
0_Wavelet entropy,18,0.0036409930051788,Random Forest
0_ECDF Percentile_1,19,0.0031476390626971,Random Forest
0_Spectral decrease,20,0.0027168382428057,Random Forest
0_Fundamental frequency,21,0.0023487232411578,Random Forest
0_Mean,22,0.0019427951836012,Random Forest
0_MFCC_0,23,0.0017899151423303,Random Forest
0_MFCC_10,24,0.0017856391552325,Random Forest
0_Maximum frequency,25,0.0016495937930975,Random Forest
0_MFCC_5,26,0.0016164047569017,Random Forest
0_Median frequency,27,0.0015973430864234,Random Forest
0_Wavelet absolute mean_27777777.78Hz,28,0.001260113616219,Random Forest
0_Zero crossing rate,29,0.0012327472389864,Random Forest
0_Median,30,0.0008072507104907,Random Forest
0_MFCC_4,31,0.000798211391364,Random Forest
0_LPCC_1,32,0.0006319060796963,Random Forest
0_Max,33,0.0004879211848104,Random Forest
0_LPCC_6,34,0.0004739158705185,Random Forest
0_LPCC_5,35,0.0004726541982175,Random Forest
0_Spectral positive turning points,36,0.0003976115339862,Random Forest
0_Median absolute diff,37,0.0002131849749821,Random Forest
0_Negative turning points,38,0.0002020292382536,Random Forest
0_Spectral roll-on,39,3.779326135562311e-05,Random Forest
0_Power bandwidth,40,3.704247300427769e-05,Random Forest
0_Median diff,41,0.0,Random Forest
0_Neighbourhood peaks,42,-1.6913657094441708e-07,Random Forest
0_Peak to peak distance,1,1.9529854484355376,Bayesian Ridge
0_MFCC_4,2,1.5459016420979486,Bayesian Ridge
0_MFCC_5,3,0.9224778290380768,Bayesian Ridge
0_ECDF Percentile_0,4,0.8182484323758394,Bayesian Ridge
0_Max,5,0.7562441679428001,Bayesian Ridge
0_Mean,6,0.5510456943358589,Bayesian Ridge
0_MFCC_11,7,0.4002598029261269,Bayesian Ridge
0_Slope,8,0.3583504416788807,Bayesian Ridge
0_MFCC_9,9,0.224556312690528,Bayesian Ridge
0_MFCC_0,10,0.1214203246037971,Bayesian Ridge
0_Spectral decrease,11,0.1171154086353691,Bayesian Ridge
0_ECDF Percentile_1,12,0.0689675651268266,Bayesian Ridge
0_Median,13,0.0625075641679389,Bayesian Ridge
0_Wavelet absolute mean_27777777.78Hz,14,0.0576376453554952,Bayesian Ridge
0_LPCC_0,15,0.0574339974706953,Bayesian Ridge
0_Spectral variation,16,0.0410788446572332,Bayesian Ridge
0_MFCC_8,17,0.0281715401015014,Bayesian Ridge
0_Entropy,18,0.0198879249357335,Bayesian Ridge
0_Absolute energy,19,0.0184685157062192,Bayesian Ridge
0_Autocorrelation,20,0.0093649391028291,Bayesian Ridge
0_Wavelet energy_125000000.0Hz,21,0.0087099801409489,Bayesian Ridge
0_Power bandwidth,22,0.0066690516721017,Bayesian Ridge
0_Spectral entropy,23,0.0066303023693837,Bayesian Ridge
0_Wavelet entropy,24,0.0065731566189385,Bayesian Ridge
0_Interquartile range,25,0.0041276978562911,Bayesian Ridge
0_MFCC_10,26,0.0036878001627222,Bayesian Ridge
0_Median frequency,27,0.0036482556583741,Bayesian Ridge
0_Mean diff,28,0.002410336936034,Bayesian Ridge
0_Median diff,29,0.0021077975322558,Bayesian Ridge
0_Spectral roll-on,30,0.0016434747178073,Bayesian Ridge
0_Wavelet absolute mean_125000000.0Hz,31,0.0011894536343332,Bayesian Ridge
0_Spectral positive turning points,32,0.0011370788396549,Bayesian Ridge
0_LPCC_5,33,0.0009287187131146,Bayesian Ridge
0_Median absolute diff,34,0.0006383926899144,Bayesian Ridge
0_Zero crossing rate,35,0.0005045542889997,Bayesian Ridge
0_LPCC_6,36,0.0004934265156598,Bayesian Ridge
0_Negative turning points,37,0.0003391032202167,Bayesian Ridge
0_Neighbourhood peaks,38,0.0001395904246687,Bayesian Ridge
0_Histogram mode,39,3.701730556288752e-05,Bayesian Ridge
0_Fundamental frequency,40,-3.745872518238584e-05,Bayesian Ridge
0_LPCC_1,41,-0.0003577757424829,Bayesian Ridge
0_Maximum frequency,42,-0.0004822461023065,Bayesian Ridge
0_Peak to peak distance,1,0.6012507828076681,XGBoost
0_Spectral entropy,2,0.2400044385592142,XGBoost
0_Autocorrelation,3,0.1190826511383056,XGBoost
0_Interquartile range,4,0.052461040019989,XGBoost
0_Mean diff,5,0.0226628375053405,XGBoost
0_Spectral variation,6,0.0196525335311889,XGBoost
0_Entropy,7,0.0083128690719604,XGBoost
0_Absolute energy,8,0.0072757522265116,XGBoost
0_Max,9,0.0060566854476928,XGBoost
0_MFCC_9,10,0.0053643933931986,XGBoost
0_MFCC_0,11,0.0041875783602396,XGBoost
0_Slope,12,0.0027763279279073,XGBoost
0_Wavelet entropy,13,0.0018109154701232,XGBoost
0_Histogram mode,14,0.0017612242698669,XGBoost
0_LPCC_0,15,0.0012604045867919,XGBoost
0_MFCC_11,16,0.0011870384216308,XGBoost
0_Wavelet energy_125000000.0Hz,17,0.000972261428833,XGBoost
0_Median absolute diff,18,0.0009582861264546,XGBoost
0_LPCC_1,19,0.0008165343602498,XGBoost
0_Fundamental frequency,20,0.0007151953379313,XGBoost
0_Median diff,21,0.0006531929969787,XGBoost
0_Wavelet absolute mean_125000000.0Hz,22,0.0006498432159423,XGBoost
0_Median,23,0.0004599714279174,XGBoost
0_ECDF Percentile_1,24,0.0004352458318074,XGBoost
0_MFCC_8,25,0.0003918170928955,XGBoost
0_Spectral positive turning points,26,0.0002782583236694,XGBoost
0_Spectral decrease,27,0.000249745051066,XGBoost
0_ECDF Percentile_0,28,0.0001692636807759,XGBoost
0_Negative turning points,29,0.0001277597745259,XGBoost
0_Maximum frequency,30,9.83730951944987e-05,XGBoost
0_MFCC_10,31,8.356730143229167e-05,XGBoost
0_Mean,32,5.0754547119140624e-05,XGBoost
0_LPCC_5,33,5.059560139973959e-05,XGBoost
0_Zero crossing rate,34,5.991458892822265e-06,XGBoost
0_MFCC_5,35,1.438458760579427e-06,XGBoost
0_Power bandwidth,36,0.0,XGBoost
0_Spectral roll-on,37,0.0,XGBoost
0_Median frequency,38,0.0,XGBoost
0_Neighbourhood peaks,39,-3.3434232076009115e-06,XGBoost
0_LPCC_6,40,-1.5668074289957683e-05,XGBoost
0_MFCC_4,41,-4.8366387685139976e-05,XGBoost
0_Wavelet absolute mean_27777777.78Hz,42,-0.0007868639628092,XGBoost
0_Peak to peak distance,1,0.129301542354473,SVR
0_Spectral entropy,2,0.1131964737160033,SVR
0_LPCC_0,3,0.0965496694507049,SVR
0_Spectral variation,4,0.0955085816716963,SVR
0_Spectral decrease,5,0.0922059111621121,SVR
0_ECDF Percentile_0,6,0.0876586407232357,SVR
0_Max,7,0.0694927696936043,SVR
0_Median,8,0.0598570445773832,SVR
0_Absolute energy,9,0.0596585689869019,SVR
0_Mean diff,10,0.0594068953676784,SVR
0_Interquartile range,11,0.0560277030435131,SVR
0_Wavelet absolute mean_27777777.78Hz,12,0.0559390092758033,SVR
0_MFCC_11,13,0.0440246607561605,SVR
0_Wavelet absolute mean_125000000.0Hz,14,0.0278169227229903,SVR
0_Slope,15,0.0265686135211205,SVR
0_Wavelet entropy,16,0.0189324714891443,SVR
0_Mean,17,0.0186577489109839,SVR
0_Autocorrelation,18,0.0132466919115189,SVR
0_MFCC_9,19,0.0119403596442843,SVR
0_MFCC_4,20,0.0110905771620895,SVR
0_MFCC_10,21,0.0064771762245533,SVR
0_Wavelet energy_125000000.0Hz,22,0.006191034174833,SVR
0_Median diff,23,0.0049927785185736,SVR
0_MFCC_0,24,0.0045653147602419,SVR
0_Maximum frequency,25,0.0039816599825111,SVR
0_MFCC_8,26,0.0032497611053152,SVR
0_Median absolute diff,27,0.0030158531877561,SVR
0_MFCC_5,28,0.0029139556791972,SVR
0_LPCC_6,29,0.0020903849791671,SVR
0_ECDF Percentile_1,30,0.0015679033505641,SVR
0_LPCC_5,31,0.0012336167033005,SVR
0_Median frequency,32,0.0011340689754196,SVR
0_LPCC_1,33,0.0010444592688472,SVR
0_Power bandwidth,34,0.0006695669652496,SVR
0_Spectral roll-on,35,0.0005303691073857,SVR
0_Spectral positive turning points,36,0.0003771649393045,SVR
0_Histogram mode,37,0.0002420122282137,SVR
0_Neighbourhood peaks,38,-6.715550471122118e-05,SVR
0_Negative turning points,39,-0.000252163902187,SVR
0_Entropy,40,-0.0006217288739035,SVR
0_Zero crossing rate,41,-0.0006466871583346,SVR
0_Fundamental frequency,42,-0.000970450729537,SVR
0_Peak to peak distance,1,0.1816982319968619,Random Forest
0_Spectral entropy,2,0.0594394210220591,Random Forest
0_Spectral variation,3,0.0412057635924684,Random Forest
0_Autocorrelation,4,0.0408310361360339,Random Forest
0_Absolute energy,5,0.0360013104016751,Random Forest
0_Interquartile range,6,0.0293628800545935,Random Forest
0_Entropy,7,0.0185899853928851,Random Forest
0_Histogram mode,8,0.0183057554021018,Random Forest
0_Wavelet energy_125000000.0Hz,9,0.01363972202004,Random Forest
0_Wavelet absolute mean_125000000.0Hz,10,0.0069285220143472,Random Forest
0_ECDF Percentile_0,11,0.0067818014059249,Random Forest
0_MFCC_11,12,0.0064935427898321,Random Forest
0_LPCC_0,13,0.0047349558170592,Random Forest
0_Mean diff,14,0.0043589415242456,Random Forest
0_MFCC_8,15,0.0036545457296322,Random Forest
0_ECDF Percentile_1,16,0.0034002018528184,Random Forest
0_MFCC_9,17,0.0033814415029905,Random Forest
0_Fundamental frequency,18,0.0028503805765788,Random Forest
0_Slope,19,0.0027857232379935,Random Forest
0_Wavelet absolute mean_27777777.78Hz,20,0.0023063071111587,Random Forest
0_MFCC_0,21,0.0017840519646882,Random Forest
0_Max,22,0.0014560297619821,Random Forest
0_LPCC_1,23,0.0013309892917539,Random Forest
0_MFCC_5,24,0.0013102428688858,Random Forest
0_Median,25,0.0010616289226403,Random Forest
0_LPCC_6,26,0.0009897689145108,Random Forest
0_Zero crossing rate,27,0.0009609972157755,Random Forest
0_Spectral decrease,28,0.0009452068272185,Random Forest
0_Median frequency,29,0.0009024176134789,Random Forest
0_Mean,30,0.0008181453041919,Random Forest
0_LPCC_5,31,0.0006894493677139,Random Forest
0_Wavelet entropy,32,0.000571464113628,Random Forest
0_MFCC_10,33,0.0004018865854243,Random Forest
0_Median absolute diff,34,0.0003332639551744,Random Forest
0_Power bandwidth,35,0.0001091629404118,Random Forest
0_Maximum frequency,36,7.011525282460963e-05,Random Forest
0_Spectral positive turning points,37,3.3980928888515114e-05,Random Forest
0_Median diff,38,6.217248937900877e-17,Random Forest
0_Neighbourhood peaks,39,-1.9555530574333347e-06,Random Forest
0_Spectral roll-on,40,-1.617288176506489e-05,Random Forest
0_Negative turning points,41,-3.0789221115983995e-05,Random Forest
0_MFCC_4,42,-0.000220626695721,Random Forest
0_Peak to peak distance,1,1.9606251286636007,Bayesian Ridge
0_MFCC_4,2,1.7599566276050207,Bayesian Ridge
0_ECDF Percentile_0,3,0.8150016554100169,Bayesian Ridge
0_MFCC_5,4,0.7521412727886804,Bayesian Ridge
0_Max,5,0.7521411179033595,Bayesian Ridge
0_Mean,6,0.5665706260291831,Bayesian Ridge
0_MFCC_11,7,0.3877284453243553,Bayesian Ridge
0_MFCC_9,8,0.3185863438535157,Bayesian Ridge
0_Slope,9,0.2550290002089063,Bayesian Ridge
0_Median,10,0.0931944742443344,Bayesian Ridge
0_Spectral decrease,11,0.09025367887164,Bayesian Ridge
0_MFCC_0,12,0.0744540796710563,Bayesian Ridge
0_ECDF Percentile_1,13,0.065739060475933,Bayesian Ridge
0_MFCC_8,14,0.0501929383526702,Bayesian Ridge
0_Autocorrelation,15,0.0406331606081484,Bayesian Ridge
0_Wavelet absolute mean_27777777.78Hz,16,0.0367600459753036,Bayesian Ridge
0_LPCC_0,17,0.0322026800878459,Bayesian Ridge
0_Spectral variation,18,0.0286389971016033,Bayesian Ridge
0_Spectral entropy,19,0.0155390447097094,Bayesian Ridge
0_Entropy,20,0.0141500737225762,Bayesian Ridge
0_Wavelet absolute mean_125000000.0Hz,21,0.0131061330639585,Bayesian Ridge
0_Power bandwidth,22,0.0098966817946662,Bayesian Ridge
0_Wavelet energy_125000000.0Hz,23,0.0076400425569919,Bayesian Ridge
0_Interquartile range,24,0.0071623182117706,Bayesian Ridge
0_Absolute energy,25,0.0056492527205455,Bayesian Ridge
0_MFCC_10,26,0.0038040862045133,Bayesian Ridge
0_Wavelet entropy,27,0.0025094889483478,Bayesian Ridge
0_Median diff,28,0.002361905245067,Bayesian Ridge
0_Median frequency,29,0.001942539895621,Bayesian Ridge
0_LPCC_5,30,0.000756018094594,Bayesian Ridge
0_Histogram mode,31,0.0006744124817472,Bayesian Ridge
0_Maximum frequency,32,0.0006469251439944,Bayesian Ridge
0_LPCC_6,33,0.0005552925309631,Bayesian Ridge
0_Spectral positive turning points,34,0.0005419759208007,Bayesian Ridge
0_Spectral roll-on,35,0.0004978832765183,Bayesian Ridge
0_LPCC_1,36,0.0002890779493066,Bayesian Ridge
0_Mean diff,37,0.0002551936832162,Bayesian Ridge
0_Median absolute diff,38,0.0002032378822547,Bayesian Ridge
0_Zero crossing rate,39,0.0001916419342983,Bayesian Ridge
0_Fundamental frequency,40,0.0001543612869452,Bayesian Ridge
0_Neighbourhood peaks,41,-0.0001641942781304,Bayesian Ridge
0_Negative turning points,42,-0.0001859464265344,Bayesian Ridge
0_Peak to peak distance,1,0.5305535769462586,XGBoost
0_Spectral entropy,2,0.2458604963620503,XGBoost
0_Autocorrelation,3,0.2182920416196187,XGBoost
0_Spectral variation,4,0.0161430652936299,XGBoost
0_Interquartile range,5,0.0144366391499837,XGBoost
0_Entropy,6,0.0062648622194925,XGBoost
0_Max,7,0.0048038323720296,XGBoost
0_Mean diff,8,0.0039125879605611,XGBoost
0_Absolute energy,9,0.0028548987706502,XGBoost
0_Slope,10,0.0010331710179646,XGBoost
0_Fundamental frequency,11,0.0010026319821675,XGBoost
0_LPCC_0,12,0.0007103021939595,XGBoost
0_MFCC_10,13,0.0006657234827677,XGBoost
0_MFCC_5,14,0.0006603916486104,XGBoost
0_MFCC_8,15,0.0004085262616475,XGBoost
0_LPCC_6,16,0.0004045788447062,XGBoost
0_Mean,17,0.0003510864575703,XGBoost
0_MFCC_4,18,0.0003440173467,XGBoost
0_MFCC_11,19,0.0003278040885925,XGBoost
0_LPCC_1,20,0.0003063376744588,XGBoost
0_Histogram mode,21,0.000158847173055,XGBoost
0_Neighbourhood peaks,22,0.000153001944224,XGBoost
0_Wavelet absolute mean_27777777.78Hz,23,0.0001052610079447,XGBoost
0_Spectral decrease,24,5.7524840037028e-05,XGBoost
0_Zero crossing rate,25,2.8440157572428384e-05,XGBoost
0_Wavelet entropy,26,2.1527608235677084e-05,XGBoost
0_LPCC_5,27,1.45260492960612e-05,XGBoost
0_Median diff,28,0.0,XGBoost
0_Median absolute diff,29,0.0,XGBoost
0_Spectral roll-on,30,0.0,XGBoost
0_Power bandwidth,31,0.0,XGBoost
0_Spectral positive turning points,32,-7.557233174641928e-05,XGBoost
0_Median,33,-9.31088129679362e-05,XGBoost
0_Negative turning points,34,-0.0001391204198201,XGBoost
0_MFCC_0,35,-0.0001638976732889,XGBoost
0_ECDF Percentile_1,36,-0.0002601623535156,XGBoost
0_Median frequency,37,-0.000262066523234,XGBoost
0_MFCC_9,38,-0.000937316417694,XGBoost
0_Wavelet absolute mean_125000000.0Hz,39,-0.0012361431121826,XGBoost
0_Wavelet energy_125000000.0Hz,40,-0.0012900098164876,XGBoost
0_Maximum frequency,41,-0.0013022104899088,XGBoost
0_ECDF Percentile_0,42,-0.0018196527163187,XGBoost
0_ECDF Percentile_0,1,0.1217841038175181,SVR
0_Spectral entropy,2,0.1092753280250088,SVR
0_Spectral variation,3,0.1007423830490091,SVR
0_Peak to peak distance,4,0.093918375946591,SVR
0_Interquartile range,5,0.083714715263874,SVR
0_Mean diff,6,0.0784412674957434,SVR
0_Median,7,0.0646928061710711,SVR
0_Spectral decrease,8,0.0630596286731261,SVR
0_Absolute energy,9,0.0627318269626396,SVR
0_LPCC_0,10,0.0579632817241435,SVR
0_Wavelet absolute mean_27777777.78Hz,11,0.0495201977493647,SVR
0_Max,12,0.0413804058424684,SVR
0_Slope,13,0.0359640098599152,SVR
0_Autocorrelation,14,0.0279797769353441,SVR
0_MFCC_11,15,0.020310949385231,SVR
0_Wavelet absolute mean_125000000.0Hz,16,0.0202332680472429,SVR
0_MFCC_5,17,0.0154617253254647,SVR
0_Mean,18,0.0142132191718052,SVR
0_Wavelet energy_125000000.0Hz,19,0.0118918018240048,SVR
0_Maximum frequency,20,0.0092496257997367,SVR
0_MFCC_9,21,0.0080388423267148,SVR
0_ECDF Percentile_1,22,0.007570719077562,SVR
0_MFCC_10,23,0.006745958133277,SVR
0_LPCC_1,24,0.0043450463402709,SVR
0_Wavelet entropy,25,0.0036552368646719,SVR
0_LPCC_5,26,0.0024373979394983,SVR
0_Median absolute diff,27,0.0022128883879897,SVR
0_MFCC_0,28,0.0021905122992912,SVR
0_MFCC_8,29,0.0021604067808538,SVR
0_Spectral positive turning points,30,0.0017499202000552,SVR
0_Power bandwidth,31,0.001695747174822,SVR
0_Entropy,32,0.001308006654157,SVR
0_Zero crossing rate,33,0.0009395315258147,SVR
0_Median frequency,34,0.0008609454174625,SVR
0_LPCC_6,35,0.0008303043642938,SVR
0_Spectral roll-on,36,0.0007426473666182,SVR
0_Histogram mode,37,0.0005868263199308,SVR
0_Fundamental frequency,38,0.0003979146243784,SVR
0_MFCC_4,39,0.0003887987520787,SVR
0_Neighbourhood peaks,40,0.0001404407875134,SVR
0_Median diff,41,0.0,SVR
0_Negative turning points,42,-0.0001537403755133,SVR
0_Peak to peak distance,1,0.1197869291309636,Random Forest
0_Spectral entropy,2,0.0708091589124317,Random Forest
0_Autocorrelation,3,0.0480773196983007,Random Forest
0_Spectral variation,4,0.034411297345297,Random Forest
0_Absolute energy,5,0.0156453054246112,Random Forest
0_Interquartile range,6,0.0112722998976718,Random Forest
0_MFCC_11,7,0.0097222798551903,Random Forest
0_Wavelet energy_125000000.0Hz,8,0.0057165726011685,Random Forest
0_Mean diff,9,0.0048287873344973,Random Forest
0_Histogram mode,10,0.0044248433624562,Random Forest
0_Wavelet absolute mean_125000000.0Hz,11,0.0040693536616362,Random Forest
0_Slope,12,0.0036098169950647,Random Forest
0_Fundamental frequency,13,0.003365840727159,Random Forest
0_MFCC_8,14,0.0030906327771689,Random Forest
0_MFCC_9,15,0.0029050333857592,Random Forest
0_LPCC_0,16,0.002885273055079,Random Forest
0_Zero crossing rate,17,0.0020277881229911,Random Forest
0_Median frequency,18,0.0015259447512886,Random Forest
0_MFCC_0,19,0.0014986187428973,Random Forest
0_LPCC_1,20,0.0012880531145758,Random Forest
0_ECDF Percentile_1,21,0.0008694246664868,Random Forest
0_Spectral decrease,22,0.0007726960936552,Random Forest
0_Wavelet absolute mean_27777777.78Hz,23,0.000730139827748,Random Forest
0_Median,24,0.000713388019829,Random Forest
0_MFCC_5,25,0.0006543848259277,Random Forest
0_Maximum frequency,26,0.0006122139073608,Random Forest
0_Wavelet entropy,27,0.0006020222085329,Random Forest
0_LPCC_5,28,0.0005895658499833,Random Forest
0_MFCC_4,29,0.0003730257656951,Random Forest
0_LPCC_6,30,0.0002170979751064,Random Forest
0_Mean,31,0.0001635387468319,Random Forest
0_Power bandwidth,32,5.878241123531709e-05,Random Forest
0_Spectral roll-on,33,3.4548100940519075e-05,Random Forest
0_Neighbourhood peaks,34,2.520874323428697e-05,Random Forest
0_Median diff,35,4.1448326252672507e-17,Random Forest
0_Negative turning points,36,-2.499382403091665e-06,Random Forest
0_MFCC_10,37,-3.721363732546834e-05,Random Forest
0_Spectral positive turning points,38,-0.0001288546124968,Random Forest
0_Entropy,39,-0.0001949658470562,Random Forest
0_Median absolute diff,40,-0.0004728642153562,Random Forest
0_Max,41,-0.0033510420317684,Random Forest
0_ECDF Percentile_0,42,-0.0048414301330376,Random Forest
0_ECDF Percentile_0,1,1.846141343080163,Bayesian Ridge
0_Peak to peak distance,2,1.8312966017040029,Bayesian Ridge
0_MFCC_4,3,1.5186690562725178,Bayesian Ridge
0_MFCC_5,4,0.9008548196352212,Bayesian Ridge
0_Mean,5,0.8706813246903511,Bayesian Ridge
0_Max,6,0.5735484555960817,Bayesian Ridge
0_MFCC_11,7,0.3875756663859153,Bayesian Ridge
0_MFCC_9,8,0.375117376872963,Bayesian Ridge
0_Slope,9,0.370803973056155,Bayesian Ridge
0_MFCC_0,10,0.2043987372151804,Bayesian Ridge
0_Median,11,0.1640415645698967,Bayesian Ridge
0_MFCC_8,12,0.1044171488592264,Bayesian Ridge
0_ECDF Percentile_1,13,0.0822431275493542,Bayesian Ridge
0_Spectral decrease,14,0.0623862685228409,Bayesian Ridge
0_Wavelet absolute mean_27777777.78Hz,15,0.0410965299262607,Bayesian Ridge
0_Autocorrelation,16,0.0391401816136842,Bayesian Ridge
0_Wavelet energy_125000000.0Hz,17,0.0220988043758945,Bayesian Ridge
0_LPCC_0,18,0.0209736599936595,Bayesian Ridge
0_MFCC_10,19,0.0206996317454967,Bayesian Ridge
0_Interquartile range,20,0.0192179904718648,Bayesian Ridge
0_Absolute energy,21,0.0164513613551545,Bayesian Ridge
0_Spectral entropy,22,0.0155999921873008,Bayesian Ridge
0_Power bandwidth,23,0.0143151915667522,Bayesian Ridge
0_Entropy,24,0.0115893644436093,Bayesian Ridge
0_Wavelet entropy,25,0.0105743508395102,Bayesian Ridge
0_Spectral variation,26,0.0098721418428278,Bayesian Ridge
0_Mean diff,27,0.0073196647399717,Bayesian Ridge
0_Wavelet absolute mean_125000000.0Hz,28,0.0049057560748337,Bayesian Ridge
0_Median frequency,29,0.0022700254842904,Bayesian Ridge
0_Spectral roll-on,30,0.00171011279518,Bayesian Ridge
0_Spectral positive turning points,31,0.0009152584815977,Bayesian Ridge
0_Median absolute diff,32,0.0008425359156584,Bayesian Ridge
0_LPCC_5,33,0.0005561296123016,Bayesian Ridge
0_LPCC_6,34,0.0005155904840667,Bayesian Ridge
0_Zero crossing rate,35,0.0004645033533792,Bayesian Ridge
0_Fundamental frequency,36,0.0002432980331888,Bayesian Ridge
0_Negative turning points,37,0.0001245561576795,Bayesian Ridge
0_Neighbourhood peaks,38,4.298829230282575e-05,Bayesian Ridge
0_Median diff,39,0.0,Bayesian Ridge
0_Histogram mode,40,-0.0001025038902982,Bayesian Ridge
0_Maximum frequency,41,-0.0002356161776987,Bayesian Ridge
0_LPCC_1,42,-0.0002570897876065,Bayesian Ridge
0_Peak to peak distance,1,0.7329800645510356,XGBoost
0_Spectral entropy,2,0.2453480458259582,XGBoost
0_Autocorrelation,3,0.050442624092102,XGBoost
0_Mean diff,4,0.0411278963088989,XGBoost
0_Spectral variation,5,0.0321548668543497,XGBoost
0_MFCC_9,6,0.0069860100746154,XGBoost
0_Interquartile range,7,0.0029496447245279,XGBoost
0_Wavelet absolute mean_125000000.0Hz,8,0.0029396788279215,XGBoost
0_Median absolute diff,9,0.0029210591316223,XGBoost
0_Median frequency,10,0.0023168873786926,XGBoost
0_Absolute energy,11,0.0020343724886576,XGBoost
0_Slope,12,0.0018057211240132,XGBoost
0_ECDF Percentile_1,13,0.0014800453186035,XGBoost
0_Max,14,0.0014581855138142,XGBoost
0_Fundamental frequency,15,0.0014108252525329,XGBoost
0_Wavelet energy_125000000.0Hz,16,0.0011765003204345,XGBoost
0_MFCC_8,17,0.00100706020991,XGBoost
0_MFCC_11,18,0.0009775447845458,XGBoost
0_LPCC_5,19,0.0009318010012308,XGBoost
0_Negative turning points,20,0.0007632613182067,XGBoost
0_Mean,21,0.0007034023602803,XGBoost
0_MFCC_0,22,0.0006320405006408,XGBoost
0_LPCC_6,23,0.0005496096611022,XGBoost
0_LPCC_0,24,0.0004021040598551,XGBoost
0_Zero crossing rate,25,0.0002033726374308,XGBoost
0_Neighbourhood peaks,26,0.0001473434766133,XGBoost
0_Median,27,0.0001399381955464,XGBoost
0_MFCC_4,28,0.0001389209429423,XGBoost
0_Wavelet absolute mean_27777777.78Hz,29,7.236003875732422e-05,XGBoost
0_Spectral decrease,30,5.9835116068522136e-05,XGBoost
0_Wavelet entropy,31,5.587021509806315e-05,XGBoost
0_MFCC_10,32,1.4654795328776042e-05,XGBoost
0_Median diff,33,0.0,XGBoost
0_Power bandwidth,34,0.0,XGBoost
0_Spectral roll-on,35,0.0,XGBoost
0_Entropy,36,-6.28662109375e-05,XGBoost
0_LPCC_1,37,-0.0003333624203999,XGBoost
0_Spectral positive turning points,38,-0.0004144422213236,XGBoost
0_Maximum frequency,39,-0.0005904142061869,XGBoost
0_ECDF Percentile_0,40,-0.000736379623413,XGBoost
0_MFCC_5,41,-0.0031181240081787,XGBoost
0_Histogram mode,42,-0.0052777783075968,XGBoost
0_Spectral entropy,1,0.1343901068296212,SVR
0_Peak to peak distance,2,0.1018415157221965,SVR
0_Spectral variation,3,0.0774457126088361,SVR
0_ECDF Percentile_0,4,0.0707762826107313,SVR
0_Median,5,0.0699824992865361,SVR
0_Absolute energy,6,0.0684296890857879,SVR
0_Mean diff,7,0.0648020923432077,SVR
0_Wavelet absolute mean_27777777.78Hz,8,0.0598678822559122,SVR
0_Interquartile range,9,0.0586509380089426,SVR
0_LPCC_0,10,0.0516049768406221,SVR
0_Spectral decrease,11,0.04832309016746,SVR
0_MFCC_11,12,0.0355733779106437,SVR
0_Slope,13,0.0291833137023687,SVR
0_Max,14,0.018283928257424,SVR
0_MFCC_9,15,0.0170468580341097,SVR
0_Autocorrelation,16,0.0127187818321647,SVR
0_Wavelet absolute mean_125000000.0Hz,17,0.0125281813855817,SVR
0_MFCC_10,18,0.0093501604098264,SVR
0_Wavelet energy_125000000.0Hz,19,0.0085438619186291,SVR
0_MFCC_5,20,0.0079727044127965,SVR
0_Mean,21,0.0066115347012466,SVR
0_ECDF Percentile_1,22,0.0064533432903678,SVR
0_Maximum frequency,23,0.0050955232859423,SVR
0_Wavelet entropy,24,0.0038374322337833,SVR
0_MFCC_4,25,0.0033707725451873,SVR
0_MFCC_8,26,0.002964122472514,SVR
0_LPCC_6,27,0.0029021849126269,SVR
0_Histogram mode,28,0.001987915087382,SVR
0_MFCC_0,29,0.0015967523363721,SVR
0_Entropy,30,0.0014211032613964,SVR
0_Median absolute diff,31,0.0013848041866551,SVR
0_Spectral roll-on,32,0.0012560486679219,SVR
0_LPCC_1,33,0.001002275455591,SVR
0_Power bandwidth,34,0.0009860205926077,SVR
0_LPCC_5,35,0.0009029225257888,SVR
0_Zero crossing rate,36,0.0007803687366313,SVR
0_Neighbourhood peaks,37,0.0004289809684882,SVR
0_Spectral positive turning points,38,6.245426636447042e-05,SVR
0_Median diff,39,0.0,SVR
0_Median frequency,40,-3.5541976148116085e-05,SVR
0_Negative turning points,41,-0.0002526742419593,SVR
0_Fundamental frequency,42,-0.0002559998770965,SVR
0_Peak to peak distance,1,0.1460990091477125,Random Forest
0_Spectral entropy,2,0.0740571876311877,Random Forest
0_Absolute energy,3,0.0484604906297922,Random Forest
0_Spectral variation,4,0.0357893995851801,Random Forest
0_Interquartile range,5,0.031215182923645,Random Forest
0_Autocorrelation,6,0.0270516759252328,Random Forest
0_Entropy,7,0.0175629899056004,Random Forest
0_Histogram mode,8,0.0116621814285784,Random Forest
0_Wavelet energy_125000000.0Hz,9,0.0110238551256234,Random Forest
0_MFCC_11,10,0.0100518886184967,Random Forest
0_ECDF Percentile_0,11,0.0096532976730722,Random Forest
0_Wavelet absolute mean_125000000.0Hz,12,0.0075013783440576,Random Forest
0_Mean diff,13,0.0050681470528753,Random Forest
0_Slope,14,0.0042932056515216,Random Forest
0_Wavelet absolute mean_27777777.78Hz,15,0.003616018517833,Random Forest
0_ECDF Percentile_1,16,0.0035975438297342,Random Forest
0_LPCC_0,17,0.0031856527216213,Random Forest
0_Fundamental frequency,18,0.0024897503045918,Random Forest
0_MFCC_9,19,0.0024624856207737,Random Forest
0_MFCC_0,20,0.0022465770727308,Random Forest
0_MFCC_8,21,0.0021411036957578,Random Forest
0_Spectral decrease,22,0.0012729903639299,Random Forest
0_Mean,23,0.0012486191298237,Random Forest
0_Maximum frequency,24,0.0012235731788284,Random Forest
0_Median frequency,25,0.0010788888503432,Random Forest
0_MFCC_5,26,0.0010265167633832,Random Forest
0_MFCC_10,27,0.0009115394214076,Random Forest
0_Median,28,0.0008979648353991,Random Forest
0_LPCC_6,29,0.0008795381724453,Random Forest
0_LPCC_1,30,0.0008565273762492,Random Forest
0_Max,31,0.0003906969772341,Random Forest
0_LPCC_5,32,0.0003415080011397,Random Forest
0_Zero crossing rate,33,0.0003253396135506,Random Forest
0_Spectral roll-on,34,0.000161754235877,Random Forest
0_Median absolute diff,35,6.480699503137307e-05,Random Forest
0_Power bandwidth,36,2.9420792143310947e-05,Random Forest
0_Neighbourhood peaks,37,2.129937136724861e-05,Random Forest
0_Median diff,38,5.9211894646675e-17,Random Forest
0_Negative turning points,39,-8.860964869928563e-06,Random Forest
0_Wavelet entropy,40,-4.087839123277704e-05,Random Forest
0_MFCC_4,41,-6.0923840467883575e-05,Random Forest
0_Spectral positive turning points,42,-9.452712298163284e-05,Random Forest
0_MFCC_4,1,2.013959538363704,Bayesian Ridge
0_Peak to peak distance,2,1.9034776599682297,Bayesian Ridge
0_ECDF Percentile_0,3,1.1031271981325803,Bayesian Ridge
0_MFCC_5,4,0.9019701072331444,Bayesian Ridge
0_MFCC_11,5,0.661220391684457,Bayesian Ridge
0_MFCC_9,6,0.5846521419954525,Bayesian Ridge
0_Mean,7,0.4365102597292029,Bayesian Ridge
0_Max,8,0.4214950416777671,Bayesian Ridge
0_Slope,9,0.2584327971280186,Bayesian Ridge
0_MFCC_0,10,0.1951829012589056,Bayesian Ridge
0_ECDF Percentile_1,11,0.1760429845321947,Bayesian Ridge
0_Median,12,0.1501794994364271,Bayesian Ridge
0_Spectral decrease,13,0.0837450520202168,Bayesian Ridge
0_MFCC_8,14,0.080816516866446,Bayesian Ridge
0_Spectral entropy,15,0.0398716993867152,Bayesian Ridge
0_Autocorrelation,16,0.0352480158739145,Bayesian Ridge
0_Wavelet absolute mean_27777777.78Hz,17,0.0344509592784922,Bayesian Ridge
0_Interquartile range,18,0.0298247826428961,Bayesian Ridge
0_Entropy,19,0.0212409602511543,Bayesian Ridge
0_LPCC_0,20,0.0162920576805638,Bayesian Ridge
0_Power bandwidth,21,0.0157127029992421,Bayesian Ridge
0_MFCC_10,22,0.0132440341480615,Bayesian Ridge
0_Absolute energy,23,0.0124905803483709,Bayesian Ridge
0_Spectral variation,24,0.0093472342206473,Bayesian Ridge
0_Mean diff,25,0.0083546474110808,Bayesian Ridge
0_Wavelet absolute mean_125000000.0Hz,26,0.008109300985342,Bayesian Ridge
0_Wavelet entropy,27,0.0072337086248421,Bayesian Ridge
0_Wavelet energy_125000000.0Hz,28,0.0052078043204481,Bayesian Ridge
0_LPCC_1,29,0.0028310050675446,Bayesian Ridge
0_Median frequency,30,0.0026567200156688,Bayesian Ridge
0_LPCC_5,31,0.0021096455195787,Bayesian Ridge
0_Spectral positive turning points,32,0.0014352843435392,Bayesian Ridge
0_Zero crossing rate,33,0.00110626814001,Bayesian Ridge
0_Fundamental frequency,34,0.0005148496830791,Bayesian Ridge
0_Histogram mode,35,0.0003984801863068,Bayesian Ridge
0_LPCC_6,36,0.0003381684763787,Bayesian Ridge
0_Neighbourhood peaks,37,0.0001109934982641,Bayesian Ridge
0_Negative turning points,38,2.772435738881196e-05,Bayesian Ridge
0_Median diff,39,0.0,Bayesian Ridge
0_Median absolute diff,40,-9.32181558445618e-06,Bayesian Ridge
0_Maximum frequency,41,-0.0002915243521574,Bayesian Ridge
0_Spectral roll-on,42,-0.0010059105885722,Bayesian Ridge
0_Peak to peak distance,1,0.5396837520599366,XGBoost
0_Spectral entropy,2,0.248658058643341,XGBoost
0_Autocorrelation,3,0.115837234656016,XGBoost
0_Entropy,4,0.0214670491218566,XGBoost
0_Mean diff,5,0.0119203956921895,XGBoost
0_Spectral variation,6,0.0061732808748881,XGBoost
0_Interquartile range,7,0.0030921077728271,XGBoost
0_MFCC_5,8,0.001468338171641,XGBoost
0_Fundamental frequency,9,0.0011173542340596,XGBoost
0_MFCC_11,10,0.0009520109494527,XGBoost
0_Slope,11,0.0008569582303365,XGBoost
0_Median,12,0.0006886990865071,XGBoost
0_Wavelet energy_125000000.0Hz,13,0.0006367349624633,XGBoost
0_Max,14,0.0005978592236836,XGBoost
0_Histogram mode,15,0.0005362971623738,XGBoost
0_LPCC_0,16,0.000459489027659,XGBoost
0_Spectral decrease,17,0.0004183872540791,XGBoost
0_Spectral positive turning points,18,0.0003655870755513,XGBoost
0_Wavelet absolute mean_27777777.78Hz,19,0.0002464238802591,XGBoost
0_LPCC_5,20,0.0001623153686523,XGBoost
0_MFCC_4,21,0.0001151831944783,XGBoost
0_Wavelet absolute mean_125000000.0Hz,22,0.0001106572151184,XGBoost
0_MFCC_9,23,9.571234385172526e-05,XGBoost
0_MFCC_8,24,6.943543752034506e-05,XGBoost
0_MFCC_0,25,4.2401949564615885e-05,XGBoost
0_Median frequency,26,1.24971071879069e-05,XGBoost
0_Median diff,27,0.0,XGBoost
0_Median absolute diff,28,0.0,XGBoost
0_Power bandwidth,29,0.0,XGBoost
0_Spectral roll-on,30,0.0,XGBoost
0_Absolute energy,31,-3.5111109415690104e-06,XGBoost
0_Zero crossing rate,32,-1.16578737894694e-05,XGBoost
0_Neighbourhood peaks,33,-3.490765889485677e-05,XGBoost
0_Negative turning points,34,-6.130377451578776e-05,XGBoost
0_ECDF Percentile_1,35,-6.338993708292643e-05,XGBoost
0_Maximum frequency,36,-0.0001403530438741,XGBoost
0_Mean,37,-0.0001639588673909,XGBoost
0_LPCC_1,38,-0.0001878968874613,XGBoost
0_MFCC_10,39,-0.0003104217847188,XGBoost
0_ECDF Percentile_0,40,-0.0003312365214029,XGBoost
0_LPCC_6,41,-0.0005281011263529,XGBoost
0_Wavelet entropy,42,-0.0014427089691162,XGBoost
0_Spectral variation,1,0.1034138971438673,SVR
0_Spectral entropy,2,0.1006789645090836,SVR
0_Peak to peak distance,3,0.0966742688628303,SVR
0_LPCC_0,4,0.0912737001348232,SVR
0_Mean diff,5,0.0786897310613323,SVR
0_Spectral decrease,6,0.0777360520617546,SVR
0_Interquartile range,7,0.0764207005495793,SVR
0_ECDF Percentile_0,8,0.0745323697646049,SVR
0_Median,9,0.0623907162949352,SVR
0_Wavelet absolute mean_27777777.78Hz,10,0.0540624336854933,SVR
0_Absolute energy,11,0.0510482144446568,SVR
0_MFCC_11,12,0.0386913207008585,SVR
0_Max,13,0.0362785505866835,SVR
0_Wavelet absolute mean_125000000.0Hz,14,0.0346742772824405,SVR
0_Slope,15,0.0293366788257267,SVR
0_Wavelet energy_125000000.0Hz,16,0.0268921569223061,SVR
0_MFCC_5,17,0.0123642484654794,SVR
0_Autocorrelation,18,0.011217060899266,SVR
0_Mean,19,0.0099972958006292,SVR
0_MFCC_9,20,0.0092104016196446,SVR
0_Maximum frequency,21,0.0071485336482957,SVR
0_MFCC_0,22,0.005472516681533,SVR
0_MFCC_4,23,0.0051814528509162,SVR
0_MFCC_10,24,0.0046130274504461,SVR
0_ECDF Percentile_1,25,0.0035069221972165,SVR
0_LPCC_1,26,0.0026459190950493,SVR
0_Wavelet entropy,27,0.002236103171229,SVR
0_LPCC_5,28,0.0020962511169261,SVR
0_Median absolute diff,29,0.0020746490131694,SVR
0_Spectral positive turning points,30,0.0020635822905794,SVR
0_Power bandwidth,31,0.0016196377078972,SVR
0_Fundamental frequency,32,0.001379314435894,SVR
0_MFCC_8,33,0.0011597327692566,SVR
0_Histogram mode,34,0.001034868996134,SVR
0_LPCC_6,35,0.0010042445988951,SVR
0_Spectral roll-on,36,0.0004799771083553,SVR
0_Zero crossing rate,37,0.0004510348287827,SVR
0_Entropy,38,0.0002283896354832,SVR
0_Neighbourhood peaks,39,5.9098274764476005e-05,SVR
0_Median diff,40,0.0,SVR
0_Negative turning points,41,-0.0001269845600945,SVR
0_Median frequency,42,-0.0006577448748291,SVR
0_Peak to peak distance,1,0.1461102950360855,Random Forest
0_Spectral entropy,2,0.0753719360789269,Random Forest
0_Absolute energy,3,0.0528139435093601,Random Forest
0_Autocorrelation,4,0.0351266412018432,Random Forest
0_Spectral variation,5,0.033713009489023,Random Forest
0_Interquartile range,6,0.0311718189777738,Random Forest
0_Entropy,7,0.0286956454716632,Random Forest
0_Wavelet energy_125000000.0Hz,8,0.0179613672458679,Random Forest
0_Histogram mode,9,0.0115674000713248,Random Forest
0_Wavelet absolute mean_125000000.0Hz,10,0.0095639000710542,Random Forest
0_ECDF Percentile_0,11,0.0085852621949734,Random Forest
0_MFCC_11,12,0.0075452739236655,Random Forest
0_Slope,13,0.00698854996591,Random Forest
0_Mean diff,14,0.0062215863118759,Random Forest
0_LPCC_0,15,0.0055099610677615,Random Forest
0_MFCC_0,16,0.0040335835042504,Random Forest
0_Wavelet entropy,17,0.0033848150047961,Random Forest
0_Wavelet absolute mean_27777777.78Hz,18,0.0033728101608945,Random Forest
0_MFCC_8,19,0.0033541970845617,Random Forest
0_ECDF Percentile_1,20,0.0027816409373456,Random Forest
0_MFCC_9,21,0.0024240586875993,Random Forest
0_MFCC_10,22,0.0023698376806372,Random Forest
0_Fundamental frequency,23,0.0019730377313461,Random Forest
0_MFCC_5,24,0.001665639314885,Random Forest
0_Max,25,0.0013696135400443,Random Forest
0_Median frequency,26,0.0012026531284261,Random Forest
0_Maximum frequency,27,0.0011897279930049,Random Forest
0_Zero crossing rate,28,0.0009382336487895,Random Forest
0_Mean,29,0.0006684509245353,Random Forest
0_LPCC_5,30,0.0006558874022818,Random Forest
0_Median,31,0.0006385302079461,Random Forest
0_LPCC_1,32,0.0005683195819813,Random Forest
0_Spectral decrease,33,0.0004947290870624,Random Forest
0_MFCC_4,34,0.0004721713066679,Random Forest
0_LPCC_6,35,0.0003708180401953,Random Forest
0_Spectral positive turning points,36,0.00036841041539,Random Forest
0_Median absolute diff,37,9.872405332923476e-05,Random Forest
0_Power bandwidth,38,7.227423618046736e-05,Random Forest
0_Spectral roll-on,39,1.200214261432908e-05,Random Forest
0_Neighbourhood peaks,40,4.296034803828637e-06,Random Forest
0_Median diff,41,-1.3322676295501878e-17,Random Forest
0_Negative turning points,42,-1.5498883505296785e-05,Random Forest
0_MFCC_4,1,3.012073717915216,Bayesian Ridge
0_Peak to peak distance,2,1.5469241564878315,Bayesian Ridge
0_ECDF Percentile_0,3,1.1879703156364398,Bayesian Ridge
0_MFCC_5,4,0.8043984441175642,Bayesian Ridge
0_MFCC_9,5,0.5984495424827533,Bayesian Ridge
0_MFCC_11,6,0.5949995654516989,Bayesian Ridge
0_Mean,7,0.4810466834251418,Bayesian Ridge
0_Max,8,0.4584990793761436,Bayesian Ridge
0_Slope,9,0.3220529168114397,Bayesian Ridge
0_MFCC_0,10,0.2061802917439812,Bayesian Ridge
0_Median,11,0.1596375795755125,Bayesian Ridge
0_ECDF Percentile_1,12,0.1379151848982293,Bayesian Ridge
0_MFCC_8,13,0.08111348397224,Bayesian Ridge
0_Spectral decrease,14,0.0761102000109173,Bayesian Ridge
0_Wavelet energy_125000000.0Hz,15,0.0365506709345956,Bayesian Ridge
0_LPCC_0,16,0.0355972415930097,Bayesian Ridge
0_Wavelet absolute mean_125000000.0Hz,17,0.0346290404026568,Bayesian Ridge
0_Autocorrelation,18,0.0282510835717836,Bayesian Ridge
0_Spectral entropy,19,0.0255202097438769,Bayesian Ridge
0_Wavelet absolute mean_27777777.78Hz,20,0.0224333035748229,Bayesian Ridge
0_Spectral variation,21,0.0189191517899463,Bayesian Ridge
0_Interquartile range,22,0.0165208792448084,Bayesian Ridge
0_Power bandwidth,23,0.0110685175897467,Bayesian Ridge
0_Wavelet entropy,24,0.0104861285319551,Bayesian Ridge
0_MFCC_10,25,0.0104058901932044,Bayesian Ridge
0_Entropy,26,0.0101647633427828,Bayesian Ridge
0_Absolute energy,27,0.0087732404701658,Bayesian Ridge
0_Median frequency,28,0.0049972137129659,Bayesian Ridge
0_LPCC_1,29,0.0033763977777338,Bayesian Ridge
0_Spectral roll-on,30,0.0023900292216253,Bayesian Ridge
0_Maximum frequency,31,0.0014269140796253,Bayesian Ridge
0_Spectral positive turning points,32,0.0011141492516273,Bayesian Ridge
0_Zero crossing rate,33,0.0009365791375221,Bayesian Ridge
0_LPCC_5,34,0.0009253760149795,Bayesian Ridge
0_Mean diff,35,0.0006009402911476,Bayesian Ridge
0_Negative turning points,36,0.0003878049798865,Bayesian Ridge
0_Fundamental frequency,37,0.0001512192817002,Bayesian Ridge
0_Neighbourhood peaks,38,0.0001107192885941,Bayesian Ridge
0_Median absolute diff,39,8.249306720762296e-05,Bayesian Ridge
0_Histogram mode,40,4.062312658723736e-05,Bayesian Ridge
0_LPCC_6,41,1.2914346944968476e-05,Bayesian Ridge
0_Median diff,42,0.0,Bayesian Ridge
0_Peak to peak distance,1,0.9534104410807293,XGBoost
0_Spectral entropy,2,0.2439091841379801,XGBoost
0_Autocorrelation,3,0.1994180742899576,XGBoost
0_Interquartile range,4,0.022721738020579,XGBoost
0_Entropy,5,0.0107497843106587,XGBoost
0_Max,6,0.0072074468930562,XGBoost
0_Mean diff,7,0.0061631472905476,XGBoost
0_Spectral variation,8,0.0059158412615458,XGBoost
0_Absolute energy,9,0.0019500954945882,XGBoost
0_Histogram mode,10,0.0018348542849222,XGBoost
0_Slope,11,0.0012613002459208,XGBoost
0_MFCC_11,12,0.0010872673988342,XGBoost
0_Fundamental frequency,13,0.0010477677981058,XGBoost
0_Wavelet entropy,14,0.0009875591595967,XGBoost
0_LPCC_0,15,0.0007716369628906,XGBoost
0_ECDF Percentile_1,16,0.0007391945521036,XGBoost
0_Spectral positive turning points,17,0.000495266119639,XGBoost
0_MFCC_5,18,0.0004267565409342,XGBoost
0_Wavelet absolute mean_125000000.0Hz,19,0.0003796950976053,XGBoost
0_Spectral decrease,20,0.0003437066078186,XGBoost
0_ECDF Percentile_0,21,0.00034126440684,XGBoost
0_MFCC_10,22,0.0003148253758748,XGBoost
0_MFCC_0,23,0.0002424144744873,XGBoost
0_LPCC_6,24,0.0002366169293721,XGBoost
0_MFCC_4,25,0.0002237669626871,XGBoost
0_MFCC_8,26,0.0002191352844238,XGBoost
0_MFCC_9,27,0.0002034441630045,XGBoost
0_Wavelet energy_125000000.0Hz,28,0.0001981266339619,XGBoost
0_LPCC_5,29,0.000129956404368,XGBoost
0_Wavelet absolute mean_27777777.78Hz,30,0.0001034839948018,XGBoost
0_Mean,31,0.0001028839747111,XGBoost
0_Negative turning points,32,5.877892176310221e-05,XGBoost
0_Neighbourhood peaks,33,5.455573399861653e-05,XGBoost
0_Median,34,4.437605539957682e-05,XGBoost
0_Median frequency,35,3.1767686208089194e-05,XGBoost
0_Spectral roll-on,36,0.0,XGBoost
0_Median diff,37,0.0,XGBoost
0_Power bandwidth,38,0.0,XGBoost
0_LPCC_1,39,-2.048651377360026e-05,XGBoost
0_Median absolute diff,40,-4.302660624186198e-05,XGBoost
0_Zero crossing rate,41,-6.726185480753581e-05,XGBoost
0_Maximum frequency,42,-0.0013057947158813,XGBoost
0_Spectral entropy,1,0.1099868390924363,SVR
0_Peak to peak distance,2,0.0920673649912547,SVR
0_ECDF Percentile_0,3,0.08452825472984,SVR
0_LPCC_0,4,0.083605997344865,SVR
0_Spectral variation,5,0.0780339804813829,SVR
0_Spectral decrease,6,0.074510509359404,SVR
0_Median,7,0.0692755938695744,SVR
0_Mean diff,8,0.0524215190572531,SVR
0_Interquartile range,9,0.0495964432452115,SVR
0_Absolute energy,10,0.0492603226508054,SVR
0_Wavelet absolute mean_27777777.78Hz,11,0.0415932907970061,SVR
0_Max,12,0.0389425295445867,SVR
0_Slope,13,0.0335091736685595,SVR
0_Wavelet absolute mean_125000000.0Hz,14,0.0321673077232282,SVR
0_MFCC_11,15,0.020825916430587,SVR
0_Maximum frequency,16,0.0152262212228875,SVR
0_MFCC_5,17,0.0101443508617041,SVR
0_Mean,18,0.0095128564284856,SVR
0_Autocorrelation,19,0.0078868972299224,SVR
0_MFCC_9,20,0.0063038512989711,SVR
0_Wavelet energy_125000000.0Hz,21,0.0062284015126919,SVR
0_MFCC_10,22,0.0055373385311654,SVR
0_MFCC_0,23,0.0052656589631789,SVR
0_LPCC_1,24,0.0031273850047738,SVR
0_MFCC_8,25,0.0021955318889751,SVR
0_MFCC_4,26,0.0020409279595481,SVR
0_Spectral positive turning points,27,0.0018209477516787,SVR
0_Histogram mode,28,0.0017756780802606,SVR
0_Wavelet entropy,29,0.0017603729750615,SVR
0_Zero crossing rate,30,0.0015633537257908,SVR
0_LPCC_5,31,0.0012013205686659,SVR
0_ECDF Percentile_1,32,0.00115602280439,SVR
0_LPCC_6,33,0.0007599096404561,SVR
0_Neighbourhood peaks,34,0.0007307996115807,SVR
0_Median absolute diff,35,0.0005756549527777,SVR
0_Entropy,36,0.0005144256356775,SVR
0_Spectral roll-on,37,0.0003541493034788,SVR
0_Power bandwidth,38,0.0002839001844732,SVR
0_Median frequency,39,7.253458231129439e-05,SVR
0_Median diff,40,0.0,SVR
0_Fundamental frequency,41,-0.0005013577322408,SVR
0_Negative turning points,42,-0.0010045089449403,SVR
0_Peak to peak distance,1,0.1677751996068107,Random Forest
0_Spectral entropy,2,0.0755778126596514,Random Forest
0_Autocorrelation,3,0.0415733388303532,Random Forest
0_Absolute energy,4,0.040301674363547,Random Forest
0_Spectral variation,5,0.029888667164989,Random Forest
0_Interquartile range,6,0.0216039419243986,Random Forest
0_Entropy,7,0.0159353617168733,Random Forest
0_Histogram mode,8,0.0126957112512095,Random Forest
0_MFCC_11,9,0.0125430327754574,Random Forest
0_Wavelet energy_125000000.0Hz,10,0.009498100332377,Random Forest
0_Wavelet absolute mean_125000000.0Hz,11,0.0070912397672052,Random Forest
0_Slope,12,0.0065440534911718,Random Forest
0_Wavelet absolute mean_27777777.78Hz,13,0.0057901787843889,Random Forest
0_Mean diff,14,0.0057568906627098,Random Forest
0_ECDF Percentile_0,15,0.005138637178871,Random Forest
0_LPCC_0,16,0.0034721926452283,Random Forest
0_MFCC_8,17,0.0032883730686125,Random Forest
0_ECDF Percentile_1,18,0.0032490384937614,Random Forest
0_MFCC_9,19,0.0031012670837669,Random Forest
0_Fundamental frequency,20,0.0025264443435168,Random Forest
0_Maximum frequency,21,0.002132078054331,Random Forest
0_MFCC_0,22,0.0017425647342069,Random Forest
0_MFCC_10,23,0.0015890603026214,Random Forest
0_LPCC_1,24,0.0013130112383871,Random Forest
0_MFCC_5,25,0.0008866281460124,Random Forest
0_Zero crossing rate,26,0.0008750893239013,Random Forest
0_Spectral decrease,27,0.0007890504010233,Random Forest
0_LPCC_6,28,0.0007649318398925,Random Forest
0_Median frequency,29,0.0007455625824989,Random Forest
0_Median,30,0.0007091558364042,Random Forest
0_Mean,31,0.0005884878886378,Random Forest
0_LPCC_5,32,0.0003056700989351,Random Forest
0_Max,33,0.0002000833629129,Random Forest
0_Power bandwidth,34,0.0001994203944878,Random Forest
0_Spectral positive turning points,35,9.17048066650672e-05,Random Forest
0_Spectral roll-on,36,1.85535400049434e-07,Random Forest
0_Median diff,37,-1.7763568394002505e-17,Random Forest
0_Neighbourhood peaks,38,-2.0516545729979778e-06,Random Forest
0_MFCC_4,39,-0.0002000440843927,Random Forest
0_Wavelet entropy,40,-0.0002278890805394,Random Forest
0_Negative turning points,41,-0.0003844254627274,Random Forest
0_Median absolute diff,42,-0.0008188344721297,Random Forest
0_MFCC_4,1,2.659368627328564,Bayesian Ridge
0_Peak to peak distance,2,2.180862095434839,Bayesian Ridge
0_MFCC_5,3,1.3527785402695265,Bayesian Ridge
0_ECDF Percentile_0,4,0.8984983014197767,Bayesian Ridge
0_MFCC_9,5,0.7392686603470874,Bayesian Ridge
0_Max,6,0.6487472648980191,Bayesian Ridge
0_Mean,7,0.5373923642975506,Bayesian Ridge
0_MFCC_11,8,0.3603099594858971,Bayesian Ridge
0_Slope,9,0.3003382282175282,Bayesian Ridge
0_Median,10,0.1533941132226998,Bayesian Ridge
0_MFCC_8,11,0.1431545825976843,Bayesian Ridge
0_MFCC_10,12,0.119035891618379,Bayesian Ridge
0_MFCC_0,13,0.0933893914712341,Bayesian Ridge
0_Spectral decrease,14,0.0837872488052479,Bayesian Ridge
0_ECDF Percentile_1,15,0.0756883891853056,Bayesian Ridge
0_Spectral entropy,16,0.0464437914227218,Bayesian Ridge
0_Entropy,17,0.0319734778461093,Bayesian Ridge
0_Autocorrelation,18,0.024920453096899,Bayesian Ridge
0_Wavelet absolute mean_125000000.0Hz,19,0.0232138787698173,Bayesian Ridge
0_Interquartile range,20,0.0166750231085459,Bayesian Ridge
0_Wavelet absolute mean_27777777.78Hz,21,0.0118668176727706,Bayesian Ridge
0_Power bandwidth,22,0.0095152472903015,Bayesian Ridge
0_Wavelet entropy,23,0.0084890486794761,Bayesian Ridge
0_LPCC_0,24,0.0070036780065577,Bayesian Ridge
0_Spectral variation,25,0.0066573652583639,Bayesian Ridge
0_Wavelet energy_125000000.0Hz,26,0.0048648989139961,Bayesian Ridge
0_Absolute energy,27,0.0039371044450362,Bayesian Ridge
0_Spectral roll-on,28,0.0031805599329588,Bayesian Ridge
0_Median frequency,29,0.0026998494170875,Bayesian Ridge
0_LPCC_1,30,0.0023935608562829,Bayesian Ridge
0_Mean diff,31,0.0016166759122769,Bayesian Ridge
0_Zero crossing rate,32,0.0014461048326699,Bayesian Ridge
0_Maximum frequency,33,0.0010226064212775,Bayesian Ridge
0_Spectral positive turning points,34,0.0003374813413198,Bayesian Ridge
0_LPCC_6,35,0.0001168856844138,Bayesian Ridge
0_LPCC_5,36,1.396164881721044e-06,Bayesian Ridge
0_Median diff,37,0.0,Bayesian Ridge
0_Histogram mode,38,-5.664593288696581e-05,Bayesian Ridge
0_Neighbourhood peaks,39,-0.0001671688591736,Bayesian Ridge
0_Fundamental frequency,40,-0.0003337732753566,Bayesian Ridge
0_Negative turning points,41,-0.0007766638188662,Bayesian Ridge
0_Median absolute diff,42,-0.0011401031685195,Bayesian Ridge
0_Peak to peak distance,1,0.9348006391525268,XGBoost
0_Spectral entropy,2,0.2897851061820984,XGBoost
0_Autocorrelation,3,0.1992299882570902,XGBoost
0_Mean diff,4,0.004514668782552,XGBoost
0_Spectral variation,5,0.0025547202428181,XGBoost
0_Slope,6,0.0023772660891215,XGBoost
0_Max,7,0.0023590358098347,XGBoost
0_Interquartile range,8,0.0021982924143473,XGBoost
0_LPCC_6,9,0.0008412702878316,XGBoost
0_LPCC_0,10,0.000559557278951,XGBoost
0_MFCC_0,11,0.0004728547732035,XGBoost
0_Histogram mode,12,0.0004603584607442,XGBoost
0_MFCC_9,13,0.0003764200210571,XGBoost
0_MFCC_11,14,0.0003744554519653,XGBoost
0_Spectral positive turning points,15,0.0003085827827453,XGBoost
0_Fundamental frequency,16,0.0002682638168334,XGBoost
0_Neighbourhood peaks,17,0.000176887512207,XGBoost
0_MFCC_5,18,0.0001419878005981,XGBoost
0_Maximum frequency,19,0.0001146968205769,XGBoost
0_Mean,20,0.0001014614105224,XGBoost
0_ECDF Percentile_0,21,7.88569450378418e-05,XGBoost
0_LPCC_1,22,7.727066675821941e-05,XGBoost
0_MFCC_4,23,6.547371546427409e-05,XGBoost
0_Wavelet absolute mean_27777777.78Hz,24,6.083806355794271e-05,XGBoost
0_ECDF Percentile_1,25,3.779888153076172e-05,XGBoost
0_Spectral roll-on,26,0.0,XGBoost
0_Median absolute diff,27,0.0,XGBoost
0_Median diff,28,0.0,XGBoost
0_Median frequency,29,0.0,XGBoost
0_Power bandwidth,30,0.0,XGBoost
0_Zero crossing rate,31,-9.265740712483725e-06,XGBoost
0_MFCC_10,32,-3.023544947306315e-05,XGBoost
0_Negative turning points,33,-0.0001413655281066,XGBoost
0_LPCC_5,34,-0.0001596975326538,XGBoost
0_Median,35,-0.000277357896169,XGBoost
0_Spectral decrease,36,-0.0003565955162048,XGBoost
0_Wavelet energy_125000000.0Hz,37,-0.0004843910535176,XGBoost
0_Wavelet absolute mean_125000000.0Hz,38,-0.0006360642115275,XGBoost
0_MFCC_8,39,-0.0006916411717732,XGBoost
0_Absolute energy,40,-0.0014051946004231,XGBoost
0_Wavelet entropy,41,-0.0023598249753316,XGBoost
0_Entropy,42,-0.0032258995374043,XGBoost
0_Peak to peak distance,1,0.0957904956734277,SVR
0_Spectral variation,2,0.0942591982324684,SVR
0_Mean diff,3,0.0862979868108923,SVR
0_Median,4,0.0821971400775776,SVR
0_Spectral entropy,5,0.0752076356617905,SVR
0_Spectral decrease,6,0.0724101742703918,SVR
0_Interquartile range,7,0.0677056321282446,SVR
0_Wavelet absolute mean_27777777.78Hz,8,0.0656910850803461,SVR
0_LPCC_0,9,0.0561059488243616,SVR
0_ECDF Percentile_0,10,0.0560759047019334,SVR
0_Absolute energy,11,0.0524306599826326,SVR
0_Slope,12,0.0377389378578007,SVR
0_Max,13,0.0320472518832377,SVR
0_MFCC_11,14,0.0305602449267723,SVR
0_Wavelet absolute mean_125000000.0Hz,15,0.0193286683909545,SVR
0_MFCC_5,16,0.0175250380853027,SVR
0_Autocorrelation,17,0.0145050438280554,SVR
0_MFCC_9,18,0.0135877000305816,SVR
0_Maximum frequency,19,0.0099088079277579,SVR
0_MFCC_10,20,0.008933411477558,SVR
0_Mean,21,0.0062361146592059,SVR
0_Wavelet energy_125000000.0Hz,22,0.0061095154431522,SVR
0_MFCC_0,23,0.0053692928118974,SVR
0_MFCC_8,24,0.0048040766753448,SVR
0_Median diff,25,0.0047542791875003,SVR
0_LPCC_5,26,0.0043621339371563,SVR
0_ECDF Percentile_1,27,0.0039804744951182,SVR
0_Spectral roll-on,28,0.003896807543757,SVR
0_LPCC_1,29,0.0026794616522393,SVR
0_Wavelet entropy,30,0.0023825996501114,SVR
0_MFCC_4,31,0.0023421734214282,SVR
0_Power bandwidth,32,0.0014684446991356,SVR
0_Entropy,33,0.0012806445356695,SVR
0_Zero crossing rate,34,0.0010772087274332,SVR
0_Median absolute diff,35,0.0009169331107474,SVR
0_Histogram mode,36,0.000675084863312,SVR
0_Negative turning points,37,0.0005256393828118,SVR
0_LPCC_6,38,0.0004589587336707,SVR
0_Median frequency,39,0.0004544133564024,SVR
0_Spectral positive turning points,40,0.0004036308888859,SVR
0_Neighbourhood peaks,41,0.0002203127513322,SVR
0_Fundamental frequency,42,5.966920039417012e-05,SVR
0_Peak to peak distance,1,0.167538877827994,Random Forest
0_Spectral entropy,2,0.0777297176678549,Random Forest
0_Absolute energy,3,0.0446360077711114,Random Forest
0_Autocorrelation,4,0.0351868427428397,Random Forest
0_Spectral variation,5,0.0282925562765711,Random Forest
0_Entropy,6,0.0223604131567358,Random Forest
0_Interquartile range,7,0.0221621009922704,Random Forest
0_Wavelet energy_125000000.0Hz,8,0.017323799669178,Random Forest
0_Histogram mode,9,0.0158365249283473,Random Forest
0_MFCC_11,10,0.0134696564630882,Random Forest
0_ECDF Percentile_0,11,0.0081268525067428,Random Forest
0_Wavelet absolute mean_125000000.0Hz,12,0.0076105733636692,Random Forest
0_Median frequency,13,0.0054121870569863,Random Forest
0_Wavelet absolute mean_27777777.78Hz,14,0.0048191628058588,Random Forest
0_Slope,15,0.0044456634444342,Random Forest
0_LPCC_0,16,0.0038136288574733,Random Forest
0_MFCC_0,17,0.0037499025070113,Random Forest
0_Mean diff,18,0.0034354946723092,Random Forest
0_MFCC_9,19,0.0034345840181494,Random Forest
0_ECDF Percentile_1,20,0.0030418394899402,Random Forest
0_MFCC_8,21,0.0030068647231156,Random Forest
0_Fundamental frequency,22,0.0026559458981282,Random Forest
0_Wavelet entropy,23,0.0023420255330704,Random Forest
0_MFCC_5,24,0.0021896870808538,Random Forest
0_Spectral decrease,25,0.0017776760584067,Random Forest
0_MFCC_10,26,0.0017388204783836,Random Forest
0_Maximum frequency,27,0.0016851617486965,Random Forest
0_Max,28,0.0016695555577264,Random Forest
0_Median,29,0.0013401378099361,Random Forest
0_LPCC_1,30,0.0011034515112466,Random Forest
0_Zero crossing rate,31,0.0008322131093162,Random Forest
0_MFCC_4,32,0.0005285102035666,Random Forest
0_LPCC_6,33,0.0002819421390196,Random Forest
0_LPCC_5,34,0.0002780935096913,Random Forest
0_Spectral roll-on,35,0.0001974807075402,Random Forest
0_Spectral positive turning points,36,0.0001285007217926,Random Forest
0_Median absolute diff,37,5.8901896454708335e-05,Random Forest
0_Power bandwidth,38,4.327039372056844e-05,Random Forest
0_Neighbourhood peaks,39,2.098742988659493e-06,Random Forest
0_Median diff,40,-8.881784197001253e-17,Random Forest
0_Negative turning points,41,-2.207806791533281e-05,Random Forest
0_Mean,42,-0.0001816555802053,Random Forest
0_Peak to peak distance,1,2.053326774869693,Bayesian Ridge
0_MFCC_4,2,1.859660424757012,Bayesian Ridge
0_ECDF Percentile_0,3,1.1149609424940876,Bayesian Ridge
0_Mean,4,0.944058533797843,Bayesian Ridge
0_MFCC_5,5,0.8059265786831649,Bayesian Ridge
0_MFCC_11,6,0.7209929993775223,Bayesian Ridge
0_Max,7,0.6326199860642118,Bayesian Ridge
0_MFCC_9,8,0.4635880172812044,Bayesian Ridge
0_Slope,9,0.4164223935379381,Bayesian Ridge
0_MFCC_0,10,0.1847997502480947,Bayesian Ridge
0_Median,11,0.1385307022996548,Bayesian Ridge
0_MFCC_8,12,0.1216457693390506,Bayesian Ridge
0_ECDF Percentile_1,13,0.089469411367616,Bayesian Ridge
0_Spectral decrease,14,0.0769883047468042,Bayesian Ridge
0_Wavelet absolute mean_27777777.78Hz,15,0.0516928671723935,Bayesian Ridge
0_Absolute energy,16,0.0397840953987066,Bayesian Ridge
0_Spectral entropy,17,0.0309041426703398,Bayesian Ridge
0_Wavelet energy_125000000.0Hz,18,0.02512774873761,Bayesian Ridge
0_LPCC_0,19,0.0204517616102482,Bayesian Ridge
0_Entropy,20,0.0198681221097192,Bayesian Ridge
0_Autocorrelation,21,0.0194071293130567,Bayesian Ridge
0_Power bandwidth,22,0.014265467241558,Bayesian Ridge
0_Interquartile range,23,0.0110325686415043,Bayesian Ridge
0_Wavelet absolute mean_125000000.0Hz,24,0.0072463939540677,Bayesian Ridge
0_Spectral variation,25,0.0068418656618277,Bayesian Ridge
0_MFCC_10,26,0.0045343670074254,Bayesian Ridge
0_Spectral roll-on,27,0.0034778162888837,Bayesian Ridge
0_Wavelet entropy,28,0.0033774513476421,Bayesian Ridge
0_Median frequency,29,0.0032436384608975,Bayesian Ridge
0_Median diff,30,0.0027322327881771,Bayesian Ridge
0_LPCC_1,31,0.0022040865838591,Bayesian Ridge
0_Zero crossing rate,32,0.0016948865612913,Bayesian Ridge
0_Spectral positive turning points,33,0.0013714581988578,Bayesian Ridge
0_LPCC_5,34,0.0010483526952038,Bayesian Ridge
0_Fundamental frequency,35,0.0003510644567002,Bayesian Ridge
0_Maximum frequency,36,0.0002670343912535,Bayesian Ridge
0_Neighbourhood peaks,37,7.89999038216349e-05,Bayesian Ridge
0_Negative turning points,38,5.136647227449812e-05,Bayesian Ridge
0_Histogram mode,39,2.810493789347686e-06,Bayesian Ridge
0_LPCC_6,40,2.506515786192172e-06,Bayesian Ridge
0_Median absolute diff,41,-5.354879552420163e-06,Bayesian Ridge
0_Mean diff,42,-1.0119025351347231e-05,Bayesian Ridge
0_Peak to peak distance,1,0.8737720664342244,XGBoost
0_Spectral entropy,2,0.3073749057451884,XGBoost
0_Autocorrelation,3,0.1939478015899658,XGBoost
0_Interquartile range,4,0.0212605222066243,XGBoost
0_Spectral variation,5,0.0051819491386413,XGBoost
0_Entropy,6,0.0032958896954854,XGBoost
0_Mean diff,7,0.0031774099667867,XGBoost
0_Max,8,0.0023788674672444,XGBoost
0_Histogram mode,9,0.0022410631179809,XGBoost
0_Absolute energy,10,0.0011939048767089,XGBoost
0_Fundamental frequency,11,0.0010282150904337,XGBoost
0_MFCC_11,12,0.0008652329444885,XGBoost
0_MFCC_9,13,0.000636826356252,XGBoost
0_MFCC_8,14,0.0006230386098225,XGBoost
0_Spectral positive turning points,15,0.0005775348345438,XGBoost
0_LPCC_0,16,0.0005593498547871,XGBoost
0_Wavelet entropy,17,0.000538678963979,XGBoost
0_LPCC_6,18,0.0002850778897603,XGBoost
0_Slope,19,0.0002737402915954,XGBoost
0_Median,20,0.0002714530626932,XGBoost
0_Neighbourhood peaks,21,0.0002027829488118,XGBoost
0_Wavelet absolute mean_125000000.0Hz,22,0.0001892781257629,XGBoost
0_LPCC_5,23,0.0001777323087056,XGBoost
0_Median diff,24,0.0001029547055562,XGBoost
0_Spectral decrease,25,9.47411855061849e-05,XGBoost
0_MFCC_5,26,7.647593816121419e-05,XGBoost
0_Wavelet energy_125000000.0Hz,27,6.081899007161458e-05,XGBoost
0_Wavelet absolute mean_27777777.78Hz,28,5.779743194580078e-05,XGBoost
0_MFCC_4,29,8.631547292073568e-06,XGBoost
0_Median absolute diff,30,7.57296880086263e-06,XGBoost
0_Spectral roll-on,31,0.0,XGBoost
0_Zero crossing rate,32,0.0,XGBoost
0_Power bandwidth,33,0.0,XGBoost
0_Negative turning points,34,-6.540616353352864e-07,XGBoost
0_ECDF Percentile_0,35,-8.760690689086914e-05,XGBoost
0_Mean,36,-0.000131831963857,XGBoost
0_Median frequency,37,-0.000143658320109,XGBoost
0_MFCC_10,38,-0.0001437028249104,XGBoost
0_MFCC_0,39,-0.000217904249827,XGBoost
0_LPCC_1,40,-0.0002198195457458,XGBoost
0_Maximum frequency,41,-0.0002407455444335,XGBoost
0_ECDF Percentile_1,42,-0.0003341746330261,XGBoost
0_Spectral entropy,1,0.1635975853509574,SVR
0_Peak to peak distance,2,0.1269265958755999,SVR
0_Median,3,0.0811581344269308,SVR
0_Absolute energy,4,0.0802693075310957,SVR
0_Interquartile range,5,0.0790506545698275,SVR
0_Spectral variation,6,0.0679596989507337,SVR
0_ECDF Percentile_0,7,0.0629182044158209,SVR
0_LPCC_0,8,0.0611229398546284,SVR
0_Mean diff,9,0.0582628040434846,SVR
0_Spectral decrease,10,0.0539511211784316,SVR
0_Max,11,0.0531375404680866,SVR
0_Wavelet absolute mean_27777777.78Hz,12,0.0453887826003664,SVR
0_Slope,13,0.0370464337933429,SVR
0_MFCC_11,14,0.0247674083563744,SVR
0_Wavelet entropy,15,0.0210619505204022,SVR
0_Autocorrelation,16,0.0209785377596761,SVR
0_Wavelet absolute mean_125000000.0Hz,17,0.0190741207849531,SVR
0_MFCC_9,18,0.0164201897785549,SVR
0_MFCC_10,19,0.0151981138772318,SVR
0_Mean,20,0.0148023575147731,SVR
0_MFCC_5,21,0.0110443951197541,SVR
0_Median diff,22,0.0046547403833176,SVR
0_Wavelet energy_125000000.0Hz,23,0.0042724437250135,SVR
0_MFCC_8,24,0.0031688268222765,SVR
0_Maximum frequency,25,0.0031610772176516,SVR
0_Median absolute diff,26,0.0030068118499098,SVR
0_MFCC_0,27,0.0025669873006355,SVR
0_Zero crossing rate,28,0.0024675099065431,SVR
0_LPCC_1,29,0.0024591639970772,SVR
0_ECDF Percentile_1,30,0.0017614003701561,SVR
0_Spectral positive turning points,31,0.0015832509778124,SVR
0_LPCC_6,32,0.0012677098034302,SVR
0_Histogram mode,33,0.000907709407362,SVR
0_Spectral roll-on,34,0.0008597580564866,SVR
0_Entropy,35,0.0008220860025503,SVR
0_LPCC_5,36,0.0007656091542838,SVR
0_Neighbourhood peaks,37,0.0006277737681812,SVR
0_Negative turning points,38,0.0006167581005881,SVR
0_Fundamental frequency,39,0.0004270661980499,SVR
0_Median frequency,40,0.0003979495490952,SVR
0_Power bandwidth,41,0.0003427261091965,SVR
0_MFCC_4,42,-0.0006299975953503,SVR
0_Peak to peak distance,1,0.1347485648817707,Random Forest
0_Spectral entropy,2,0.0690180080438095,Random Forest
0_Autocorrelation,3,0.0524520504695956,Random Forest
0_Absolute energy,4,0.0376281293561262,Random Forest
0_Spectral variation,5,0.0312996373441937,Random Forest
0_Interquartile range,6,0.0219727623331306,Random Forest
0_Entropy,7,0.0145179455355622,Random Forest
0_MFCC_11,8,0.0121757710078177,Random Forest
0_Wavelet energy_125000000.0Hz,9,0.0103860323584942,Random Forest
0_Histogram mode,10,0.010016201063292,Random Forest
0_Mean diff,11,0.007082574403074,Random Forest
0_Wavelet absolute mean_125000000.0Hz,12,0.0062976523152266,Random Forest
0_Slope,13,0.0051088453164498,Random Forest
0_MFCC_9,14,0.0045150829088088,Random Forest
0_ECDF Percentile_0,15,0.003597458383319,Random Forest
0_ECDF Percentile_1,16,0.0033638395333065,Random Forest
0_MFCC_8,17,0.0032097076228651,Random Forest
0_Wavelet absolute mean_27777777.78Hz,18,0.0030660732348117,Random Forest
0_LPCC_0,19,0.0027830626144247,Random Forest
0_Fundamental frequency,20,0.002359303834455,Random Forest
0_Median frequency,21,0.0021583037090288,Random Forest
0_Wavelet entropy,22,0.0018795179965505,Random Forest
0_Spectral decrease,23,0.0015189851236323,Random Forest
0_Maximum frequency,24,0.0013911805662779,Random Forest
0_Zero crossing rate,25,0.001388557930434,Random Forest
0_MFCC_0,26,0.001355280882181,Random Forest
0_Median,27,0.0012726494840557,Random Forest
0_LPCC_1,28,0.0008514161659848,Random Forest
0_MFCC_10,29,0.0008247282411159,Random Forest
0_Max,30,0.0007160834032418,Random Forest
0_LPCC_6,31,0.0005595205975299,Random Forest
0_MFCC_4,32,0.0003026520970616,Random Forest
0_Negative turning points,33,0.0001560195121153,Random Forest
0_Power bandwidth,34,0.0001122308104418,Random Forest
0_Spectral roll-on,35,7.052272486859431e-05,Random Forest
0_Spectral positive turning points,36,6.802419072882001e-05,Random Forest
0_Median diff,37,-5.921189464667504e-18,Random Forest
0_Neighbourhood peaks,38,-3.3652911713829187e-06,Random Forest
0_Mean,39,-0.0001033482390321,Random Forest
0_LPCC_5,40,-0.0001799066203987,Random Forest
0_MFCC_5,41,-0.0004913600866427,Random Forest
0_Median absolute diff,42,-0.0006763519728256,Random Forest
0_MFCC_4,1,1.4768041593519374,Bayesian Ridge
0_Peak to peak distance,2,1.2207249491459369,Bayesian Ridge
0_ECDF Percentile_0,3,0.9947031203252196,Bayesian Ridge
0_MFCC_5,4,0.6788086583755953,Bayesian Ridge
0_Mean,5,0.643989727230651,Bayesian Ridge
0_Max,6,0.6045564880742108,Bayesian Ridge
0_Slope,7,0.4286768641513964,Bayesian Ridge
0_MFCC_9,8,0.3823396897417922,Bayesian Ridge
0_Median,9,0.287152914450726,Bayesian Ridge
0_MFCC_11,10,0.2563496286586192,Bayesian Ridge
0_Spectral decrease,11,0.2248604688071367,Bayesian Ridge
0_MFCC_0,12,0.0655226778316958,Bayesian Ridge
0_MFCC_10,13,0.059901010625525,Bayesian Ridge
0_MFCC_8,14,0.0543082556382642,Bayesian Ridge
0_Wavelet absolute mean_27777777.78Hz,15,0.0475138122838229,Bayesian Ridge
0_Autocorrelation,16,0.0406966318482562,Bayesian Ridge
0_Absolute energy,17,0.0368705567494363,Bayesian Ridge
0_ECDF Percentile_1,18,0.0290331851229902,Bayesian Ridge
0_Wavelet absolute mean_125000000.0Hz,19,0.0266315144879918,Bayesian Ridge
0_Spectral variation,20,0.0199776495445123,Bayesian Ridge
0_Spectral entropy,21,0.016688866766041,Bayesian Ridge
0_Interquartile range,22,0.0093077534717641,Bayesian Ridge
0_Wavelet energy_125000000.0Hz,23,0.0085429896846413,Bayesian Ridge
0_Power bandwidth,24,0.0079272173588816,Bayesian Ridge
0_LPCC_0,25,0.0065745910125938,Bayesian Ridge
0_Mean diff,26,0.0065022239966099,Bayesian Ridge
0_Wavelet entropy,27,0.0059082341564391,Bayesian Ridge
0_Median frequency,28,0.0035093313609649,Bayesian Ridge
0_Entropy,29,0.0031803432224576,Bayesian Ridge
0_Spectral roll-on,30,0.0027969435947387,Bayesian Ridge
0_Median absolute diff,31,0.0023543274304601,Bayesian Ridge
0_Median diff,32,0.0020775540708028,Bayesian Ridge
0_Maximum frequency,33,0.0013450470154517,Bayesian Ridge
0_Spectral positive turning points,34,0.0006583925024441,Bayesian Ridge
0_Negative turning points,35,0.0002158540559925,Bayesian Ridge
0_Histogram mode,36,0.0001608153860908,Bayesian Ridge
0_Neighbourhood peaks,37,-9.465025464302872e-06,Bayesian Ridge
0_Fundamental frequency,38,-7.303703362735004e-05,Bayesian Ridge
0_Zero crossing rate,39,-0.0007474408405643,Bayesian Ridge
0_LPCC_5,40,-0.0009718012233668,Bayesian Ridge
0_LPCC_6,41,-0.0011863626868695,Bayesian Ridge
0_LPCC_1,42,-0.001922260541957,Bayesian Ridge
0_Peak to peak distance,1,0.5371293314297994,XGBoost
0_Spectral entropy,2,0.2633560156822204,XGBoost
0_Autocorrelation,3,0.1449637619654337,XGBoost
0_Entropy,4,0.0205793046951293,XGBoost
0_Mean diff,5,0.0086263378461201,XGBoost
0_Interquartile range,6,0.0076928154627482,XGBoost
0_Spectral variation,7,0.00692578236262,XGBoost
0_MFCC_5,8,0.0061916716893514,XGBoost
0_Absolute energy,9,0.0058948095639546,XGBoost
0_Slope,10,0.0035392149289449,XGBoost
0_Max,11,0.0027396543820699,XGBoost
0_MFCC_9,12,0.0022442324956258,XGBoost
0_Histogram mode,13,0.0011783115069071,XGBoost
0_Spectral decrease,14,0.0011687326431274,XGBoost
0_MFCC_4,15,0.0009569096565246,XGBoost
0_LPCC_6,16,0.0009317159652709,XGBoost
0_Fundamental frequency,17,0.0007163596153259,XGBoost
0_LPCC_0,18,0.0006051588058471,XGBoost
0_LPCC_5,19,0.0005664563179016,XGBoost
0_LPCC_1,20,0.0005481274922688,XGBoost
0_Negative turning points,21,0.0003318810462951,XGBoost
0_Wavelet absolute mean_27777777.78Hz,22,0.0003199315071105,XGBoost
0_MFCC_8,23,0.0002892843882242,XGBoost
0_Zero crossing rate,24,0.000253988901774,XGBoost
0_Spectral positive turning points,25,0.0002057290077209,XGBoost
0_Median absolute diff,26,0.0002052386601765,XGBoost
0_Wavelet energy_125000000.0Hz,27,8.39686393737793e-05,XGBoost
0_Neighbourhood peaks,28,3.536621729532878e-05,XGBoost
0_Median frequency,29,8.903344472249349e-06,XGBoost
0_Mean,30,1.7213821411132812e-06,XGBoost
0_Spectral roll-on,31,0.0,XGBoost
0_Median diff,32,0.0,XGBoost
0_Power bandwidth,33,0.0,XGBoost
0_Maximum frequency,34,-1.0446707407633464e-05,XGBoost
0_ECDF Percentile_1,35,-6.425142288208008e-05,XGBoost
0_Median,36,-0.0001994236310323,XGBoost
0_Wavelet entropy,37,-0.0002868564923604,XGBoost
0_MFCC_10,38,-0.0002968605359395,XGBoost
0_MFCC_11,39,-0.0003869915008544,XGBoost
0_ECDF Percentile_0,40,-0.0005442198117574,XGBoost
0_Wavelet absolute mean_125000000.0Hz,41,-0.001225152015686,XGBoost
0_MFCC_0,42,-0.0012707424163818,XGBoost
0_Peak to peak distance,1,0.1396838974522228,SVR
0_Spectral entropy,2,0.1252017117836096,SVR
0_Spectral decrease,3,0.1066755005730625,SVR
0_ECDF Percentile_0,4,0.0943405315534881,SVR
0_Mean diff,5,0.0863629707032482,SVR
0_Max,6,0.0837610082694771,SVR
0_LPCC_0,7,0.0796082842977373,SVR
0_Spectral variation,8,0.0784748476240495,SVR
0_Absolute energy,9,0.0753482895524129,SVR
0_Interquartile range,10,0.0746933341370446,SVR
0_Wavelet absolute mean_27777777.78Hz,11,0.052517646083508,SVR
0_Median,12,0.0522924156082102,SVR
0_Slope,13,0.0209219142262862,SVR
0_MFCC_11,14,0.0194750832755495,SVR
0_Wavelet absolute mean_125000000.0Hz,15,0.0187232682422633,SVR
0_Wavelet energy_125000000.0Hz,16,0.0181050291467021,SVR
0_Mean,17,0.0165277033116311,SVR
0_Autocorrelation,18,0.0157940073390945,SVR
0_MFCC_10,19,0.0145305837135111,SVR
0_MFCC_5,20,0.0135454406246013,SVR
0_MFCC_9,21,0.0112667767752739,SVR
0_Maximum frequency,22,0.0096034079244599,SVR
0_MFCC_8,23,0.0051715638293479,SVR
0_Wavelet entropy,24,0.0048609225869269,SVR
0_Median absolute diff,25,0.0028963871810077,SVR
0_LPCC_5,26,0.0028379293268866,SVR
0_Entropy,27,0.0027095333153767,SVR
0_LPCC_1,28,0.0024158978985952,SVR
0_MFCC_0,29,0.0023607797354953,SVR
0_ECDF Percentile_1,30,0.0022694067885383,SVR
0_Median frequency,31,0.0021179320478448,SVR
0_Spectral roll-on,32,0.0015803763199748,SVR
0_Histogram mode,33,0.0014123479706685,SVR
0_Spectral positive turning points,34,0.001187809909384,SVR
0_LPCC_6,35,0.0007673883219446,SVR
0_Negative turning points,36,0.0007386906819494,SVR
0_Power bandwidth,37,0.0005096152427283,SVR
0_Zero crossing rate,38,0.000409406955118,SVR
0_Neighbourhood peaks,39,0.0001433782291848,SVR
0_MFCC_4,40,8.166651288599169e-07,SVR
0_Median diff,41,0.0,SVR
0_Fundamental frequency,42,-0.0004052539246139,SVR
0_Peak to peak distance,1,0.1659036618240967,Random Forest
0_Spectral entropy,2,0.0715985690452517,Random Forest
0_Autocorrelation,3,0.0414900293957494,Random Forest
0_Absolute energy,4,0.0413137873782462,Random Forest
0_Spectral variation,5,0.0307027916172348,Random Forest
0_Interquartile range,6,0.0283014345466852,Random Forest
0_Entropy,7,0.0253837574941781,Random Forest
0_Wavelet energy_125000000.0Hz,8,0.017558840842347,Random Forest
0_Histogram mode,9,0.0135060082979722,Random Forest
0_MFCC_11,10,0.0131932046200065,Random Forest
0_Wavelet absolute mean_125000000.0Hz,11,0.0100423226293557,Random Forest
0_ECDF Percentile_0,12,0.0088858844059152,Random Forest
0_LPCC_0,13,0.0045273406334271,Random Forest
0_Mean diff,14,0.004461546109943,Random Forest
0_Wavelet absolute mean_27777777.78Hz,15,0.0040012788099517,Random Forest
0_Slope,16,0.0039586627445545,Random Forest
0_ECDF Percentile_1,17,0.0037016615414953,Random Forest
0_Wavelet entropy,18,0.0035568973310752,Random Forest
0_MFCC_8,19,0.0032184941955442,Random Forest
0_MFCC_9,20,0.003067474765814,Random Forest
0_Fundamental frequency,21,0.0028952430224726,Random Forest
0_MFCC_0,22,0.0024711368772915,Random Forest
0_MFCC_5,23,0.0018150861579258,Random Forest
0_Maximum frequency,24,0.0017177151076494,Random Forest
0_Max,25,0.0013945647563207,Random Forest
0_Median frequency,26,0.0012931173784023,Random Forest
0_LPCC_1,27,0.0011873918682585,Random Forest
0_Spectral decrease,28,0.0010690899216117,Random Forest
0_MFCC_10,29,0.0009265690873301,Random Forest
0_Zero crossing rate,30,0.0008693152712699,Random Forest
0_Median,31,0.0008169027961436,Random Forest
0_LPCC_5,32,0.0007366380488306,Random Forest
0_LPCC_6,33,0.0004919970861652,Random Forest
0_MFCC_4,34,0.0004483933574228,Random Forest
0_Spectral positive turning points,35,0.000365634028889,Random Forest
0_Spectral roll-on,36,0.0002404126943348,Random Forest
0_Mean,37,0.0002151615287171,Random Forest
0_Power bandwidth,38,0.0001602458689659,Random Forest
0_Median absolute diff,39,0.0001493542862452,Random Forest
0_Negative turning points,40,1.7273460022801206e-05,Random Forest
0_Neighbourhood peaks,41,2.1100848464368965e-07,Random Forest
0_Median diff,42,7.401486830834377e-18,Random Forest
0_Peak to peak distance,1,1.7661014736023537,Bayesian Ridge
0_MFCC_4,2,1.7375861430875583,Bayesian Ridge
0_ECDF Percentile_0,3,1.378851615320439,Bayesian Ridge
0_MFCC_5,4,0.9813415556299452,Bayesian Ridge
0_MFCC_11,5,0.7373037986218794,Bayesian Ridge
0_Max,6,0.6485349656379593,Bayesian Ridge
0_Mean,7,0.3612444062770929,Bayesian Ridge
0_MFCC_0,8,0.3606163492726626,Bayesian Ridge
0_Slope,9,0.2797982686879567,Bayesian Ridge
0_Median,10,0.2729722677356593,Bayesian Ridge
0_ECDF Percentile_1,11,0.1803413775380544,Bayesian Ridge
0_MFCC_9,12,0.1663522158587084,Bayesian Ridge
0_Spectral decrease,13,0.1081455385781498,Bayesian Ridge
0_Absolute energy,14,0.0734535917135601,Bayesian Ridge
0_Wavelet absolute mean_27777777.78Hz,15,0.0561639211178155,Bayesian Ridge
0_Spectral entropy,16,0.0458113910307586,Bayesian Ridge
0_Wavelet energy_125000000.0Hz,17,0.0361536661140806,Bayesian Ridge
0_MFCC_8,18,0.0333448969070524,Bayesian Ridge
0_Interquartile range,19,0.0332865930870145,Bayesian Ridge
0_Wavelet entropy,20,0.026646838796592,Bayesian Ridge
0_LPCC_0,21,0.0261912296648325,Bayesian Ridge
0_Entropy,22,0.0200316386622281,Bayesian Ridge
0_Mean diff,23,0.0150621474500649,Bayesian Ridge
0_Autocorrelation,24,0.0138224261971317,Bayesian Ridge
0_Wavelet absolute mean_125000000.0Hz,25,0.0099837353427641,Bayesian Ridge
0_Power bandwidth,26,0.00793463320369,Bayesian Ridge
0_LPCC_5,27,0.0037561169325967,Bayesian Ridge
0_MFCC_10,28,0.0037094448591469,Bayesian Ridge
0_Spectral roll-on,29,0.0035490803584676,Bayesian Ridge
0_Median frequency,30,0.0019377990941972,Bayesian Ridge
0_LPCC_1,31,0.0014250500958752,Bayesian Ridge
0_Negative turning points,32,0.0007634590991191,Bayesian Ridge
0_Spectral positive turning points,33,0.0006776871137853,Bayesian Ridge
0_Maximum frequency,34,0.0003323221427277,Bayesian Ridge
0_Fundamental frequency,35,0.0001474836857791,Bayesian Ridge
0_Neighbourhood peaks,36,4.507190834734054e-05,Bayesian Ridge
0_Histogram mode,37,4.054084606033293e-06,Bayesian Ridge
0_Median diff,38,0.0,Bayesian Ridge
0_LPCC_6,39,-0.000138925777318,Bayesian Ridge
0_Spectral variation,40,-0.0001785872778104,Bayesian Ridge
0_Zero crossing rate,41,-0.0002171767567839,Bayesian Ridge
0_Median absolute diff,42,-0.0006647938254223,Bayesian Ridge
0_Peak to peak distance,1,0.899530082543691,XGBoost
0_Spectral entropy,2,0.252683482170105,XGBoost
0_Autocorrelation,3,0.1328473718961079,XGBoost
0_Interquartile range,4,0.0240290236473083,XGBoost
0_Entropy,5,0.0111889171600341,XGBoost
0_Mean diff,6,0.0098088749249776,XGBoost
0_Spectral variation,7,0.0056388441721598,XGBoost
0_Histogram mode,8,0.0030845435460408,XGBoost
0_Max,9,0.0023711284001668,XGBoost
0_MFCC_10,10,0.0017072566350301,XGBoost
0_MFCC_9,11,0.0007694594065348,XGBoost
0_Wavelet entropy,12,0.0006067824363708,XGBoost
0_MFCC_5,13,0.0005930399894714,XGBoost
0_MFCC_4,14,0.0005723396937052,XGBoost
0_MFCC_11,15,0.000539440313975,XGBoost
0_Wavelet energy_125000000.0Hz,16,0.0004795781771341,XGBoost
0_Spectral positive turning points,17,0.0004777018229166,XGBoost
0_Fundamental frequency,18,0.0004471747080485,XGBoost
0_Wavelet absolute mean_125000000.0Hz,19,0.000330638885498,XGBoost
0_ECDF Percentile_1,20,0.0003012776374816,XGBoost
0_Slope,21,0.0002657095591227,XGBoost
0_ECDF Percentile_0,22,0.0002450394630432,XGBoost
0_Mean,23,0.0002002890904744,XGBoost
0_MFCC_8,24,0.000158584912618,XGBoost
0_Absolute energy,25,5.3330262502034506e-05,XGBoost
0_Median,26,4.405577977498373e-05,XGBoost
0_Median absolute diff,27,3.404776255289714e-05,XGBoost
0_Maximum frequency,28,7.631778717041015e-06,XGBoost
0_Median frequency,29,7.386207580566406e-06,XGBoost
0_MFCC_0,30,6.299018859863282e-06,XGBoost
0_Power bandwidth,31,0.0,XGBoost
0_Spectral roll-on,32,0.0,XGBoost
0_Median diff,33,0.0,XGBoost
0_Negative turning points,34,-3.848870595296224e-06,XGBoost
0_Zero crossing rate,35,-2.359072367350261e-05,XGBoost
0_Neighbourhood peaks,36,-7.909536361694336e-05,XGBoost
0_LPCC_0,37,-7.913192113240559e-05,XGBoost
0_LPCC_1,38,-0.0001063140233357,XGBoost
0_LPCC_6,39,-0.0001553726196289,XGBoost
0_LPCC_5,40,-0.0002257092793782,XGBoost
0_Wavelet absolute mean_27777777.78Hz,41,-0.0002504324913024,XGBoost
0_Spectral decrease,42,-0.0002638777097066,XGBoost
0_Peak to peak distance,1,0.1427636116671305,SVR
0_ECDF Percentile_0,2,0.1121698124488761,SVR
0_Spectral entropy,3,0.1049171246353313,SVR
0_Spectral decrease,4,0.0959436844366797,SVR
0_Median,5,0.0867000594296023,SVR
0_Interquartile range,6,0.0809520992989152,SVR
0_Mean diff,7,0.0773406200594672,SVR
0_Absolute energy,8,0.0733174370650346,SVR
0_Spectral variation,9,0.0658130019375362,SVR
0_LPCC_0,10,0.0651041603484754,SVR
0_Max,11,0.0593111208976317,SVR
0_Wavelet absolute mean_27777777.78Hz,12,0.0529453644193237,SVR
0_Slope,13,0.0350515392737715,SVR
0_MFCC_11,14,0.0295257567117056,SVR
0_Wavelet absolute mean_125000000.0Hz,15,0.0290528855125366,SVR
0_MFCC_5,16,0.0212545666349732,SVR
0_MFCC_9,17,0.0152772099686997,SVR
0_Autocorrelation,18,0.0146738244475157,SVR
0_Mean,19,0.0116594903737884,SVR
0_Wavelet energy_125000000.0Hz,20,0.0094580155961862,SVR
0_MFCC_10,21,0.0068379088790134,SVR
0_ECDF Percentile_1,22,0.004694310976589,SVR
0_LPCC_6,23,0.0027969882562735,SVR
0_MFCC_4,24,0.0027051825130642,SVR
0_Maximum frequency,25,0.0024129727178102,SVR
0_LPCC_1,26,0.0023826745653035,SVR
0_Histogram mode,27,0.0023106334080748,SVR
0_MFCC_8,28,0.0017628192211775,SVR
0_Spectral positive turning points,29,0.0015248727794796,SVR
0_MFCC_0,30,0.0012057341708588,SVR
0_Zero crossing rate,31,0.0008966336625743,SVR
0_LPCC_5,32,0.0007558791604386,SVR
0_Wavelet entropy,33,0.0007130253541441,SVR
0_Median frequency,34,0.0007048491534085,SVR
0_Entropy,35,0.0004649300719477,SVR
0_Fundamental frequency,36,0.0003938996558149,SVR
0_Neighbourhood peaks,37,0.0003215000879766,SVR
0_Spectral roll-on,38,9.706586185374456e-05,SVR
0_Median diff,39,0.0,SVR
0_Negative turning points,40,-0.0001639813637901,SVR
0_Median absolute diff,41,-0.00084402872502,SVR
0_Power bandwidth,42,-0.0009823776579019,SVR
0_Peak to peak distance,1,0.1330256726390467,Random Forest
0_Spectral entropy,2,0.07093812420798,Random Forest
0_Autocorrelation,3,0.0462925314563069,Random Forest
0_Absolute energy,4,0.0393332537536412,Random Forest
0_Spectral variation,5,0.0335457887508219,Random Forest
0_Interquartile range,6,0.022513761016736,Random Forest
0_Wavelet energy_125000000.0Hz,7,0.0176813225592225,Random Forest
0_Entropy,8,0.0165278200956987,Random Forest
0_Histogram mode,9,0.0118528269757303,Random Forest
0_MFCC_11,10,0.0103675214993982,Random Forest
0_Wavelet absolute mean_125000000.0Hz,11,0.006442011028518,Random Forest
0_ECDF Percentile_0,12,0.0056648677292626,Random Forest
0_Mean diff,13,0.0056406362429633,Random Forest
0_Slope,14,0.0049388137442352,Random Forest
0_MFCC_8,15,0.0048350415618253,Random Forest
0_LPCC_0,16,0.0043775129258903,Random Forest
0_MFCC_9,17,0.0039719258951412,Random Forest
0_Fundamental frequency,18,0.0027838988585343,Random Forest
0_ECDF Percentile_1,19,0.0027124800381365,Random Forest
0_MFCC_0,20,0.0026954651745837,Random Forest
0_MFCC_5,21,0.0023107325006863,Random Forest
0_Wavelet entropy,22,0.0021118603177429,Random Forest
0_Wavelet absolute mean_27777777.78Hz,23,0.0020697192216178,Random Forest
0_Zero crossing rate,24,0.0017781660738234,Random Forest
0_Mean,25,0.0014635231013409,Random Forest
0_LPCC_1,26,0.0014265537749014,Random Forest
0_Spectral decrease,27,0.0012753354406847,Random Forest
0_Median,28,0.0012615951295715,Random Forest
0_Max,29,0.0011204793443184,Random Forest
0_Maximum frequency,30,0.0010514087934317,Random Forest
0_MFCC_4,31,0.0007065488844472,Random Forest
0_LPCC_5,32,0.0003893818520625,Random Forest
0_LPCC_6,33,0.0002597327383912,Random Forest
0_Negative turning points,34,0.0001479878081324,Random Forest
0_Median absolute diff,35,0.0001026578207077,Random Forest
0_Median frequency,36,8.059810135845484e-05,Random Forest
0_Power bandwidth,37,3.2284237132744015e-05,Random Forest
0_Spectral roll-on,38,2.716624222772376e-05,Random Forest
0_Neighbourhood peaks,39,7.4663254653536036e-06,Random Forest
0_Median diff,40,3.9968028886505634e-17,Random Forest
0_Spectral positive turning points,41,-8.786370551474872e-05,Random Forest
0_MFCC_10,42,-0.0002490079990615,Random Forest
0_MFCC_4,1,1.9048429326238665,Bayesian Ridge
0_ECDF Percentile_0,2,1.8986949648213176,Bayesian Ridge
0_Peak to peak distance,3,1.8666554785372824,Bayesian Ridge
0_MFCC_5,4,1.0097399369544238,Bayesian Ridge
0_Mean,5,0.7137561570144696,Bayesian Ridge
0_Max,6,0.6527382041616182,Bayesian Ridge
0_MFCC_11,7,0.5285190477875893,Bayesian Ridge
0_Slope,8,0.4897195914838737,Bayesian Ridge
0_MFCC_9,9,0.4585143446257326,Bayesian Ridge
0_MFCC_0,10,0.1808767022552153,Bayesian Ridge
0_Median,11,0.1729953917493193,Bayesian Ridge
0_MFCC_8,12,0.0892575352800294,Bayesian Ridge
0_ECDF Percentile_1,13,0.0731994903610847,Bayesian Ridge
0_Wavelet absolute mean_27777777.78Hz,14,0.0701125253810142,Bayesian Ridge
0_Spectral decrease,15,0.0617034047942935,Bayesian Ridge
0_Spectral entropy,16,0.0431338935550594,Bayesian Ridge
0_Autocorrelation,17,0.035207206652974,Bayesian Ridge
0_Wavelet energy_125000000.0Hz,18,0.0227210585146578,Bayesian Ridge
0_Power bandwidth,19,0.0158179410532661,Bayesian Ridge
0_Absolute energy,20,0.015338562008671,Bayesian Ridge
0_Interquartile range,21,0.0105853710824139,Bayesian Ridge
0_LPCC_0,22,0.0104104177099746,Bayesian Ridge
0_Entropy,23,0.007264611910798,Bayesian Ridge
0_Wavelet entropy,24,0.0070384379197686,Bayesian Ridge
0_Mean diff,25,0.0054607906502431,Bayesian Ridge
0_Wavelet absolute mean_125000000.0Hz,26,0.0053175846566331,Bayesian Ridge
0_MFCC_10,27,0.0044094001325536,Bayesian Ridge
0_Spectral variation,28,0.003728793087623,Bayesian Ridge
0_Spectral roll-on,29,0.0020510087572283,Bayesian Ridge
0_LPCC_5,30,0.0015321068489616,Bayesian Ridge
0_LPCC_1,31,0.001509309092723,Bayesian Ridge
0_Median frequency,32,0.0013949111148995,Bayesian Ridge
0_Median absolute diff,33,0.0010470953540303,Bayesian Ridge
0_Zero crossing rate,34,0.000950336808883,Bayesian Ridge
0_Spectral positive turning points,35,0.0007327717913756,Bayesian Ridge
0_Histogram mode,36,0.0001863154650717,Bayesian Ridge
0_Maximum frequency,37,0.0001768933010429,Bayesian Ridge
0_LPCC_6,38,3.928603812485202e-05,Bayesian Ridge
0_Median diff,39,0.0,Bayesian Ridge
0_Neighbourhood peaks,40,-0.0001322203234245,Bayesian Ridge
0_Fundamental frequency,41,-0.0002778673006635,Bayesian Ridge
0_Negative turning points,42,-0.0006077525098771,Bayesian Ridge
0_Peak to peak distance,1,0.5824835268656413,XGBoost
0_Spectral entropy,2,0.2456923691431681,XGBoost
0_Autocorrelation,3,0.0881857029596964,XGBoost
0_Mean diff,4,0.0206529736518859,XGBoost
0_Interquartile range,5,0.0185989499092102,XGBoost
0_Entropy,6,0.0150247073173522,XGBoost
0_Spectral variation,7,0.0140737970670064,XGBoost
0_Absolute energy,8,0.0137627720832824,XGBoost
0_Slope,9,0.0062509171168009,XGBoost
0_MFCC_0,10,0.004136463801066,XGBoost
0_MFCC_9,11,0.0033932820955912,XGBoost
0_Histogram mode,12,0.0025948858261108,XGBoost
0_MFCC_11,13,0.0024787290891011,XGBoost
0_MFCC_8,14,0.0020566892623901,XGBoost
0_Wavelet absolute mean_125000000.0Hz,15,0.0020415663719177,XGBoost
0_Spectral decrease,16,0.0019997382164001,XGBoost
0_Mean,17,0.0016996002197265,XGBoost
0_Median absolute diff,18,0.0016840155919392,XGBoost
0_Fundamental frequency,19,0.0016830237706502,XGBoost
0_LPCC_0,20,0.0014742255210876,XGBoost
0_Maximum frequency,21,0.0013483627637227,XGBoost
0_Max,22,0.0011280886332194,XGBoost
0_Spectral positive turning points,23,0.0008182009061177,XGBoost
0_MFCC_4,24,0.0007688776652018,XGBoost
0_Zero crossing rate,25,0.0006652434666951,XGBoost
0_Negative turning points,26,0.0005190587043762,XGBoost
0_LPCC_6,27,0.0003276284535725,XGBoost
0_Wavelet energy_125000000.0Hz,28,0.0002990611394246,XGBoost
0_Median,29,0.0002644419670104,XGBoost
0_LPCC_1,30,0.000244071483612,XGBoost
0_MFCC_5,31,0.0002328848838806,XGBoost
0_Wavelet entropy,32,9.54278310139974e-05,XGBoost
0_Neighbourhood peaks,33,6.273746490478515e-05,XGBoost
0_Wavelet absolute mean_27777777.78Hz,34,2.863168716430664e-05,XGBoost
0_Median frequency,35,3.68197758992513e-06,XGBoost
0_Spectral roll-on,36,0.0,XGBoost
0_Power bandwidth,37,0.0,XGBoost
0_Median diff,38,0.0,XGBoost
0_MFCC_10,39,-6.964206695556641e-06,XGBoost
0_LPCC_5,40,-7.020235061645508e-05,XGBoost
0_ECDF Percentile_0,41,-0.0002150758107503,XGBoost
0_ECDF Percentile_1,42,-0.0004563800493876,XGBoost
0_LPCC_0,1,0.1446287288392945,SVR
0_Spectral entropy,2,0.1221316902271976,SVR
0_Peak to peak distance,3,0.1099550196656999,SVR
0_ECDF Percentile_0,4,0.0832627501220739,SVR
0_Spectral decrease,5,0.0817642584133938,SVR
0_Interquartile range,6,0.0774260859157441,SVR
0_Spectral variation,7,0.0753657315054451,SVR
0_Absolute energy,8,0.0740482589196747,SVR
0_Median,9,0.0700508755078599,SVR
0_Mean diff,10,0.0602196464316647,SVR
0_Wavelet absolute mean_27777777.78Hz,11,0.0599660843218391,SVR
0_Max,12,0.0479639972469109,SVR
0_Slope,13,0.0332453767470163,SVR
0_Wavelet absolute mean_125000000.0Hz,14,0.0250695405843813,SVR
0_MFCC_11,15,0.0231946737362961,SVR
0_Autocorrelation,16,0.0182782374405145,SVR
0_MFCC_10,17,0.0172878737735747,SVR
0_MFCC_9,18,0.0145658644459214,SVR
0_Wavelet energy_125000000.0Hz,19,0.0126852379457075,SVR
0_Mean,20,0.0099164854640372,SVR
0_Wavelet entropy,21,0.008497137478921,SVR
0_MFCC_5,22,0.00793422721696,SVR
0_ECDF Percentile_1,23,0.0045061313975823,SVR
0_Median absolute diff,24,0.0042245361395487,SVR
0_Maximum frequency,25,0.0035126390962901,SVR
0_LPCC_5,26,0.0034578957504271,SVR
0_Spectral roll-on,27,0.0028096240768039,SVR
0_LPCC_1,28,0.0024152816402591,SVR
0_MFCC_8,29,0.0020287470216867,SVR
0_LPCC_6,30,0.0019227829149598,SVR
0_MFCC_0,31,0.001895951301381,SVR
0_MFCC_4,32,0.0018054910272215,SVR
0_Power bandwidth,33,0.0017959524016487,SVR
0_Spectral positive turning points,34,0.0014028076342526,SVR
0_Histogram mode,35,0.0013363349831695,SVR
0_Zero crossing rate,36,0.0011601861703723,SVR
0_Fundamental frequency,37,0.0002685694151028,SVR
0_Entropy,38,0.0002422369146927,SVR
0_Neighbourhood peaks,39,0.0001261777683966,SVR
0_Median frequency,40,9.647605576267092e-05,SVR
0_Median diff,41,0.0,SVR
0_Negative turning points,42,-0.0004423093027665,SVR
0_Peak to peak distance,1,0.1298644769749763,Random Forest
0_Spectral entropy,2,0.0761131285316553,Random Forest
0_Autocorrelation,3,0.0466064121340724,Random Forest
0_Spectral variation,4,0.0303287297501296,Random Forest
0_Absolute energy,5,0.0252743277069392,Random Forest
0_Interquartile range,6,0.0215066040836167,Random Forest
0_Entropy,7,0.0139619004797739,Random Forest
0_MFCC_11,8,0.0104175436486886,Random Forest
0_Histogram mode,9,0.0088612170538107,Random Forest
0_Wavelet energy_125000000.0Hz,10,0.0082929665335109,Random Forest
0_Mean diff,11,0.005657105181565,Random Forest
0_LPCC_0,12,0.0055511078043112,Random Forest
0_Wavelet absolute mean_125000000.0Hz,13,0.0055112328555195,Random Forest
0_MFCC_9,14,0.0047792587448108,Random Forest
0_Slope,15,0.0046054823133256,Random Forest
0_MFCC_8,16,0.0041205796792004,Random Forest
0_Wavelet absolute mean_27777777.78Hz,17,0.0031323269762308,Random Forest
0_Fundamental frequency,18,0.0027564344446447,Random Forest
0_ECDF Percentile_1,19,0.0019152216045254,Random Forest
0_Maximum frequency,20,0.001792819647759,Random Forest
0_ECDF Percentile_0,21,0.0015880438342551,Random Forest
0_Spectral decrease,22,0.001463946786238,Random Forest
0_MFCC_10,23,0.001376048919089,Random Forest
0_Median,24,0.001286602207338,Random Forest
0_Wavelet entropy,25,0.0012166697021831,Random Forest
0_LPCC_1,26,0.0011762547629496,Random Forest
0_Max,27,0.0011096268000613,Random Forest
0_MFCC_0,28,0.0010373638000439,Random Forest
0_Zero crossing rate,29,0.0008580528617558,Random Forest
0_Median frequency,30,0.0008099838971108,Random Forest
0_LPCC_6,31,0.000740891468849,Random Forest
0_MFCC_5,32,0.0004968551021577,Random Forest
0_LPCC_5,33,0.0004825668213199,Random Forest
0_Mean,34,0.0003478767375241,Random Forest
0_MFCC_4,35,0.0003167261294297,Random Forest
0_Spectral positive turning points,36,2.187653346462278e-05,Random Forest
0_Power bandwidth,37,2.101438763353632e-05,Random Forest
0_Spectral roll-on,38,1.3398967480375096e-05,Random Forest
0_Median diff,39,-2.960594732333752e-18,Random Forest
0_Neighbourhood peaks,40,-1.2973480712049993e-05,Random Forest
0_Negative turning points,41,-1.8811880431144345e-05,Random Forest
0_Median absolute diff,42,-0.0005963327441354,Random Forest
0_MFCC_4,1,2.51056420630928,Bayesian Ridge
0_Peak to peak distance,2,1.7132976402651052,Bayesian Ridge
0_ECDF Percentile_0,3,1.440281697237758,Bayesian Ridge
0_MFCC_5,4,0.9749022090253948,Bayesian Ridge
0_Mean,5,0.7946095501374106,Bayesian Ridge
0_Max,6,0.7006197561399831,Bayesian Ridge
0_MFCC_9,7,0.4707742757564228,Bayesian Ridge
0_MFCC_11,8,0.3028815170941061,Bayesian Ridge
0_Slope,9,0.2926438382142674,Bayesian Ridge
0_Spectral decrease,10,0.2164240250472135,Bayesian Ridge
0_Median,11,0.2122292592087804,Bayesian Ridge
0_MFCC_0,12,0.1844798322194743,Bayesian Ridge
0_ECDF Percentile_1,13,0.0939917779430584,Bayesian Ridge
0_LPCC_0,14,0.082884748907403,Bayesian Ridge
0_MFCC_8,15,0.0430942813168478,Bayesian Ridge
0_Wavelet absolute mean_27777777.78Hz,16,0.0429754988925562,Bayesian Ridge
0_Interquartile range,17,0.0396390041358937,Bayesian Ridge
0_MFCC_10,18,0.0386376487156192,Bayesian Ridge
0_Wavelet energy_125000000.0Hz,19,0.0384666171042881,Bayesian Ridge
0_Autocorrelation,20,0.0334530571068868,Bayesian Ridge
0_Spectral variation,21,0.0200272466958587,Bayesian Ridge
0_Spectral entropy,22,0.019351375332658,Bayesian Ridge
0_Wavelet absolute mean_125000000.0Hz,23,0.019257318561623,Bayesian Ridge
0_Power bandwidth,24,0.0169521679273426,Bayesian Ridge
0_Wavelet entropy,25,0.0164030896247914,Bayesian Ridge
0_Entropy,26,0.0133024823279759,Bayesian Ridge
0_Spectral roll-on,27,0.0048142120322697,Bayesian Ridge
0_Mean diff,28,0.0039833323113283,Bayesian Ridge
0_Median frequency,29,0.0038148993222284,Bayesian Ridge
0_LPCC_5,30,0.0020839354373908,Bayesian Ridge
0_Median absolute diff,31,0.0007418367376241,Bayesian Ridge
0_Spectral positive turning points,32,0.0005817177186885,Bayesian Ridge
0_Absolute energy,33,0.0004837885440505,Bayesian Ridge
0_Negative turning points,34,0.0004837650769505,Bayesian Ridge
0_Histogram mode,35,0.000332170771453,Bayesian Ridge
0_LPCC_6,36,0.0002138934987485,Bayesian Ridge
0_Fundamental frequency,37,0.0001987028475692,Bayesian Ridge
0_Zero crossing rate,38,7.442621135662482e-05,Bayesian Ridge
0_LPCC_1,39,5.2664369365360566e-05,Bayesian Ridge
0_Neighbourhood peaks,40,1.45886330245452e-05,Bayesian Ridge
0_Median diff,41,0.0,Bayesian Ridge
0_Maximum frequency,42,-0.000188442183984,Bayesian Ridge
0_Peak to peak distance,1,0.5809331369400025,XGBoost
0_Spectral entropy,2,0.2271735254923502,XGBoost
0_Autocorrelation,3,0.1313407548268636,XGBoost
0_Entropy,4,0.032466455300649,XGBoost
0_Mean diff,5,0.0136538076400756,XGBoost
0_Spectral variation,6,0.0109043407440185,XGBoost
0_Max,7,0.0081276496251424,XGBoost
0_Interquartile range,8,0.0071279231707255,XGBoost
0_Absolute energy,9,0.0055773965517679,XGBoost
0_Slope,10,0.0027141880989074,XGBoost
0_MFCC_5,11,0.0015832448005676,XGBoost
0_MFCC_9,12,0.0011981145540873,XGBoost
0_LPCC_0,13,0.0010527976353963,XGBoost
0_MFCC_0,14,0.0010020645459493,XGBoost
0_MFCC_8,15,0.000769411722819,XGBoost
0_MFCC_11,16,0.0007470337549845,XGBoost
0_Histogram mode,17,0.0006863244374593,XGBoost
0_Fundamental frequency,18,0.0006818636258443,XGBoost
0_Zero crossing rate,19,0.0006725033124287,XGBoost
0_LPCC_6,20,0.0004096547762552,XGBoost
0_Median,21,0.0003985142707824,XGBoost
0_Spectral decrease,22,0.0003880071640014,XGBoost
0_MFCC_4,23,0.0002195580800374,XGBoost
0_Negative turning points,24,9.94253158569336e-05,XGBoost
0_Wavelet absolute mean_27777777.78Hz,25,8.06578000386556e-05,XGBoost
0_Maximum frequency,26,4.9344698588053386e-05,XGBoost
0_LPCC_5,27,3.9905707041422526e-05,XGBoost
0_Neighbourhood peaks,28,1.870393753051758e-05,XGBoost
0_Spectral positive turning points,29,1.5415350596110026e-05,XGBoost
0_Mean,30,1.4952818552652995e-05,XGBoost
0_MFCC_10,31,1.1681715647379558e-05,XGBoost
0_LPCC_1,32,1.0802745819091796e-05,XGBoost
0_Median diff,33,0.0,XGBoost
0_Median absolute diff,34,0.0,XGBoost
0_Spectral roll-on,35,0.0,XGBoost
0_Power bandwidth,36,0.0,XGBoost
0_Median frequency,37,-1.5575091044108073e-05,XGBoost
0_Wavelet absolute mean_125000000.0Hz,38,-0.0001269078254699,XGBoost
0_Wavelet energy_125000000.0Hz,39,-0.0001597118377685,XGBoost
0_ECDF Percentile_1,40,-0.0003065085411071,XGBoost
0_Wavelet entropy,41,-0.0006582125027974,XGBoost
0_ECDF Percentile_0,42,-0.0014286136627197,XGBoost
0_Spectral entropy,1,0.1378819074242482,SVR
0_Peak to peak distance,2,0.1338693363822758,SVR
0_Spectral variation,3,0.1119390090111898,SVR
0_ECDF Percentile_0,4,0.0907195487958863,SVR
0_Max,5,0.0858620099099905,SVR
0_Mean diff,6,0.0844462419056121,SVR
0_LPCC_0,7,0.0826666301471173,SVR
0_Median,8,0.077935960246126,SVR
0_Interquartile range,9,0.0663027502846629,SVR
0_Wavelet absolute mean_27777777.78Hz,10,0.0570685559947469,SVR
0_Absolute energy,11,0.0557622556034516,SVR
0_Spectral decrease,12,0.054969281251237,SVR
0_Slope,13,0.0336843176191468,SVR
0_MFCC_5,14,0.0219831402805515,SVR
0_MFCC_11,15,0.0208490449461869,SVR
0_Autocorrelation,16,0.0191999905135435,SVR
0_Mean,17,0.018858446062641,SVR
0_Wavelet energy_125000000.0Hz,18,0.0177860668987728,SVR
0_Wavelet absolute mean_125000000.0Hz,19,0.0161351140178725,SVR
0_MFCC_9,20,0.0125451143533455,SVR
0_Wavelet entropy,21,0.008153017815311,SVR
0_ECDF Percentile_1,22,0.0076806110375849,SVR
0_MFCC_10,23,0.0065762098535498,SVR
0_LPCC_5,24,0.0052676313040466,SVR
0_MFCC_0,25,0.0048410900314131,SVR
0_Median absolute diff,26,0.0041880522287212,SVR
0_Maximum frequency,27,0.0030455547055862,SVR
0_LPCC_1,28,0.0028121906726396,SVR
0_MFCC_8,29,0.0026155021082862,SVR
0_Histogram mode,30,0.0023600993639452,SVR
0_Zero crossing rate,31,0.0021320985055945,SVR
0_LPCC_6,32,0.0016589498992387,SVR
0_Spectral positive turning points,33,0.0015000788092926,SVR
0_Entropy,34,0.0012347911348329,SVR
0_MFCC_4,35,0.0010238978789355,SVR
0_Spectral roll-on,36,0.0007248347031517,SVR
0_Neighbourhood peaks,37,0.0006872419754983,SVR
0_Fundamental frequency,38,0.000412653458111,SVR
0_Power bandwidth,39,0.0001859625884056,SVR
0_Negative turning points,40,0.0001218098240218,SVR
0_Median frequency,41,0.0001138770957337,SVR
0_Median diff,42,0.0,SVR
0_Peak to peak distance,1,0.1470249857173477,Random Forest
0_Spectral entropy,2,0.0814481186009019,Random Forest
0_Autocorrelation,3,0.045262136245265,Random Forest
0_Spectral variation,4,0.0426357768488251,Random Forest
0_Absolute energy,5,0.0302343457779236,Random Forest
0_Entropy,6,0.0166542285516307,Random Forest
0_Interquartile range,7,0.0156119753130349,Random Forest
0_Histogram mode,8,0.0138332695411633,Random Forest
0_Wavelet energy_125000000.0Hz,9,0.0102743000750236,Random Forest
0_Wavelet absolute mean_125000000.0Hz,10,0.0094217995090271,Random Forest
0_MFCC_11,11,0.0073520866072198,Random Forest
0_ECDF Percentile_0,12,0.0060810759687778,Random Forest
0_Slope,13,0.0055218171959267,Random Forest
0_Mean diff,14,0.0049898784122624,Random Forest
0_MFCC_8,15,0.0036457794341873,Random Forest
0_Wavelet entropy,16,0.0035361197764247,Random Forest
0_LPCC_0,17,0.0034674174776939,Random Forest
0_MFCC_9,18,0.0031743076701005,Random Forest
0_Median frequency,19,0.0025373595367052,Random Forest
0_Fundamental frequency,20,0.0020895067438121,Random Forest
0_ECDF Percentile_1,21,0.0018370340948356,Random Forest
0_Maximum frequency,22,0.0017410693235369,Random Forest
0_MFCC_0,23,0.0015674077624528,Random Forest
0_Wavelet absolute mean_27777777.78Hz,24,0.0015033486224177,Random Forest
0_MFCC_10,25,0.0010328106171448,Random Forest
0_Zero crossing rate,26,0.0009580483576731,Random Forest
0_LPCC_1,27,0.0009096274855368,Random Forest
0_LPCC_5,28,0.0005839915509459,Random Forest
0_Max,29,0.0004047576421401,Random Forest
0_LPCC_6,30,0.0003655469289065,Random Forest
0_Spectral positive turning points,31,0.0002951967646565,Random Forest
0_Median,32,0.0001825316055676,Random Forest
0_Mean,33,0.0001067135781225,Random Forest
0_MFCC_5,34,6.776752553661651e-05,Random Forest
0_Negative turning points,35,6.165001952418425e-05,Random Forest
0_Power bandwidth,36,2.158118260437103e-05,Random Forest
0_Neighbourhood peaks,37,7.640248092291024e-06,Random Forest
0_Median diff,38,1.628327102783563e-17,Random Forest
0_Spectral roll-on,39,-1.5868730715609126e-05,Random Forest
0_MFCC_4,40,-0.0001055702590035,Random Forest
0_Median absolute diff,41,-0.0001901319956687,Random Forest
0_Spectral decrease,42,-0.0008353100844145,Random Forest
0_Peak to peak distance,1,1.4757101733821112,Bayesian Ridge
0_ECDF Percentile_0,2,0.8598926438766802,Bayesian Ridge
0_Max,3,0.8319990928073988,Bayesian Ridge
0_Mean,4,0.8145183760506353,Bayesian Ridge
0_MFCC_4,5,0.7279278679414133,Bayesian Ridge
0_MFCC_5,6,0.6127053962771258,Bayesian Ridge
0_Slope,7,0.4084632417878391,Bayesian Ridge
0_MFCC_11,8,0.1702516074417873,Bayesian Ridge
0_MFCC_9,9,0.1076877388123949,Bayesian Ridge
0_Median,10,0.1046957015813543,Bayesian Ridge
0_Spectral decrease,11,0.1024550236288846,Bayesian Ridge
0_MFCC_0,12,0.0974247537560943,Bayesian Ridge
0_LPCC_0,13,0.0570635840317012,Bayesian Ridge
0_Wavelet absolute mean_27777777.78Hz,14,0.055275163697992,Bayesian Ridge
0_ECDF Percentile_1,15,0.0512218611128233,Bayesian Ridge
0_Spectral variation,16,0.0377842215718004,Bayesian Ridge
0_Autocorrelation,17,0.0229984209042359,Bayesian Ridge
0_Entropy,18,0.0201431999514061,Bayesian Ridge
0_Wavelet energy_125000000.0Hz,19,0.018778243495875,Bayesian Ridge
0_Wavelet absolute mean_125000000.0Hz,20,0.0143776125564262,Bayesian Ridge
0_MFCC_10,21,0.006728874000698,Bayesian Ridge
0_Power bandwidth,22,0.0066276652633463,Bayesian Ridge
0_Median frequency,23,0.0065556944597117,Bayesian Ridge
0_Spectral entropy,24,0.0057477042165558,Bayesian Ridge
0_Absolute energy,25,0.0029698320574921,Bayesian Ridge
0_Spectral roll-on,26,0.002967924914503,Bayesian Ridge
0_Interquartile range,27,0.0018470686206013,Bayesian Ridge
0_MFCC_8,28,0.0016072245085095,Bayesian Ridge
0_Spectral positive turning points,29,0.0009771005177258,Bayesian Ridge
0_Mean diff,30,0.0009323844267987,Bayesian Ridge
0_LPCC_5,31,0.0004198272356976,Bayesian Ridge
0_Median absolute diff,32,0.0001597584912621,Bayesian Ridge
0_Maximum frequency,33,0.0001398181128769,Bayesian Ridge
0_Neighbourhood peaks,34,6.066041593807784e-05,Bayesian Ridge
0_Zero crossing rate,35,3.246365607615302e-05,Bayesian Ridge
0_Median diff,36,0.0,Bayesian Ridge
0_Histogram mode,37,-5.1948097726941534e-05,Bayesian Ridge
0_Fundamental frequency,38,-0.0002230461525577,Bayesian Ridge
0_LPCC_6,39,-0.0004592805635681,Bayesian Ridge
0_LPCC_1,40,-0.0005039136955018,Bayesian Ridge
0_Negative turning points,41,-0.0009900831678386,Bayesian Ridge
0_Wavelet entropy,42,-0.0012438840838459,Bayesian Ridge
0_Peak to peak distance,1,0.5998348840077719,XGBoost
0_Spectral entropy,2,0.2459317302703857,XGBoost
0_Autocorrelation,3,0.1242514793078104,XGBoost
0_Interquartile range,4,0.0326095056533813,XGBoost
0_Entropy,5,0.0167495481173197,XGBoost
0_Spectral variation,6,0.0163736414909362,XGBoost
0_Absolute energy,7,0.0121923430760701,XGBoost
0_Mean diff,8,0.0098007575670878,XGBoost
0_Max,9,0.0087423141797383,XGBoost
0_Slope,10,0.0041653776168823,XGBoost
0_Wavelet absolute mean_125000000.0Hz,11,0.0026819618542989,XGBoost
0_Histogram mode,12,0.0020290581385294,XGBoost
0_Fundamental frequency,13,0.0018204768498738,XGBoost
0_MFCC_9,14,0.001493109067281,XGBoost
0_Wavelet entropy,15,0.0014283498128255,XGBoost
0_Median absolute diff,16,0.00116868019104,XGBoost
0_ECDF Percentile_1,17,0.0011510070164998,XGBoost
0_LPCC_0,18,0.0006648071606953,XGBoost
0_LPCC_6,19,0.0005452473958333,XGBoost
0_ECDF Percentile_0,20,0.0005200497309366,XGBoost
0_Maximum frequency,21,0.0004942194620768,XGBoost
0_Wavelet energy_125000000.0Hz,22,0.0003177134195963,XGBoost
0_Zero crossing rate,23,0.0002612749735514,XGBoost
0_Median frequency,24,0.0001704589525858,XGBoost
0_LPCC_5,25,0.0001486388842264,XGBoost
0_MFCC_8,26,0.0001031136512756,XGBoost
0_Negative turning points,27,8.402268091837566e-05,XGBoost
0_LPCC_1,28,6.331602732340495e-05,XGBoost
0_Spectral decrease,29,3.93215815226237e-05,XGBoost
0_Neighbourhood peaks,30,3.4467379252115885e-05,XGBoost
0_MFCC_4,31,1.9931793212890624e-05,XGBoost
0_MFCC_10,32,1.4617443084716796e-05,XGBoost
0_Power bandwidth,33,0.0,XGBoost
0_Median diff,34,0.0,XGBoost
0_Spectral roll-on,35,0.0,XGBoost
0_MFCC_0,36,-0.0001048358281453,XGBoost
0_Median,37,-0.0001644357045491,XGBoost
0_MFCC_11,38,-0.0001985128720601,XGBoost
0_Mean,39,-0.0002476954460144,XGBoost
0_MFCC_5,40,-0.0003243096669514,XGBoost
0_Spectral positive turning points,41,-0.0003947838147481,XGBoost
0_Wavelet absolute mean_27777777.78Hz,42,-0.0008842738469441,XGBoost
0_Peak to peak distance,1,0.1513466277374668,SVR
0_Spectral decrease,2,0.1127518266718264,SVR
0_Spectral entropy,3,0.1082215546847498,SVR
0_Interquartile range,4,0.0935005190771529,SVR
0_ECDF Percentile_0,5,0.0883589793268788,SVR
0_LPCC_0,6,0.0805483227638705,SVR
0_Spectral variation,7,0.0769649369111998,SVR
0_Mean diff,8,0.076765985229638,SVR
0_Max,9,0.0688217905718865,SVR
0_Median,10,0.0629527154246938,SVR
0_Absolute energy,11,0.0521278942413453,SVR
0_Wavelet absolute mean_27777777.78Hz,12,0.0501881099784102,SVR
0_MFCC_11,13,0.043562608329745,SVR
0_Slope,14,0.0267948890221774,SVR
0_Mean,15,0.021103996766413,SVR
0_Wavelet absolute mean_125000000.0Hz,16,0.0198360026478339,SVR
0_Autocorrelation,17,0.0144370261886782,SVR
0_Wavelet energy_125000000.0Hz,18,0.0138129016269492,SVR
0_MFCC_5,19,0.0113759480130327,SVR
0_MFCC_9,20,0.010206349202555,SVR
0_MFCC_10,21,0.006964565401365,SVR
0_Wavelet entropy,22,0.0059371627618651,SVR
0_Maximum frequency,23,0.0056873507851378,SVR
0_MFCC_0,24,0.0029208494943668,SVR
0_MFCC_8,25,0.0028172678510707,SVR
0_MFCC_4,26,0.0027962385255522,SVR
0_LPCC_1,27,0.0019727459686175,SVR
0_Fundamental frequency,28,0.0018936575031683,SVR
0_LPCC_5,29,0.0018416451567126,SVR
0_ECDF Percentile_1,30,0.0016183544167504,SVR
0_Zero crossing rate,31,0.0015885914930018,SVR
0_Histogram mode,32,0.0015843720848548,SVR
0_Spectral positive turning points,33,0.0015528798429434,SVR
0_Median absolute diff,34,0.0013629516679928,SVR
0_Entropy,35,0.001018533461989,SVR
0_Median frequency,36,0.0009504846271603,SVR
0_Negative turning points,37,0.0009066382714788,SVR
0_Spectral roll-on,38,0.000795729017008,SVR
0_LPCC_6,39,0.0005340569384792,SVR
0_Neighbourhood peaks,40,0.000497709015976,SVR
0_Power bandwidth,41,0.0002375306494455,SVR
0_Median diff,42,0.0,SVR
0_Peak to peak distance,1,0.1634494539521196,Random Forest
0_Spectral entropy,2,0.0763071463071953,Random Forest
0_Autocorrelation,3,0.0386034661445941,Random Forest
0_Interquartile range,4,0.0356355950584019,Random Forest
0_Absolute energy,5,0.034052573289144,Random Forest
0_Spectral variation,6,0.0307371743421067,Random Forest
0_Entropy,7,0.0301049403311171,Random Forest
0_Histogram mode,8,0.0158651599027789,Random Forest
0_Wavelet energy_125000000.0Hz,9,0.0158339712484227,Random Forest
0_MFCC_11,10,0.0094143014400831,Random Forest
0_Wavelet absolute mean_125000000.0Hz,11,0.0087325057836575,Random Forest
0_ECDF Percentile_0,12,0.0084551761335189,Random Forest
0_Wavelet absolute mean_27777777.78Hz,13,0.0047519767134189,Random Forest
0_Mean diff,14,0.0043890277228619,Random Forest
0_Slope,15,0.0038120330393632,Random Forest
0_MFCC_8,16,0.0034058525754666,Random Forest
0_LPCC_0,17,0.0030524733134587,Random Forest
0_Fundamental frequency,18,0.0029724500724379,Random Forest
0_Median frequency,19,0.0028721196025135,Random Forest
0_ECDF Percentile_1,20,0.002691298964247,Random Forest
0_MFCC_9,21,0.0025394836320892,Random Forest
0_Wavelet entropy,22,0.0023346751443136,Random Forest
0_MFCC_0,23,0.0018430004473531,Random Forest
0_MFCC_5,24,0.0015090314639989,Random Forest
0_MFCC_10,25,0.0014457103032718,Random Forest
0_Spectral decrease,26,0.0012599086413848,Random Forest
0_Max,27,0.0010560912898158,Random Forest
0_Maximum frequency,28,0.0010557615980011,Random Forest
0_Median,29,0.0009658399962515,Random Forest
0_LPCC_1,30,0.0008392264204787,Random Forest
0_Zero crossing rate,31,0.0007037605524747,Random Forest
0_LPCC_5,32,0.0005176399556676,Random Forest
0_MFCC_4,33,0.0003930611797691,Random Forest
0_Median absolute diff,34,0.0003650441863816,Random Forest
0_LPCC_6,35,0.0002772688817743,Random Forest
0_Mean,36,0.0002771632706056,Random Forest
0_Spectral positive turning points,37,0.0002511722785956,Random Forest
0_Negative turning points,38,8.947163041168012e-05,Random Forest
0_Spectral roll-on,39,7.864595216683145e-05,Random Forest
0_Neighbourhood peaks,40,2.486056478482842e-05,Random Forest
0_Power bandwidth,41,7.322840812951092e-06,Random Forest
0_Median diff,42,0.0,Random Forest
0_MFCC_4,1,1.8605332098619265,Bayesian Ridge
0_Peak to peak distance,2,1.7384724019441784,Bayesian Ridge
0_ECDF Percentile_0,3,1.2280786531485248,Bayesian Ridge
0_MFCC_5,4,0.872452870079595,Bayesian Ridge
0_Mean,5,0.6817711793310209,Bayesian Ridge
0_MFCC_11,6,0.5973883699698017,Bayesian Ridge
0_Max,7,0.5193737008933297,Bayesian Ridge
0_Slope,8,0.3181248095227464,Bayesian Ridge
0_MFCC_9,9,0.2753108927882579,Bayesian Ridge
0_MFCC_0,10,0.2696584996103096,Bayesian Ridge
0_Median,11,0.1071774840763917,Bayesian Ridge
0_ECDF Percentile_1,12,0.0933749976323085,Bayesian Ridge
0_Spectral decrease,13,0.069836899538656,Bayesian Ridge
0_Wavelet absolute mean_27777777.78Hz,14,0.0489943970153226,Bayesian Ridge
0_MFCC_8,15,0.0475546384594536,Bayesian Ridge
0_Autocorrelation,16,0.0346678560922119,Bayesian Ridge
0_Wavelet energy_125000000.0Hz,17,0.0255577809277661,Bayesian Ridge
0_LPCC_0,18,0.0202579153899071,Bayesian Ridge
0_Spectral entropy,19,0.0197337683926127,Bayesian Ridge
0_Spectral variation,20,0.014583954995337,Bayesian Ridge
0_Absolute energy,21,0.0119712787085765,Bayesian Ridge
0_Entropy,22,0.0084950216581795,Bayesian Ridge
0_Wavelet absolute mean_125000000.0Hz,23,0.0079297312895248,Bayesian Ridge
0_Wavelet entropy,24,0.0066365022096026,Bayesian Ridge
0_Interquartile range,25,0.0061547059350625,Bayesian Ridge
0_Power bandwidth,26,0.0056626806950661,Bayesian Ridge
0_Median frequency,27,0.0020883075641179,Bayesian Ridge
0_Mean diff,28,0.0020692360030483,Bayesian Ridge
0_LPCC_1,29,0.0019213581760588,Bayesian Ridge
0_Zero crossing rate,30,0.0015671309588162,Bayesian Ridge
0_Spectral roll-on,31,0.0014796998688454,Bayesian Ridge
0_Maximum frequency,32,0.0012105260761614,Bayesian Ridge
0_Spectral positive turning points,33,0.0008299431799729,Bayesian Ridge
0_Median absolute diff,34,0.0005111808301853,Bayesian Ridge
0_Negative turning points,35,0.0004042192460514,Bayesian Ridge
0_Fundamental frequency,36,0.0001955500691072,Bayesian Ridge
0_Histogram mode,37,7.859178589146125e-05,Bayesian Ridge
0_Median diff,38,0.0,Bayesian Ridge
0_Neighbourhood peaks,39,-7.614948897368319e-05,Bayesian Ridge
0_MFCC_10,40,-0.000181163320722,Bayesian Ridge
0_LPCC_6,41,-0.0001856877535557,Bayesian Ridge
0_LPCC_5,42,-0.0002689339389535,Bayesian Ridge
0_Peak to peak distance,1,0.8965544088681539,XGBoost
0_Spectral entropy,2,0.283726220925649,XGBoost
0_Autocorrelation,3,0.1978180297215779,XGBoost
0_Interquartile range,4,0.0195251576105753,XGBoost
0_Entropy,5,0.0056800564130147,XGBoost
0_Spectral variation,6,0.0041927615801493,XGBoost
0_Histogram mode,7,0.0040340407689412,XGBoost
0_Mean diff,8,0.0036798199017842,XGBoost
0_Max,9,0.002007819811503,XGBoost
0_Absolute energy,10,0.0011423929532368,XGBoost
0_Wavelet entropy,11,0.0009601171811421,XGBoost
0_Slope,12,0.0009222181638081,XGBoost
0_Fundamental frequency,13,0.0008576544125874,XGBoost
0_MFCC_9,14,0.000838812192281,XGBoost
0_MFCC_8,15,0.0008161576588948,XGBoost
0_Wavelet energy_125000000.0Hz,16,0.0007447266578674,XGBoost
0_LPCC_6,17,0.0005579630533854,XGBoost
0_MFCC_11,18,0.0004970423380533,XGBoost
0_MFCC_0,19,0.0004827944437662,XGBoost
0_LPCC_0,20,0.0003369220097859,XGBoost
0_ECDF Percentile_0,21,0.0003363823890686,XGBoost
0_ECDF Percentile_1,22,0.0002297250429789,XGBoost
0_Spectral positive turning points,23,0.0001649252573649,XGBoost
0_Spectral decrease,24,0.0001623185475667,XGBoost
0_MFCC_4,25,0.0001422087351481,XGBoost
0_Wavelet absolute mean_27777777.78Hz,26,0.0001341740290323,XGBoost
0_Mean,27,6.954272588094076e-05,XGBoost
0_Wavelet absolute mean_125000000.0Hz,28,4.841009775797526e-05,XGBoost
0_MFCC_5,29,4.780689875284831e-05,XGBoost
0_Neighbourhood peaks,30,3.094116846720378e-05,XGBoost
0_Negative turning points,31,2.875963846842448e-05,XGBoost
0_Median absolute diff,32,1.960595448811849e-05,XGBoost
0_Zero crossing rate,33,8.37087631225586e-06,XGBoost
0_Median diff,34,0.0,XGBoost
0_Spectral roll-on,35,0.0,XGBoost
0_Power bandwidth,36,0.0,XGBoost
0_Median frequency,37,-5.250771840413412e-06,XGBoost
0_MFCC_10,38,-2.9459794362386068e-05,XGBoost
0_LPCC_1,39,-3.0152002970377605e-05,XGBoost
0_Median,40,-3.65289052327474e-05,XGBoost
0_LPCC_5,41,-6.547053654988607e-05,XGBoost
0_Maximum frequency,42,-0.0005242530504862,XGBoost
0_Spectral variation,1,0.1112052173787132,SVR
0_Peak to peak distance,2,0.1018022188497521,SVR
0_Spectral entropy,3,0.0918361479225349,SVR
0_ECDF Percentile_0,4,0.0892484724023354,SVR
0_Median,5,0.0814790165394516,SVR
0_Spectral decrease,6,0.0812234486045165,SVR
0_Wavelet absolute mean_27777777.78Hz,7,0.0753553345818431,SVR
0_Interquartile range,8,0.0687051262339646,SVR
0_Mean diff,9,0.0629798333528101,SVR
0_LPCC_0,10,0.0600817329017603,SVR
0_Absolute energy,11,0.0526256265517247,SVR
0_Max,12,0.050231186641022,SVR
0_Slope,13,0.0296030623042232,SVR
0_Wavelet absolute mean_125000000.0Hz,14,0.0247486244195888,SVR
0_MFCC_11,15,0.023289525244732,SVR
0_Autocorrelation,16,0.0172029771756436,SVR
0_Mean,17,0.0132998675424654,SVR
0_MFCC_9,18,0.0100002974535279,SVR
0_Wavelet energy_125000000.0Hz,19,0.0083767901181696,SVR
0_Maximum frequency,20,0.0074219385657238,SVR
0_ECDF Percentile_1,21,0.0052178544185258,SVR
0_Wavelet entropy,22,0.0047601858958873,SVR
0_MFCC_10,23,0.0045641550099844,SVR
0_MFCC_5,24,0.0038615880409275,SVR
0_LPCC_1,25,0.0029026271655568,SVR
0_MFCC_8,26,0.002484185721799,SVR
0_Fundamental frequency,27,0.0022415266399215,SVR
0_MFCC_0,28,0.0021146430848545,SVR
0_Entropy,29,0.0013703481473097,SVR
0_Power bandwidth,30,0.00125655122852,SVR
0_Spectral roll-on,31,0.0010568275206064,SVR
0_Spectral positive turning points,32,0.0010105154554493,SVR
0_Histogram mode,33,0.0009319398234401,SVR
0_LPCC_6,34,0.0008592987694323,SVR
0_LPCC_5,35,0.0006763560833226,SVR
0_Neighbourhood peaks,36,0.0006517448302846,SVR
0_Negative turning points,37,0.0003648256370677,SVR
0_Zero crossing rate,38,0.000308865458051,SVR
0_Median absolute diff,39,0.0001943849980347,SVR
0_Median diff,40,0.0,SVR
0_Median frequency,41,-0.0002329960401686,SVR
0_MFCC_4,42,-0.0004504766940454,SVR
0_Peak to peak distance,1,0.1951163559982402,Random Forest
0_Spectral entropy,2,0.0865086224741545,Random Forest
0_Spectral variation,3,0.042409900600638,Random Forest
0_Absolute energy,4,0.0387410203996236,Random Forest
0_Autocorrelation,5,0.037671422339077,Random Forest
0_Interquartile range,6,0.0331715329320542,Random Forest
0_Entropy,7,0.0225642523171337,Random Forest
0_Wavelet energy_125000000.0Hz,8,0.0149344491236711,Random Forest
0_Histogram mode,9,0.0125627101382088,Random Forest
0_ECDF Percentile_0,10,0.0117297491974869,Random Forest
0_Wavelet absolute mean_125000000.0Hz,11,0.0096016193582302,Random Forest
0_MFCC_11,12,0.008113815819367,Random Forest
0_Slope,13,0.0058155395396874,Random Forest
0_Mean diff,14,0.0046906788460904,Random Forest
0_LPCC_0,15,0.0045798478457645,Random Forest
0_Wavelet absolute mean_27777777.78Hz,16,0.0040044520527204,Random Forest
0_MFCC_0,17,0.0034055865224093,Random Forest
0_ECDF Percentile_1,18,0.0033417221128012,Random Forest
0_MFCC_9,19,0.0029358686826092,Random Forest
0_MFCC_8,20,0.0025615516535378,Random Forest
0_MFCC_10,21,0.0024641330330471,Random Forest
0_Fundamental frequency,22,0.0020664128456672,Random Forest
0_Maximum frequency,23,0.0019370488373362,Random Forest
0_Wavelet entropy,24,0.0017314429751922,Random Forest
0_MFCC_5,25,0.0013309248811996,Random Forest
0_Median frequency,26,0.0013066653005133,Random Forest
0_Median,27,0.001079789466675,Random Forest
0_Max,28,0.0010586380424728,Random Forest
0_Spectral decrease,29,0.0010309162675542,Random Forest
0_LPCC_1,30,0.0007362808925459,Random Forest
0_Zero crossing rate,31,0.0005943834869557,Random Forest
0_Spectral positive turning points,32,0.0004326637982865,Random Forest
0_MFCC_4,33,0.0002346185944029,Random Forest
0_Median absolute diff,34,0.000168548690432,Random Forest
0_Mean,35,0.0001342692345479,Random Forest
0_LPCC_5,36,9.1893386041512e-05,Random Forest
0_Power bandwidth,37,4.094626722889405e-05,Random Forest
0_Median diff,38,-4.440892098500626e-18,Random Forest
0_Neighbourhood peaks,39,-7.814479885196827e-07,Random Forest
0_Negative turning points,40,-3.921963857688541e-06,Random Forest
0_LPCC_6,41,-5.1504703848272255e-05,Random Forest
0_Spectral roll-on,42,-0.0001613693308649,Random Forest
0_MFCC_4,1,2.380928716171556,Bayesian Ridge
0_Peak to peak distance,2,1.6017489047584077,Bayesian Ridge
0_ECDF Percentile_0,3,1.2369155078646277,Bayesian Ridge
0_MFCC_5,4,0.7967783655607553,Bayesian Ridge
0_Max,5,0.5860272129099287,Bayesian Ridge
0_Mean,6,0.51004167344059,Bayesian Ridge
0_MFCC_11,7,0.4780555030900399,Bayesian Ridge
0_MFCC_9,8,0.4375208551668596,Bayesian Ridge
0_Slope,9,0.287840153400125,Bayesian Ridge
0_MFCC_0,10,0.2722222476646214,Bayesian Ridge
0_Median,11,0.2088630858761558,Bayesian Ridge
0_ECDF Percentile_1,12,0.1619642013521645,Bayesian Ridge
0_Spectral decrease,13,0.0888610162910588,Bayesian Ridge
0_Wavelet absolute mean_27777777.78Hz,14,0.0594033408503705,Bayesian Ridge
0_Autocorrelation,15,0.0394956362987776,Bayesian Ridge
0_Spectral entropy,16,0.0250911135272468,Bayesian Ridge
0_Wavelet absolute mean_125000000.0Hz,17,0.0164697892410784,Bayesian Ridge
0_Wavelet energy_125000000.0Hz,18,0.015105076098378,Bayesian Ridge
0_Interquartile range,19,0.0139082435676079,Bayesian Ridge
0_Power bandwidth,20,0.0133712680467694,Bayesian Ridge
0_Absolute energy,21,0.0127724502158189,Bayesian Ridge
0_Entropy,22,0.0118619631306311,Bayesian Ridge
0_Spectral variation,23,0.0115949184737572,Bayesian Ridge
0_MFCC_10,24,0.0109294586132055,Bayesian Ridge
0_Mean diff,25,0.0076508524228693,Bayesian Ridge
0_Wavelet entropy,26,0.0068133621820527,Bayesian Ridge
0_Median frequency,27,0.0061531568395399,Bayesian Ridge
0_MFCC_8,28,0.0044473330894689,Bayesian Ridge
0_LPCC_0,29,0.003298072004854,Bayesian Ridge
0_Spectral roll-on,30,0.0026040997559249,Bayesian Ridge
0_Maximum frequency,31,0.0021996629503712,Bayesian Ridge
0_Zero crossing rate,32,0.0020218980514098,Bayesian Ridge
0_Spectral positive turning points,33,0.0014434663864115,Bayesian Ridge
0_LPCC_1,34,0.0004588929924467,Bayesian Ridge
0_Fundamental frequency,35,0.0004442667970395,Bayesian Ridge
0_LPCC_5,36,0.0003386659965206,Bayesian Ridge
0_Negative turning points,37,0.0002700240578944,Bayesian Ridge
0_Median absolute diff,38,0.0002135150938805,Bayesian Ridge
0_Histogram mode,39,0.0002024642602273,Bayesian Ridge
0_Neighbourhood peaks,40,9.711043661302672e-05,Bayesian Ridge
0_Median diff,41,0.0,Bayesian Ridge
0_LPCC_6,42,-0.00063138941801,Bayesian Ridge
0_Peak to peak distance,1,0.8669561187426249,XGBoost
0_Spectral entropy,2,0.2943517772356669,XGBoost
0_Autocorrelation,3,0.1556243817011515,XGBoost
0_Interquartile range,4,0.0297349270184834,XGBoost
0_Mean diff,5,0.0140680797894795,XGBoost
0_Spectral variation,6,0.0095076044400533,XGBoost
0_Histogram mode,7,0.0048385731379191,XGBoost
0_Entropy,8,0.0036373496055603,XGBoost
0_Absolute energy,9,0.002472120920817,XGBoost
0_Fundamental frequency,10,0.0016593527793884,XGBoost
0_Max,11,0.0016004252433776,XGBoost
0_Wavelet energy_125000000.0Hz,12,0.0015404407183329,XGBoost
0_Wavelet entropy,13,0.0008028769493103,XGBoost
0_MFCC_9,14,0.0006440130869547,XGBoost
0_MFCC_10,15,0.0006345001856486,XGBoost
0_Median frequency,16,0.0005526566505432,XGBoost
0_MFCC_8,17,0.0005445384979248,XGBoost
0_Median absolute diff,18,0.0004427512486775,XGBoost
0_MFCC_11,19,0.0004414240519205,XGBoost
0_Spectral positive turning points,20,0.0003649942080179,XGBoost
0_ECDF Percentile_0,21,0.0003271381060282,XGBoost
0_LPCC_5,22,0.0002541550000508,XGBoost
0_LPCC_0,23,0.0002361440658569,XGBoost
0_Mean,24,0.0001753274599711,XGBoost
0_Wavelet absolute mean_125000000.0Hz,25,0.0001721620559692,XGBoost
0_Negative turning points,26,0.0001430392265319,XGBoost
0_MFCC_0,27,0.0001397395133972,XGBoost
0_ECDF Percentile_1,28,8.485317230224609e-05,XGBoost
0_MFCC_4,29,1.7752647399902342e-05,XGBoost
0_Median diff,30,0.0,XGBoost
0_Power bandwidth,31,0.0,XGBoost
0_Spectral roll-on,32,0.0,XGBoost
0_Neighbourhood peaks,33,0.0,XGBoost
0_MFCC_5,34,-7.901986440022786e-06,XGBoost
0_Zero crossing rate,35,-8.535385131835937e-06,XGBoost
0_Spectral decrease,36,-4.970947901407878e-05,XGBoost
0_LPCC_6,37,-6.501515706380208e-05,XGBoost
0_LPCC_1,38,-6.796042124430339e-05,XGBoost
0_Maximum frequency,39,-8.094151814778646e-05,XGBoost
0_Median,40,-9.779453277587892e-05,XGBoost
0_Slope,41,-0.0001637657483418,XGBoost
0_Wavelet absolute mean_27777777.78Hz,42,-0.0002682121594746,XGBoost
0_Spectral entropy,1,0.1361112447880528,SVR
0_Peak to peak distance,2,0.1021303905351085,SVR
0_Spectral decrease,3,0.0954811950531386,SVR
0_LPCC_0,4,0.0912871998055384,SVR
0_Interquartile range,5,0.084632835314631,SVR
0_Spectral variation,6,0.0704303862522343,SVR
0_Median,7,0.0702513699263632,SVR
0_Absolute energy,8,0.0589423166587365,SVR
0_Mean diff,9,0.0577598458872304,SVR
0_ECDF Percentile_0,10,0.0541391232092299,SVR
0_Max,11,0.0488037029180041,SVR
0_Wavelet absolute mean_27777777.78Hz,12,0.0485519269841606,SVR
0_MFCC_11,13,0.0329807853827918,SVR
0_Autocorrelation,14,0.0195170739606594,SVR
0_Mean,15,0.0187133993342817,SVR
0_Wavelet absolute mean_125000000.0Hz,16,0.0176000297675522,SVR
0_MFCC_9,17,0.0141059095484621,SVR
0_Slope,18,0.0127439525441854,SVR
0_MFCC_5,19,0.0106063057221317,SVR
0_Wavelet entropy,20,0.0098268149553805,SVR
0_Maximum frequency,21,0.0050552108977059,SVR
0_MFCC_10,22,0.0041573927836469,SVR
0_LPCC_1,23,0.0036729591992908,SVR
0_MFCC_8,24,0.0023941274177598,SVR
0_MFCC_0,25,0.0019734238013674,SVR
0_Spectral positive turning points,26,0.0019429397972739,SVR
0_ECDF Percentile_1,27,0.001776128548933,SVR
0_Zero crossing rate,28,0.0017620528128287,SVR
0_Power bandwidth,29,0.0017096625233669,SVR
0_Wavelet energy_125000000.0Hz,30,0.0016677196803809,SVR
0_LPCC_6,31,0.0014943609386565,SVR
0_LPCC_5,32,0.0011675260323999,SVR
0_Entropy,33,0.0011412542627292,SVR
0_Median absolute diff,34,0.0010391997153712,SVR
0_Neighbourhood peaks,35,0.0005904953397319,SVR
0_Spectral roll-on,36,0.0005191240069794,SVR
0_Histogram mode,37,0.0004320126558518,SVR
0_Negative turning points,38,0.0001838276588067,SVR
0_Median frequency,39,0.0001817946402418,SVR
0_Fundamental frequency,40,5.688075150430904e-05,SVR
0_Median diff,41,0.0,SVR
0_MFCC_4,42,-4.4582655419601975e-05,SVR
0_Peak to peak distance,1,0.1477405096684177,Random Forest
0_Spectral entropy,2,0.0789316690310524,Random Forest
0_Autocorrelation,3,0.0420329268728695,Random Forest
0_Spectral variation,4,0.0360972202298364,Random Forest
0_Absolute energy,5,0.0318940506280156,Random Forest
0_Interquartile range,6,0.0294318087317342,Random Forest
0_Entropy,7,0.0227461130806582,Random Forest
0_ECDF Percentile_0,8,0.0155340014750536,Random Forest
0_MFCC_11,9,0.0137625888213319,Random Forest
0_Wavelet energy_125000000.0Hz,10,0.0126526424622888,Random Forest
0_Histogram mode,11,0.0124197021950625,Random Forest
0_Wavelet absolute mean_125000000.0Hz,12,0.009223695759681,Random Forest
0_Mean diff,13,0.0078271666505667,Random Forest
0_Wavelet absolute mean_27777777.78Hz,14,0.0061480038932746,Random Forest
0_Slope,15,0.0056547830366054,Random Forest
0_MFCC_8,16,0.0039923066111283,Random Forest
0_ECDF Percentile_1,17,0.0036569400937377,Random Forest
0_Fundamental frequency,18,0.0029223261809377,Random Forest
0_MFCC_0,19,0.0027982721515833,Random Forest
0_Median frequency,20,0.0026862191356915,Random Forest
0_LPCC_1,21,0.0023691694892996,Random Forest
0_MFCC_10,22,0.0023109352991256,Random Forest
0_MFCC_9,23,0.0022867659741601,Random Forest
0_Median,24,0.0019740102486949,Random Forest
0_Maximum frequency,25,0.0019350224370215,Random Forest
0_Spectral decrease,26,0.0017861919859507,Random Forest
0_LPCC_5,27,0.0015580064739732,Random Forest
0_LPCC_0,28,0.001478948626391,Random Forest
0_Max,29,0.0012924039118002,Random Forest
0_Zero crossing rate,30,0.0008550917517627,Random Forest
0_Mean,31,0.0008470220595185,Random Forest
0_MFCC_5,32,0.0007788161524006,Random Forest
0_Wavelet entropy,33,0.0007649081648486,Random Forest
0_LPCC_6,34,0.0005026886052921,Random Forest
0_Spectral positive turning points,35,0.000233131316807,Random Forest
0_Power bandwidth,36,5.660199981647907e-05,Random Forest
0_Median absolute diff,37,3.837043024157882e-05,Random Forest
0_Negative turning points,38,3.178149541359273e-06,Random Forest
0_Median diff,39,-6.957397620984315e-17,Random Forest
0_Spectral roll-on,40,-9.033466724166494e-06,Random Forest
0_Neighbourhood peaks,41,-1.5708370984811223e-05,Random Forest
0_MFCC_4,42,-0.0006157545990626,Random Forest
0_MFCC_4,1,2.291764062388725,Bayesian Ridge
0_Peak to peak distance,2,1.708652267399273,Bayesian Ridge
0_ECDF Percentile_0,3,1.352017649356629,Bayesian Ridge
0_Mean,4,1.2924812199041882,Bayesian Ridge
0_MFCC_9,5,0.9459095505789312,Bayesian Ridge
0_MFCC_5,6,0.8294448383902543,Bayesian Ridge
0_Max,7,0.7934534558381324,Bayesian Ridge
0_MFCC_11,8,0.4819195866103929,Bayesian Ridge
0_MFCC_8,9,0.2287576310471834,Bayesian Ridge
0_Slope,10,0.2282006284637558,Bayesian Ridge
0_Median,11,0.213999388498278,Bayesian Ridge
0_MFCC_0,12,0.1045383952700109,Bayesian Ridge
0_Spectral decrease,13,0.0845703331612515,Bayesian Ridge
0_Spectral entropy,14,0.0764695733274671,Bayesian Ridge
0_MFCC_10,15,0.0466249834203715,Bayesian Ridge
0_ECDF Percentile_1,16,0.0404000515551673,Bayesian Ridge
0_Autocorrelation,17,0.0327627259703408,Bayesian Ridge
0_Wavelet absolute mean_27777777.78Hz,18,0.031597842759426,Bayesian Ridge
0_Power bandwidth,19,0.0219305311593559,Bayesian Ridge
0_Interquartile range,20,0.0185345631160825,Bayesian Ridge
0_Entropy,21,0.0119283400964491,Bayesian Ridge
0_Wavelet absolute mean_125000000.0Hz,22,0.0110533560100333,Bayesian Ridge
0_LPCC_0,23,0.0101191501500634,Bayesian Ridge
0_Mean diff,24,0.0069774840414601,Bayesian Ridge
0_LPCC_5,25,0.0047984445400291,Bayesian Ridge
0_Wavelet energy_125000000.0Hz,26,0.0047508330896603,Bayesian Ridge
0_Median frequency,27,0.0044140036037967,Bayesian Ridge
0_Wavelet entropy,28,0.0025158324096356,Bayesian Ridge
0_Spectral roll-on,29,0.0020107502309307,Bayesian Ridge
0_Spectral positive turning points,30,0.0019782620221774,Bayesian Ridge
0_Spectral variation,31,0.0004968455184262,Bayesian Ridge
0_Fundamental frequency,32,0.0003943577839146,Bayesian Ridge
0_Maximum frequency,33,0.0003758811695489,Bayesian Ridge
0_Median absolute diff,34,0.000175327673888,Bayesian Ridge
0_LPCC_6,35,0.0001036350292675,Bayesian Ridge
0_Neighbourhood peaks,36,7.392617015978154e-05,Bayesian Ridge
0_Zero crossing rate,37,4.43528916677316e-05,Bayesian Ridge
0_Absolute energy,38,2.448506378128397e-06,Bayesian Ridge
0_Median diff,39,0.0,Bayesian Ridge
0_Histogram mode,40,-0.0002201371199802,Bayesian Ridge
0_Negative turning points,41,-0.0007304454589441,Bayesian Ridge
0_LPCC_1,42,-0.0008526962203777,Bayesian Ridge
0_Peak to peak distance,1,0.8578193640708923,XGBoost
0_Spectral entropy,2,0.2413635842005412,XGBoost
0_Autocorrelation,3,0.2333094088236491,XGBoost
0_Mean diff,4,0.0107879702250162,XGBoost
0_Max,5,0.0073982501029968,XGBoost
0_Interquartile range,6,0.0052818806966145,XGBoost
0_Spectral variation,7,0.0043205785751342,XGBoost
0_Histogram mode,8,0.0037541778882344,XGBoost
0_MFCC_0,9,0.0032904156049092,XGBoost
0_LPCC_0,10,0.001584308942159,XGBoost
0_LPCC_1,11,0.0010885572433471,XGBoost
0_Fundamental frequency,12,0.0010035300254821,XGBoost
0_MFCC_9,13,0.0008710980415344,XGBoost
0_Spectral positive turning points,14,0.0007589975992838,XGBoost
0_MFCC_5,15,0.0007008957862854,XGBoost
0_MFCC_11,16,0.0006799284617106,XGBoost
0_MFCC_10,17,0.0006650018692016,XGBoost
0_LPCC_6,18,0.0005943950017293,XGBoost
0_Entropy,19,0.0005782254536946,XGBoost
0_Wavelet energy_125000000.0Hz,20,0.000502769947052,XGBoost
0_Neighbourhood peaks,21,0.0004895933469136,XGBoost
0_LPCC_5,22,0.0004251972834269,XGBoost
0_Wavelet absolute mean_27777777.78Hz,23,0.0003791069984436,XGBoost
0_Slope,24,0.0003454073270161,XGBoost
0_Wavelet absolute mean_125000000.0Hz,25,0.000238074461619,XGBoost
0_Median,26,0.0001713816324869,XGBoost
0_Negative turning points,27,0.0001699940363566,XGBoost
0_ECDF Percentile_1,28,0.000101470152537,XGBoost
0_Spectral decrease,29,9.734710057576498e-05,XGBoost
0_Zero crossing rate,30,5.640268325805664e-05,XGBoost
0_Spectral roll-on,31,0.0,XGBoost
0_Median frequency,32,0.0,XGBoost
0_Power bandwidth,33,0.0,XGBoost
0_Median diff,34,0.0,XGBoost
0_Median absolute diff,35,-3.530104955037435e-05,XGBoost
0_Absolute energy,36,-0.0002635137240091,XGBoost
0_Wavelet entropy,37,-0.0002961142857869,XGBoost
0_ECDF Percentile_0,38,-0.0003368043899536,XGBoost
0_Maximum frequency,39,-0.0004256637891133,XGBoost
0_Mean,40,-0.000534811814626,XGBoost
0_MFCC_4,41,-0.000551471710205,XGBoost
0_MFCC_8,42,-0.0007965199152628,XGBoost
0_Spectral entropy,1,0.1474945616577628,SVR
0_Spectral variation,2,0.0997810819168999,SVR
0_LPCC_0,3,0.0899898092056179,SVR
0_ECDF Percentile_0,4,0.0786942649772596,SVR
0_Peak to peak distance,5,0.0741512345656009,SVR
0_Interquartile range,6,0.0683915571566531,SVR
0_Spectral decrease,7,0.0657398981854184,SVR
0_Mean diff,8,0.0616329042389281,SVR
0_Median,9,0.0457491732828331,SVR
0_Absolute energy,10,0.0457131492700455,SVR
0_Max,11,0.0351130166766942,SVR
0_Slope,12,0.0341835997236024,SVR
0_Wavelet absolute mean_27777777.78Hz,13,0.0338146125274456,SVR
0_Wavelet absolute mean_125000000.0Hz,14,0.0306045043842705,SVR
0_MFCC_11,15,0.025847592544581,SVR
0_Autocorrelation,16,0.0257206391906733,SVR
0_MFCC_5,17,0.0162682269067764,SVR
0_Maximum frequency,18,0.0092186177641852,SVR
0_MFCC_9,19,0.0077460965175233,SVR
0_MFCC_10,20,0.005796872656155,SVR
0_Mean,21,0.005784480951504,SVR
0_Wavelet energy_125000000.0Hz,22,0.0047399357384508,SVR
0_Wavelet entropy,23,0.0045030406548957,SVR
0_Median absolute diff,24,0.0044479215489329,SVR
0_Median diff,25,0.0041919743380739,SVR
0_MFCC_8,26,0.0035699463218998,SVR
0_MFCC_4,27,0.0033034642089127,SVR
0_MFCC_0,28,0.0019289221555038,SVR
0_LPCC_1,29,0.0014673287297734,SVR
0_Histogram mode,30,0.0011265898012487,SVR
0_Entropy,31,0.0010531574918242,SVR
0_Median frequency,32,0.0007573191663601,SVR
0_LPCC_6,33,0.000731267015978,SVR
0_Spectral positive turning points,34,0.0003894664853905,SVR
0_Power bandwidth,35,0.000334351015203,SVR
0_Negative turning points,36,0.0003036029637816,SVR
0_Neighbourhood peaks,37,0.0002885585966978,SVR
0_ECDF Percentile_1,38,0.000260996106111,SVR
0_Fundamental frequency,39,-0.0001681479658867,SVR
0_Zero crossing rate,40,-0.0003796375768941,SVR
0_Spectral roll-on,41,-0.0004735619601194,SVR
0_LPCC_5,42,-0.0007123072004657,SVR
0_Peak to peak distance,1,0.1251522654324287,Random Forest
0_Spectral entropy,2,0.0752978309383537,Random Forest
0_Spectral variation,3,0.0407287029134996,Random Forest
0_Autocorrelation,4,0.0337806488022235,Random Forest
0_Absolute energy,5,0.0312514475716253,Random Forest
0_Interquartile range,6,0.0199255218019788,Random Forest
0_Wavelet energy_125000000.0Hz,7,0.0120307481227189,Random Forest
0_MFCC_11,8,0.0116744347056026,Random Forest
0_Wavelet absolute mean_125000000.0Hz,9,0.0072246895837877,Random Forest
0_Mean diff,10,0.0055169969977969,Random Forest
0_Entropy,11,0.0052735927200182,Random Forest
0_Slope,12,0.0048558524614638,Random Forest
0_ECDF Percentile_0,13,0.0045639071204285,Random Forest
0_LPCC_0,14,0.0044847833979842,Random Forest
0_Histogram mode,15,0.0043062800903948,Random Forest
0_MFCC_0,16,0.0036898730372487,Random Forest
0_Wavelet absolute mean_27777777.78Hz,17,0.0027587426583238,Random Forest
0_MFCC_8,18,0.0027347413950335,Random Forest
0_MFCC_9,19,0.0025899332966661,Random Forest
0_Maximum frequency,20,0.001834682927213,Random Forest
0_Zero crossing rate,21,0.0013762319754087,Random Forest
0_MFCC_10,22,0.0013707732270073,Random Forest
0_Fundamental frequency,23,0.0012148151357345,Random Forest
0_ECDF Percentile_1,24,0.0011969341683002,Random Forest
0_Spectral decrease,25,0.0009758311079008,Random Forest
0_Median frequency,26,0.0008827749122586,Random Forest
0_LPCC_1,27,0.0006358918441494,Random Forest
0_LPCC_6,28,0.0006244548535104,Random Forest
0_LPCC_5,29,0.0004414439949907,Random Forest
0_MFCC_4,30,0.0004137609863837,Random Forest
0_Median,31,0.0003777129144739,Random Forest
0_Spectral positive turning points,32,0.0002982458149719,Random Forest
0_MFCC_5,33,9.4096456046473e-05,Random Forest
0_Negative turning points,34,8.123099175050719e-05,Random Forest
0_Power bandwidth,35,1.0316998844808187e-05,Random Forest
0_Neighbourhood peaks,36,4.055105496036937e-06,Random Forest
0_Median diff,37,-1.1842378929335005e-17,Random Forest
0_Spectral roll-on,38,-3.5489137135427856e-05,Random Forest
0_Mean,39,-0.0001115274811884,Random Forest
0_Wavelet entropy,40,-0.0002442712232006,Random Forest
0_Median absolute diff,41,-0.0007464585290047,Random Forest
0_Max,42,-0.0025988323253279,Random Forest
0_MFCC_4,1,1.927825479570065,Bayesian Ridge
0_Peak to peak distance,2,1.7078912913559874,Bayesian Ridge
0_ECDF Percentile_0,3,1.5200265088695517,Bayesian Ridge
0_MFCC_5,4,0.8930793886861803,Bayesian Ridge
0_Mean,5,0.5406541062633291,Bayesian Ridge
0_Max,6,0.5394150633463037,Bayesian Ridge
0_MFCC_9,7,0.5259058918294577,Bayesian Ridge
0_Slope,8,0.3364028480056331,Bayesian Ridge
0_MFCC_11,9,0.3181659490937374,Bayesian Ridge
0_ECDF Percentile_1,10,0.2197405670902324,Bayesian Ridge
0_Median,11,0.2096769587315,Bayesian Ridge
0_MFCC_0,12,0.120594675570702,Bayesian Ridge
0_Spectral decrease,13,0.1101237530038733,Bayesian Ridge
0_Interquartile range,14,0.1033103113122878,Bayesian Ridge
0_MFCC_8,15,0.0941638182377143,Bayesian Ridge
0_MFCC_10,16,0.0670493545459794,Bayesian Ridge
0_Wavelet absolute mean_27777777.78Hz,17,0.065824642010388,Bayesian Ridge
0_LPCC_0,18,0.0397854294414217,Bayesian Ridge
0_Autocorrelation,19,0.0325466999330675,Bayesian Ridge
0_Wavelet energy_125000000.0Hz,20,0.0309804926422282,Bayesian Ridge
0_Spectral variation,21,0.030538013852028,Bayesian Ridge
0_Wavelet entropy,22,0.0215293384675838,Bayesian Ridge
0_Power bandwidth,23,0.0165610890469009,Bayesian Ridge
0_Spectral entropy,24,0.0156840711699991,Bayesian Ridge
0_Entropy,25,0.0116316014604903,Bayesian Ridge
0_Mean diff,26,0.0095137932708333,Bayesian Ridge
0_Wavelet absolute mean_125000000.0Hz,27,0.0051775631124358,Bayesian Ridge
0_Absolute energy,28,0.0051518246149961,Bayesian Ridge
0_LPCC_5,29,0.0029212491471974,Bayesian Ridge
0_Median frequency,30,0.0024375462547057,Bayesian Ridge
0_Median diff,31,0.001755279350129,Bayesian Ridge
0_Spectral roll-on,32,0.0017214103415007,Bayesian Ridge
0_Spectral positive turning points,33,0.0005257134563181,Bayesian Ridge
0_Fundamental frequency,34,0.0001915929550103,Bayesian Ridge
0_Maximum frequency,35,0.0001202004963993,Bayesian Ridge
0_Neighbourhood peaks,36,6.578823830283298e-07,Bayesian Ridge
0_LPCC_1,37,-2.393887443720525e-05,Bayesian Ridge
0_Zero crossing rate,38,-3.003961558340003e-05,Bayesian Ridge
0_Histogram mode,39,-5.698047442078765e-05,Bayesian Ridge
0_Median absolute diff,40,-6.565054927310706e-05,Bayesian Ridge
0_LPCC_6,41,-0.0002529684330641,Bayesian Ridge
0_Negative turning points,42,-0.0005325558606549,Bayesian Ridge
0_Peak to peak distance,1,0.5538599427541097,XGBoost
0_Spectral entropy,2,0.2220943133036295,XGBoost
0_Autocorrelation,3,0.1642760960261027,XGBoost
0_Absolute energy,4,0.0072986229260762,XGBoost
0_Mean diff,5,0.0072591551144917,XGBoost
0_Spectral variation,6,0.0058732358614603,XGBoost
0_Max,7,0.0058396132787068,XGBoost
0_Entropy,8,0.0049899347623189,XGBoost
0_MFCC_11,9,0.0022336117426554,XGBoost
0_Fundamental frequency,10,0.0018451444307963,XGBoost
0_Median absolute diff,11,0.0013683931032816,XGBoost
0_Histogram mode,12,0.0011034615834554,XGBoost
0_Zero crossing rate,13,0.0010905241966247,XGBoost
0_LPCC_0,14,0.0009645469983418,XGBoost
0_Interquartile range,15,0.0008978112538655,XGBoost
0_MFCC_4,16,0.0008443315823872,XGBoost
0_MFCC_0,17,0.0006693832079569,XGBoost
0_LPCC_1,18,0.0006050006548563,XGBoost
0_Spectral positive turning points,19,0.0005177402496337,XGBoost
0_LPCC_5,20,0.0004839293162027,XGBoost
0_MFCC_5,21,0.0004500818252563,XGBoost
0_Median diff,22,0.000439928372701,XGBoost
0_Wavelet absolute mean_27777777.78Hz,23,0.0003953170776367,XGBoost
0_MFCC_8,24,0.0003536168734232,XGBoost
0_Negative turning points,25,0.0003341952959696,XGBoost
0_LPCC_6,26,0.0003059848149617,XGBoost
0_Wavelet absolute mean_125000000.0Hz,27,0.0003019666671752,XGBoost
0_Maximum frequency,28,0.0002781279881795,XGBoost
0_ECDF Percentile_1,29,0.0002533483505249,XGBoost
0_MFCC_9,30,0.0002168099085489,XGBoost
0_Neighbourhood peaks,31,0.0001117213567097,XGBoost
0_Slope,32,0.0001113684972127,XGBoost
0_Mean,33,7.429281870524089e-05,XGBoost
0_Spectral decrease,34,6.064176559448242e-05,XGBoost
0_Median,35,5.4982503255208336e-05,XGBoost
0_Median frequency,36,6.208419799804687e-06,XGBoost
0_Spectral roll-on,37,0.0,XGBoost
0_Power bandwidth,38,0.0,XGBoost
0_Wavelet energy_125000000.0Hz,39,-0.0001759425799051,XGBoost
0_ECDF Percentile_0,40,-0.0002775422732035,XGBoost
0_MFCC_10,41,-0.0003093290328979,XGBoost
0_Wavelet entropy,42,-0.0013883829116821,XGBoost
0_Spectral entropy,1,0.1409563158283808,SVR
0_Peak to peak distance,2,0.0965046665202579,SVR
0_LPCC_0,3,0.0963147952581898,SVR
0_Spectral variation,4,0.0912874142227532,SVR
0_Interquartile range,5,0.0838639507423322,SVR
0_Spectral decrease,6,0.0777028831109401,SVR
0_ECDF Percentile_0,7,0.0696937436624062,SVR
0_Median,8,0.0590001909247784,SVR
0_Mean diff,9,0.0580143878478167,SVR
0_Max,10,0.0498693081462815,SVR
0_Slope,11,0.0392812528813942,SVR
0_Absolute energy,12,0.0317026057973653,SVR
0_Wavelet absolute mean_27777777.78Hz,13,0.031622905599213,SVR
0_MFCC_11,14,0.0234023426920511,SVR
0_Autocorrelation,15,0.0205179333941775,SVR
0_Mean,16,0.0175389874045116,SVR
0_Wavelet absolute mean_125000000.0Hz,17,0.0167574815823404,SVR
0_MFCC_9,18,0.0107152411881027,SVR
0_Wavelet energy_125000000.0Hz,19,0.0082761244278664,SVR
0_MFCC_5,20,0.0079128276509589,SVR
0_MFCC_10,21,0.0075207944408832,SVR
0_Wavelet entropy,22,0.0055740966201761,SVR
0_Maximum frequency,23,0.0051238483696614,SVR
0_Median diff,24,0.0047422647253977,SVR
0_MFCC_4,25,0.0041167182972526,SVR
0_LPCC_1,26,0.0031625984242957,SVR
0_MFCC_0,27,0.002966867983936,SVR
0_MFCC_8,28,0.0024902170323573,SVR
0_Zero crossing rate,29,0.0022739004784623,SVR
0_Histogram mode,30,0.0022233150907695,SVR
0_Fundamental frequency,31,0.0014884428696885,SVR
0_LPCC_5,32,0.0010633060627822,SVR
0_Spectral positive turning points,33,0.0010306141341624,SVR
0_ECDF Percentile_1,34,0.0009332165225797,SVR
0_Neighbourhood peaks,35,0.0008871962076202,SVR
0_LPCC_6,36,0.0008824696514904,SVR
0_Entropy,37,0.0006847455169464,SVR
0_Power bandwidth,38,0.0006374915806074,SVR
0_Negative turning points,39,0.0005077983362585,SVR
0_Median frequency,40,0.0004924208275325,SVR
0_Spectral roll-on,41,0.000286219400357,SVR
0_Median absolute diff,42,-0.0001763385554193,SVR
0_Peak to peak distance,1,0.1384668832118996,Random Forest
0_Spectral entropy,2,0.0661547834172857,Random Forest
0_Autocorrelation,3,0.0445567135346742,Random Forest
0_Spectral variation,4,0.0381283291774174,Random Forest
0_Absolute energy,5,0.0217609261940856,Random Forest
0_Interquartile range,6,0.0105990566361284,Random Forest
0_Wavelet energy_125000000.0Hz,7,0.0090480009226721,Random Forest
0_MFCC_11,8,0.0088819919637679,Random Forest
0_Histogram mode,9,0.0082241740880698,Random Forest
0_Wavelet absolute mean_125000000.0Hz,10,0.0067187114949565,Random Forest
0_LPCC_0,11,0.0056040524763242,Random Forest
0_Mean diff,12,0.0050875636175751,Random Forest
0_Slope,13,0.0040968032264118,Random Forest
0_MFCC_8,14,0.0031641336730097,Random Forest
0_MFCC_9,15,0.0029007960600053,Random Forest
0_Fundamental frequency,16,0.0022768303443241,Random Forest
0_Median frequency,17,0.0012021916192417,Random Forest
0_MFCC_10,18,0.0010922017077338,Random Forest
0_MFCC_0,19,0.0010150103809363,Random Forest
0_Wavelet absolute mean_27777777.78Hz,20,0.000972093948037,Random Forest
0_ECDF Percentile_0,21,0.0009687833759203,Random Forest
0_MFCC_4,22,0.0007789441660846,Random Forest
0_LPCC_6,23,0.0007318361662116,Random Forest
0_LPCC_1,24,0.0006711916830206,Random Forest
0_Wavelet entropy,25,0.0005976404522893,Random Forest
0_LPCC_5,26,0.0005795166411716,Random Forest
0_Mean,27,0.0005526315562356,Random Forest
0_Maximum frequency,28,0.0005484056366906,Random Forest
0_Median,29,0.0005406781486603,Random Forest
0_Spectral decrease,30,0.0005036438479641,Random Forest
0_Zero crossing rate,31,0.0003355229357942,Random Forest
0_Power bandwidth,32,0.0001169626052504,Random Forest
0_ECDF Percentile_1,33,7.743654681423056e-05,Random Forest
0_Neighbourhood peaks,34,4.888587439255391e-05,Random Forest
0_Negative turning points,35,1.328598434060524e-05,Random Forest
0_Median diff,36,-4.440892098500626e-18,Random Forest
0_Spectral roll-on,37,-1.671183366713791e-07,Random Forest
0_Spectral positive turning points,38,-8.163119264028573e-05,Random Forest
0_Median absolute diff,39,-0.0001563308330378,Random Forest
0_Entropy,40,-0.000271908490632,Random Forest
0_Max,41,-0.0007830302126948,Random Forest
0_MFCC_5,42,-0.0012734108172113,Random Forest
0_Peak to peak distance,1,2.6677759346672407,Bayesian Ridge
0_MFCC_4,2,2.072654121299468,Bayesian Ridge
0_ECDF Percentile_0,3,1.3829705278190676,Bayesian Ridge
0_MFCC_5,4,1.001144800307521,Bayesian Ridge
0_Mean,5,0.7787428593366159,Bayesian Ridge
0_Max,6,0.6497830116591234,Bayesian Ridge
0_MFCC_9,7,0.4613985797892087,Bayesian Ridge
0_Slope,8,0.42198079444825,Bayesian Ridge
0_MFCC_11,9,0.2983362528081044,Bayesian Ridge
0_MFCC_0,10,0.1865827090935657,Bayesian Ridge
0_ECDF Percentile_1,11,0.0915787822643346,Bayesian Ridge
0_Median,12,0.0899042722314756,Bayesian Ridge
0_Absolute energy,13,0.0648314889625104,Bayesian Ridge
0_MFCC_8,14,0.0593451026946363,Bayesian Ridge
0_MFCC_10,15,0.0503605388333298,Bayesian Ridge
0_Spectral entropy,16,0.0457800309042366,Bayesian Ridge
0_Spectral decrease,17,0.040620362319381,Bayesian Ridge
0_Wavelet absolute mean_27777777.78Hz,18,0.0405407652220655,Bayesian Ridge
0_LPCC_0,19,0.0317627811723386,Bayesian Ridge
0_Autocorrelation,20,0.0271072979136636,Bayesian Ridge
0_Entropy,21,0.0205260160976166,Bayesian Ridge
0_Wavelet energy_125000000.0Hz,22,0.0164079465445839,Bayesian Ridge
0_Wavelet entropy,23,0.0121939797148183,Bayesian Ridge
0_Power bandwidth,24,0.0102923149487978,Bayesian Ridge
0_Spectral variation,25,0.0081903043689167,Bayesian Ridge
0_Interquartile range,26,0.0076978223934354,Bayesian Ridge
0_Median frequency,27,0.0030575630879892,Bayesian Ridge
0_Median diff,28,0.0024770086496802,Bayesian Ridge
0_Maximum frequency,29,0.0022733408431887,Bayesian Ridge
0_Spectral roll-on,30,0.0020022795437665,Bayesian Ridge
0_LPCC_1,31,0.0017547702996799,Bayesian Ridge
0_LPCC_5,32,0.0013573875497513,Bayesian Ridge
0_Zero crossing rate,33,0.0011061273753583,Bayesian Ridge
0_Wavelet absolute mean_125000000.0Hz,34,0.000826337100748,Bayesian Ridge
0_Mean diff,35,0.0008154965610831,Bayesian Ridge
0_Spectral positive turning points,36,0.0008045813208081,Bayesian Ridge
0_Fundamental frequency,37,0.0004574996287634,Bayesian Ridge
0_Median absolute diff,38,0.0004223412457713,Bayesian Ridge
0_Negative turning points,39,8.927521271913097e-05,Bayesian Ridge
0_LPCC_6,40,5.683408917127301e-05,Bayesian Ridge
0_Histogram mode,41,5.542132620036296e-06,Bayesian Ridge
0_Neighbourhood peaks,42,-0.0001344899392985,Bayesian Ridge
0_Peak to peak distance,1,0.5925519720713297,XGBoost
0_Spectral entropy,2,0.2604274145762125,XGBoost
0_Autocorrelation,3,0.183461685180664,XGBoost
0_Interquartile range,4,0.0230053369204203,XGBoost
0_Spectral variation,5,0.0102076538403828,XGBoost
0_Max,6,0.0078319215774536,XGBoost
0_Absolute energy,7,0.0069006737073262,XGBoost
0_Mean diff,8,0.003670654296875,XGBoost
0_Entropy,9,0.0031586647033691,XGBoost
0_Slope,10,0.0023874735832214,XGBoost
0_Wavelet absolute mean_125000000.0Hz,11,0.0023764332135518,XGBoost
0_Fundamental frequency,12,0.0012365778287251,XGBoost
0_MFCC_0,13,0.0010841695467631,XGBoost
0_Median absolute diff,14,0.0010312056541442,XGBoost
0_MFCC_8,15,0.0009226004282633,XGBoost
0_Histogram mode,16,0.0008892138799031,XGBoost
0_MFCC_4,17,0.0005766510963439,XGBoost
0_LPCC_0,18,0.0004536795616149,XGBoost
0_MFCC_5,19,0.0003408082326253,XGBoost
0_MFCC_9,20,0.0003241149584452,XGBoost
0_Mean,21,0.0002944389979044,XGBoost
0_Median diff,22,0.0002705550193786,XGBoost
0_Negative turning points,23,6.73977533976237e-05,XGBoost
0_Spectral positive turning points,24,5.418141682942708e-05,XGBoost
0_Wavelet entropy,25,4.493316014607748e-05,XGBoost
0_LPCC_5,26,3.85737419128418e-05,XGBoost
0_LPCC_1,27,3.5338401794433593e-05,XGBoost
0_Spectral decrease,28,1.644293467203776e-06,XGBoost
0_Zero crossing rate,29,0.0,XGBoost
0_Spectral roll-on,30,0.0,XGBoost
0_Neighbourhood peaks,31,0.0,XGBoost
0_Power bandwidth,32,0.0,XGBoost
0_Median,33,-2.479076385498047e-05,XGBoost
0_Median frequency,34,-8.396228154500326e-05,XGBoost
0_ECDF Percentile_1,35,-9.378274281819662e-05,XGBoost
0_LPCC_6,36,-0.0001024826367696,XGBoost
0_Wavelet energy_125000000.0Hz,37,-0.0001231145858764,XGBoost
0_ECDF Percentile_0,38,-0.0001517415046691,XGBoost
0_Wavelet absolute mean_27777777.78Hz,39,-0.0002150122324625,XGBoost
0_MFCC_11,40,-0.0002723995844523,XGBoost
0_MFCC_10,41,-0.0003275068600972,XGBoost
0_Maximum frequency,42,-0.0006266260147094,XGBoost
0_Spectral entropy,1,0.1119830061013759,SVR
0_Peak to peak distance,2,0.1094748184198864,SVR
0_ECDF Percentile_0,3,0.1083464942262927,SVR
0_Spectral variation,4,0.0920993848114789,SVR
0_Interquartile range,5,0.0847965956118382,SVR
0_LPCC_0,6,0.0821497601662668,SVR
0_Wavelet absolute mean_27777777.78Hz,7,0.0655267430043641,SVR
0_Median,8,0.0607778361702636,SVR
0_Mean diff,9,0.059726906919296,SVR
0_Absolute energy,10,0.0574211817760862,SVR
0_Spectral decrease,11,0.0540908270855835,SVR
0_Max,12,0.0514180677101732,SVR
0_Slope,13,0.0384712602314927,SVR
0_Wavelet absolute mean_125000000.0Hz,14,0.0236450771890742,SVR
0_Mean,15,0.0234319300487672,SVR
0_MFCC_11,16,0.0202673684641388,SVR
0_Wavelet energy_125000000.0Hz,17,0.0167919696584629,SVR
0_Autocorrelation,18,0.0165921806105712,SVR
0_MFCC_5,19,0.0095709794251892,SVR
0_Wavelet entropy,20,0.0079558124662446,SVR
0_MFCC_9,21,0.0074372717112103,SVR
0_MFCC_10,22,0.0064770869880003,SVR
0_Maximum frequency,23,0.0064235226675543,SVR
0_ECDF Percentile_1,24,0.0060411640680251,SVR
0_Median diff,25,0.0048874476209361,SVR
0_Median absolute diff,26,0.00396385064283,SVR
0_LPCC_1,27,0.0029024534558618,SVR
0_MFCC_8,28,0.0013828511987222,SVR
0_MFCC_4,29,0.0012864125976217,SVR
0_LPCC_5,30,0.0012156853308984,SVR
0_Entropy,31,0.0010780776120708,SVR
0_Histogram mode,32,0.0009472473627078,SVR
0_Fundamental frequency,33,0.0008898528454083,SVR
0_MFCC_0,34,0.0005161559620877,SVR
0_Neighbourhood peaks,35,0.0003555590682668,SVR
0_Power bandwidth,36,0.0003536332859737,SVR
0_Zero crossing rate,37,0.0001396153832585,SVR
0_LPCC_6,38,4.991989368681467e-05,SVR
0_Median frequency,39,-7.043905831922715e-06,SVR
0_Spectral positive turning points,40,-0.0001264497210501,SVR
0_Spectral roll-on,41,-0.0002868036417975,SVR
0_Negative turning points,42,-0.0004088184451509,SVR
0_Peak to peak distance,1,0.2348644019388554,Random Forest
0_Spectral entropy,2,0.0671059735115894,Random Forest
0_Spectral variation,3,0.0491187956755032,Random Forest
0_Absolute energy,4,0.0350002477895272,Random Forest
0_Autocorrelation,5,0.0329964781666431,Random Forest
0_Interquartile range,6,0.0306011483420566,Random Forest
0_Entropy,7,0.0298002802083548,Random Forest
0_Histogram mode,8,0.0158450065251498,Random Forest
0_MFCC_11,9,0.0121644069961588,Random Forest
0_ECDF Percentile_0,10,0.0119029242316256,Random Forest
0_Wavelet energy_125000000.0Hz,11,0.0109105387233823,Random Forest
0_Slope,12,0.0081556054807346,Random Forest
0_ECDF Percentile_1,13,0.00541187836664,Random Forest
0_LPCC_0,14,0.0047371435640741,Random Forest
0_Mean diff,15,0.0043711224262206,Random Forest
0_Wavelet absolute mean_27777777.78Hz,16,0.003549754089353,Random Forest
0_MFCC_0,17,0.0034767545032723,Random Forest
0_MFCC_8,18,0.0027184030223021,Random Forest
0_MFCC_9,19,0.0027072329000699,Random Forest
0_MFCC_10,20,0.0025414775042268,Random Forest
0_MFCC_5,21,0.0023818206099138,Random Forest
0_Median frequency,22,0.0022247804200742,Random Forest
0_Wavelet entropy,23,0.0020650040820011,Random Forest
0_Median,24,0.002055762954523,Random Forest
0_Fundamental frequency,25,0.0020274093773057,Random Forest
0_Max,26,0.0016246274172252,Random Forest
0_LPCC_1,27,0.0015304286435704,Random Forest
0_Spectral decrease,28,0.001486707628696,Random Forest
0_Wavelet absolute mean_125000000.0Hz,29,0.0011140935551118,Random Forest
0_Maximum frequency,30,0.0007914689182579,Random Forest
0_MFCC_4,31,0.0007489698114729,Random Forest
0_Spectral positive turning points,32,0.0004708205680291,Random Forest
0_Mean,33,0.0003808179301207,Random Forest
0_LPCC_5,34,0.0003687756054148,Random Forest
0_LPCC_6,35,0.0002718625656764,Random Forest
0_Zero crossing rate,36,0.0002619237227138,Random Forest
0_Median absolute diff,37,0.0002369042505841,Random Forest
0_Power bandwidth,38,6.230639393072667e-05,Random Forest
0_Neighbourhood peaks,39,1.931660774355433e-06,Random Forest
0_Spectral roll-on,40,1.614153313639714e-06,Random Forest
0_Median diff,41,-5.921189464667504e-18,Random Forest
0_Negative turning points,42,-1.5497118864250166e-05,Random Forest
0_Peak to peak distance,1,1.6759863773602075,Bayesian Ridge
0_ECDF Percentile_0,2,1.358434677544244,Bayesian Ridge
0_MFCC_4,3,1.224415414099777,Bayesian Ridge
0_MFCC_5,4,0.8755236063417978,Bayesian Ridge
0_Mean,5,0.7588919407883744,Bayesian Ridge
0_Slope,6,0.5166531684611293,Bayesian Ridge
0_Max,7,0.5050601435152852,Bayesian Ridge
0_MFCC_11,8,0.3569297018333797,Bayesian Ridge
0_MFCC_9,9,0.2504709093041171,Bayesian Ridge
0_Median,10,0.1696940313200388,Bayesian Ridge
0_MFCC_0,11,0.1258770195280106,Bayesian Ridge
0_ECDF Percentile_1,12,0.0878452710530508,Bayesian Ridge
0_Wavelet absolute mean_27777777.78Hz,13,0.0626570903309729,Bayesian Ridge
0_MFCC_8,14,0.0547452643855533,Bayesian Ridge
0_Wavelet energy_125000000.0Hz,15,0.0510202480868483,Bayesian Ridge
0_Spectral decrease,16,0.0442053665277044,Bayesian Ridge
0_Autocorrelation,17,0.0354716285623044,Bayesian Ridge
0_Spectral variation,18,0.026912757215151,Bayesian Ridge
0_LPCC_0,19,0.0210041535373745,Bayesian Ridge
0_Wavelet entropy,20,0.014656259057082,Bayesian Ridge
0_Wavelet absolute mean_125000000.0Hz,21,0.0125983787665993,Bayesian Ridge
0_Entropy,22,0.0121195973717494,Bayesian Ridge
0_Spectral entropy,23,0.0114752978855761,Bayesian Ridge
0_MFCC_10,24,0.0100984982881612,Bayesian Ridge
0_Interquartile range,25,0.0086024927998402,Bayesian Ridge
0_Power bandwidth,26,0.0075943097691989,Bayesian Ridge
0_LPCC_1,27,0.00551182126014,Bayesian Ridge
0_Spectral roll-on,28,0.0031347373206119,Bayesian Ridge
0_Median diff,29,0.0024306348304922,Bayesian Ridge
0_Median frequency,30,0.0019822774595958,Bayesian Ridge
0_Zero crossing rate,31,0.0010298810201077,Bayesian Ridge
0_Absolute energy,32,0.0009410646657365,Bayesian Ridge
0_Median absolute diff,33,0.000529532850694,Bayesian Ridge
0_Spectral positive turning points,34,0.0002456006382268,Bayesian Ridge
0_LPCC_5,35,0.0001100257230255,Bayesian Ridge
0_Histogram mode,36,0.0001058389052369,Bayesian Ridge
0_Fundamental frequency,37,7.804019286018852e-05,Bayesian Ridge
0_Neighbourhood peaks,38,6.0240522816246885e-05,Bayesian Ridge
0_Negative turning points,39,5.332852716623648e-05,Bayesian Ridge
0_Mean diff,40,-1.1242239528962786e-05,Bayesian Ridge
0_LPCC_6,41,-2.8078567608014933e-05,Bayesian Ridge
0_Maximum frequency,42,-0.0001294931902015,Bayesian Ridge
0_Peak to peak distance,1,0.9345452491442362,XGBoost
0_Spectral entropy,2,0.293309158484141,XGBoost
0_Autocorrelation,3,0.168500181833903,XGBoost
0_Interquartile range,4,0.0311100284258524,XGBoost
0_Mean diff,5,0.0099620731671651,XGBoost
0_Spectral variation,6,0.0063056063652038,XGBoost
0_Entropy,7,0.0042162911097208,XGBoost
0_Histogram mode,8,0.0035818346341451,XGBoost
0_Fundamental frequency,9,0.0015278053283691,XGBoost
0_Max,10,0.0013869484265645,XGBoost
0_Absolute energy,11,0.0012385423978169,XGBoost
0_LPCC_0,12,0.0010996007919311,XGBoost
0_Wavelet energy_125000000.0Hz,13,0.0009551668167114,XGBoost
0_Slope,14,0.0009175570805867,XGBoost
0_Wavelet entropy,15,0.0006168699264526,XGBoost
0_MFCC_10,16,0.0005910881360371,XGBoost
0_MFCC_9,17,0.000422879854838,XGBoost
0_MFCC_8,18,0.0004092264175415,XGBoost
0_LPCC_6,19,0.0003478415807088,XGBoost
0_Median diff,20,0.0002803977330525,XGBoost
0_MFCC_11,21,0.0002411580085754,XGBoost
0_LPCC_5,22,0.0002341222763061,XGBoost
0_Median absolute diff,23,0.0002005847295125,XGBoost
0_Median,24,0.0001917997996012,XGBoost
0_Spectral decrease,25,0.0001510842641194,XGBoost
0_ECDF Percentile_1,26,0.000141433874766,XGBoost
0_MFCC_0,27,0.000122754573822,XGBoost
0_Wavelet absolute mean_27777777.78Hz,28,9.054978688557944e-05,XGBoost
0_Maximum frequency,29,7.410923639933268e-05,XGBoost
0_MFCC_4,30,6.78245226542155e-05,XGBoost
0_Wavelet absolute mean_125000000.0Hz,31,4.272778828938802e-05,XGBoost
0_Neighbourhood peaks,32,3.613630930582682e-05,XGBoost
0_Mean,33,3.399769465128581e-05,XGBoost
0_ECDF Percentile_0,34,2.350807189941406e-05,XGBoost
0_Zero crossing rate,35,4.192988077799479e-06,XGBoost
0_Spectral roll-on,36,0.0,XGBoost
0_Power bandwidth,37,0.0,XGBoost
0_LPCC_1,38,-2.6670296986897786e-05,XGBoost
0_Median frequency,39,-5.070130030314128e-05,XGBoost
0_MFCC_5,40,-7.247447967529297e-05,XGBoost
0_Negative turning points,41,-7.662296295166016e-05,XGBoost
0_Spectral positive turning points,42,-0.0001046800613403,XGBoost
0_Peak to peak distance,1,0.2087939189304647,SVR
0_Max,2,0.1211054044393822,SVR
0_Spectral entropy,3,0.1185878006205579,SVR
0_Spectral variation,4,0.0971405726458325,SVR
0_Spectral decrease,5,0.0866226246167873,SVR
0_Interquartile range,6,0.0852827071635969,SVR
0_Wavelet absolute mean_27777777.78Hz,7,0.0720447390896959,SVR
0_Mean diff,8,0.0657436503832743,SVR
0_LPCC_0,9,0.0655126777259656,SVR
0_Median,10,0.0572998260110515,SVR
0_ECDF Percentile_0,11,0.0516234861374365,SVR
0_Slope,12,0.0453870559876595,SVR
0_Absolute energy,13,0.0443531992786034,SVR
0_MFCC_11,14,0.0155252363422785,SVR
0_Mean,15,0.0141899516189436,SVR
0_MFCC_5,16,0.0133054188375978,SVR
0_Wavelet absolute mean_125000000.0Hz,17,0.0127688238274164,SVR
0_Autocorrelation,18,0.0109029240730349,SVR
0_Wavelet energy_125000000.0Hz,19,0.010025855665542,SVR
0_MFCC_10,20,0.0092137793394092,SVR
0_Wavelet entropy,21,0.0090334312954092,SVR
0_MFCC_9,22,0.0088210071830745,SVR
0_Maximum frequency,23,0.0037999968449024,SVR
0_Median diff,24,0.0035645057625428,SVR
0_MFCC_0,25,0.0031824505182373,SVR
0_MFCC_4,26,0.0031439772238098,SVR
0_ECDF Percentile_1,27,0.0027914383680941,SVR
0_LPCC_5,28,0.0027655520178534,SVR
0_MFCC_8,29,0.002493900735058,SVR
0_LPCC_6,30,0.0022977248035976,SVR
0_Histogram mode,31,0.0020629418764488,SVR
0_Median absolute diff,32,0.001986132081006,SVR
0_Entropy,33,0.0014319252863689,SVR
0_Spectral roll-on,34,0.0014073431447832,SVR
0_LPCC_1,35,0.0012793421264303,SVR
0_Spectral positive turning points,36,0.0011258841750899,SVR
0_Power bandwidth,37,0.0009426881969814,SVR
0_Median frequency,38,0.0004843261101267,SVR
0_Negative turning points,39,0.0001552557951129,SVR
0_Neighbourhood peaks,40,8.980744057548673e-05,SVR
0_Zero crossing rate,41,7.556842023685414e-05,SVR
0_Fundamental frequency,42,6.0434529526719833e-05,SVR
0_Peak to peak distance,1,0.1657665224866835,Random Forest
0_Spectral entropy,2,0.0676037190719637,Random Forest
0_Absolute energy,3,0.0465611164122181,Random Forest
0_Autocorrelation,4,0.0339497970403448,Random Forest
0_Interquartile range,5,0.0301687205077127,Random Forest
0_Spectral variation,6,0.0284469918235006,Random Forest
0_Entropy,7,0.0236849092666634,Random Forest
0_Histogram mode,8,0.0201072491896336,Random Forest
0_Wavelet energy_125000000.0Hz,9,0.0188056945608312,Random Forest
0_ECDF Percentile_0,10,0.0158770690175301,Random Forest
0_Slope,11,0.0095152067193382,Random Forest
0_MFCC_11,12,0.0079169839409192,Random Forest
0_Wavelet absolute mean_125000000.0Hz,13,0.0068936124407493,Random Forest
0_ECDF Percentile_1,14,0.0053890561777276,Random Forest
0_MFCC_8,15,0.0050487137474314,Random Forest
0_Mean diff,16,0.0048877978600633,Random Forest
0_LPCC_0,17,0.0041786294336089,Random Forest
0_Median,18,0.0029228867767063,Random Forest
0_Fundamental frequency,19,0.0028108526005336,Random Forest
0_LPCC_1,20,0.0025915643051687,Random Forest
0_MFCC_9,21,0.0025366396529583,Random Forest
0_MFCC_0,22,0.0021688248190927,Random Forest
0_Wavelet entropy,23,0.0020107519871593,Random Forest
0_Wavelet absolute mean_27777777.78Hz,24,0.0019895307911636,Random Forest
0_MFCC_10,25,0.0019622197978073,Random Forest
0_Median frequency,26,0.0013171197033137,Random Forest
0_Maximum frequency,27,0.0012111161326415,Random Forest
0_Spectral decrease,28,0.0011937450835598,Random Forest
0_MFCC_5,29,0.0009512923980983,Random Forest
0_Mean,30,0.0008076839671124,Random Forest
0_LPCC_5,31,0.000753294711406,Random Forest
0_Max,32,0.0007366615735857,Random Forest
0_Spectral positive turning points,33,0.0004743027578212,Random Forest
0_LPCC_6,34,0.0002963750533062,Random Forest
0_Power bandwidth,35,0.0002765662114023,Random Forest
0_MFCC_4,36,0.0002003195534765,Random Forest
0_Median absolute diff,37,5.396008626022149e-05,Random Forest
0_Negative turning points,38,4.367095772541685e-05,Random Forest
0_Median diff,39,0.0,Random Forest
0_Neighbourhood peaks,40,-9.479453259345996e-07,Random Forest
0_Spectral roll-on,41,-5.1022943361764085e-05,Random Forest
0_Zero crossing rate,42,-0.0005562820410083,Random Forest
0_Max,1,0.6141196863568559,Bayesian Ridge
0_Peak to peak distance,2,0.5717749714465264,Bayesian Ridge
0_Absolute energy,3,0.3948345365210454,Bayesian Ridge
0_ECDF Percentile_0,4,0.3253973413389563,Bayesian Ridge
0_MFCC_11,5,0.3050769751643228,Bayesian Ridge
0_MFCC_4,6,0.2425303861497137,Bayesian Ridge
0_Mean,7,0.1803021279857584,Bayesian Ridge
0_MFCC_0,8,0.1655135526819486,Bayesian Ridge
0_Spectral decrease,9,0.1535716337755281,Bayesian Ridge
0_Slope,10,0.1353144111365064,Bayesian Ridge
0_MFCC_9,11,0.1297325417747371,Bayesian Ridge
0_Wavelet absolute mean_27777777.78Hz,12,0.1195726263071449,Bayesian Ridge
0_MFCC_10,13,0.110460980478845,Bayesian Ridge
0_Median,14,0.1065611015323492,Bayesian Ridge
0_MFCC_5,15,0.0920909080968106,Bayesian Ridge
0_LPCC_0,16,0.0646572802610609,Bayesian Ridge
0_Maximum frequency,17,0.0596845740317563,Bayesian Ridge
0_Mean diff,18,0.0493150028446576,Bayesian Ridge
0_Spectral entropy,19,0.0300027893068037,Bayesian Ridge
0_Entropy,20,0.0073911918470339,Bayesian Ridge
0_Negative turning points,21,0.0030498457014787,Bayesian Ridge
0_LPCC_1,22,0.0013362619847339,Bayesian Ridge
0_Spectral roll-on,23,0.0009750533195502,Bayesian Ridge
0_Neighbourhood peaks,24,0.0008105724589288,Bayesian Ridge
0_Median diff,25,0.0007598331825801,Bayesian Ridge
0_Zero crossing rate,26,0.0007449714935941,Bayesian Ridge
0_LPCC_6,27,0.0006228693836152,Bayesian Ridge
0_Spectral positive turning points,28,0.0004293152370018,Bayesian Ridge
0_Power bandwidth,29,0.0003656006864114,Bayesian Ridge
0_LPCC_5,30,-7.210884991710742e-06,Bayesian Ridge
0_Wavelet absolute mean_125000000.0Hz,31,-8.058359485939359e-05,Bayesian Ridge
0_Histogram mode,32,-0.0003511927658587,Bayesian Ridge
0_Fundamental frequency,33,-0.0006102114197483,Bayesian Ridge
0_Median frequency,34,-0.0009302653396526,Bayesian Ridge
0_Median absolute diff,35,-0.0046782212543313,Bayesian Ridge
0_ECDF Percentile_1,36,-0.0062013100286393,Bayesian Ridge
0_Interquartile range,37,-0.0129635126016623,Bayesian Ridge
0_Wavelet energy_125000000.0Hz,38,-0.0129931598170664,Bayesian Ridge
0_Autocorrelation,39,-0.014254256727423,Bayesian Ridge
0_MFCC_8,40,-0.0500218390529747,Bayesian Ridge
0_Spectral variation,41,-0.0560914981842184,Bayesian Ridge
0_Wavelet entropy,42,-0.0585073774510156,Bayesian Ridge
0_Peak to peak distance,1,0.6019152537981669,XGBoost
0_Spectral entropy,2,0.2053809936841329,XGBoost
0_Autocorrelation,3,0.1492046483357747,XGBoost
0_Interquartile range,4,0.0431643215815226,XGBoost
0_Spectral variation,5,0.0154854408899943,XGBoost
0_Entropy,6,0.0124360028902689,XGBoost
0_Absolute energy,7,0.0120930504798889,XGBoost
0_Mean diff,8,0.0103081711133321,XGBoost
0_Wavelet entropy,9,0.0031354761123657,XGBoost
0_Histogram mode,10,0.0022629427909851,XGBoost
0_Slope,11,0.0022515519460042,XGBoost
0_MFCC_9,12,0.0021455152829488,XGBoost
0_MFCC_5,13,0.002140515645345,XGBoost
0_Wavelet energy_125000000.0Hz,14,0.0020513757069905,XGBoost
0_Max,15,0.0017681821187337,XGBoost
0_Fundamental frequency,16,0.0010210061073303,XGBoost
0_MFCC_11,17,0.0008174069722493,XGBoost
0_LPCC_6,18,0.000784162680308,XGBoost
0_MFCC_0,19,0.0007425618171691,XGBoost
0_Spectral positive turning points,20,0.0003808220227559,XGBoost
0_MFCC_10,21,0.0003724996248881,XGBoost
0_LPCC_5,22,0.0002864122390747,XGBoost
0_MFCC_8,23,0.0002819649378458,XGBoost
0_ECDF Percentile_1,24,0.0002806377410888,XGBoost
0_Spectral decrease,25,0.0002695194880167,XGBoost
0_LPCC_0,26,0.0002545539538065,XGBoost
0_Wavelet absolute mean_125000000.0Hz,27,0.0002491188049316,XGBoost
0_Median diff,28,0.0002322427431742,XGBoost
0_Median,29,0.0001409324010213,XGBoost
0_Maximum frequency,30,0.0001227696736653,XGBoost
0_Neighbourhood peaks,31,0.0001025986671447,XGBoost
0_Median frequency,32,5.78149159749349e-05,XGBoost
0_LPCC_1,33,3.600517908732097e-05,XGBoost
0_Zero crossing rate,34,0.0,XGBoost
0_Power bandwidth,35,0.0,XGBoost
0_Spectral roll-on,36,0.0,XGBoost
0_Mean,37,-3.293355305989583e-05,XGBoost
0_Negative turning points,38,-4.1373570760091145e-05,XGBoost
0_MFCC_4,39,-7.261435190836588e-05,XGBoost
0_Wavelet absolute mean_27777777.78Hz,40,-0.0002177596092224,XGBoost
0_Median absolute diff,41,-0.0002575246493021,XGBoost
0_ECDF Percentile_0,42,-0.0060000077883402,XGBoost
0_Interquartile range,1,0.1195105166100744,SVR
0_Spectral entropy,2,0.1125491496104564,SVR
0_Peak to peak distance,3,0.1114651865421215,SVR
0_Spectral decrease,4,0.1042670277569065,SVR
0_Mean diff,5,0.0964851391331011,SVR
0_LPCC_0,6,0.0892949606346745,SVR
0_ECDF Percentile_0,7,0.0727502580593895,SVR
0_Spectral variation,8,0.0710407297897254,SVR
0_Median,9,0.064335540255553,SVR
0_Absolute energy,10,0.0541462638116612,SVR
0_Max,11,0.0446455752193865,SVR
0_Wavelet absolute mean_27777777.78Hz,12,0.0428625465882126,SVR
0_MFCC_11,13,0.0370027809590843,SVR
0_Wavelet absolute mean_125000000.0Hz,14,0.0273744162086424,SVR
0_MFCC_5,15,0.0266430395777663,SVR
0_Slope,16,0.0238868614887264,SVR
0_Autocorrelation,17,0.0179713264211771,SVR
0_MFCC_9,18,0.0168259097371313,SVR
0_Mean,19,0.0168093386224097,SVR
0_Wavelet entropy,20,0.0107045771205983,SVR
0_ECDF Percentile_1,21,0.0096474515292445,SVR
0_Wavelet energy_125000000.0Hz,22,0.00705065959009,SVR
0_MFCC_0,23,0.0067877664746863,SVR
0_MFCC_10,24,0.0053697456244841,SVR
0_MFCC_8,25,0.0041300368254217,SVR
0_MFCC_4,26,0.0036193229093009,SVR
0_Fundamental frequency,27,0.0023600189562755,SVR
0_LPCC_5,28,0.0022816771007445,SVR
0_Maximum frequency,29,0.0022305921736601,SVR
0_Zero crossing rate,30,0.0017706549898814,SVR
0_LPCC_1,31,0.0017238624295694,SVR
0_Median absolute diff,32,0.0017123620899389,SVR
0_Spectral positive turning points,33,0.0012355032791828,SVR
0_Spectral roll-on,34,0.000952863436115,SVR
0_LPCC_6,35,0.0008931141077006,SVR
0_Power bandwidth,36,0.0008160183232015,SVR
0_Histogram mode,37,0.0006699100406731,SVR
0_Negative turning points,38,0.0006497820069041,SVR
0_Entropy,39,0.0002576156664309,SVR
0_Neighbourhood peaks,40,0.0001980929537585,SVR
0_Median diff,41,0.0,SVR
0_Median frequency,42,-0.0003845859298949,SVR
0_Peak to peak distance,1,0.1734262247500845,Random Forest
0_Spectral entropy,2,0.0817587581137005,Random Forest
0_Autocorrelation,3,0.0360285950664204,Random Forest
0_Absolute energy,4,0.0353723139985594,Random Forest
0_Interquartile range,5,0.0338782559822243,Random Forest
0_Entropy,6,0.0295135728367078,Random Forest
0_Spectral variation,7,0.0276097195135504,Random Forest
0_Wavelet energy_125000000.0Hz,8,0.0159223989791462,Random Forest
0_Histogram mode,9,0.0139289216498815,Random Forest
0_Wavelet absolute mean_125000000.0Hz,10,0.0118629801833261,Random Forest
0_ECDF Percentile_0,11,0.0109885375889925,Random Forest
0_MFCC_11,12,0.008181940772669,Random Forest
0_Mean diff,13,0.0060758134849383,Random Forest
0_LPCC_0,14,0.0059717245508421,Random Forest
0_MFCC_9,15,0.0054820320547403,Random Forest
0_Wavelet entropy,16,0.0053684533089479,Random Forest
0_Fundamental frequency,17,0.0053023307715816,Random Forest
0_Slope,18,0.0045352224448183,Random Forest
0_ECDF Percentile_1,19,0.0039637913557832,Random Forest
0_Wavelet absolute mean_27777777.78Hz,20,0.0027401326645359,Random Forest
0_MFCC_8,21,0.002347174281054,Random Forest
0_Median frequency,22,0.0022862606713988,Random Forest
0_MFCC_5,23,0.002069980508016,Random Forest
0_Max,24,0.0020243020144995,Random Forest
0_MFCC_10,25,0.001694718445811,Random Forest
0_LPCC_1,26,0.001684765320354,Random Forest
0_Maximum frequency,27,0.001349696145006,Random Forest
0_MFCC_0,28,0.0012296309949283,Random Forest
0_Zero crossing rate,29,0.0010749330878756,Random Forest
0_Median,30,0.0009278781795453,Random Forest
0_Spectral decrease,31,0.0008278579362388,Random Forest
0_LPCC_5,32,0.0008246740331174,Random Forest
0_LPCC_6,33,0.0006267025041435,Random Forest
0_Spectral positive turning points,34,9.21272750453994e-05,Random Forest
0_Negative turning points,35,8.516190457747837e-05,Random Forest
0_Median absolute diff,36,6.939642593477569e-05,Random Forest
0_Mean,37,6.088852631772538e-05,Random Forest
0_Spectral roll-on,38,4.7470245888092674e-05,Random Forest
0_MFCC_4,39,3.0529218497118055e-05,Random Forest
0_Neighbourhood peaks,40,2.356974354770299e-05,Random Forest
0_Power bandwidth,41,2.002187012133542e-05,Random Forest
0_Median diff,42,-2.960594732333752e-18,Random Forest
0_MFCC_4,1,2.01675839802234,Bayesian Ridge
0_Peak to peak distance,2,1.610905504875649,Bayesian Ridge
0_ECDF Percentile_0,3,1.2409586978576468,Bayesian Ridge
0_MFCC_5,4,0.8027369467505782,Bayesian Ridge
0_Mean,5,0.6719209426729524,Bayesian Ridge
0_MFCC_11,6,0.5902480978268184,Bayesian Ridge
0_Max,7,0.5853837622854833,Bayesian Ridge
0_MFCC_9,8,0.3660535169211469,Bayesian Ridge
0_Slope,9,0.3405831250259057,Bayesian Ridge
0_Median,10,0.1706865360091505,Bayesian Ridge
0_MFCC_0,11,0.1464184093911819,Bayesian Ridge
0_ECDF Percentile_1,12,0.1442178833280222,Bayesian Ridge
0_Spectral decrease,13,0.1363930447894315,Bayesian Ridge
0_MFCC_8,14,0.1043531110389477,Bayesian Ridge
0_Interquartile range,15,0.0823287600233908,Bayesian Ridge
0_LPCC_0,16,0.0438741721952933,Bayesian Ridge
0_Wavelet absolute mean_27777777.78Hz,17,0.0380855272667766,Bayesian Ridge
0_Spectral variation,18,0.0264000959032184,Bayesian Ridge
0_Autocorrelation,19,0.0189699853821381,Bayesian Ridge
0_Wavelet energy_125000000.0Hz,20,0.0169195822756523,Bayesian Ridge
0_Absolute energy,21,0.016047156690316,Bayesian Ridge
0_Mean diff,22,0.0147318162098297,Bayesian Ridge
0_Entropy,23,0.0136317162271681,Bayesian Ridge
0_Wavelet absolute mean_125000000.0Hz,24,0.0106270939018194,Bayesian Ridge
0_MFCC_10,25,0.0103677255530687,Bayesian Ridge
0_Power bandwidth,26,0.0102348216667099,Bayesian Ridge
0_Wavelet entropy,27,0.0091126704230103,Bayesian Ridge
0_Spectral entropy,28,0.0066642767805409,Bayesian Ridge
0_Median frequency,29,0.0050334600960747,Bayesian Ridge
0_Spectral roll-on,30,0.0025213420369883,Bayesian Ridge
0_LPCC_1,31,0.001474649721027,Bayesian Ridge
0_LPCC_5,32,0.0013428728317616,Bayesian Ridge
0_Maximum frequency,33,0.0008377361477935,Bayesian Ridge
0_Negative turning points,34,0.0004015892947316,Bayesian Ridge
0_Zero crossing rate,35,0.0001851031092927,Bayesian Ridge
0_Neighbourhood peaks,36,0.0001004627692112,Bayesian Ridge
0_Fundamental frequency,37,2.4848432912731867e-05,Bayesian Ridge
0_Median diff,38,0.0,Bayesian Ridge
0_LPCC_6,39,-5.400951695685219e-05,Bayesian Ridge
0_Median absolute diff,40,-0.0001122021033317,Bayesian Ridge
0_Histogram mode,41,-0.000291009477227,Bayesian Ridge
0_Spectral positive turning points,42,-0.0005678963221045,Bayesian Ridge
0_Peak to peak distance,1,0.6394533054033915,XGBoost
0_Spectral entropy,2,0.2757527470588684,XGBoost
0_Autocorrelation,3,0.1545146711667378,XGBoost
0_Absolute energy,4,0.0182738582293192,XGBoost
0_Entropy,5,0.0168977014223734,XGBoost
0_Interquartile range,6,0.0152816144625345,XGBoost
0_Mean diff,7,0.009521111647288,XGBoost
0_Spectral variation,8,0.0090214943885803,XGBoost
0_MFCC_11,9,0.0024207051595052,XGBoost
0_Fundamental frequency,10,0.0021824693679809,XGBoost
0_Histogram mode,11,0.0021125562985738,XGBoost
0_Wavelet entropy,12,0.0019057273864746,XGBoost
0_MFCC_5,13,0.0014057000478108,XGBoost
0_MFCC_9,14,0.0013977376619974,XGBoost
0_Spectral decrease,15,0.001236396630605,XGBoost
0_LPCC_0,16,0.0010895403226216,XGBoost
0_Max,17,0.0010564295450846,XGBoost
0_Wavelet energy_125000000.0Hz,18,0.0010207525889078,XGBoost
0_MFCC_8,19,0.0009150679906209,XGBoost
0_LPCC_6,20,0.0008308402697245,XGBoost
0_Slope,21,0.0007994659741719,XGBoost
0_Wavelet absolute mean_125000000.0Hz,22,0.0006077647209167,XGBoost
0_Median absolute diff,23,0.0004787158966064,XGBoost
0_LPCC_1,24,0.0003630805015563,XGBoost
0_ECDF Percentile_1,25,0.0002153841654459,XGBoost
0_MFCC_0,26,0.0001343997319539,XGBoost
0_MFCC_4,27,0.0001328976949055,XGBoost
0_Median,28,0.0001063458124796,XGBoost
0_MFCC_10,29,9.177366892496744e-05,XGBoost
0_Median frequency,30,7.12426503499349e-05,XGBoost
0_LPCC_5,31,5.907932917277018e-05,XGBoost
0_Wavelet absolute mean_27777777.78Hz,32,4.1005611419677737e-05,XGBoost
0_Negative turning points,33,2.676963806152344e-05,XGBoost
0_Zero crossing rate,34,1.6704400380452474e-05,XGBoost
0_Spectral roll-on,35,0.0,XGBoost
0_Power bandwidth,36,0.0,XGBoost
0_Median diff,37,0.0,XGBoost
0_Neighbourhood peaks,38,0.0,XGBoost
0_Spectral positive turning points,39,-2.2590160369873047e-05,XGBoost
0_Mean,40,-0.0001304006576538,XGBoost
0_ECDF Percentile_0,41,-0.0002424502372741,XGBoost
0_Maximum frequency,42,-0.0007085482279459,XGBoost
0_LPCC_0,1,0.1193207561660932,SVR
0_Spectral variation,2,0.1027687811722865,SVR
0_Spectral decrease,3,0.1006223151289835,SVR
0_Mean diff,4,0.1003815386663777,SVR
0_Peak to peak distance,5,0.092756100771618,SVR
0_Interquartile range,6,0.0910006543709391,SVR
0_Spectral entropy,7,0.0873357782635372,SVR
0_ECDF Percentile_0,8,0.0844687798980284,SVR
0_Absolute energy,9,0.0823669172306216,SVR
0_Max,10,0.0653720929002434,SVR
0_Median,11,0.0646817618740926,SVR
0_Wavelet absolute mean_27777777.78Hz,12,0.0446940187555895,SVR
0_Slope,13,0.0431906001596579,SVR
0_MFCC_11,14,0.0397339998518829,SVR
0_Wavelet absolute mean_125000000.0Hz,15,0.0150879153575542,SVR
0_MFCC_5,16,0.0150281577091537,SVR
0_Autocorrelation,17,0.0138098684900275,SVR
0_MFCC_9,18,0.0134428234239648,SVR
0_Mean,19,0.0120680319481175,SVR
0_Wavelet energy_125000000.0Hz,20,0.0091623093151712,SVR
0_Maximum frequency,21,0.0067568625201066,SVR
0_MFCC_10,22,0.0051887923949022,SVR
0_MFCC_8,23,0.0035051199067244,SVR
0_MFCC_4,24,0.003477412701021,SVR
0_LPCC_1,25,0.0031097294800739,SVR
0_MFCC_0,26,0.0025330154017825,SVR
0_ECDF Percentile_1,27,0.0024676175914465,SVR
0_LPCC_5,28,0.0022298533400963,SVR
0_Wavelet entropy,29,0.0021559243318216,SVR
0_Power bandwidth,30,0.0017579441505555,SVR
0_LPCC_6,31,0.0013305926690276,SVR
0_Entropy,32,0.0012651836898302,SVR
0_Spectral positive turning points,33,0.0011502194823007,SVR
0_Spectral roll-on,34,0.0010458303861235,SVR
0_Histogram mode,35,0.0008252264004819,SVR
0_Neighbourhood peaks,36,0.0007902252713441,SVR
0_Zero crossing rate,37,0.0006885820822039,SVR
0_Median absolute diff,38,0.0006702267127022,SVR
0_Negative turning points,39,0.0003809623748894,SVR
0_Fundamental frequency,40,0.0002220889461664,SVR
0_Median frequency,41,8.565047759355663e-05,SVR
0_Median diff,42,0.0,SVR
0_Peak to peak distance,1,0.1358287067507288,Random Forest
0_Spectral entropy,2,0.0854764931453279,Random Forest
0_Absolute energy,3,0.0568199594317481,Random Forest
0_Interquartile range,4,0.0339478548343756,Random Forest
0_Spectral variation,5,0.0332117842941183,Random Forest
0_Autocorrelation,6,0.0247750490470163,Random Forest
0_Entropy,7,0.0215398848643962,Random Forest
0_Wavelet energy_125000000.0Hz,8,0.015730736445548,Random Forest
0_Histogram mode,9,0.0126129509996918,Random Forest
0_MFCC_11,10,0.0121014178705978,Random Forest
0_ECDF Percentile_0,11,0.0092673797221554,Random Forest
0_Mean diff,12,0.0084493263130214,Random Forest
0_Wavelet absolute mean_125000000.0Hz,13,0.0069951355679157,Random Forest
0_Slope,14,0.005123777146687,Random Forest
0_LPCC_0,15,0.0035905791092999,Random Forest
0_ECDF Percentile_1,16,0.00341587869128,Random Forest
0_MFCC_8,17,0.003343482719027,Random Forest
0_MFCC_0,18,0.0032389548480651,Random Forest
0_Wavelet absolute mean_27777777.78Hz,19,0.0032048665255742,Random Forest
0_Maximum frequency,20,0.0021690942181181,Random Forest
0_MFCC_9,21,0.0017132983741786,Random Forest
0_MFCC_10,22,0.0016821765185652,Random Forest
0_MFCC_5,23,0.0016648715526132,Random Forest
0_Fundamental frequency,24,0.0015389392844802,Random Forest
0_Median frequency,25,0.0011897825363254,Random Forest
0_LPCC_5,26,0.000983949014635,Random Forest
0_Max,27,0.0009696803040046,Random Forest
0_LPCC_1,28,0.0008241087579092,Random Forest
0_Wavelet entropy,29,0.0007005223010074,Random Forest
0_Zero crossing rate,30,0.0006350146122316,Random Forest
0_Median,31,0.0004875020982262,Random Forest
0_Spectral decrease,32,0.0002976514262643,Random Forest
0_Mean,33,0.0002461218362429,Random Forest
0_LPCC_6,34,0.0002394279557048,Random Forest
0_MFCC_4,35,0.0001034802866564,Random Forest
0_Negative turning points,36,7.560668863157094e-05,Random Forest
0_Median absolute diff,37,6.617347271033876e-05,Random Forest
0_Power bandwidth,38,3.1865640660740564e-05,Random Forest
0_Median diff,39,0.0,Random Forest
0_Spectral roll-on,40,-2.402580755350344e-05,Random Forest
0_Neighbourhood peaks,41,-3.205464993335146e-05,Random Forest
0_Spectral positive turning points,42,-5.001405508190763e-05,Random Forest
0_MFCC_4,1,2.0519480695369707,Bayesian Ridge
0_Peak to peak distance,2,1.6992113813128504,Bayesian Ridge
0_ECDF Percentile_0,3,1.374025360543836,Bayesian Ridge
0_Mean,4,0.9171887698362012,Bayesian Ridge
0_MFCC_11,5,0.8962370232487439,Bayesian Ridge
0_MFCC_5,6,0.6820734537585381,Bayesian Ridge
0_Max,7,0.6641695463691787,Bayesian Ridge
0_Slope,8,0.3471687023347096,Bayesian Ridge
0_MFCC_0,9,0.2819567246667813,Bayesian Ridge
0_MFCC_9,10,0.2751600130226371,Bayesian Ridge
0_Median,11,0.1533876475013993,Bayesian Ridge
0_Spectral decrease,12,0.1063133615322547,Bayesian Ridge
0_MFCC_8,13,0.0957468709988813,Bayesian Ridge
0_ECDF Percentile_1,14,0.0792126761647309,Bayesian Ridge
0_LPCC_0,15,0.0436447569120353,Bayesian Ridge
0_Autocorrelation,16,0.0316972669102845,Bayesian Ridge
0_Wavelet energy_125000000.0Hz,17,0.0298817226564557,Bayesian Ridge
0_Wavelet absolute mean_27777777.78Hz,18,0.0275213669782142,Bayesian Ridge
0_Spectral variation,19,0.022502999655913,Bayesian Ridge
0_Spectral entropy,20,0.018078064555351,Bayesian Ridge
0_Mean diff,21,0.0161231281250793,Bayesian Ridge
0_Power bandwidth,22,0.0159032466807316,Bayesian Ridge
0_Interquartile range,23,0.0156672180638134,Bayesian Ridge
0_Wavelet absolute mean_125000000.0Hz,24,0.0149720187854194,Bayesian Ridge
0_Wavelet entropy,25,0.0122863720926453,Bayesian Ridge
0_Entropy,26,0.01146128497012,Bayesian Ridge
0_Absolute energy,27,0.0086065434258179,Bayesian Ridge
0_MFCC_10,28,0.0054627307827561,Bayesian Ridge
0_LPCC_5,29,0.0033496224202056,Bayesian Ridge
0_Spectral roll-on,30,0.0029028318713874,Bayesian Ridge
0_Median frequency,31,0.002362653776891,Bayesian Ridge
0_LPCC_1,32,0.0014861907548654,Bayesian Ridge
0_Zero crossing rate,33,0.0014370160728901,Bayesian Ridge
0_Spectral positive turning points,34,0.0012018217548186,Bayesian Ridge
0_Median absolute diff,35,0.0004817103537715,Bayesian Ridge
0_LPCC_6,36,0.0001765537405829,Bayesian Ridge
0_Fundamental frequency,37,0.0001245784290494,Bayesian Ridge
0_Maximum frequency,38,9.132508611266132e-05,Bayesian Ridge
0_Median diff,39,0.0,Bayesian Ridge
0_Neighbourhood peaks,40,-3.321504318793966e-05,Bayesian Ridge
0_Histogram mode,41,-8.05220273137186e-05,Bayesian Ridge
0_Negative turning points,42,-0.0002174431403472,Bayesian Ridge
0_Peak to peak distance,1,0.6019212357203165,XGBoost
0_Spectral entropy,2,0.259408528804779,XGBoost
0_Autocorrelation,3,0.124222928682963,XGBoost
0_Entropy,4,0.0183047087987264,XGBoost
0_Interquartile range,5,0.0161024435361226,XGBoost
0_Spectral variation,6,0.0129439075787862,XGBoost
0_Mean diff,7,0.0113135846455891,XGBoost
0_Absolute energy,8,0.0072015086809794,XGBoost
0_Slope,9,0.0027156249682108,XGBoost
0_LPCC_0,10,0.0020215272903442,XGBoost
0_Max,11,0.0018491562207539,XGBoost
0_MFCC_11,12,0.0013731869061787,XGBoost
0_Histogram mode,13,0.0013166586558024,XGBoost
0_Fundamental frequency,14,0.0008890549341837,XGBoost
0_MFCC_9,15,0.000554453531901,XGBoost
0_Wavelet energy_125000000.0Hz,16,0.0005234177907307,XGBoost
0_MFCC_10,17,0.0005213824907938,XGBoost
0_MFCC_0,18,0.0004879721005757,XGBoost
0_MFCC_8,19,0.0003334514300028,XGBoost
0_Maximum frequency,20,0.0002946718533833,XGBoost
0_MFCC_5,21,0.0002154803276062,XGBoost
0_Median absolute diff,22,0.0001557286580403,XGBoost
0_Median frequency,23,0.0001531394322713,XGBoost
0_MFCC_4,24,0.0001343115170796,XGBoost
0_ECDF Percentile_0,25,0.0001190416018168,XGBoost
0_LPCC_6,26,0.000110531648,XGBoost
0_ECDF Percentile_1,27,0.0001103409131368,XGBoost
0_Wavelet entropy,28,0.0001081983248392,XGBoost
0_Median,29,6.012280782063802e-05,XGBoost
0_LPCC_1,30,5.960543950398763e-05,XGBoost
0_LPCC_5,31,5.688269933064779e-05,XGBoost
0_Wavelet absolute mean_125000000.0Hz,32,5.31315803527832e-05,XGBoost
0_Neighbourhood peaks,33,5.157629648844401e-05,XGBoost
0_Mean,34,3.6457379659016926e-05,XGBoost
0_Zero crossing rate,35,3.4453868865966795e-05,XGBoost
0_Wavelet absolute mean_27777777.78Hz,36,4.074573516845703e-06,XGBoost
0_Negative turning points,37,3.98715337117513e-06,XGBoost
0_Median diff,38,0.0,XGBoost
0_Spectral roll-on,39,0.0,XGBoost
0_Power bandwidth,40,0.0,XGBoost
0_Spectral positive turning points,41,-5.0257841746012366e-05,XGBoost
0_Spectral decrease,42,-9.45742925008138e-05,XGBoost
0_Peak to peak distance,1,0.1175678425698629,SVR
0_Median,2,0.0894617347710853,SVR
0_Spectral decrease,3,0.0870210444994469,SVR
0_Wavelet absolute mean_27777777.78Hz,4,0.0836775507163253,SVR
0_Spectral entropy,5,0.083279061806038,SVR
0_LPCC_0,6,0.0785414924988639,SVR
0_Spectral variation,7,0.0780480860590438,SVR
0_ECDF Percentile_0,8,0.0763455167754271,SVR
0_Mean diff,9,0.0695426485624782,SVR
0_Interquartile range,10,0.0652901498138356,SVR
0_Max,11,0.0646369957473958,SVR
0_Absolute energy,12,0.0388480186149367,SVR
0_Slope,13,0.0283238127505326,SVR
0_MFCC_11,14,0.0283144210976312,SVR
0_Wavelet absolute mean_125000000.0Hz,15,0.0249734396752836,SVR
0_Autocorrelation,16,0.0198020433525255,SVR
0_Wavelet energy_125000000.0Hz,17,0.015811815929572,SVR
0_MFCC_5,18,0.0099955851141915,SVR
0_Mean,19,0.008235328516708,SVR
0_MFCC_4,20,0.0076615443320254,SVR
0_MFCC_9,21,0.0060114922324319,SVR
0_Maximum frequency,22,0.0051240786839115,SVR
0_ECDF Percentile_1,23,0.004484429113132,SVR
0_Wavelet entropy,24,0.004447851693227,SVR
0_MFCC_0,25,0.0031295952689052,SVR
0_MFCC_10,26,0.0024216612843265,SVR
0_LPCC_5,27,0.0019746485755681,SVR
0_Spectral positive turning points,28,0.0014281292522124,SVR
0_MFCC_8,29,0.0013019801788312,SVR
0_LPCC_6,30,0.0010928036720992,SVR
0_LPCC_1,31,0.0010434575398114,SVR
0_Spectral roll-on,32,0.00094643632028,SVR
0_Entropy,33,0.0006458492497596,SVR
0_Zero crossing rate,34,0.0005269707974605,SVR
0_Power bandwidth,35,0.0004999015808116,SVR
0_Median frequency,36,0.0004063143507612,SVR
0_Fundamental frequency,37,0.0003923618917576,SVR
0_Histogram mode,38,5.6685926076114337e-05,SVR
0_Median diff,39,0.0,SVR
0_Median absolute diff,40,-2.3427498785085394e-06,SVR
0_Neighbourhood peaks,41,-0.0002069356661786,SVR
0_Negative turning points,42,-0.0003545224460845,SVR
0_Peak to peak distance,1,0.1788363106168378,Random Forest
0_Spectral entropy,2,0.0713623961729771,Random Forest
0_Autocorrelation,3,0.0426061500455351,Random Forest
0_Spectral variation,4,0.0385437393825395,Random Forest
0_Absolute energy,5,0.0344753780932427,Random Forest
0_Entropy,6,0.0243999948252175,Random Forest
0_Interquartile range,7,0.0237243354083566,Random Forest
0_Histogram mode,8,0.0141895095880223,Random Forest
0_Wavelet energy_125000000.0Hz,9,0.0106852941932399,Random Forest
0_Wavelet absolute mean_125000000.0Hz,10,0.0084234269976888,Random Forest
0_ECDF Percentile_0,11,0.0082120146067343,Random Forest
0_MFCC_11,12,0.0069995280069101,Random Forest
0_Mean diff,13,0.005710272790279,Random Forest
0_Slope,14,0.0055151498087464,Random Forest
0_LPCC_0,15,0.0052817227721766,Random Forest
0_MFCC_8,16,0.0043816737376304,Random Forest
0_Wavelet absolute mean_27777777.78Hz,17,0.0037607143879589,Random Forest
0_Fundamental frequency,18,0.002867053510613,Random Forest
0_MFCC_9,19,0.0026308406494915,Random Forest
0_Wavelet entropy,20,0.002414528854796,Random Forest
0_ECDF Percentile_1,21,0.0023990447478385,Random Forest
0_MFCC_0,22,0.0023559896718011,Random Forest
0_Median frequency,23,0.0019834530942314,Random Forest
0_Maximum frequency,24,0.001265303377688,Random Forest
0_MFCC_10,25,0.0012414092880216,Random Forest
0_Max,26,0.0010930652704292,Random Forest
0_MFCC_5,27,0.0009892821262395,Random Forest
0_LPCC_1,28,0.0008917133828917,Random Forest
0_Median,29,0.0007927597643628,Random Forest
0_LPCC_6,30,0.0007099810490813,Random Forest
0_Zero crossing rate,31,0.0005848466527478,Random Forest
0_Spectral decrease,32,0.0005713612342424,Random Forest
0_LPCC_5,33,0.0002034558309438,Random Forest
0_Median absolute diff,34,0.0001694099335961,Random Forest
0_Mean,35,0.0001539877604173,Random Forest
0_MFCC_4,36,0.0001415747690715,Random Forest
0_Power bandwidth,37,7.065226220568673e-05,Random Forest
0_Spectral roll-on,38,2.148923441851617e-05,Random Forest
0_Negative turning points,39,1.5721487970282353e-05,Random Forest
0_Neighbourhood peaks,40,4.172945612831806e-06,Random Forest
0_Median diff,41,1.628327102783563e-17,Random Forest
0_Spectral positive turning points,42,-4.687169983980037e-05,Random Forest
0_Peak to peak distance,1,2.1925983042006965,Bayesian Ridge
0_MFCC_4,2,1.949672696261274,Bayesian Ridge
0_MFCC_5,3,0.8978783086746085,Bayesian Ridge
0_Max,4,0.8302064352210369,Bayesian Ridge
0_ECDF Percentile_0,5,0.7710184405885926,Bayesian Ridge
0_Mean,6,0.755873900384354,Bayesian Ridge
0_MFCC_9,7,0.361400354920675,Bayesian Ridge
0_Slope,8,0.3283800637065494,Bayesian Ridge
0_MFCC_11,9,0.2687583371890281,Bayesian Ridge
0_Spectral decrease,10,0.0853156704681038,Bayesian Ridge
0_Median,11,0.0824712902530613,Bayesian Ridge
0_Wavelet absolute mean_27777777.78Hz,12,0.0551512096582523,Bayesian Ridge
0_ECDF Percentile_1,13,0.0507933411205966,Bayesian Ridge
0_MFCC_0,14,0.049102550982625,Bayesian Ridge
0_MFCC_10,15,0.0464020088018554,Bayesian Ridge
0_Absolute energy,16,0.0435403915232645,Bayesian Ridge
0_Entropy,17,0.0361741821218927,Bayesian Ridge
0_MFCC_8,18,0.0347906399557817,Bayesian Ridge
0_Autocorrelation,19,0.0294197219474838,Bayesian Ridge
0_Spectral variation,20,0.0248240616250092,Bayesian Ridge
0_LPCC_0,21,0.0195412195954677,Bayesian Ridge
0_Wavelet energy_125000000.0Hz,22,0.0148970400089472,Bayesian Ridge
0_Spectral entropy,23,0.010202057187009,Bayesian Ridge
0_Wavelet absolute mean_125000000.0Hz,24,0.0089162949917333,Bayesian Ridge
0_Interquartile range,25,0.0080194828760816,Bayesian Ridge
0_Wavelet entropy,26,0.0062269102249372,Bayesian Ridge
0_Median frequency,27,0.0051336364496871,Bayesian Ridge
0_Power bandwidth,28,0.0047662884465606,Bayesian Ridge
0_Spectral roll-on,29,0.0024091588903193,Bayesian Ridge
0_Mean diff,30,0.0023658020332801,Bayesian Ridge
0_LPCC_1,31,0.0019855481494573,Bayesian Ridge
0_Maximum frequency,32,0.0015232589970549,Bayesian Ridge
0_LPCC_6,33,0.0007429919557205,Bayesian Ridge
0_LPCC_5,34,0.0006215368727456,Bayesian Ridge
0_Spectral positive turning points,35,0.0003731883401118,Bayesian Ridge
0_Neighbourhood peaks,36,0.0001485427524907,Bayesian Ridge
0_Histogram mode,37,6.687577970997024e-05,Bayesian Ridge
0_Fundamental frequency,38,2.969445637903097e-05,Bayesian Ridge
0_Median diff,39,0.0,Bayesian Ridge
0_Median absolute diff,40,-0.0003369479253915,Bayesian Ridge
0_Zero crossing rate,41,-0.0005641551649606,Bayesian Ridge
0_Negative turning points,42,-0.0009698105644313,Bayesian Ridge
0_Peak to peak distance,1,0.8522470227877299,XGBoost
0_Spectral entropy,2,0.2724144188563029,XGBoost
0_Autocorrelation,3,0.2225570257504781,XGBoost
0_Interquartile range,4,0.0241528193155924,XGBoost
0_Entropy,5,0.008457662264506,XGBoost
0_Max,6,0.0040824937820434,XGBoost
0_Mean diff,7,0.0035663835207621,XGBoost
0_Spectral variation,8,0.003112518787384,XGBoost
0_Histogram mode,9,0.002350796063741,XGBoost
0_Slope,10,0.0018683020273844,XGBoost
0_LPCC_0,11,0.0011463244756062,XGBoost
0_Absolute energy,12,0.0010947656631469,XGBoost
0_MFCC_9,13,0.0010091098149617,XGBoost
0_Fundamental frequency,14,0.0007734457651774,XGBoost
0_MFCC_0,15,0.0007390666007995,XGBoost
0_LPCC_6,16,0.0007315842310587,XGBoost
0_MFCC_8,17,0.0007247018814086,XGBoost
0_ECDF Percentile_1,18,0.0004748066266377,XGBoost
0_ECDF Percentile_0,19,0.000373097260793,XGBoost
0_LPCC_1,20,0.0003459024429321,XGBoost
0_Wavelet entropy,21,0.0003329586982727,XGBoost
0_Maximum frequency,22,0.0003284494082132,XGBoost
0_Wavelet energy_125000000.0Hz,23,0.0003059641520182,XGBoost
0_Spectral positive turning points,24,0.0001788997650146,XGBoost
0_Neighbourhood peaks,25,4.966894785563151e-05,XGBoost
0_Median absolute diff,26,1.133124033610026e-05,XGBoost
0_Zero crossing rate,27,1.104275385538737e-05,XGBoost
0_Spectral roll-on,28,0.0,XGBoost
0_Power bandwidth,29,0.0,XGBoost
0_Median diff,30,0.0,XGBoost
0_Spectral decrease,31,-8.707841237386068e-06,XGBoost
0_Median frequency,32,-2.1464824676513672e-05,XGBoost
0_Negative turning points,33,-2.464453379313151e-05,XGBoost
0_MFCC_5,34,-6.206671396891276e-05,XGBoost
0_Median,35,-0.0001220266024271,XGBoost
0_Mean,36,-0.0001377447446187,XGBoost
0_Wavelet absolute mean_125000000.0Hz,37,-0.0003001570701599,XGBoost
0_MFCC_10,38,-0.0003201436996459,XGBoost
0_MFCC_4,39,-0.0003856110572814,XGBoost
0_LPCC_5,40,-0.0005137809117635,XGBoost
0_Wavelet absolute mean_27777777.78Hz,41,-0.0005689001083374,XGBoost
0_MFCC_11,42,-0.0007262563705444,XGBoost
0_Spectral entropy,1,0.1454000695123131,SVR
0_Peak to peak distance,2,0.1431196696295565,SVR
0_Interquartile range,3,0.0934477929269385,SVR
0_ECDF Percentile_0,4,0.0862368665039998,SVR
0_Spectral decrease,5,0.0831340230530971,SVR
0_Spectral variation,6,0.0822726367456355,SVR
0_Mean diff,7,0.0770569180599858,SVR
0_Absolute energy,8,0.0727954950545799,SVR
0_Median,9,0.0608295211315019,SVR
0_Max,10,0.0537267715478308,SVR
0_LPCC_0,11,0.0487272350149388,SVR
0_Wavelet absolute mean_27777777.78Hz,12,0.0431121121549657,SVR
0_MFCC_11,13,0.0372460399584859,SVR
0_Wavelet absolute mean_125000000.0Hz,14,0.0197882929118693,SVR
0_Slope,15,0.0193949264523337,SVR
0_Mean,16,0.0178059909472178,SVR
0_MFCC_5,17,0.017073232488797,SVR
0_MFCC_9,18,0.0163429318305176,SVR
0_Autocorrelation,19,0.0149473345430535,SVR
0_Wavelet entropy,20,0.0141738168780477,SVR
0_Wavelet energy_125000000.0Hz,21,0.0132769445415187,SVR
0_MFCC_10,22,0.0070093761930691,SVR
0_ECDF Percentile_1,23,0.0058880007372934,SVR
0_Median absolute diff,24,0.0047404319717139,SVR
0_Entropy,25,0.004059424625303,SVR
0_LPCC_1,26,0.0040113628714819,SVR
0_MFCC_8,27,0.0027737488168875,SVR
0_Histogram mode,28,0.0025968033603134,SVR
0_Maximum frequency,29,0.0021893554792411,SVR
0_Spectral roll-on,30,0.0019536209856858,SVR
0_Zero crossing rate,31,0.0017450194460243,SVR
0_MFCC_0,32,0.0016826924111709,SVR
0_Median frequency,33,0.0016425083776442,SVR
0_Negative turning points,34,0.0013290244004174,SVR
0_Fundamental frequency,35,0.0010937735863506,SVR
0_MFCC_4,36,0.0009329387777354,SVR
0_LPCC_6,37,0.0009273974694817,SVR
0_Spectral positive turning points,38,0.0008642058723752,SVR
0_Neighbourhood peaks,39,0.0003427834481834,SVR
0_LPCC_5,40,0.0001878748122417,SVR
0_Power bandwidth,41,3.725412862276123e-05,SVR
0_Median diff,42,0.0,SVR
0_Peak to peak distance,1,0.1629367789368763,Random Forest
0_Spectral entropy,2,0.0881425309868408,Random Forest
0_Absolute energy,3,0.0634505585689495,Random Forest
0_Interquartile range,4,0.0454782610608729,Random Forest
0_Spectral variation,5,0.0338985412333513,Random Forest
0_Entropy,6,0.0307061538780269,Random Forest
0_Autocorrelation,7,0.0248709707148902,Random Forest
0_Wavelet energy_125000000.0Hz,8,0.0181796084337351,Random Forest
0_ECDF Percentile_0,9,0.0158594012879567,Random Forest
0_Histogram mode,10,0.0148224119638124,Random Forest
0_MFCC_11,11,0.0121136096901909,Random Forest
0_MFCC_9,12,0.0061226876640076,Random Forest
0_Mean diff,13,0.0058670900895316,Random Forest
0_Wavelet absolute mean_27777777.78Hz,14,0.0056000634665925,Random Forest
0_Wavelet entropy,15,0.0055552036102616,Random Forest
0_Slope,16,0.0047111471292567,Random Forest
0_ECDF Percentile_1,17,0.0046266154932744,Random Forest
0_Wavelet absolute mean_125000000.0Hz,18,0.0039616908547388,Random Forest
0_MFCC_8,19,0.0039610832046758,Random Forest
0_MFCC_10,20,0.0037025237494824,Random Forest
0_LPCC_0,21,0.0035547385602261,Random Forest
0_MFCC_0,22,0.0026571861869679,Random Forest
0_MFCC_5,23,0.0023942310376051,Random Forest
0_Median frequency,24,0.0023903366320075,Random Forest
0_Maximum frequency,25,0.0020999613143704,Random Forest
0_LPCC_1,26,0.0015706431039091,Random Forest
0_Fundamental frequency,27,0.0015371016496327,Random Forest
0_Max,28,0.0012088708279484,Random Forest
0_LPCC_5,29,0.0008749668444896,Random Forest
0_Mean,30,0.0007141310064308,Random Forest
0_Median,31,0.0006967732757623,Random Forest
0_Spectral decrease,32,0.0004812286286843,Random Forest
0_Zero crossing rate,33,0.0004039383819371,Random Forest
0_Spectral positive turning points,34,0.0001884566812962,Random Forest
0_Negative turning points,35,0.000127675228489,Random Forest
0_LPCC_6,36,9.759795698656888e-05,Random Forest
0_Power bandwidth,37,3.24163465438998e-05,Random Forest
0_Spectral roll-on,38,2.857940483938541e-05,Random Forest
0_Neighbourhood peaks,39,4.2531795725035215e-06,Random Forest
0_Median diff,40,4.884981308350689e-17,Random Forest
0_Median absolute diff,41,-0.0001372937646017,Random Forest
0_MFCC_4,42,-0.0003410051144513,Random Forest
0_MFCC_4,1,2.181308192999155,Bayesian Ridge
0_Peak to peak distance,2,1.5545389345047438,Bayesian Ridge
0_ECDF Percentile_0,3,1.207821799638464,Bayesian Ridge
0_MFCC_5,4,0.9181798453539228,Bayesian Ridge
0_MFCC_11,5,0.5452879156349194,Bayesian Ridge
0_Max,6,0.5168975884013701,Bayesian Ridge
0_Mean,7,0.4822436932830931,Bayesian Ridge
0_MFCC_9,8,0.3765894745479571,Bayesian Ridge
0_MFCC_0,9,0.2669783573587991,Bayesian Ridge
0_Slope,10,0.2586978109609913,Bayesian Ridge
0_Median,11,0.2195935109918183,Bayesian Ridge
0_ECDF Percentile_1,12,0.1013387886917266,Bayesian Ridge
0_Spectral decrease,13,0.0981816956933416,Bayesian Ridge
0_MFCC_8,14,0.0596781573446071,Bayesian Ridge
0_Interquartile range,15,0.0363512191794145,Bayesian Ridge
0_Autocorrelation,16,0.028810213452055,Bayesian Ridge
0_Wavelet absolute mean_27777777.78Hz,17,0.0247072131729861,Bayesian Ridge
0_Spectral entropy,18,0.0241476996687563,Bayesian Ridge
0_LPCC_0,19,0.0194596142535414,Bayesian Ridge
0_Mean diff,20,0.0182778382420188,Bayesian Ridge
0_Wavelet absolute mean_125000000.0Hz,21,0.0145295138025998,Bayesian Ridge
0_Spectral variation,22,0.0127721415252529,Bayesian Ridge
0_Wavelet entropy,23,0.0121516626823443,Bayesian Ridge
0_Power bandwidth,24,0.0110330133183973,Bayesian Ridge
0_Entropy,25,0.0100888369885348,Bayesian Ridge
0_Wavelet energy_125000000.0Hz,26,0.0098162713415403,Bayesian Ridge
0_Spectral roll-on,27,0.0045286640613292,Bayesian Ridge
0_MFCC_10,28,0.0033190047581969,Bayesian Ridge
0_Median frequency,29,0.0025718497691098,Bayesian Ridge
0_LPCC_1,30,0.0016019141421315,Bayesian Ridge
0_LPCC_5,31,0.0015519005106663,Bayesian Ridge
0_Spectral positive turning points,32,0.0011512452859136,Bayesian Ridge
0_Zero crossing rate,33,0.0010111173457401,Bayesian Ridge
0_Absolute energy,34,0.0008259508320677,Bayesian Ridge
0_Maximum frequency,35,0.0005935508395522,Bayesian Ridge
0_Fundamental frequency,36,0.0003164130110899,Bayesian Ridge
0_Negative turning points,37,0.0002059191469414,Bayesian Ridge
0_Median absolute diff,38,0.0001180517318094,Bayesian Ridge
0_Neighbourhood peaks,39,8.451361720360465e-05,Bayesian Ridge
0_LPCC_6,40,6.785446466833989e-05,Bayesian Ridge
0_Histogram mode,41,5.392271675258649e-05,Bayesian Ridge
0_Median diff,42,0.0,Bayesian Ridge
0_Peak to peak distance,1,0.8348539765675863,XGBoost
0_Spectral entropy,2,0.2882544803619384,XGBoost
0_Autocorrelation,3,0.1589641261100769,XGBoost
0_Interquartile range,4,0.0352125779787699,XGBoost
0_Mean diff,5,0.0102739000320434,XGBoost
0_Spectral variation,6,0.0087441825866699,XGBoost
0_Entropy,7,0.005273745059967,XGBoost
0_Wavelet energy_125000000.0Hz,8,0.0044030300776163,XGBoost
0_Histogram mode,9,0.0034984310468037,XGBoost
0_Wavelet entropy,10,0.0027184947331746,XGBoost
0_Absolute energy,11,0.0026609762509663,XGBoost
0_MFCC_11,12,0.0018655848503112,XGBoost
0_Max,13,0.0013571937878926,XGBoost
0_MFCC_9,14,0.0009953689575195,XGBoost
0_LPCC_0,15,0.0009414752324422,XGBoost
0_MFCC_5,16,0.0009216403961181,XGBoost
0_Maximum frequency,17,0.0008882300059,XGBoost
0_MFCC_0,18,0.0008081213633219,XGBoost
0_Slope,19,0.0007828418413798,XGBoost
0_MFCC_10,20,0.0007452313105265,XGBoost
0_Wavelet absolute mean_125000000.0Hz,21,0.0006789962450663,XGBoost
0_Fundamental frequency,22,0.0005219260851542,XGBoost
0_LPCC_1,23,0.0004723930358886,XGBoost
0_MFCC_8,24,0.0004444630940755,XGBoost
0_Spectral positive turning points,25,0.000378999710083,XGBoost
0_ECDF Percentile_1,26,0.0003529040018717,XGBoost
0_Wavelet absolute mean_27777777.78Hz,27,0.0003302979469299,XGBoost
0_ECDF Percentile_0,28,0.0002684609095255,XGBoost
0_Spectral decrease,29,0.0002530304590861,XGBoost
0_LPCC_5,30,0.0002188944816589,XGBoost
0_MFCC_4,31,0.0001156552632649,XGBoost
0_Median,32,5.157152811686198e-05,XGBoost
0_Negative turning points,33,5.066871643066407e-05,XGBoost
0_Median frequency,34,2.3959477742513026e-05,XGBoost
0_Neighbourhood peaks,35,2.1084944407145182e-05,XGBoost
0_Power bandwidth,36,0.0,XGBoost
0_Spectral roll-on,37,0.0,XGBoost
0_Median diff,38,0.0,XGBoost
0_Zero crossing rate,39,-2.965052922566732e-05,XGBoost
0_LPCC_6,40,-0.0002159365018208,XGBoost
0_Mean,41,-0.0003659129142761,XGBoost
0_Median absolute diff,42,-0.0005649836858113,XGBoost
0_Spectral entropy,1,0.12677730924714,SVR
0_Spectral variation,2,0.0958577978830567,SVR
0_ECDF Percentile_0,3,0.0798951389356456,SVR
0_Peak to peak distance,4,0.0760052056766551,SVR
0_Mean diff,5,0.0628871767587171,SVR
0_Interquartile range,6,0.0615165365046143,SVR
0_Absolute energy,7,0.0532910788841194,SVR
0_LPCC_0,8,0.0526398777042426,SVR
0_Spectral decrease,9,0.049783593747872,SVR
0_Wavelet absolute mean_27777777.78Hz,10,0.047843212981067,SVR
0_Median,11,0.046684220133331,SVR
0_MFCC_11,12,0.0352287531493702,SVR
0_Slope,13,0.0260144388936551,SVR
0_Autocorrelation,14,0.0176875044213484,SVR
0_Max,15,0.0137473442529108,SVR
0_Mean,16,0.0130758273949985,SVR
0_MFCC_9,17,0.0106558605883528,SVR
0_Wavelet energy_125000000.0Hz,18,0.0102597240494348,SVR
0_Wavelet absolute mean_125000000.0Hz,19,0.0097582751784225,SVR
0_Wavelet entropy,20,0.0096747299451458,SVR
0_MFCC_5,21,0.009128068771321,SVR
0_Maximum frequency,22,0.0047482146571317,SVR
0_Median diff,23,0.0044625641782928,SVR
0_ECDF Percentile_1,24,0.0038608804227291,SVR
0_MFCC_8,25,0.0027939603424002,SVR
0_MFCC_10,26,0.0026933507070312,SVR
0_Spectral roll-on,27,0.0020593586158955,SVR
0_Median absolute diff,28,0.0018754590774685,SVR
0_LPCC_1,29,0.0017593594495185,SVR
0_MFCC_0,30,0.0016026836346609,SVR
0_Zero crossing rate,31,0.0011789869787309,SVR
0_Negative turning points,32,0.0010607154911398,SVR
0_Fundamental frequency,33,0.0009859624009164,SVR
0_Spectral positive turning points,34,0.000770741152824,SVR
0_Entropy,35,0.000755585690167,SVR
0_Neighbourhood peaks,36,0.0005712809404632,SVR
0_MFCC_4,37,0.0004481705558154,SVR
0_LPCC_5,38,0.0003727601178629,SVR
0_Histogram mode,39,0.0003034061572222,SVR
0_Median frequency,40,0.0001819610675852,SVR
0_LPCC_6,41,5.5966621959306905e-05,SVR
0_Power bandwidth,42,-0.0002138932233941,SVR
0_Peak to peak distance,1,0.1400679602535469,Random Forest
0_Spectral entropy,2,0.0720435756202922,Random Forest
0_Spectral variation,3,0.0454373165842203,Random Forest
0_Absolute energy,4,0.0396116487530857,Random Forest
0_Autocorrelation,5,0.0341848726700704,Random Forest
0_Interquartile range,6,0.0271894858034074,Random Forest
0_Entropy,7,0.0211219180750161,Random Forest
0_Wavelet energy_125000000.0Hz,8,0.012391161292564,Random Forest
0_Histogram mode,9,0.0107856562892587,Random Forest
0_MFCC_11,10,0.0106816863626973,Random Forest
0_Wavelet absolute mean_125000000.0Hz,11,0.0091843330597443,Random Forest
0_ECDF Percentile_0,12,0.0078285634832901,Random Forest
0_Slope,13,0.0055461107206243,Random Forest
0_Wavelet absolute mean_27777777.78Hz,14,0.0044065812647479,Random Forest
0_ECDF Percentile_1,15,0.0039133394166526,Random Forest
0_Mean diff,16,0.0038527466100548,Random Forest
0_LPCC_0,17,0.0033445843325445,Random Forest
0_MFCC_8,18,0.0029809799588757,Random Forest
0_MFCC_0,19,0.0028063716690098,Random Forest
0_MFCC_9,20,0.0027106240544177,Random Forest
0_Fundamental frequency,21,0.0024698860940107,Random Forest
0_Spectral decrease,22,0.0020801766766312,Random Forest
0_MFCC_5,23,0.0019728411059746,Random Forest
0_MFCC_10,24,0.0017944269103822,Random Forest
0_Wavelet entropy,25,0.0015536934765691,Random Forest
0_Median frequency,26,0.0014606411478514,Random Forest
0_Median,27,0.0012849120072158,Random Forest
0_Maximum frequency,28,0.0011971875715291,Random Forest
0_Mean,29,0.0010496426506756,Random Forest
0_LPCC_1,30,0.0008165560509831,Random Forest
0_Max,31,0.0008159540641101,Random Forest
0_Zero crossing rate,32,0.0007877588580047,Random Forest
0_LPCC_6,33,0.0006637597721792,Random Forest
0_LPCC_5,34,0.0006036761415946,Random Forest
0_MFCC_4,35,0.0004287471403924,Random Forest
0_Power bandwidth,36,3.506261594665864e-05,Random Forest
0_Negative turning points,37,1.0755684962370595e-05,Random Forest
0_Spectral roll-on,38,6.856994312032979e-06,Random Forest
0_Neighbourhood peaks,39,3.471610251115642e-06,Random Forest
0_Median diff,40,5.9211894646675e-17,Random Forest
0_Median absolute diff,41,-2.955275622190297e-06,Random Forest
0_Spectral positive turning points,42,-0.0001297573078183,Random Forest
0_MFCC_4,1,1.855676566204083,Bayesian Ridge
0_Peak to peak distance,2,1.5084930858063514,Bayesian Ridge
0_ECDF Percentile_0,3,0.9513668624217948,Bayesian Ridge
0_MFCC_5,4,0.8056862146451299,Bayesian Ridge
0_Mean,5,0.8018685312943632,Bayesian Ridge
0_MFCC_11,6,0.6119489103730034,Bayesian Ridge
0_Max,7,0.5112594887932932,Bayesian Ridge
0_Slope,8,0.4712672871860452,Bayesian Ridge
0_MFCC_9,9,0.388690507920893,Bayesian Ridge
0_MFCC_0,10,0.153436950421488,Bayesian Ridge
0_Median,11,0.1049122189455432,Bayesian Ridge
0_ECDF Percentile_1,12,0.0580979668515007,Bayesian Ridge
0_MFCC_8,13,0.048122938705257,Bayesian Ridge
0_Autocorrelation,14,0.0380772639290035,Bayesian Ridge
0_Spectral entropy,15,0.036729070261204,Bayesian Ridge
0_Wavelet absolute mean_27777777.78Hz,16,0.0352693609157674,Bayesian Ridge
0_Spectral decrease,17,0.0224637902987596,Bayesian Ridge
0_Wavelet energy_125000000.0Hz,18,0.0218389356399566,Bayesian Ridge
0_Spectral variation,19,0.013390997763963,Bayesian Ridge
0_Entropy,20,0.0101299896615384,Bayesian Ridge
0_Power bandwidth,21,0.0061138906390139,Bayesian Ridge
0_Wavelet entropy,22,0.0056482439259433,Bayesian Ridge
0_MFCC_10,23,0.0051732683057985,Bayesian Ridge
0_Interquartile range,24,0.0042314332935113,Bayesian Ridge
0_LPCC_0,25,0.0036065090724922,Bayesian Ridge
0_Wavelet absolute mean_125000000.0Hz,26,0.0034456894470037,Bayesian Ridge
0_LPCC_1,27,0.0032431214178775,Bayesian Ridge
0_Median diff,28,0.0022260016237248,Bayesian Ridge
0_Median frequency,29,0.0022124717330564,Bayesian Ridge
0_Spectral roll-on,30,0.0021613838291516,Bayesian Ridge
0_Zero crossing rate,31,0.0015793264845502,Bayesian Ridge
0_Median absolute diff,32,0.0005007057576125,Bayesian Ridge
0_Fundamental frequency,33,0.0004588770755973,Bayesian Ridge
0_Negative turning points,34,0.0003746631525606,Bayesian Ridge
0_LPCC_6,35,0.0001259398684183,Bayesian Ridge
0_Mean diff,36,7.937906602024203e-05,Bayesian Ridge
0_Spectral positive turning points,37,5.754711082665528e-05,Bayesian Ridge
0_Neighbourhood peaks,38,1.4513274676801008e-05,Bayesian Ridge
0_Histogram mode,39,-8.440194454604348e-05,Bayesian Ridge
0_Absolute energy,40,-0.0001500439065428,Bayesian Ridge
0_Maximum frequency,41,-0.0003779640573109,Bayesian Ridge
0_LPCC_5,42,-0.0007035057969057,Bayesian Ridge
0_Peak to peak distance,1,0.877926595211029,XGBoost
0_Spectral entropy,2,0.2313696805636088,XGBoost
0_Autocorrelation,3,0.2182221404711405,XGBoost
0_Mean diff,4,0.0134766801198323,XGBoost
0_Spectral variation,5,0.0036745460828145,XGBoost
0_Max,6,0.0025500226020812,XGBoost
0_Interquartile range,7,0.0021571175257364,XGBoost
0_Slope,8,0.0014989892641703,XGBoost
0_LPCC_0,9,0.0014937210083007,XGBoost
0_Histogram mode,10,0.0012266612052917,XGBoost
0_MFCC_5,11,0.0011541851361592,XGBoost
0_MFCC_8,12,0.0009944542249043,XGBoost
0_Fundamental frequency,13,0.000722267627716,XGBoost
0_Spectral positive turning points,14,0.000717118581136,XGBoost
0_MFCC_11,15,0.000676732858022,XGBoost
0_Wavelet energy_125000000.0Hz,16,0.0005090403556823,XGBoost
0_Wavelet absolute mean_27777777.78Hz,17,0.0005078315734863,XGBoost
0_MFCC_10,18,0.0004893692334493,XGBoost
0_MFCC_9,19,0.0004863842328389,XGBoost
0_LPCC_6,20,0.0004288299878438,XGBoost
0_LPCC_1,21,0.0003056724866231,XGBoost
0_LPCC_5,22,0.000281286239624,XGBoost
0_Neighbourhood peaks,23,0.0002702760696411,XGBoost
0_MFCC_4,24,9.796857833862304e-05,XGBoost
0_ECDF Percentile_1,25,9.417215983072916e-05,XGBoost
0_Zero crossing rate,26,5.199432373046875e-05,XGBoost
0_Median absolute diff,27,0.0,XGBoost
0_Median diff,28,0.0,XGBoost
0_Median frequency,29,0.0,XGBoost
0_Spectral roll-on,30,0.0,XGBoost
0_Power bandwidth,31,0.0,XGBoost
0_Negative turning points,32,-2.677281697591146e-05,XGBoost
0_Mean,33,-6.624937057495117e-05,XGBoost
0_MFCC_0,34,-0.0001332751909891,XGBoost
0_Spectral decrease,35,-0.0001739430427551,XGBoost
0_Median,36,-0.0001870544751485,XGBoost
0_Wavelet absolute mean_125000000.0Hz,37,-0.0002476676305135,XGBoost
0_Maximum frequency,38,-0.0002555338541666,XGBoost
0_Wavelet entropy,39,-0.0004191040992736,XGBoost
0_Absolute energy,40,-0.0005302381515502,XGBoost
0_ECDF Percentile_0,41,-0.0009149686495463,XGBoost
0_Entropy,42,-0.0012804905573527,XGBoost
0_Spectral entropy,1,0.1043436349565111,SVR
0_Spectral decrease,2,0.0996583052594351,SVR
0_Peak to peak distance,3,0.093564055203485,SVR
0_Mean diff,4,0.0892244064964474,SVR
0_Interquartile range,5,0.0783728632429548,SVR
0_Spectral variation,6,0.0779538442275814,SVR
0_LPCC_0,7,0.0760966728848215,SVR
0_ECDF Percentile_0,8,0.0722452405018976,SVR
0_Absolute energy,9,0.0519964808155631,SVR
0_Wavelet absolute mean_27777777.78Hz,10,0.0505438776565245,SVR
0_Median,11,0.0488708576432906,SVR
0_Max,12,0.0485796569425128,SVR
0_Slope,13,0.0251269959501393,SVR
0_MFCC_11,14,0.0233785631332207,SVR
0_Wavelet absolute mean_125000000.0Hz,15,0.0218163166485957,SVR
0_MFCC_5,16,0.0138819151577721,SVR
0_MFCC_9,17,0.0133441185022732,SVR
0_Autocorrelation,18,0.0128225608673026,SVR
0_Mean,19,0.0104023098856416,SVR
0_Maximum frequency,20,0.0100232657023281,SVR
0_Wavelet entropy,21,0.0086299426233443,SVR
0_Wavelet energy_125000000.0Hz,22,0.0083021135401844,SVR
0_MFCC_10,23,0.0053424180443775,SVR
0_Median diff,24,0.004021725941407,SVR
0_LPCC_5,25,0.0036868703613363,SVR
0_ECDF Percentile_1,26,0.0033977263758065,SVR
0_MFCC_8,27,0.0033780708688198,SVR
0_LPCC_1,28,0.0029577353564125,SVR
0_Histogram mode,29,0.0024190221974407,SVR
0_MFCC_0,30,0.0022191696401727,SVR
0_Spectral roll-on,31,0.0014131197648725,SVR
0_Fundamental frequency,32,0.0013246220302738,SVR
0_Median absolute diff,33,0.0012943409870834,SVR
0_LPCC_6,34,0.0012257019859761,SVR
0_Zero crossing rate,35,0.0011740788886485,SVR
0_Spectral positive turning points,36,0.0009795917369981,SVR
0_MFCC_4,37,0.0008930637519892,SVR
0_Entropy,38,0.0007041482607527,SVR
0_Negative turning points,39,0.0005020449342824,SVR
0_Power bandwidth,40,0.0001222868862411,SVR
0_Neighbourhood peaks,41,0.0001063690204817,SVR
0_Median frequency,42,-0.0001770119570591,SVR
0_Peak to peak distance,1,0.1579224914166901,Random Forest
0_Spectral entropy,2,0.0806435762523849,Random Forest
0_Absolute energy,3,0.0602971700931251,Random Forest
0_Autocorrelation,4,0.038192862003602,Random Forest
0_Entropy,5,0.0346639150561389,Random Forest
0_Spectral variation,6,0.0326820878325153,Random Forest
0_Interquartile range,7,0.0324982080297915,Random Forest
0_Wavelet energy_125000000.0Hz,8,0.0198215956018288,Random Forest
0_Histogram mode,9,0.0160335311247185,Random Forest
0_ECDF Percentile_0,10,0.0116531876922726,Random Forest
0_Wavelet absolute mean_125000000.0Hz,11,0.0094112296883621,Random Forest
0_MFCC_11,12,0.0094106262942116,Random Forest
0_Slope,13,0.0081382993466502,Random Forest
0_Mean diff,14,0.0077494829217581,Random Forest
0_MFCC_0,15,0.0056862292996461,Random Forest
0_ECDF Percentile_1,16,0.0045639191037567,Random Forest
0_Wavelet entropy,17,0.0044103539825162,Random Forest
0_LPCC_0,18,0.0041314872203995,Random Forest
0_MFCC_9,19,0.0038146200770651,Random Forest
0_MFCC_8,20,0.0035401237065144,Random Forest
0_Wavelet absolute mean_27777777.78Hz,21,0.0033115993772116,Random Forest
0_Fundamental frequency,22,0.0032846355537946,Random Forest
0_MFCC_5,23,0.0031032184257592,Random Forest
0_MFCC_10,24,0.0022569052645898,Random Forest
0_Spectral decrease,25,0.0018966643391448,Random Forest
0_Maximum frequency,26,0.0017209994476321,Random Forest
0_Median frequency,27,0.0016168235233503,Random Forest
0_Max,28,0.0016018876346989,Random Forest
0_Median,29,0.0013655496573379,Random Forest
0_LPCC_1,30,0.0012387253062689,Random Forest
0_Zero crossing rate,31,0.0011703912964566,Random Forest
0_LPCC_6,32,0.0005191487790297,Random Forest
0_Mean,33,0.0004403066979681,Random Forest
0_MFCC_4,34,0.0004042648835661,Random Forest
0_Median absolute diff,35,0.0002567098703725,Random Forest
0_LPCC_5,36,0.0002022976773815,Random Forest
0_Spectral positive turning points,37,0.0001505039007861,Random Forest
0_Negative turning points,38,0.0001401735892366,Random Forest
0_Power bandwidth,39,0.0001119100452429,Random Forest
0_Spectral roll-on,40,4.4268865092488656e-05,Random Forest
0_Neighbourhood peaks,41,9.6543620121133e-06,Random Forest
0_Median diff,42,1.9243865760169378e-17,Random Forest
0_MFCC_4,1,1.5780035789677047,Bayesian Ridge
0_Peak to peak distance,2,1.4697606623746828,Bayesian Ridge
0_ECDF Percentile_0,3,1.045603009368085,Bayesian Ridge
0_MFCC_5,4,0.7844945618779336,Bayesian Ridge
0_Mean,5,0.5764585162050857,Bayesian Ridge
0_MFCC_11,6,0.5761929428588359,Bayesian Ridge
0_Max,7,0.5706861865938183,Bayesian Ridge
0_Slope,8,0.376794830970363,Bayesian Ridge
0_MFCC_9,9,0.351775382294373,Bayesian Ridge
0_MFCC_0,10,0.1659909893024339,Bayesian Ridge
0_Median,11,0.1293690454757954,Bayesian Ridge
0_Spectral decrease,12,0.0959390278051301,Bayesian Ridge
0_ECDF Percentile_1,13,0.0910929188650667,Bayesian Ridge
0_MFCC_8,14,0.0795718096356292,Bayesian Ridge
0_Interquartile range,15,0.0389503155927057,Bayesian Ridge
0_Wavelet absolute mean_27777777.78Hz,16,0.0303849162961436,Bayesian Ridge
0_LPCC_0,17,0.0282964755203818,Bayesian Ridge
0_Spectral entropy,18,0.0218698802697727,Bayesian Ridge
0_Autocorrelation,19,0.0212916212731797,Bayesian Ridge
0_Wavelet energy_125000000.0Hz,20,0.0143077310162703,Bayesian Ridge
0_Entropy,21,0.0122136561551369,Bayesian Ridge
0_Spectral variation,22,0.0110511531828138,Bayesian Ridge
0_Mean diff,23,0.0104041715626352,Bayesian Ridge
0_Absolute energy,24,0.0090971292003547,Bayesian Ridge
0_Wavelet entropy,25,0.0081293510371976,Bayesian Ridge
0_Power bandwidth,26,0.0063580423283905,Bayesian Ridge
0_Wavelet absolute mean_125000000.0Hz,27,0.0061808689753968,Bayesian Ridge
0_Spectral roll-on,28,0.0033247211547888,Bayesian Ridge
0_Median frequency,29,0.0027082923337907,Bayesian Ridge
0_LPCC_1,30,0.0021565572081598,Bayesian Ridge
0_Zero crossing rate,31,0.001670701859117,Bayesian Ridge
0_Median diff,32,0.000892608597393,Bayesian Ridge
0_Spectral positive turning points,33,0.0008155823655871,Bayesian Ridge
0_LPCC_5,34,0.0007922615446326,Bayesian Ridge
0_Negative turning points,35,0.000498766445019,Bayesian Ridge
0_Median absolute diff,36,0.0003413324602101,Bayesian Ridge
0_MFCC_10,37,0.0002183270525344,Bayesian Ridge
0_Maximum frequency,38,0.0001847311884255,Bayesian Ridge
0_Neighbourhood peaks,39,4.57715174717821e-05,Bayesian Ridge
0_LPCC_6,40,-5.885897230740511e-05,Bayesian Ridge
0_Fundamental frequency,41,-0.0002327587596639,Bayesian Ridge
0_Histogram mode,42,-0.0004764184984111,Bayesian Ridge
0_Peak to peak distance,1,0.7564160617192587,XGBoost
0_Spectral entropy,2,0.2501889769236247,XGBoost
0_Autocorrelation,3,0.1858504589398702,XGBoost
0_Interquartile range,4,0.0132217812538146,XGBoost
0_Mean diff,5,0.0115997648239135,XGBoost
0_Entropy,6,0.0112905565897623,XGBoost
0_Spectral variation,7,0.0065174484252929,XGBoost
0_Histogram mode,8,0.0061217331886291,XGBoost
0_Wavelet entropy,9,0.0036931451161702,XGBoost
0_Wavelet energy_125000000.0Hz,10,0.0035434015591939,XGBoost
0_MFCC_9,11,0.0019649656613667,XGBoost
0_Max,12,0.0018703055381774,XGBoost
0_MFCC_11,13,0.001708481311798,XGBoost
0_MFCC_8,14,0.0013841319084167,XGBoost
0_Spectral decrease,15,0.0010643005371093,XGBoost
0_Wavelet absolute mean_125000000.0Hz,16,0.0009556714693705,XGBoost
0_MFCC_0,17,0.0009446867307027,XGBoost
0_Median diff,18,0.0007919303576151,XGBoost
0_ECDF Percentile_1,19,0.0007444349924723,XGBoost
0_Spectral positive turning points,20,0.0007262134552001,XGBoost
0_MFCC_5,21,0.0005660923322041,XGBoost
0_Fundamental frequency,22,0.000495528380076,XGBoost
0_LPCC_1,23,0.0004691529273986,XGBoost
0_MFCC_10,24,0.0003635946909586,XGBoost
0_Wavelet absolute mean_27777777.78Hz,25,0.0003499730428059,XGBoost
0_ECDF Percentile_0,26,0.0003430875142415,XGBoost
0_Median,27,0.0003127439816792,XGBoost
0_LPCC_0,28,0.0002183572451273,XGBoost
0_LPCC_5,29,0.0001781964302062,XGBoost
0_Negative turning points,30,0.0001380523045857,XGBoost
0_Neighbourhood peaks,31,0.0001241525014241,XGBoost
0_MFCC_4,32,9.931564331054688e-05,XGBoost
0_Zero crossing rate,33,7.857402165730794e-05,XGBoost
0_Slope,34,6.330092748006185e-05,XGBoost
0_Power bandwidth,35,0.0,XGBoost
0_Median frequency,36,0.0,XGBoost
0_Spectral roll-on,37,0.0,XGBoost
0_Median absolute diff,38,-7.297277450561523e-05,XGBoost
0_Mean,39,-0.0002449345588684,XGBoost
0_Absolute energy,40,-0.0002683424949645,XGBoost
0_LPCC_6,41,-0.0003603680928548,XGBoost
0_Maximum frequency,42,-0.0016266067822774,XGBoost
0_ECDF Percentile_0,1,0.1211233649143637,SVR
0_Spectral variation,2,0.112428989904746,SVR
0_Spectral entropy,3,0.1078244941252811,SVR
0_Median,4,0.1067773284892243,SVR
0_Absolute energy,5,0.0965739814973378,SVR
0_Interquartile range,6,0.0947980487769628,SVR
0_LPCC_0,7,0.0932825678552915,SVR
0_Peak to peak distance,8,0.0811254307649505,SVR
0_Mean diff,9,0.0771685852202551,SVR
0_Wavelet absolute mean_27777777.78Hz,10,0.0617825911050833,SVR
0_Max,11,0.0473670933302133,SVR
0_Spectral decrease,12,0.0418039235704981,SVR
0_Slope,13,0.039336967016938,SVR
0_Autocorrelation,14,0.0251424898132071,SVR
0_MFCC_11,15,0.0234832849493055,SVR
0_Wavelet energy_125000000.0Hz,16,0.0173366069720404,SVR
0_MFCC_5,17,0.0142444733282636,SVR
0_ECDF Percentile_1,18,0.0125549654478402,SVR
0_Mean,19,0.0117788161542978,SVR
0_Wavelet absolute mean_125000000.0Hz,20,0.010089383800536,SVR
0_MFCC_9,21,0.0100864237492078,SVR
0_MFCC_10,22,0.0063018184194016,SVR
0_MFCC_8,23,0.0051429577572604,SVR
0_Maximum frequency,24,0.0045272394498612,SVR
0_MFCC_4,25,0.0036653388092531,SVR
0_Median absolute diff,26,0.0036317559061225,SVR
0_LPCC_1,27,0.0021212097870637,SVR
0_Wavelet entropy,28,0.0020323518787293,SVR
0_MFCC_0,29,0.00201702055228,SVR
0_Median frequency,30,0.0017889501342345,SVR
0_Entropy,31,0.001708556197718,SVR
0_Zero crossing rate,32,0.0015396888428977,SVR
0_Histogram mode,33,0.0011377482679275,SVR
0_Spectral roll-on,34,0.0009754560999175,SVR
0_Power bandwidth,35,0.0007828504843915,SVR
0_LPCC_5,36,0.0006279146421293,SVR
0_Fundamental frequency,37,0.0003685831000277,SVR
0_Spectral positive turning points,38,0.0002595009904918,SVR
0_LPCC_6,39,0.0002557138974708,SVR
0_Negative turning points,40,0.0001402793031598,SVR
0_Median diff,41,0.0,SVR
0_Neighbourhood peaks,42,-7.502229513985566e-05,SVR
0_Peak to peak distance,1,0.1441618305757797,Random Forest
0_Spectral entropy,2,0.0773031384743069,Random Forest
0_Autocorrelation,3,0.045385236454506,Random Forest
0_Spectral variation,4,0.0346748929239879,Random Forest
0_Absolute energy,5,0.0342659615668987,Random Forest
0_Entropy,6,0.0232116285921098,Random Forest
0_Interquartile range,7,0.0221971720945109,Random Forest
0_MFCC_11,8,0.0134186489096827,Random Forest
0_Wavelet absolute mean_125000000.0Hz,9,0.0126904449625856,Random Forest
0_Histogram mode,10,0.011737873462998,Random Forest
0_LPCC_0,11,0.0095811500733461,Random Forest
0_Wavelet energy_125000000.0Hz,12,0.0082879960385794,Random Forest
0_ECDF Percentile_0,13,0.0082554677016842,Random Forest
0_MFCC_8,14,0.0055014733134062,Random Forest
0_Mean diff,15,0.0049457304745158,Random Forest
0_Fundamental frequency,16,0.0040862770038201,Random Forest
0_Slope,17,0.0039756812337782,Random Forest
0_MFCC_9,18,0.0035958476500545,Random Forest
0_MFCC_0,19,0.0035846353956991,Random Forest
0_ECDF Percentile_1,20,0.0033599833329993,Random Forest
0_Spectral decrease,21,0.002665363431953,Random Forest
0_Wavelet entropy,22,0.0017542949433698,Random Forest
0_LPCC_1,23,0.0014628024562532,Random Forest
0_Max,24,0.0012167227878585,Random Forest
0_Wavelet absolute mean_27777777.78Hz,25,0.0009920750464957,Random Forest
0_Zero crossing rate,26,0.0009748033894848,Random Forest
0_MFCC_4,27,0.0008274821870264,Random Forest
0_Mean,28,0.0006594309760308,Random Forest
0_MFCC_10,29,0.0004822459972441,Random Forest
0_LPCC_6,30,0.0003717872872126,Random Forest
0_Median,31,0.00031707752099,Random Forest
0_Median frequency,32,0.0003063797255906,Random Forest
0_MFCC_5,33,0.0002802156483775,Random Forest
0_Maximum frequency,34,9.650228215496732e-05,Random Forest
0_LPCC_5,35,5.575862204635425e-05,Random Forest
0_Neighbourhood peaks,36,4.621362732904662e-05,Random Forest
0_Median diff,37,-8.585724723767877e-17,Random Forest
0_Spectral roll-on,38,-4.9873359768500456e-06,Random Forest
0_Power bandwidth,39,-7.837258937044567e-06,Random Forest
0_Spectral positive turning points,40,-8.306134423828955e-05,Random Forest
0_Negative turning points,41,-0.0001359475191218,Random Forest
0_Median absolute diff,42,-0.0001585929514226,Random Forest
0_ECDF Percentile_0,1,1.6943446012761043,Bayesian Ridge
0_MFCC_4,2,1.4356433113677112,Bayesian Ridge
0_Peak to peak distance,3,1.2458518247332002,Bayesian Ridge
0_MFCC_5,4,1.043005123822681,Bayesian Ridge
0_Mean,5,0.8091345209440483,Bayesian Ridge
0_Max,6,0.5252113587366517,Bayesian Ridge
0_Slope,7,0.3872478023111504,Bayesian Ridge
0_MFCC_9,8,0.3440978266796102,Bayesian Ridge
0_Median,9,0.3093392992384347,Bayesian Ridge
0_MFCC_11,10,0.2857758617395927,Bayesian Ridge
0_ECDF Percentile_1,11,0.236927502807877,Bayesian Ridge
0_MFCC_0,12,0.1076211547087612,Bayesian Ridge
0_Wavelet absolute mean_27777777.78Hz,13,0.0918315766609961,Bayesian Ridge
0_Interquartile range,14,0.0736651749939434,Bayesian Ridge
0_Spectral decrease,15,0.0656200640127078,Bayesian Ridge
0_Wavelet energy_125000000.0Hz,16,0.0539819290827182,Bayesian Ridge
0_Spectral variation,17,0.0380451963728868,Bayesian Ridge
0_MFCC_10,18,0.0352750221972837,Bayesian Ridge
0_MFCC_8,19,0.0306225408847096,Bayesian Ridge
0_Autocorrelation,20,0.0292223270295183,Bayesian Ridge
0_LPCC_0,21,0.0276279030837739,Bayesian Ridge
0_Entropy,22,0.0177634945427502,Bayesian Ridge
0_Power bandwidth,23,0.0149616431868055,Bayesian Ridge
0_Spectral entropy,24,0.0131499947230149,Bayesian Ridge
0_Wavelet entropy,25,0.0113249681344943,Bayesian Ridge
0_Mean diff,26,0.0063176249798005,Bayesian Ridge
0_Median frequency,27,0.004869674992218,Bayesian Ridge
0_Spectral roll-on,28,0.0042093944147984,Bayesian Ridge
0_Absolute energy,29,0.0031046165116555,Bayesian Ridge
0_LPCC_5,30,0.0020105648458476,Bayesian Ridge
0_LPCC_1,31,0.0013889756829491,Bayesian Ridge
0_Fundamental frequency,32,0.0012869672124346,Bayesian Ridge
0_LPCC_6,33,0.000317598818405,Bayesian Ridge
0_Zero crossing rate,34,0.0003167897367354,Bayesian Ridge
0_Maximum frequency,35,0.0001728299805347,Bayesian Ridge
0_Neighbourhood peaks,36,0.0001137107075667,Bayesian Ridge
0_Median absolute diff,37,8.855081887017372e-06,Bayesian Ridge
0_Median diff,38,0.0,Bayesian Ridge
0_Negative turning points,39,-0.0001498009978515,Bayesian Ridge
0_Wavelet absolute mean_125000000.0Hz,40,-0.0002254828370811,Bayesian Ridge
0_Spectral positive turning points,41,-0.000300426797289,Bayesian Ridge
0_Histogram mode,42,-0.0003389508615004,Bayesian Ridge
0_Peak to peak distance,1,0.6467036318778991,XGBoost
0_Spectral entropy,2,0.237678898970286,XGBoost
0_Autocorrelation,3,0.1419148969650268,XGBoost
0_Entropy,4,0.019936998685201,XGBoost
0_Interquartile range,5,0.0195879213015238,XGBoost
0_Spectral variation,6,0.0176362744967142,XGBoost
0_Absolute energy,7,0.0127254851659139,XGBoost
0_Mean diff,8,0.0066882141431172,XGBoost
0_Max,9,0.0058700529734293,XGBoost
0_MFCC_5,10,0.0029693357149759,XGBoost
0_Histogram mode,11,0.0029441666603088,XGBoost
0_Wavelet absolute mean_125000000.0Hz,12,0.0016732676823933,XGBoost
0_Fundamental frequency,13,0.0014946285883585,XGBoost
0_Slope,14,0.001064592997233,XGBoost
0_ECDF Percentile_0,15,0.0009215633074442,XGBoost
0_MFCC_4,16,0.0009178670247395,XGBoost
0_LPCC_0,17,0.0007665340105692,XGBoost
0_MFCC_8,18,0.0006655136744181,XGBoost
0_Mean,19,0.0005090761184692,XGBoost
0_Median absolute diff,20,0.0004890449841817,XGBoost
0_MFCC_9,21,0.0004710189501444,XGBoost
0_LPCC_5,22,0.0003165260950724,XGBoost
0_Wavelet energy_125000000.0Hz,23,0.0001644500096638,XGBoost
0_Maximum frequency,24,0.0001544650395711,XGBoost
0_Spectral positive turning points,25,0.0001160931587219,XGBoost
0_Wavelet absolute mean_27777777.78Hz,26,8.905808130900066e-05,XGBoost
0_MFCC_11,27,7.531483968098958e-05,XGBoost
0_LPCC_1,28,4.994948705037435e-05,XGBoost
0_Neighbourhood peaks,29,8.805592854817708e-07,XGBoost
0_LPCC_6,30,3.886222839355469e-07,XGBoost
0_Power bandwidth,31,0.0,XGBoost
0_Spectral roll-on,32,0.0,XGBoost
0_Zero crossing rate,33,0.0,XGBoost
0_Median diff,34,0.0,XGBoost
0_MFCC_0,35,-6.217161814371745e-06,XGBoost
0_Spectral decrease,36,-1.2221336364746092e-05,XGBoost
0_Median,37,-2.5446414947509767e-05,XGBoost
0_MFCC_10,38,-3.614664077758789e-05,XGBoost
0_Wavelet entropy,39,-6.305774052937826e-05,XGBoost
0_Negative turning points,40,-7.37468401590983e-05,XGBoost
0_ECDF Percentile_1,41,-0.0002087982495625,XGBoost
0_Median frequency,42,-0.0002598905563354,XGBoost
0_Peak to peak distance,1,0.111575826790193,SVR
0_Spectral entropy,2,0.0968588572943507,SVR
0_Spectral variation,3,0.0893781363596613,SVR
0_Interquartile range,4,0.0780466829628375,SVR
0_LPCC_0,5,0.0727308332208243,SVR
0_Spectral decrease,6,0.0651473541779309,SVR
0_Mean diff,7,0.0625907782814724,SVR
0_ECDF Percentile_0,8,0.0569332483502032,SVR
0_Wavelet absolute mean_27777777.78Hz,9,0.0521797510379934,SVR
0_Median,10,0.0513998554802509,SVR
0_Absolute energy,11,0.0470538915161138,SVR
0_Max,12,0.040384575720066,SVR
0_MFCC_11,13,0.0360701489058174,SVR
0_Slope,14,0.0305572707477248,SVR
0_Autocorrelation,15,0.0208739467435914,SVR
0_Wavelet absolute mean_125000000.0Hz,16,0.0203037802107651,SVR
0_Mean,17,0.0125394437528011,SVR
0_Wavelet energy_125000000.0Hz,18,0.0115189692137443,SVR
0_MFCC_5,19,0.0060494450392691,SVR
0_MFCC_9,20,0.0055695768478484,SVR
0_MFCC_10,21,0.0049315572010731,SVR
0_Median diff,22,0.0044904691594519,SVR
0_MFCC_0,23,0.0032997497268325,SVR
0_LPCC_1,24,0.0031845069089615,SVR
0_Entropy,25,0.0029815301405031,SVR
0_MFCC_4,26,0.0023807099368462,SVR
0_LPCC_5,27,0.0020262703955221,SVR
0_MFCC_8,28,0.0015255761509113,SVR
0_Zero crossing rate,29,0.0007452105197057,SVR
0_Maximum frequency,30,0.0006147659832507,SVR
0_ECDF Percentile_1,31,0.0005806518137201,SVR
0_Power bandwidth,32,0.0003918224892433,SVR
0_Spectral roll-on,33,0.0002755641826968,SVR
0_Spectral positive turning points,34,0.000190479070508,SVR
0_Median frequency,35,0.0001190751276404,SVR
0_LPCC_6,36,-1.5930395875936773e-05,SVR
0_Neighbourhood peaks,37,-0.0001290020748395,SVR
0_Negative turning points,38,-0.0002812669875698,SVR
0_Median absolute diff,39,-0.0003130650745449,SVR
0_Wavelet entropy,40,-0.0006038319561669,SVR
0_Histogram mode,41,-0.000790613057468,SVR
0_Fundamental frequency,42,-0.0014751701012298,SVR
0_Peak to peak distance,1,0.1464666417709276,Random Forest
0_Spectral entropy,2,0.0721377086161659,Random Forest
0_Spectral variation,3,0.0366557290193502,Random Forest
0_Autocorrelation,4,0.0364325439134726,Random Forest
0_Absolute energy,5,0.032904343389733,Random Forest
0_Interquartile range,6,0.0167221067206435,Random Forest
0_Histogram mode,7,0.0160178265575528,Random Forest
0_Entropy,8,0.0153364403036272,Random Forest
0_MFCC_11,9,0.0106395049803717,Random Forest
0_Wavelet energy_125000000.0Hz,10,0.0106371874689106,Random Forest
0_Wavelet absolute mean_125000000.0Hz,11,0.0090748787538948,Random Forest
0_ECDF Percentile_0,12,0.0083350139647046,Random Forest
0_Mean diff,13,0.0058541026384878,Random Forest
0_LPCC_0,14,0.0052064759633129,Random Forest
0_Slope,15,0.0041225430024188,Random Forest
0_Fundamental frequency,16,0.0030712642910589,Random Forest
0_Wavelet absolute mean_27777777.78Hz,17,0.0030088998702651,Random Forest
0_MFCC_8,18,0.0026254549423572,Random Forest
0_MFCC_9,19,0.0019555367650566,Random Forest
0_Maximum frequency,20,0.0017047599356332,Random Forest
0_ECDF Percentile_1,21,0.0016482805385866,Random Forest
0_Median frequency,22,0.0014267711822018,Random Forest
0_MFCC_10,23,0.0013889341661419,Random Forest
0_MFCC_0,24,0.0012781962830318,Random Forest
0_Median,25,0.0012254003500444,Random Forest
0_Zero crossing rate,26,0.0011651730985672,Random Forest
0_LPCC_1,27,0.0009440373230659,Random Forest
0_LPCC_6,28,0.0008799568167502,Random Forest
0_MFCC_5,29,0.000765225852394,Random Forest
0_LPCC_5,30,0.0005821281577944,Random Forest
0_Spectral decrease,31,0.0004438680359236,Random Forest
0_Mean,32,0.0002951704615944,Random Forest
0_Spectral positive turning points,33,0.0001868422925988,Random Forest
0_Power bandwidth,34,0.0001461643038466,Random Forest
0_Neighbourhood peaks,35,1.3614484695891882e-05,Random Forest
0_Spectral roll-on,36,1.0805649945086295e-05,Random Forest
0_Median diff,37,5.9211894646675e-17,Random Forest
0_MFCC_4,38,-1.6912027741152377e-06,Random Forest
0_Negative turning points,39,-6.70254040536437e-05,Random Forest
0_Median absolute diff,40,-0.0003941298140313,Random Forest
0_Max,41,-0.0012696280039275,Random Forest
0_Wavelet entropy,42,-0.0014707802597966,Random Forest
0_MFCC_4,1,3.28764604477861,Bayesian Ridge
0_Peak to peak distance,2,1.8454495752664009,Bayesian Ridge
0_MFCC_5,3,1.1636067896632527,Bayesian Ridge
0_ECDF Percentile_0,4,0.7571308775474538,Bayesian Ridge
0_MFCC_11,5,0.6416792079057453,Bayesian Ridge
0_MFCC_9,6,0.5588654753138551,Bayesian Ridge
0_Max,7,0.5411678040083072,Bayesian Ridge
0_Mean,8,0.4672758513910287,Bayesian Ridge
0_Slope,9,0.2704233504121176,Bayesian Ridge
0_Median,10,0.1574019485418311,Bayesian Ridge
0_MFCC_0,11,0.1420074340908799,Bayesian Ridge
0_MFCC_8,12,0.1410434727643981,Bayesian Ridge
0_ECDF Percentile_1,13,0.0798893707434568,Bayesian Ridge
0_MFCC_10,14,0.0661530758528055,Bayesian Ridge
0_Spectral entropy,15,0.0508706111958689,Bayesian Ridge
0_Spectral decrease,16,0.0453415976661725,Bayesian Ridge
0_Autocorrelation,17,0.0313587839569804,Bayesian Ridge
0_Entropy,18,0.0292904448760081,Bayesian Ridge
0_Wavelet energy_125000000.0Hz,19,0.024037103650996,Bayesian Ridge
0_Wavelet absolute mean_27777777.78Hz,20,0.019632459594769,Bayesian Ridge
0_Interquartile range,21,0.0099754069413329,Bayesian Ridge
0_Wavelet absolute mean_125000000.0Hz,22,0.0083347355663554,Bayesian Ridge
0_Power bandwidth,23,0.0073930005339756,Bayesian Ridge
0_Spectral variation,24,0.0066003997258702,Bayesian Ridge
0_Wavelet entropy,25,0.0063913619937417,Bayesian Ridge
0_LPCC_1,26,0.0056295758079594,Bayesian Ridge
0_Spectral roll-on,27,0.0053294562412019,Bayesian Ridge
0_Median diff,28,0.0027875817427094,Bayesian Ridge
0_LPCC_0,29,0.002692886923284,Bayesian Ridge
0_Median frequency,30,0.0026877454341904,Bayesian Ridge
0_Zero crossing rate,31,0.0025618933920695,Bayesian Ridge
0_Mean diff,32,0.0024880111605795,Bayesian Ridge
0_Fundamental frequency,33,0.0012917891232093,Bayesian Ridge
0_Maximum frequency,34,0.0009271149140054,Bayesian Ridge
0_Absolute energy,35,0.0009056819088675,Bayesian Ridge
0_Spectral positive turning points,36,0.0006910369639139,Bayesian Ridge
0_Negative turning points,37,0.0002785651192137,Bayesian Ridge
0_Neighbourhood peaks,38,5.9893489239963846e-05,Bayesian Ridge
0_LPCC_5,39,5.773433578561526e-05,Bayesian Ridge
0_LPCC_6,40,-0.0005126436775233,Bayesian Ridge
0_Histogram mode,41,-0.0006439495993733,Bayesian Ridge
0_Median absolute diff,42,-0.0009406241052549,Bayesian Ridge
0_Peak to peak distance,1,1.1104596376419067,XGBoost
0_Spectral entropy,2,0.2779859439531962,XGBoost
0_Autocorrelation,3,0.2529187162717183,XGBoost
0_Slope,4,0.004388993581136,XGBoost
0_Spectral variation,5,0.0041966048876444,XGBoost
0_MFCC_0,6,0.0025938725471496,XGBoost
0_Mean diff,7,0.0023373953501383,XGBoost
0_Absolute energy,8,0.0023161594072977,XGBoost
0_Histogram mode,9,0.0020955737431844,XGBoost
0_Fundamental frequency,10,0.000863598982493,XGBoost
0_LPCC_0,11,0.0008075030644734,XGBoost
0_MFCC_8,12,0.0007577888170878,XGBoost
0_Median,13,0.0004463632901509,XGBoost
0_Interquartile range,14,0.0003744180997212,XGBoost
0_Spectral positive turning points,15,0.0003187767664591,XGBoost
0_Mean,16,0.0001793098449707,XGBoost
0_Spectral decrease,17,0.000173901716868,XGBoost
0_LPCC_6,18,0.0001131216684977,XGBoost
0_Neighbourhood peaks,19,0.0001014494895935,XGBoost
0_LPCC_1,20,9.57783063252767e-05,XGBoost
0_MFCC_11,21,7.273832956949869e-05,XGBoost
0_LPCC_5,22,6.078322728474935e-05,XGBoost
0_MFCC_9,23,3.972450892130534e-05,XGBoost
0_Median frequency,24,3.956556320190429e-05,XGBoost
0_Power bandwidth,25,0.0,XGBoost
0_Spectral roll-on,26,0.0,XGBoost
0_Median diff,27,-1.9073486328125e-08,XGBoost
0_Zero crossing rate,28,-7.545948028564453e-06,XGBoost
0_Maximum frequency,29,-1.3947486877441406e-05,XGBoost
0_Negative turning points,30,-1.70135498046875e-05,XGBoost
0_Wavelet absolute mean_125000000.0Hz,31,-3.1197865804036456e-05,XGBoost
0_MFCC_10,32,-0.0001269698143005,XGBoost
0_ECDF Percentile_1,33,-0.0001384949684143,XGBoost
0_Wavelet absolute mean_27777777.78Hz,34,-0.0001559400558471,XGBoost
0_Wavelet energy_125000000.0Hz,35,-0.0001796698570251,XGBoost
0_MFCC_4,36,-0.0002155367533365,XGBoost
0_Wavelet entropy,37,-0.0002713815371195,XGBoost
0_Median absolute diff,38,-0.0003545188903808,XGBoost
0_ECDF Percentile_0,39,-0.0004934644699096,XGBoost
0_MFCC_5,40,-0.0007917976379394,XGBoost
0_Max,41,-0.0009201741218566,XGBoost
0_Entropy,42,-0.0029540395736694,XGBoost
0_Spectral variation,1,0.1080657175626903,SVR
0_Spectral entropy,2,0.1060178949985552,SVR
0_Peak to peak distance,3,0.1035595424781011,SVR
0_LPCC_0,4,0.0956029971843757,SVR
0_Spectral decrease,5,0.0892842019002076,SVR
0_Interquartile range,6,0.0834193109567921,SVR
0_ECDF Percentile_0,7,0.0773062758351973,SVR
0_Mean diff,8,0.0727393465649743,SVR
0_Median,9,0.0681120877740398,SVR
0_Absolute energy,10,0.0647168420531412,SVR
0_Max,11,0.0358039885066764,SVR
0_Wavelet absolute mean_27777777.78Hz,12,0.0328203348719552,SVR
0_Slope,13,0.0246634040293353,SVR
0_Wavelet absolute mean_125000000.0Hz,14,0.0233427244210447,SVR
0_MFCC_11,15,0.0225342210512133,SVR
0_Mean,16,0.0159074339325767,SVR
0_MFCC_9,17,0.012335612357894,SVR
0_Autocorrelation,18,0.011480750917494,SVR
0_Wavelet entropy,19,0.0090751035277453,SVR
0_MFCC_5,20,0.0090677262079502,SVR
0_Wavelet energy_125000000.0Hz,21,0.0080188332770105,SVR
0_MFCC_8,22,0.0068211818228218,SVR
0_Median diff,23,0.0043694355140281,SVR
0_ECDF Percentile_1,24,0.0032694114957507,SVR
0_LPCC_1,25,0.00251452005048,SVR
0_Spectral roll-on,26,0.0023824707327929,SVR
0_Zero crossing rate,27,0.0022431496326657,SVR
0_Spectral positive turning points,28,0.0020777633950132,SVR
0_LPCC_5,29,0.0020647827116656,SVR
0_Maximum frequency,30,0.0020264584792998,SVR
0_MFCC_4,31,0.0018681603363147,SVR
0_Power bandwidth,32,0.00176095627915,SVR
0_Histogram mode,33,0.0013598918204719,SVR
0_MFCC_10,34,0.0012954277650221,SVR
0_Median absolute diff,35,0.0007258146884001,SVR
0_LPCC_6,36,0.0004967222429641,SVR
0_Neighbourhood peaks,37,0.0002526903476216,SVR
0_Entropy,38,0.0001955375988803,SVR
0_MFCC_0,39,4.504421855668461e-05,SVR
0_Fundamental frequency,40,3.700933319578622e-05,SVR
0_Median frequency,41,1.9325065706549497e-05,SVR
0_Negative turning points,42,-0.0002272819137649,SVR
0_Peak to peak distance,1,0.1714341858638784,Random Forest
0_Spectral entropy,2,0.0706639771977718,Random Forest
0_Absolute energy,3,0.0407095808301638,Random Forest
0_Entropy,4,0.0351101545474533,Random Forest
0_Interquartile range,5,0.03179327336118,Random Forest
0_Autocorrelation,6,0.0310388276458475,Random Forest
0_Spectral variation,7,0.0303594474101882,Random Forest
0_Wavelet energy_125000000.0Hz,8,0.016470586942435,Random Forest
0_Histogram mode,9,0.0129855058865174,Random Forest
0_ECDF Percentile_0,10,0.0095091322247313,Random Forest
0_Mean diff,11,0.0093108561364886,Random Forest
0_MFCC_11,12,0.0091046924721613,Random Forest
0_Slope,13,0.0059401990303292,Random Forest
0_Wavelet absolute mean_125000000.0Hz,14,0.0052615535428406,Random Forest
0_MFCC_0,15,0.0044027605718605,Random Forest
0_Wavelet entropy,16,0.0040362945040231,Random Forest
0_MFCC_9,17,0.0036958164253195,Random Forest
0_LPCC_0,18,0.0034662651461683,Random Forest
0_Wavelet absolute mean_27777777.78Hz,19,0.0026559638713138,Random Forest
0_MFCC_8,20,0.0025209078671079,Random Forest
0_ECDF Percentile_1,21,0.0021213409267542,Random Forest
0_Median frequency,22,0.0018924016234313,Random Forest
0_Maximum frequency,23,0.0018534264087003,Random Forest
0_Fundamental frequency,24,0.0017996803774424,Random Forest
0_MFCC_10,25,0.0015224649016583,Random Forest
0_Max,26,0.0010599977605991,Random Forest
0_LPCC_1,27,0.0010431292240678,Random Forest
0_Zero crossing rate,28,0.0009167195904708,Random Forest
0_MFCC_5,29,0.0008616138142688,Random Forest
0_LPCC_6,30,0.0005677349965434,Random Forest
0_LPCC_5,31,0.000478115627317,Random Forest
0_Spectral decrease,32,0.0004298496713094,Random Forest
0_Median,33,0.000284640501461,Random Forest
0_Spectral positive turning points,34,0.0002256470769594,Random Forest
0_Median absolute diff,35,5.469617340025194e-05,Random Forest
0_Power bandwidth,36,2.167522463729051e-05,Random Forest
0_Median diff,37,-2.960594732333752e-18,Random Forest
0_Negative turning points,38,-4.8111371054367545e-06,Random Forest
0_Spectral roll-on,39,-5.720452360630605e-06,Random Forest
0_MFCC_4,40,-6.754362019643819e-06,Random Forest
0_Neighbourhood peaks,41,-1.1666349816127725e-05,Random Forest
0_Mean,42,-0.0002984516935124,Random Forest
0_MFCC_4,1,2.219657383155419,Bayesian Ridge
0_Peak to peak distance,2,1.822183977438748,Bayesian Ridge
0_ECDF Percentile_0,3,1.3456183322907165,Bayesian Ridge
0_MFCC_5,4,1.3283251626327106,Bayesian Ridge
0_Mean,5,1.1528216299141487,Bayesian Ridge
0_MFCC_9,6,0.7659392595280223,Bayesian Ridge
0_Max,7,0.7563576144113212,Bayesian Ridge
0_Slope,8,0.3951965679558599,Bayesian Ridge
0_Spectral decrease,9,0.2350010462725499,Bayesian Ridge
0_MFCC_11,10,0.2272321733308741,Bayesian Ridge
0_MFCC_0,11,0.180752683384545,Bayesian Ridge
0_Median,12,0.1579568739983532,Bayesian Ridge
0_MFCC_10,13,0.1162891845596053,Bayesian Ridge
0_Wavelet absolute mean_27777777.78Hz,14,0.0557156536130135,Bayesian Ridge
0_Spectral entropy,15,0.054492765036898,Bayesian Ridge
0_Wavelet energy_125000000.0Hz,16,0.0338765823415921,Bayesian Ridge
0_ECDF Percentile_1,17,0.0333759607024639,Bayesian Ridge
0_MFCC_8,18,0.0266268498730453,Bayesian Ridge
0_Power bandwidth,19,0.0224417174713386,Bayesian Ridge
0_LPCC_0,20,0.0187802802113512,Bayesian Ridge
0_Wavelet absolute mean_125000000.0Hz,21,0.0162434676448024,Bayesian Ridge
0_Autocorrelation,22,0.0128873173902816,Bayesian Ridge
0_Spectral variation,23,0.012153100430202,Bayesian Ridge
0_Entropy,24,0.0102149026602984,Bayesian Ridge
0_Absolute energy,25,0.0083821351442566,Bayesian Ridge
0_Wavelet entropy,26,0.0073595069763113,Bayesian Ridge
0_Median frequency,27,0.0043915836771911,Bayesian Ridge
0_Mean diff,28,0.0034567626736562,Bayesian Ridge
0_Spectral roll-on,29,0.0029520960319022,Bayesian Ridge
0_Median absolute diff,30,0.0029428054332652,Bayesian Ridge
0_Spectral positive turning points,31,0.002217461474224,Bayesian Ridge
0_Median diff,32,0.0021072976867304,Bayesian Ridge
0_Negative turning points,33,0.000618222691583,Bayesian Ridge
0_Maximum frequency,34,0.0001686029647855,Bayesian Ridge
0_Zero crossing rate,35,0.0001632417783395,Bayesian Ridge
0_Histogram mode,36,2.1289664023513843e-05,Bayesian Ridge
0_Fundamental frequency,37,1.258720696593644e-05,Bayesian Ridge
0_LPCC_5,38,-4.357972195387027e-05,Bayesian Ridge
0_LPCC_6,39,-0.0001225740113747,Bayesian Ridge
0_Interquartile range,40,-0.0002568687400094,Bayesian Ridge
0_Neighbourhood peaks,41,-0.0005526745767145,Bayesian Ridge
0_LPCC_1,42,-0.000735979959684,Bayesian Ridge
0_Peak to peak distance,1,0.8571750330924988,XGBoost
0_Autocorrelation,2,0.2288341204325358,XGBoost
0_Spectral entropy,3,0.2268173583348592,XGBoost
0_Interquartile range,4,0.0278832228978474,XGBoost
0_Spectral variation,5,0.0098627893129984,XGBoost
0_Histogram mode,6,0.0075568517049153,XGBoost
0_Max,7,0.0043773325284322,XGBoost
0_Entropy,8,0.0042682369550069,XGBoost
0_Wavelet energy_125000000.0Hz,9,0.0032022309303283,XGBoost
0_Mean diff,10,0.0030240527788798,XGBoost
0_MFCC_0,11,0.00295552333196,XGBoost
0_Wavelet entropy,12,0.0027350672086079,XGBoost
0_Absolute energy,13,0.0024992704391479,XGBoost
0_MFCC_9,14,0.0018738428751627,XGBoost
0_Slope,15,0.001050173441569,XGBoost
0_LPCC_0,16,0.0010083103179931,XGBoost
0_MFCC_8,17,0.0008713595072428,XGBoost
0_Wavelet absolute mean_125000000.0Hz,18,0.0007888499895731,XGBoost
0_LPCC_6,19,0.0007511099179585,XGBoost
0_ECDF Percentile_0,20,0.0006745473543802,XGBoost
0_Spectral positive turning points,21,0.000642454624176,XGBoost
0_ECDF Percentile_1,22,0.0005527663230895,XGBoost
0_Fundamental frequency,23,0.0003654519716898,XGBoost
0_Maximum frequency,24,0.00032160282135,XGBoost
0_MFCC_10,25,0.0002896547317504,XGBoost
0_Median,26,0.0002857359250386,XGBoost
0_Median diff,27,0.0002719807624816,XGBoost
0_MFCC_11,28,0.0002136953671773,XGBoost
0_LPCC_5,29,0.0002011736234029,XGBoost
0_MFCC_5,30,0.0001913793881734,XGBoost
0_Neighbourhood peaks,31,0.0001475079854329,XGBoost
0_Median absolute diff,32,0.0001313098271687,XGBoost
0_Zero crossing rate,33,6.901661554972331e-05,XGBoost
0_Negative turning points,34,6.887674331665039e-05,XGBoost
0_Spectral decrease,35,4.743417104085287e-05,XGBoost
0_Median frequency,36,1.502831776936849e-06,XGBoost
0_Spectral roll-on,37,0.0,XGBoost
0_Power bandwidth,38,0.0,XGBoost
0_Mean,39,-7.972558339436849e-05,XGBoost
0_LPCC_1,40,-0.0001639374097188,XGBoost
0_Wavelet absolute mean_27777777.78Hz,41,-0.0010337305068969,XGBoost
0_MFCC_4,42,-0.0013031713167826,XGBoost
0_Spectral entropy,1,0.122767933791538,SVR
0_ECDF Percentile_0,2,0.1049015641070373,SVR
0_Peak to peak distance,3,0.1036464960181509,SVR
0_Median,4,0.1002128600255321,SVR
0_Spectral variation,5,0.0936516678311753,SVR
0_Mean diff,6,0.0743428497282628,SVR
0_Interquartile range,7,0.0690311567267932,SVR
0_LPCC_0,8,0.0633449580316727,SVR
0_Max,9,0.0542929163331863,SVR
0_Wavelet absolute mean_27777777.78Hz,10,0.0530679138117897,SVR
0_Slope,11,0.0415719616103589,SVR
0_Spectral decrease,12,0.0413844369863828,SVR
0_Absolute energy,13,0.0366241547805924,SVR
0_MFCC_11,14,0.0237760841262562,SVR
0_Wavelet absolute mean_125000000.0Hz,15,0.0235136499457079,SVR
0_MFCC_5,16,0.0171301778104087,SVR
0_Autocorrelation,17,0.0108369720794297,SVR
0_MFCC_9,18,0.010668070861834,SVR
0_Wavelet entropy,19,0.0100564822226007,SVR
0_Mean,20,0.0097357454599597,SVR
0_Maximum frequency,21,0.0075859515810928,SVR
0_MFCC_10,22,0.0068217841320186,SVR
0_MFCC_0,23,0.0057493295506082,SVR
0_Median diff,24,0.0049579141087284,SVR
0_MFCC_4,25,0.0043034553723408,SVR
0_ECDF Percentile_1,26,0.0032814715336869,SVR
0_Wavelet energy_125000000.0Hz,27,0.0032675427368883,SVR
0_LPCC_1,28,0.0018526841153144,SVR
0_Histogram mode,29,0.0013414663034644,SVR
0_Median frequency,30,0.0012552568499918,SVR
0_Median absolute diff,31,0.0011575641961197,SVR
0_MFCC_8,32,0.0010985716581983,SVR
0_Zero crossing rate,33,0.0009848769169518,SVR
0_Entropy,34,0.0007206478626784,SVR
0_Spectral positive turning points,35,0.0005874604646939,SVR
0_Spectral roll-on,36,0.000300019966945,SVR
0_LPCC_5,37,-8.504643829605474e-05,SVR
0_Power bandwidth,38,-0.0002110019309323,SVR
0_LPCC_6,39,-0.0002231182919508,SVR
0_Neighbourhood peaks,40,-0.0003229081175103,SVR
0_Negative turning points,41,-0.000418571359509,SVR
0_Fundamental frequency,42,-0.0005676659982518,SVR
0_Peak to peak distance,1,0.1224981112367914,Random Forest
0_Spectral entropy,2,0.0716290187595843,Random Forest
0_Spectral variation,3,0.051667127118546,Random Forest
0_Autocorrelation,4,0.0349963758867632,Random Forest
0_Absolute energy,5,0.0299588575686504,Random Forest
0_Interquartile range,6,0.0227407278694832,Random Forest
0_Entropy,7,0.0221919960492637,Random Forest
0_Histogram mode,8,0.0193433441268562,Random Forest
0_Wavelet absolute mean_125000000.0Hz,9,0.0149510481577967,Random Forest
0_Wavelet energy_125000000.0Hz,10,0.0139009134598359,Random Forest
0_ECDF Percentile_0,11,0.0077401706232087,Random Forest
0_Slope,12,0.0060750504504126,Random Forest
0_LPCC_0,13,0.0057512438414288,Random Forest
0_MFCC_0,14,0.0054419375035111,Random Forest
0_MFCC_11,15,0.005209015720682,Random Forest
0_Wavelet absolute mean_27777777.78Hz,16,0.0047681787529375,Random Forest
0_Mean diff,17,0.0039282758726664,Random Forest
0_Wavelet entropy,18,0.0039220996586163,Random Forest
0_MFCC_8,19,0.0037834600965942,Random Forest
0_ECDF Percentile_1,20,0.0034586901885637,Random Forest
0_MFCC_5,21,0.0028737962028595,Random Forest
0_MFCC_10,22,0.0026866425791449,Random Forest
0_LPCC_1,23,0.0018142509889297,Random Forest
0_Median frequency,24,0.0016840394987296,Random Forest
0_Fundamental frequency,25,0.0016497738580554,Random Forest
0_MFCC_9,26,0.0016213946018086,Random Forest
0_Maximum frequency,27,0.0015166907509932,Random Forest
0_Max,28,0.0012407009950637,Random Forest
0_LPCC_5,29,0.0011719606389299,Random Forest
0_LPCC_6,30,0.0010348050625731,Random Forest
0_Spectral decrease,31,0.0007882631294752,Random Forest
0_Zero crossing rate,32,0.0005519127743746,Random Forest
0_Median,33,0.0005209479514012,Random Forest
0_Mean,34,0.0002054315915883,Random Forest
0_Negative turning points,35,0.0001835430733473,Random Forest
0_MFCC_4,36,0.0001656919143693,Random Forest
0_Neighbourhood peaks,37,6.439716003815506e-05,Random Forest
0_Median diff,38,-1.0362081563168128e-17,Random Forest
0_Spectral roll-on,39,-9.94553799430105e-07,Random Forest
0_Spectral positive turning points,40,-9.564395684039588e-05,Random Forest
0_Power bandwidth,41,-9.65187272874705e-05,Random Forest
0_Median absolute diff,42,-0.0001872260725576,Random Forest
0_MFCC_4,1,1.7300053114542835,Bayesian Ridge
0_Peak to peak distance,2,1.6664630605222854,Bayesian Ridge
0_ECDF Percentile_0,3,1.6336455376377068,Bayesian Ridge
0_MFCC_5,4,1.08728200469368,Bayesian Ridge
0_Mean,5,0.7695397389208484,Bayesian Ridge
0_MFCC_9,6,0.7028960590435335,Bayesian Ridge
0_Max,7,0.5869819424637106,Bayesian Ridge
0_Slope,8,0.5301394242554842,Bayesian Ridge
0_MFCC_11,9,0.2662786269264633,Bayesian Ridge
0_Median,10,0.1480777136740017,Bayesian Ridge
0_ECDF Percentile_1,11,0.1076478529899409,Bayesian Ridge
0_MFCC_8,12,0.0957232809328051,Bayesian Ridge
0_Wavelet absolute mean_27777777.78Hz,13,0.0684863940326064,Bayesian Ridge
0_MFCC_0,14,0.0603630553446728,Bayesian Ridge
0_MFCC_10,15,0.0523618875689112,Bayesian Ridge
0_Spectral entropy,16,0.0424423764933769,Bayesian Ridge
0_Spectral decrease,17,0.03116909205636,Bayesian Ridge
0_Interquartile range,18,0.0295384130637689,Bayesian Ridge
0_Absolute energy,19,0.0209003246101218,Bayesian Ridge
0_Wavelet energy_125000000.0Hz,20,0.0189131536570412,Bayesian Ridge
0_LPCC_0,21,0.0144158584188647,Bayesian Ridge
0_Autocorrelation,22,0.0130243639123757,Bayesian Ridge
0_Wavelet absolute mean_125000000.0Hz,23,0.0120925420903222,Bayesian Ridge
0_Entropy,24,0.0085713445151054,Bayesian Ridge
0_Wavelet entropy,25,0.0083382884177582,Bayesian Ridge
0_Spectral variation,26,0.0078361608498343,Bayesian Ridge
0_Power bandwidth,27,0.005852180860497,Bayesian Ridge
0_Median diff,28,0.0024922184425478,Bayesian Ridge
0_Spectral roll-on,29,0.0018907668895598,Bayesian Ridge
0_LPCC_1,30,0.0016903878199705,Bayesian Ridge
0_Histogram mode,31,0.0004407531803122,Bayesian Ridge
0_Median frequency,32,0.0003839270085597,Bayesian Ridge
0_Zero crossing rate,33,0.0001828647903869,Bayesian Ridge
0_Maximum frequency,34,3.417667945543546e-05,Bayesian Ridge
0_Neighbourhood peaks,35,4.4921709353958525e-06,Bayesian Ridge
0_LPCC_6,36,-2.0741707905713725e-06,Bayesian Ridge
0_LPCC_5,37,-2.0171873644735013e-05,Bayesian Ridge
0_Fundamental frequency,38,-0.000371024968077,Bayesian Ridge
0_Spectral positive turning points,39,-0.0004974348161774,Bayesian Ridge
0_Mean diff,40,-0.0006939067236632,Bayesian Ridge
0_Negative turning points,41,-0.0010559458527931,Bayesian Ridge
0_Median absolute diff,42,-0.0010805799443125,Bayesian Ridge
0_Peak to peak distance,1,0.6020604610443115,XGBoost
0_Spectral entropy,2,0.2796882883707682,XGBoost
0_Autocorrelation,3,0.0648631000518798,XGBoost
0_Mean diff,4,0.0311837307612101,XGBoost
0_Interquartile range,5,0.0227619210879008,XGBoost
0_Spectral variation,6,0.0221620655059814,XGBoost
0_Absolute energy,7,0.0090965382258097,XGBoost
0_Slope,8,0.0062417801221211,XGBoost
0_Entropy,9,0.0035890436172485,XGBoost
0_MFCC_11,10,0.0028415822982788,XGBoost
0_Median absolute diff,11,0.0022105431556701,XGBoost
0_LPCC_0,12,0.0020397734642028,XGBoost
0_MFCC_9,13,0.0019637521107991,XGBoost
0_Fundamental frequency,14,0.0015745719273885,XGBoost
0_Max,15,0.0014903577168782,XGBoost
0_Wavelet energy_125000000.0Hz,16,0.0012607916196187,XGBoost
0_Wavelet entropy,17,0.0009921240806579,XGBoost
0_MFCC_0,18,0.0009300796190897,XGBoost
0_MFCC_4,19,0.0006967115402221,XGBoost
0_LPCC_1,20,0.0005780577659606,XGBoost
0_MFCC_10,21,0.0005478978157043,XGBoost
0_Zero crossing rate,22,0.0005267286300659,XGBoost
0_Wavelet absolute mean_125000000.0Hz,23,0.0005226039886474,XGBoost
0_LPCC_5,24,0.0004871996243794,XGBoost
0_Spectral positive turning points,25,0.0004811247189839,XGBoost
0_MFCC_8,26,0.0003931093215942,XGBoost
0_Maximum frequency,27,0.0003827945391337,XGBoost
0_Histogram mode,28,0.0003430787722269,XGBoost
0_Median diff,29,0.0002471955617268,XGBoost
0_Median,30,0.000179123878479,XGBoost
0_Median frequency,31,0.0001696014404296,XGBoost
0_Negative turning points,32,0.0001657978693644,XGBoost
0_Mean,33,9.503523508707684e-05,XGBoost
0_Neighbourhood peaks,34,3.17994753519694e-05,XGBoost
0_LPCC_6,35,2.1777947743733724e-05,XGBoost
0_Spectral roll-on,36,0.0,XGBoost
0_Power bandwidth,37,0.0,XGBoost
0_ECDF Percentile_0,38,-3.1630198160807294e-06,XGBoost
0_MFCC_5,39,-1.1151631673177083e-05,XGBoost
0_Spectral decrease,40,-6.364345550537109e-05,XGBoost
0_Wavelet absolute mean_27777777.78Hz,41,-0.0001744119326273,XGBoost
0_ECDF Percentile_1,42,-0.0009104061126708,XGBoost
0_LPCC_0,1,0.1196914475861594,SVR
0_Peak to peak distance,2,0.1026931235025732,SVR
0_Spectral entropy,3,0.0970996182198698,SVR
0_Spectral decrease,4,0.0952475352937205,SVR
0_Interquartile range,5,0.0764997893298116,SVR
0_Spectral variation,6,0.075735955547629,SVR
0_Median,7,0.0723528733039951,SVR
0_ECDF Percentile_0,8,0.0719884068756139,SVR
0_Wavelet absolute mean_27777777.78Hz,9,0.0642017667673166,SVR
0_Max,10,0.0536737506514545,SVR
0_Absolute energy,11,0.0490797577022414,SVR
0_Mean diff,12,0.0465119169190753,SVR
0_Slope,13,0.0270442703225337,SVR
0_MFCC_11,14,0.020569737666794,SVR
0_Autocorrelation,15,0.0182758766040429,SVR
0_MFCC_5,16,0.0161671119204504,SVR
0_Mean,17,0.013788878019001,SVR
0_MFCC_9,18,0.0125013113342447,SVR
0_Maximum frequency,19,0.0120210070087593,SVR
0_Wavelet absolute mean_125000000.0Hz,20,0.0117366528977098,SVR
0_Wavelet entropy,21,0.0111508480649096,SVR
0_ECDF Percentile_1,22,0.0093285670625003,SVR
0_MFCC_10,23,0.0071637431909772,SVR
0_Wavelet energy_125000000.0Hz,24,0.0069501885654332,SVR
0_MFCC_4,25,0.0034186830525269,SVR
0_LPCC_1,26,0.0034162477557051,SVR
0_Fundamental frequency,27,0.0016816705520514,SVR
0_MFCC_8,28,0.0016032406624633,SVR
0_Entropy,29,0.0014915201455421,SVR
0_Spectral positive turning points,30,0.0014464087491079,SVR
0_Zero crossing rate,31,0.0011787376145545,SVR
0_Median absolute diff,32,0.0011576478130152,SVR
0_Median frequency,33,0.0010550102875503,SVR
0_Histogram mode,34,0.0006814981924368,SVR
0_MFCC_0,35,0.0003005855724119,SVR
0_Spectral roll-on,36,0.00018086844713,SVR
0_Power bandwidth,37,3.417166127016665e-05,SVR
0_Median diff,38,0.0,SVR
0_Neighbourhood peaks,39,-5.323672845384042e-05,SVR
0_Negative turning points,40,-0.0006551648871088,SVR
0_LPCC_6,41,-0.0012470655172835,SVR
0_LPCC_5,42,-0.0016357279051435,SVR
0_Peak to peak distance,1,0.2015184990630811,Random Forest
0_Spectral entropy,2,0.070088963816222,Random Forest
0_Autocorrelation,3,0.0531327882429449,Random Forest
0_Absolute energy,4,0.0304233290124513,Random Forest
0_Spectral variation,5,0.0270302405443009,Random Forest
0_Interquartile range,6,0.0246145139536894,Random Forest
0_Entropy,7,0.0150489258736992,Random Forest
0_Histogram mode,8,0.0099217020463923,Random Forest
0_ECDF Percentile_0,9,0.0096398223489423,Random Forest
0_Wavelet energy_125000000.0Hz,10,0.007090801544683,Random Forest
0_MFCC_11,11,0.0064832498294054,Random Forest
0_LPCC_0,12,0.0061453301674074,Random Forest
0_MFCC_8,13,0.0053335358324748,Random Forest
0_Wavelet absolute mean_27777777.78Hz,14,0.0046672863642792,Random Forest
0_Spectral decrease,15,0.0043905845446965,Random Forest
0_Fundamental frequency,16,0.0036577993400614,Random Forest
0_Slope,17,0.0035474684261875,Random Forest
0_MFCC_9,18,0.0034722706507378,Random Forest
0_Wavelet entropy,19,0.0031012828770867,Random Forest
0_Wavelet absolute mean_125000000.0Hz,20,0.0024185772647387,Random Forest
0_Mean diff,21,0.0023560543672131,Random Forest
0_ECDF Percentile_1,22,0.0022778149220669,Random Forest
0_LPCC_1,23,0.0022653173794485,Random Forest
0_Median frequency,24,0.0018027608426848,Random Forest
0_MFCC_5,25,0.0017633017462621,Random Forest
0_MFCC_0,26,0.0016509525888617,Random Forest
0_Max,27,0.0015484135475162,Random Forest
0_MFCC_10,28,0.0014950912642175,Random Forest
0_MFCC_4,29,0.0014504407995354,Random Forest
0_Median,30,0.0010537266964479,Random Forest
0_Zero crossing rate,31,0.0005491316616868,Random Forest
0_Maximum frequency,32,0.0003085414940095,Random Forest
0_Spectral roll-on,33,0.0002492040264262,Random Forest
0_LPCC_6,34,0.0002434733981182,Random Forest
0_Median absolute diff,35,0.0001499614198416,Random Forest
0_Spectral positive turning points,36,8.716095250356512e-05,Random Forest
0_Power bandwidth,37,3.250219244857059e-05,Random Forest
0_LPCC_5,38,2.037648600592856e-05,Random Forest
0_Negative turning points,39,7.326867164752689e-06,Random Forest
0_Neighbourhood peaks,40,2.9918011412647754e-06,Random Forest
0_Median diff,41,-1.4802973661668754e-17,Random Forest
0_Mean,42,-4.333396914341166e-05,Random Forest
0_Peak to peak distance,1,1.2594972574257708,Bayesian Ridge
0_MFCC_4,2,1.0467026401058477,Bayesian Ridge
0_Mean,3,0.8447610563691806,Bayesian Ridge
0_Max,4,0.7557720911695185,Bayesian Ridge
0_MFCC_5,5,0.6585193576667653,Bayesian Ridge
0_ECDF Percentile_0,6,0.6429750031391943,Bayesian Ridge
0_Slope,7,0.3947174006602302,Bayesian Ridge
0_MFCC_11,8,0.2430126543756629,Bayesian Ridge
0_MFCC_9,9,0.1905366530012163,Bayesian Ridge
0_Median,10,0.1345026345275878,Bayesian Ridge
0_Wavelet absolute mean_27777777.78Hz,11,0.1181687739763429,Bayesian Ridge
0_ECDF Percentile_1,12,0.1028464009855469,Bayesian Ridge
0_LPCC_0,13,0.0636187260017863,Bayesian Ridge
0_Spectral variation,14,0.0569811600139312,Bayesian Ridge
0_Wavelet energy_125000000.0Hz,15,0.0381877408224033,Bayesian Ridge
0_Spectral decrease,16,0.0367193495700532,Bayesian Ridge
0_MFCC_8,17,0.0263820471816992,Bayesian Ridge
0_MFCC_0,18,0.0237208561627902,Bayesian Ridge
0_Autocorrelation,19,0.0195244553666235,Bayesian Ridge
0_Entropy,20,0.0173528578986866,Bayesian Ridge
0_Interquartile range,21,0.0171830446722388,Bayesian Ridge
0_MFCC_10,22,0.0149197151730634,Bayesian Ridge
0_Mean diff,23,0.0062276603608963,Bayesian Ridge
0_Power bandwidth,24,0.005404884453493,Bayesian Ridge
0_Median absolute diff,25,0.0052208032506237,Bayesian Ridge
0_Median frequency,26,0.0048452143066318,Bayesian Ridge
0_LPCC_1,27,0.0038430806278981,Bayesian Ridge
0_Maximum frequency,28,0.0036458225794884,Bayesian Ridge
0_LPCC_5,29,0.0018994949089623,Bayesian Ridge
0_Spectral roll-on,30,0.0018874859284085,Bayesian Ridge
0_Spectral entropy,31,0.0016433890434824,Bayesian Ridge
0_LPCC_6,32,0.0007266825575781,Bayesian Ridge
0_Spectral positive turning points,33,0.0006782399393448,Bayesian Ridge
0_Histogram mode,34,0.0004122173145235,Bayesian Ridge
0_Wavelet absolute mean_125000000.0Hz,35,0.0003623392121466,Bayesian Ridge
0_Fundamental frequency,36,0.0003365635774352,Bayesian Ridge
0_Neighbourhood peaks,37,1.6847321192042428e-05,Bayesian Ridge
0_Median diff,38,0.0,Bayesian Ridge
0_Zero crossing rate,39,-3.2769049398216526e-05,Bayesian Ridge
0_Negative turning points,40,-0.000380205293869,Bayesian Ridge
0_Absolute energy,41,-0.0032154221854423,Bayesian Ridge
0_Wavelet entropy,42,-0.0053470103580666,Bayesian Ridge
0_Peak to peak distance,1,0.658591643969218,XGBoost
0_Spectral entropy,2,0.2332589705785115,XGBoost
0_Autocorrelation,3,0.0910549894968668,XGBoost
0_Spectral variation,4,0.0183452399571736,XGBoost
0_Interquartile range,5,0.0162105870246887,XGBoost
0_Mean diff,6,0.01576797803243,XGBoost
0_Entropy,7,0.010471396446228,XGBoost
0_Absolute energy,8,0.0102544577916463,XGBoost
0_MFCC_9,9,0.0047689119974772,XGBoost
0_Histogram mode,10,0.0026809859275817,XGBoost
0_Slope,11,0.0023694435755411,XGBoost
0_MFCC_11,12,0.0019564867019653,XGBoost
0_Fundamental frequency,13,0.0017632699012756,XGBoost
0_MFCC_8,14,0.0016985058784484,XGBoost
0_Max,15,0.0016654125849405,XGBoost
0_LPCC_0,16,0.0012077482541402,XGBoost
0_MFCC_4,17,0.0009435677528381,XGBoost
0_Median absolute diff,18,0.0008183789253234,XGBoost
0_Wavelet entropy,19,0.0007404748598734,XGBoost
0_ECDF Percentile_0,20,0.0006500101089477,XGBoost
0_ECDF Percentile_1,21,0.0004544528325398,XGBoost
0_LPCC_6,22,0.0003894249598185,XGBoost
0_Spectral decrease,23,0.0003347047170003,XGBoost
0_MFCC_5,24,0.0002767864863077,XGBoost
0_Negative turning points,25,0.0002473306655883,XGBoost
0_Maximum frequency,26,0.000238291422526,XGBoost
0_LPCC_5,27,0.0002021312713623,XGBoost
0_Median frequency,28,0.000189672311147,XGBoost
0_LPCC_1,29,0.0001258365313212,XGBoost
0_MFCC_0,30,6.24553362528483e-05,XGBoost
0_Median,31,5.170424779256185e-05,XGBoost
0_Mean,32,3.460486729939779e-05,XGBoost
0_Spectral positive turning points,33,2.3804505666097005e-05,XGBoost
0_Neighbourhood peaks,34,2.07209587097168e-05,XGBoost
0_Power bandwidth,35,0.0,XGBoost
0_Median diff,36,0.0,XGBoost
0_Spectral roll-on,37,0.0,XGBoost
0_Zero crossing rate,38,-2.675771713256836e-05,XGBoost
0_MFCC_10,39,-0.0003059832255045,XGBoost
0_Wavelet absolute mean_125000000.0Hz,40,-0.0005824915568033,XGBoost
0_Wavelet absolute mean_27777777.78Hz,41,-0.0006606022516886,XGBoost
0_Wavelet energy_125000000.0Hz,42,-0.0020557387669881,XGBoost
0_Spectral decrease,1,0.1289148529654419,SVR
0_ECDF Percentile_0,2,0.1014343553526761,SVR
0_Spectral variation,3,0.0979215578434224,SVR
0_Peak to peak distance,4,0.0970979976947788,SVR
0_LPCC_0,5,0.092891745595614,SVR
0_Spectral entropy,6,0.0838356492773104,SVR
0_Mean diff,7,0.0793016242714837,SVR
0_Median,8,0.0671828087466714,SVR
0_Wavelet absolute mean_27777777.78Hz,9,0.0650675772571772,SVR
0_Interquartile range,10,0.0559614724020052,SVR
0_Absolute energy,11,0.0547572770362517,SVR
0_Max,12,0.04891319882706,SVR
0_MFCC_11,13,0.0318300388094276,SVR
0_Wavelet absolute mean_125000000.0Hz,14,0.0255579948717553,SVR
0_Slope,15,0.0179345050561494,SVR
0_Mean,16,0.0152986301580073,SVR
0_Autocorrelation,17,0.0149782407663746,SVR
0_MFCC_5,18,0.0140381560289127,SVR
0_Wavelet entropy,19,0.0097940976486149,SVR
0_MFCC_9,20,0.0078493731142402,SVR
0_MFCC_0,21,0.0072995170029233,SVR
0_LPCC_1,22,0.0071511375863784,SVR
0_Wavelet energy_125000000.0Hz,23,0.0043318127672051,SVR
0_Maximum frequency,24,0.0041748169797635,SVR
0_ECDF Percentile_1,25,0.0033851926568741,SVR
0_MFCC_10,26,0.0029828358005237,SVR
0_LPCC_6,27,0.0025923446754498,SVR
0_LPCC_5,28,0.001702173881942,SVR
0_Fundamental frequency,29,0.0016570441394662,SVR
0_Spectral positive turning points,30,0.0014322854346333,SVR
0_MFCC_8,31,0.0014220270842733,SVR
0_Histogram mode,32,0.0011743516854657,SVR
0_Median absolute diff,33,0.0010890400161937,SVR
0_Zero crossing rate,34,0.0010465157034933,SVR
0_Entropy,35,0.0010215515087728,SVR
0_Power bandwidth,36,0.0008777151366245,SVR
0_Spectral roll-on,37,0.0008382176839962,SVR
0_Negative turning points,38,0.0008080928517664,SVR
0_Neighbourhood peaks,39,0.0002847650031715,SVR
0_MFCC_4,40,7.885135827972641e-05,SVR
0_Median diff,41,0.0,SVR
0_Median frequency,42,-3.426440605970083e-05,SVR
0_Peak to peak distance,1,0.1460814631528033,Random Forest
0_Spectral entropy,2,0.0764238368396421,Random Forest
0_Absolute energy,3,0.0640817489802165,Random Forest
0_Autocorrelation,4,0.0412482841872376,Random Forest
0_Spectral variation,5,0.028206467260355,Random Forest
0_Interquartile range,6,0.0278003002274134,Random Forest
0_Entropy,7,0.0228671294123243,Random Forest
0_Histogram mode,8,0.0158345195454671,Random Forest
0_Wavelet energy_125000000.0Hz,9,0.0151869191423454,Random Forest
0_ECDF Percentile_0,10,0.0101114506225343,Random Forest
0_MFCC_11,11,0.0092547878074689,Random Forest
0_Wavelet absolute mean_125000000.0Hz,12,0.0069461902355622,Random Forest
0_Slope,13,0.0059281151188235,Random Forest
0_Mean diff,14,0.0058314824838238,Random Forest
0_LPCC_0,15,0.0049830419191146,Random Forest
0_ECDF Percentile_1,16,0.0036226261177526,Random Forest
0_MFCC_8,17,0.0035461340990238,Random Forest
0_MFCC_9,18,0.0029280343993538,Random Forest
0_Wavelet absolute mean_27777777.78Hz,19,0.0028004135090421,Random Forest
0_Fundamental frequency,20,0.0027969662772376,Random Forest
0_MFCC_0,21,0.0021828994219262,Random Forest
0_Wavelet entropy,22,0.0020162474775694,Random Forest
0_Median frequency,23,0.001699112109482,Random Forest
0_MFCC_10,24,0.0015789119038648,Random Forest
0_Spectral decrease,25,0.0014829152611155,Random Forest
0_Max,26,0.0013717238876603,Random Forest
0_Maximum frequency,27,0.0012764277281482,Random Forest
0_Zero crossing rate,28,0.00117594028137,Random Forest
0_LPCC_1,29,0.001076871932088,Random Forest
0_Median,30,0.0010436510345058,Random Forest
0_MFCC_5,31,0.0010052903504132,Random Forest
0_LPCC_5,32,0.0005260942518777,Random Forest
0_LPCC_6,33,0.0003551225069215,Random Forest
0_Mean,34,0.0002837487687828,Random Forest
0_MFCC_4,35,0.0002453568804321,Random Forest
0_Power bandwidth,36,0.0001719533728594,Random Forest
0_Spectral positive turning points,37,8.71837811753995e-05,Random Forest
0_Negative turning points,38,3.5841572116228624e-05,Random Forest
0_Spectral roll-on,39,9.439935799656258e-06,Random Forest
0_Median diff,40,4.440892098500626e-18,Random Forest
0_Median absolute diff,41,-8.561054420677117e-06,Random Forest
0_Neighbourhood peaks,42,-1.1685089767530244e-05,Random Forest
0_MFCC_4,1,1.738212711244597,Bayesian Ridge
0_Peak to peak distance,2,1.447974568371826,Bayesian Ridge
0_ECDF Percentile_0,3,1.104659238562716,Bayesian Ridge
0_Max,4,0.6696920505190643,Bayesian Ridge
0_MFCC_5,5,0.6019209706850185,Bayesian Ridge
0_Mean,6,0.5601120063987101,Bayesian Ridge
0_MFCC_11,7,0.4863448199686503,Bayesian Ridge
0_Slope,8,0.3409545444730595,Bayesian Ridge
0_MFCC_9,9,0.3338708911053235,Bayesian Ridge
0_Median,10,0.2720687257243377,Bayesian Ridge
0_Spectral decrease,11,0.136825697827768,Bayesian Ridge
0_MFCC_0,12,0.1227049577384977,Bayesian Ridge
0_Wavelet absolute mean_27777777.78Hz,13,0.1022504152021915,Bayesian Ridge
0_MFCC_8,14,0.0989970776150966,Bayesian Ridge
0_ECDF Percentile_1,15,0.0870656153090997,Bayesian Ridge
0_Autocorrelation,16,0.0418948642953039,Bayesian Ridge
0_Wavelet energy_125000000.0Hz,17,0.0270896608691255,Bayesian Ridge
0_Spectral entropy,18,0.0266479277148306,Bayesian Ridge
0_LPCC_0,19,0.0260639186522005,Bayesian Ridge
0_Power bandwidth,20,0.0186951768210261,Bayesian Ridge
0_Mean diff,21,0.0150695432497854,Bayesian Ridge
0_Spectral variation,22,0.0114097895227241,Bayesian Ridge
0_Entropy,23,0.0091723761587165,Bayesian Ridge
0_Interquartile range,24,0.0069171763153028,Bayesian Ridge
0_Spectral roll-on,25,0.0061896923756609,Bayesian Ridge
0_Wavelet entropy,26,0.0046461846978986,Bayesian Ridge
0_Wavelet absolute mean_125000000.0Hz,27,0.0038951349500133,Bayesian Ridge
0_LPCC_5,28,0.0016026105456504,Bayesian Ridge
0_Median frequency,29,0.0012716825327309,Bayesian Ridge
0_Absolute energy,30,0.0011131806006941,Bayesian Ridge
0_LPCC_1,31,0.0004090859770432,Bayesian Ridge
0_Median absolute diff,32,0.0003909510201501,Bayesian Ridge
0_Zero crossing rate,33,0.0003210025865332,Bayesian Ridge
0_Spectral positive turning points,34,0.0002460441079922,Bayesian Ridge
0_Fundamental frequency,35,0.0002388985895641,Bayesian Ridge
0_Histogram mode,36,9.921484365522203e-05,Bayesian Ridge
0_MFCC_10,37,7.556771230446735e-05,Bayesian Ridge
0_Neighbourhood peaks,38,4.260500999563692e-05,Bayesian Ridge
0_Median diff,39,0.0,Bayesian Ridge
0_LPCC_6,40,-5.085062880144135e-05,Bayesian Ridge
0_Maximum frequency,41,-0.0001997009074466,Bayesian Ridge
0_Negative turning points,42,-0.000476997342231,Bayesian Ridge
0_Peak to peak distance,1,0.8453086845080058,XGBoost
0_Spectral entropy,2,0.258703814347585,XGBoost
0_Autocorrelation,3,0.2097938299179077,XGBoost
0_Interquartile range,4,0.0257758990923563,XGBoost
0_Entropy,5,0.0107802057266235,XGBoost
0_Spectral variation,6,0.0050504112243652,XGBoost
0_Mean diff,7,0.003633861541748,XGBoost
0_Max,8,0.0021086510022481,XGBoost
0_Histogram mode,9,0.001838252544403,XGBoost
0_Absolute energy,10,0.0012599786122639,XGBoost
0_Slope,11,0.0009764162699381,XGBoost
0_Wavelet energy_125000000.0Hz,12,0.0009611233075459,XGBoost
0_MFCC_10,13,0.0008886861801147,XGBoost
0_Wavelet entropy,14,0.0007963323593139,XGBoost
0_Spectral positive turning points,15,0.0007752497990926,XGBoost
0_MFCC_4,16,0.000641237894694,XGBoost
0_LPCC_5,17,0.0005787293116251,XGBoost
0_MFCC_11,18,0.0004385185241699,XGBoost
0_Fundamental frequency,19,0.0004157773653666,XGBoost
0_Wavelet absolute mean_27777777.78Hz,20,0.0002485648790995,XGBoost
0_MFCC_0,21,0.0002373949686686,XGBoost
0_Median,22,0.0001350426673889,XGBoost
0_Zero crossing rate,23,9.970585505167644e-05,XGBoost
0_Median absolute diff,24,8.175055185953776e-05,XGBoost
0_Neighbourhood peaks,25,8.13595453898112e-05,XGBoost
0_Negative turning points,26,7.649978001912435e-05,XGBoost
0_Spectral decrease,27,5.6093533833821616e-05,XGBoost
0_MFCC_5,28,1.136620839436849e-05,XGBoost
0_Power bandwidth,29,0.0,XGBoost
0_Median diff,30,0.0,XGBoost
0_Spectral roll-on,31,0.0,XGBoost
0_Median frequency,32,0.0,XGBoost
0_ECDF Percentile_0,33,-1.7487208048502604e-05,XGBoost
0_LPCC_1,34,-3.703991572062174e-05,XGBoost
0_ECDF Percentile_1,35,-5.002260208129883e-05,XGBoost
0_Wavelet absolute mean_125000000.0Hz,36,-7.496198018391928e-05,XGBoost
0_LPCC_6,37,-7.635037104288737e-05,XGBoost
0_Mean,38,-7.76990254720052e-05,XGBoost
0_LPCC_0,39,-0.0001264286041259,XGBoost
0_MFCC_8,40,-0.0003258275985717,XGBoost
0_MFCC_9,41,-0.0005882986386617,XGBoost
0_Maximum frequency,42,-0.0010530789693196,XGBoost
0_Peak to peak distance,1,0.1511133116474522,SVR
0_Spectral entropy,2,0.1495685296606088,SVR
0_ECDF Percentile_0,3,0.102149590152646,SVR
0_Spectral decrease,4,0.0817720251762646,SVR
0_LPCC_0,5,0.0786969739620011,SVR
0_Median,6,0.0786904256227725,SVR
0_Absolute energy,7,0.0761838222395423,SVR
0_Mean diff,8,0.0735394140815932,SVR
0_Spectral variation,9,0.0613973511211262,SVR
0_Interquartile range,10,0.0590773016232095,SVR
0_Slope,11,0.0517402407847197,SVR
0_Max,12,0.051481618282187,SVR
0_Wavelet absolute mean_27777777.78Hz,13,0.0483279025355805,SVR
0_MFCC_11,14,0.0344000921808523,SVR
0_Wavelet absolute mean_125000000.0Hz,15,0.0177251882020174,SVR
0_MFCC_9,16,0.0127365417474922,SVR
0_Autocorrelation,17,0.0123115794060874,SVR
0_MFCC_5,18,0.0119887531799987,SVR
0_Mean,19,0.0112330960623223,SVR
0_Wavelet energy_125000000.0Hz,20,0.0097633102372628,SVR
0_MFCC_10,21,0.0094131861978686,SVR
0_Median diff,22,0.0043118956518956,SVR
0_MFCC_4,23,0.003712494499797,SVR
0_Maximum frequency,24,0.0036892562993793,SVR
0_ECDF Percentile_1,25,0.0032082623451746,SVR
0_MFCC_8,26,0.0023532360489573,SVR
0_Wavelet entropy,27,0.001932345033707,SVR
0_MFCC_0,28,0.0014010906023598,SVR
0_Entropy,29,0.0010538172176879,SVR
0_Zero crossing rate,30,0.0008618790230288,SVR
0_Histogram mode,31,0.0007535280413323,SVR
0_Neighbourhood peaks,32,0.000752056256687,SVR
0_Spectral positive turning points,33,0.0006787755731551,SVR
0_Spectral roll-on,34,0.0006342192112772,SVR
0_Power bandwidth,35,0.000528650034513,SVR
0_Median absolute diff,36,0.0004405785473136,SVR
0_LPCC_6,37,0.000288888050354,SVR
0_Median frequency,38,6.052333304966536e-05,SVR
0_LPCC_1,39,-7.070554996451298e-05,SVR
0_Fundamental frequency,40,-0.0001116104600876,SVR
0_Negative turning points,41,-0.000375030386457,SVR
0_LPCC_5,42,-0.0011923262049041,SVR
0_Peak to peak distance,1,0.1428724525648373,Random Forest
0_Spectral entropy,2,0.0783273924519264,Random Forest
0_Absolute energy,3,0.0445179077213678,Random Forest
0_Spectral variation,4,0.0380876912467862,Random Forest
0_Interquartile range,5,0.0338475139591898,Random Forest
0_Autocorrelation,6,0.0239772236735932,Random Forest
0_Entropy,7,0.0172443197770868,Random Forest
0_MFCC_11,8,0.0109167652362919,Random Forest
0_Wavelet energy_125000000.0Hz,9,0.0103632996554832,Random Forest
0_Histogram mode,10,0.0098798745474544,Random Forest
0_Wavelet absolute mean_125000000.0Hz,11,0.0076543007083316,Random Forest
0_ECDF Percentile_0,12,0.0066666459761376,Random Forest
0_Mean diff,13,0.0045885225496824,Random Forest
0_MFCC_8,14,0.0040697798205665,Random Forest
0_Slope,15,0.0040527074240064,Random Forest
0_LPCC_0,16,0.0038442205009096,Random Forest
0_MFCC_9,17,0.0037808650111294,Random Forest
0_Fundamental frequency,18,0.0028648684974702,Random Forest
0_ECDF Percentile_1,19,0.0027940247209023,Random Forest
0_Wavelet absolute mean_27777777.78Hz,20,0.0020434010600274,Random Forest
0_MFCC_0,21,0.0020278510641799,Random Forest
0_MFCC_10,22,0.0019551139807736,Random Forest
0_MFCC_5,23,0.0018489298276764,Random Forest
0_Maximum frequency,24,0.0016555738548395,Random Forest
0_Median frequency,25,0.0013055020739226,Random Forest
0_Wavelet entropy,26,0.0009605633071782,Random Forest
0_Zero crossing rate,27,0.0008821991230369,Random Forest
0_Spectral decrease,28,0.0008729956569616,Random Forest
0_LPCC_1,29,0.0007343087530815,Random Forest
0_LPCC_6,30,0.0007171151055609,Random Forest
0_Median,31,0.0006850909078458,Random Forest
0_LPCC_5,32,0.0004914044098181,Random Forest
0_Mean,33,0.0002619239817497,Random Forest
0_Power bandwidth,34,6.775677759145152e-05,Random Forest
0_Spectral roll-on,35,2.43005072027828e-05,Random Forest
0_Neighbourhood peaks,36,1.4952416236232817e-05,Random Forest
0_Median diff,37,-1.4802973661668757e-18,Random Forest
0_Max,38,-5.942600449175088e-05,Random Forest
0_Spectral positive turning points,39,-0.0002379517922622,Random Forest
0_MFCC_4,40,-0.0002937148972586,Random Forest
0_Negative turning points,41,-0.0002948707948958,Random Forest
0_Median absolute diff,42,-0.0004739362515484,Random Forest
0_MFCC_4,1,2.359361525029985,Bayesian Ridge
0_Peak to peak distance,2,1.6530629412829976,Bayesian Ridge
0_ECDF Percentile_0,3,1.3151695925540996,Bayesian Ridge
0_MFCC_5,4,0.8243693918290032,Bayesian Ridge
0_Mean,5,0.5913103266004625,Bayesian Ridge
0_MFCC_11,6,0.5902824459392387,Bayesian Ridge
0_Max,7,0.4701220829083243,Bayesian Ridge
0_Slope,8,0.4159347193783373,Bayesian Ridge
0_MFCC_9,9,0.412290846433975,Bayesian Ridge
0_MFCC_0,10,0.2149667921394764,Bayesian Ridge
0_Median,11,0.1833736247600422,Bayesian Ridge
0_Spectral decrease,12,0.1018949757518887,Bayesian Ridge
0_MFCC_8,13,0.0656456228242293,Bayesian Ridge
0_ECDF Percentile_1,14,0.0582964343552125,Bayesian Ridge
0_Wavelet absolute mean_27777777.78Hz,15,0.0546991511865799,Bayesian Ridge
0_Spectral entropy,16,0.0303852743174396,Bayesian Ridge
0_Autocorrelation,17,0.0286415674135801,Bayesian Ridge
0_Interquartile range,18,0.0182427433978804,Bayesian Ridge
0_Entropy,19,0.0174983930900791,Bayesian Ridge
0_LPCC_0,20,0.013357933415766,Bayesian Ridge
0_Wavelet energy_125000000.0Hz,21,0.012323894084624,Bayesian Ridge
0_Power bandwidth,22,0.0110205620940202,Bayesian Ridge
0_Spectral variation,23,0.0091725177800866,Bayesian Ridge
0_Mean diff,24,0.009048569744155,Bayesian Ridge
0_MFCC_10,25,0.0067751948790465,Bayesian Ridge
0_Wavelet entropy,26,0.0063391620520735,Bayesian Ridge
0_Spectral roll-on,27,0.002386498141273,Bayesian Ridge
0_Median diff,28,0.0022877637011159,Bayesian Ridge
0_Wavelet absolute mean_125000000.0Hz,29,0.0022723826576569,Bayesian Ridge
0_Median frequency,30,0.0015639175937314,Bayesian Ridge
0_Spectral positive turning points,31,0.0007208045233682,Bayesian Ridge
0_Zero crossing rate,32,0.0006752820345526,Bayesian Ridge
0_LPCC_5,33,0.0006627951325248,Bayesian Ridge
0_Fundamental frequency,34,0.0005929660723963,Bayesian Ridge
0_Maximum frequency,35,0.0004280853955732,Bayesian Ridge
0_LPCC_1,36,0.0002887294460749,Bayesian Ridge
0_Median absolute diff,37,0.0002069030590597,Bayesian Ridge
0_Histogram mode,38,0.0001388199772593,Bayesian Ridge
0_LPCC_6,39,6.12333558426729e-05,Bayesian Ridge
0_Neighbourhood peaks,40,1.8261636357390644e-05,Bayesian Ridge
0_Negative turning points,41,-2.682861935298172e-05,Bayesian Ridge
0_Absolute energy,42,-9.322047854671684e-05,Bayesian Ridge
0_Peak to peak distance,1,0.5963907742500305,XGBoost
0_Spectral entropy,2,0.2614825050036112,XGBoost
0_Autocorrelation,3,0.1146909117698669,XGBoost
0_Entropy,4,0.0094925951957702,XGBoost
0_Mean diff,5,0.0085100658734639,XGBoost
0_Spectral variation,6,0.0056309541066487,XGBoost
0_Interquartile range,7,0.0024532540639241,XGBoost
0_Absolute energy,8,0.0020133789380391,XGBoost
0_Slope,9,0.0019975813229878,XGBoost
0_MFCC_5,10,0.0014063612620035,XGBoost
0_MFCC_11,11,0.0010880398750305,XGBoost
0_LPCC_0,12,0.0009236041704813,XGBoost
0_Max,13,0.000724766254425,XGBoost
0_Fundamental frequency,14,0.0005274573961893,XGBoost
0_Spectral positive turning points,15,0.0003204743067423,XGBoost
0_LPCC_6,16,0.0003073120117187,XGBoost
0_MFCC_4,17,0.0002490186691284,XGBoost
0_LPCC_1,18,0.0002383963267008,XGBoost
0_Spectral decrease,19,0.0002341739336649,XGBoost
0_Zero crossing rate,20,0.000117536385854,XGBoost
0_MFCC_8,21,6.991942723592122e-05,XGBoost
0_Neighbourhood peaks,22,5.249579747517904e-05,XGBoost
0_Wavelet absolute mean_27777777.78Hz,23,4.8081874847412106e-05,XGBoost
0_ECDF Percentile_0,24,3.214041392008464e-05,XGBoost
0_Power bandwidth,25,0.0,XGBoost
0_Spectral roll-on,26,0.0,XGBoost
0_Median diff,27,-5.706151326497396e-07,XGBoost
0_Median,28,-1.6231536865234375e-05,XGBoost
0_Median frequency,29,-4.01767094930013e-05,XGBoost
0_Maximum frequency,30,-7.727861404418945e-05,XGBoost
0_Mean,31,-8.614937464396158e-05,XGBoost
0_ECDF Percentile_1,32,-0.0001144647598266,XGBoost
0_LPCC_5,33,-0.0001189597447713,XGBoost
0_Histogram mode,34,-0.0001346286137898,XGBoost
0_Negative turning points,35,-0.0001744810740152,XGBoost
0_MFCC_9,36,-0.0001768970489501,XGBoost
0_MFCC_0,37,-0.0003973245620727,XGBoost
0_Median absolute diff,38,-0.0005985776583353,XGBoost
0_MFCC_10,39,-0.0006521884600321,XGBoost
0_Wavelet energy_125000000.0Hz,40,-0.0007196728388468,XGBoost
0_Wavelet absolute mean_125000000.0Hz,41,-0.0010562936464945,XGBoost
0_Wavelet entropy,42,-0.0015778136253356,XGBoost
0_Spectral entropy,1,0.1275998130237557,SVR
0_Peak to peak distance,2,0.1041254455635269,SVR
0_Spectral variation,3,0.0975599226091806,SVR
0_Interquartile range,4,0.0832516711404159,SVR
0_ECDF Percentile_0,5,0.0776474976243431,SVR
0_Absolute energy,6,0.068976333755898,SVR
0_Mean diff,7,0.0649774726718484,SVR
0_Wavelet absolute mean_27777777.78Hz,8,0.0584428225960107,SVR
0_Spectral decrease,9,0.0578005802729594,SVR
0_LPCC_0,10,0.0553603722616014,SVR
0_Median,11,0.0424794330613475,SVR
0_Slope,12,0.0282867016966998,SVR
0_Autocorrelation,13,0.0201009422307187,SVR
0_Wavelet absolute mean_125000000.0Hz,14,0.0187015330222173,SVR
0_MFCC_11,15,0.0165295998246255,SVR
0_Max,16,0.0165094033262454,SVR
0_ECDF Percentile_1,17,0.010128086807723,SVR
0_MFCC_9,18,0.0098803274395309,SVR
0_MFCC_5,19,0.0082236843374106,SVR
0_MFCC_10,20,0.0079803308369933,SVR
0_Median absolute diff,21,0.0066352260430257,SVR
0_Wavelet energy_125000000.0Hz,22,0.0060266270096214,SVR
0_MFCC_8,23,0.0053741053697298,SVR
0_Wavelet entropy,24,0.0051487421869123,SVR
0_Median diff,25,0.0045569492449688,SVR
0_Mean,26,0.0041929364048749,SVR
0_Maximum frequency,27,0.0037675534870385,SVR
0_Median frequency,28,0.0025275386309401,SVR
0_LPCC_5,29,0.0019513613247953,SVR
0_Entropy,30,0.0018036824323485,SVR
0_Power bandwidth,31,0.0017156436482901,SVR
0_LPCC_6,32,0.0016673100759719,SVR
0_Spectral positive turning points,33,0.0015733984975741,SVR
0_Spectral roll-on,34,0.0015061556267869,SVR
0_MFCC_0,35,0.0012508797256484,SVR
0_LPCC_1,36,0.0012498397129083,SVR
0_MFCC_4,37,0.0009703796103733,SVR
0_Fundamental frequency,38,0.0008268237116738,SVR
0_Histogram mode,39,0.0007022356373789,SVR
0_Negative turning points,40,0.0004406124247519,SVR
0_Zero crossing rate,41,-8.245927252023814e-05,SVR
0_Neighbourhood peaks,42,-0.0002144009011388,SVR
0_Peak to peak distance,1,0.1431419078540676,Random Forest
0_Spectral entropy,2,0.0611736062004702,Random Forest
0_Autocorrelation,3,0.0443248299120688,Random Forest
0_Spectral variation,4,0.0359344269102788,Random Forest
0_Absolute energy,5,0.0290995167763601,Random Forest
0_Interquartile range,6,0.0170793111182806,Random Forest
0_Wavelet energy_125000000.0Hz,7,0.0103364324453032,Random Forest
0_Entropy,8,0.0101053135643461,Random Forest
0_MFCC_11,9,0.0095332784305518,Random Forest
0_Histogram mode,10,0.0093656540187932,Random Forest
0_Wavelet absolute mean_125000000.0Hz,11,0.0069388116576345,Random Forest
0_Mean diff,12,0.0053778487137113,Random Forest
0_Slope,13,0.0039517849192672,Random Forest
0_LPCC_0,14,0.0039125937940544,Random Forest
0_Wavelet absolute mean_27777777.78Hz,15,0.0038298928139867,Random Forest
0_MFCC_9,16,0.0031535934681484,Random Forest
0_MFCC_8,17,0.0031531686465925,Random Forest
0_ECDF Percentile_0,18,0.0030218986895175,Random Forest
0_MFCC_0,19,0.0027803170263571,Random Forest
0_ECDF Percentile_1,20,0.0019505525729913,Random Forest
0_Fundamental frequency,21,0.0018577773657816,Random Forest
0_Median,22,0.0015816403559956,Random Forest
0_Median frequency,23,0.0013628992541098,Random Forest
0_Zero crossing rate,24,0.0011149658455582,Random Forest
0_Maximum frequency,25,0.001095502995039,Random Forest
0_MFCC_10,26,0.0009188768326018,Random Forest
0_Spectral decrease,27,0.0007482569369328,Random Forest
0_LPCC_1,28,0.0006391795804377,Random Forest
0_LPCC_6,29,0.0003739507289134,Random Forest
0_Mean,30,0.0003202156098155,Random Forest
0_LPCC_5,31,0.0002968371647748,Random Forest
0_MFCC_5,32,0.0002040499619557,Random Forest
0_MFCC_4,33,0.0002038532536075,Random Forest
0_Spectral roll-on,34,6.030413958140931e-05,Random Forest
0_Negative turning points,35,4.965308732522396e-05,Random Forest
0_Spectral positive turning points,36,4.678201123683519e-05,Random Forest
0_Median diff,37,-7.401486830834377e-18,Random Forest
0_Power bandwidth,38,-5.501612118135786e-06,Random Forest
0_Max,39,-4.270245871305978e-05,Random Forest
0_Neighbourhood peaks,40,-4.721866788681547e-05,Random Forest
0_Wavelet entropy,41,-0.0001226266216434,Random Forest
0_Median absolute diff,42,-0.0002263401501444,Random Forest
0_MFCC_4,1,2.581996070595199,Bayesian Ridge
0_Peak to peak distance,2,1.9596135605516392,Bayesian Ridge
0_ECDF Percentile_0,3,1.5168055303594346,Bayesian Ridge
0_MFCC_5,4,1.1966609326277802,Bayesian Ridge
0_MFCC_11,5,0.5185657734581652,Bayesian Ridge
0_Max,6,0.5166175239052974,Bayesian Ridge
0_Mean,7,0.461475866843538,Bayesian Ridge
0_MFCC_9,8,0.4050164671263563,Bayesian Ridge
0_MFCC_0,9,0.3351217615729907,Bayesian Ridge
0_Slope,10,0.2875833738223127,Bayesian Ridge
0_ECDF Percentile_1,11,0.1378102244569614,Bayesian Ridge
0_Median,12,0.1297222686008322,Bayesian Ridge
0_Spectral entropy,13,0.0618306808000081,Bayesian Ridge
0_Spectral decrease,14,0.0599134604078037,Bayesian Ridge
0_Wavelet absolute mean_27777777.78Hz,15,0.0539267056608692,Bayesian Ridge
0_Autocorrelation,16,0.0292690857080662,Bayesian Ridge
0_MFCC_8,17,0.0237695631563008,Bayesian Ridge
0_Interquartile range,18,0.0221091603397429,Bayesian Ridge
0_Wavelet energy_125000000.0Hz,19,0.0209569952303463,Bayesian Ridge
0_Power bandwidth,20,0.0203499047845438,Bayesian Ridge
0_Entropy,21,0.0149044054678324,Bayesian Ridge
0_LPCC_0,22,0.0135861709957217,Bayesian Ridge
0_Wavelet absolute mean_125000000.0Hz,23,0.0127634753093813,Bayesian Ridge
0_Absolute energy,24,0.0126608589328844,Bayesian Ridge
0_Wavelet entropy,25,0.0114124531968165,Bayesian Ridge
0_MFCC_10,26,0.0079572783832028,Bayesian Ridge
0_Spectral variation,27,0.0066394696984966,Bayesian Ridge
0_Mean diff,28,0.0064907413339868,Bayesian Ridge
0_Spectral roll-on,29,0.005201665235646,Bayesian Ridge
0_Median diff,30,0.0022121438677017,Bayesian Ridge
0_Median frequency,31,0.0018264725195863,Bayesian Ridge
0_Zero crossing rate,32,0.0016487520267593,Bayesian Ridge
0_Spectral positive turning points,33,0.0012403725375206,Bayesian Ridge
0_LPCC_6,34,0.0006500089261706,Bayesian Ridge
0_Median absolute diff,35,0.0004177075556588,Bayesian Ridge
0_LPCC_5,36,0.0004048303922923,Bayesian Ridge
0_LPCC_1,37,0.0003798757262516,Bayesian Ridge
0_Negative turning points,38,0.0003027811171019,Bayesian Ridge
0_Fundamental frequency,39,9.605236431603418e-05,Bayesian Ridge
0_Maximum frequency,40,-3.4186890449801053e-05,Bayesian Ridge
0_Histogram mode,41,-0.0002813123495993,Bayesian Ridge
0_Neighbourhood peaks,42,-0.0009300689581775,Bayesian Ridge
0_Peak to peak distance,1,0.6201371439297994,XGBoost
0_Spectral entropy,2,0.2478639070192972,XGBoost
0_Autocorrelation,3,0.1296641604105631,XGBoost
0_Interquartile range,4,0.0237514781951904,XGBoost
0_Absolute energy,5,0.0147369289398193,XGBoost
0_Entropy,6,0.0138097643852233,XGBoost
0_Spectral variation,7,0.0130136179924011,XGBoost
0_Mean diff,8,0.0066653577486673,XGBoost
0_Max,9,0.0049626612663269,XGBoost
0_Slope,10,0.002959820429484,XGBoost
0_MFCC_0,11,0.0020118300120035,XGBoost
0_Histogram mode,12,0.00135502576828,XGBoost
0_MFCC_11,13,0.001110143661499,XGBoost
0_Wavelet energy_125000000.0Hz,14,0.0010476700464884,XGBoost
0_LPCC_0,15,0.0009663883845011,XGBoost
0_MFCC_5,16,0.0009405239423116,XGBoost
0_Spectral decrease,17,0.0007477092742919,XGBoost
0_ECDF Percentile_1,18,0.0007245834668477,XGBoost
0_Fundamental frequency,19,0.0006636555989583,XGBoost
0_MFCC_8,20,0.0003855578104654,XGBoost
0_MFCC_10,21,0.0003777329126993,XGBoost
0_Spectral positive turning points,22,0.0003627618153889,XGBoost
0_MFCC_9,23,0.0003363966941833,XGBoost
0_Wavelet absolute mean_27777777.78Hz,24,0.000254783630371,XGBoost
0_LPCC_6,25,0.000236534277598,XGBoost
0_Mean,26,0.0002127933502197,XGBoost
0_Median diff,27,0.0002115662892659,XGBoost
0_Wavelet absolute mean_125000000.0Hz,28,0.0001327935854593,XGBoost
0_Median absolute diff,29,0.0001232949892679,XGBoost
0_Zero crossing rate,30,0.0001156218846638,XGBoost
0_Wavelet entropy,31,5.616346995035807e-05,XGBoost
0_Power bandwidth,32,0.0,XGBoost
0_Spectral roll-on,33,0.0,XGBoost
0_Neighbourhood peaks,34,-5.399386088053386e-06,XGBoost
0_Maximum frequency,35,-1.1219978332519532e-05,XGBoost
0_MFCC_4,36,-4.088719685872396e-05,XGBoost
0_Median,37,-5.135774612426758e-05,XGBoost
0_Negative turning points,38,-0.0001471185684204,XGBoost
0_LPCC_5,39,-0.000149483680725,XGBoost
0_Median frequency,40,-0.0001772777239481,XGBoost
0_LPCC_1,41,-0.0003387530644734,XGBoost
0_ECDF Percentile_0,42,-0.0012921373049418,XGBoost
0_Peak to peak distance,1,0.1048418300285784,SVR
0_Spectral entropy,2,0.1025970312456732,SVR
0_Spectral variation,3,0.1017002050549241,SVR
0_Spectral decrease,4,0.0814140756306433,SVR
0_LPCC_0,5,0.0774568355181174,SVR
0_ECDF Percentile_0,6,0.0664350286922822,SVR
0_Absolute energy,7,0.066070948729129,SVR
0_Mean diff,8,0.0639909828631164,SVR
0_Interquartile range,9,0.0593588093975404,SVR
0_Median,10,0.0582372556236055,SVR
0_Max,11,0.0526630356060958,SVR
0_Wavelet absolute mean_27777777.78Hz,12,0.0455028855130486,SVR
0_MFCC_11,13,0.0320117353937651,SVR
0_Slope,14,0.0267763366356167,SVR
0_Wavelet absolute mean_125000000.0Hz,15,0.020714942214121,SVR
0_Mean,16,0.0122682896944206,SVR
0_Autocorrelation,17,0.0103235155759518,SVR
0_MFCC_0,18,0.0081231298304864,SVR
0_MFCC_10,19,0.0063741911038102,SVR
0_MFCC_9,20,0.0061732693543536,SVR
0_MFCC_5,21,0.0060429206242982,SVR
0_Wavelet energy_125000000.0Hz,22,0.0057520239447699,SVR
0_Wavelet entropy,23,0.0047868064296823,SVR
0_ECDF Percentile_1,24,0.0041135133465982,SVR
0_MFCC_8,25,0.0035054685370346,SVR
0_Maximum frequency,26,0.0032872048589121,SVR
0_MFCC_4,27,0.0022079876414794,SVR
0_Spectral positive turning points,28,0.002094033879864,SVR
0_Median absolute diff,29,0.0019178534996639,SVR
0_LPCC_5,30,0.0018215593305009,SVR
0_LPCC_1,31,0.0016920358918067,SVR
0_LPCC_6,32,0.0013835013739545,SVR
0_Spectral roll-on,33,0.0012745454812863,SVR
0_Neighbourhood peaks,34,0.0012451346484112,SVR
0_Histogram mode,35,0.0010274683223628,SVR
0_Zero crossing rate,36,0.0009409643459412,SVR
0_Power bandwidth,37,0.0005863427424211,SVR
0_Fundamental frequency,38,0.0005382646667479,SVR
0_Median frequency,39,0.0004997477217692,SVR
0_Negative turning points,40,0.0002622216506063,SVR
0_Entropy,41,0.0002483364553632,SVR
0_Median diff,42,0.0,SVR
0_Peak to peak distance,1,0.1587285757903861,Random Forest
0_Spectral entropy,2,0.0742087404276456,Random Forest
0_Absolute energy,3,0.0394114159344697,Random Forest
0_Spectral variation,4,0.0356396311110889,Random Forest
0_Autocorrelation,5,0.0309040816806148,Random Forest
0_Interquartile range,6,0.026996685352358,Random Forest
0_Entropy,7,0.0228408781188941,Random Forest
0_Wavelet energy_125000000.0Hz,8,0.0154726634401638,Random Forest
0_Histogram mode,9,0.0115073658622039,Random Forest
0_Wavelet absolute mean_125000000.0Hz,10,0.0089671892006392,Random Forest
0_MFCC_11,11,0.0085389036296261,Random Forest
0_ECDF Percentile_0,12,0.0070783891092298,Random Forest
0_Slope,13,0.0070363079292868,Random Forest
0_Mean diff,14,0.0070200033078178,Random Forest
0_MFCC_8,15,0.0037468772719958,Random Forest
0_LPCC_0,16,0.0034366743142294,Random Forest
0_MFCC_0,17,0.0033323386513225,Random Forest
0_Fundamental frequency,18,0.0029769429726196,Random Forest
0_MFCC_9,19,0.0026997441836512,Random Forest
0_Wavelet entropy,20,0.002261912095478,Random Forest
0_MFCC_10,21,0.002127468780098,Random Forest
0_ECDF Percentile_1,22,0.0020366055488541,Random Forest
0_Wavelet absolute mean_27777777.78Hz,23,0.0019368950845634,Random Forest
0_MFCC_5,24,0.0017825483493485,Random Forest
0_LPCC_1,25,0.0015334167970504,Random Forest
0_Maximum frequency,26,0.0012394293443058,Random Forest
0_Median frequency,27,0.0009350405076791,Random Forest
0_Zero crossing rate,28,0.0008861259743225,Random Forest
0_Max,29,0.0006463440460337,Random Forest
0_Median,30,0.0005950244793539,Random Forest
0_LPCC_6,31,0.0005134354674968,Random Forest
0_LPCC_5,32,0.0004833182748018,Random Forest
0_Spectral positive turning points,33,0.0004065872097957,Random Forest
0_Spectral decrease,34,0.0003616758709394,Random Forest
0_MFCC_4,35,0.0002529913678965,Random Forest
0_Power bandwidth,36,8.267742481647004e-05,Random Forest
0_Spectral roll-on,37,8.049602730862601e-06,Random Forest
0_Median diff,38,1.4802973661668757e-18,Random Forest
0_Neighbourhood peaks,39,-6.144449824171024e-07,Random Forest
0_Negative turning points,40,-4.598597013831215e-05,Random Forest
0_Median absolute diff,41,-0.0001171410173329,Random Forest
0_Mean,42,-0.0002578529450216,Random Forest
0_MFCC_4,1,2.29024135487472,Bayesian Ridge
0_Peak to peak distance,2,1.846480433709536,Bayesian Ridge
0_ECDF Percentile_0,3,1.2777599011586327,Bayesian Ridge
0_MFCC_5,4,0.9313374161664958,Bayesian Ridge
0_Mean,5,0.5852891766310461,Bayesian Ridge
0_Max,6,0.4999853786807739,Bayesian Ridge
0_MFCC_11,7,0.426515108986006,Bayesian Ridge
0_MFCC_9,8,0.3629393738129546,Bayesian Ridge
0_Slope,9,0.3194001434642435,Bayesian Ridge
0_MFCC_0,10,0.2810664572434984,Bayesian Ridge
0_Median,11,0.1245906757906458,Bayesian Ridge
0_ECDF Percentile_1,12,0.1015052372122703,Bayesian Ridge
0_Spectral decrease,13,0.0678027540819304,Bayesian Ridge
0_MFCC_8,14,0.0543568432689704,Bayesian Ridge
0_Interquartile range,15,0.0369492525250752,Bayesian Ridge
0_LPCC_0,16,0.0339628937764974,Bayesian Ridge
0_Wavelet absolute mean_27777777.78Hz,17,0.0307252091611558,Bayesian Ridge
0_MFCC_10,18,0.0246383625988291,Bayesian Ridge
0_Autocorrelation,19,0.0244026219134244,Bayesian Ridge
0_Spectral variation,20,0.0232357969022016,Bayesian Ridge
0_Absolute energy,21,0.0208330293882854,Bayesian Ridge
0_Entropy,22,0.01846545529322,Bayesian Ridge
0_Spectral entropy,23,0.0179884508467121,Bayesian Ridge
0_Mean diff,24,0.0168915483924927,Bayesian Ridge
0_Wavelet entropy,25,0.0142429375158194,Bayesian Ridge
0_Wavelet energy_125000000.0Hz,26,0.0129727552750189,Bayesian Ridge
0_Power bandwidth,27,0.0064956652587289,Bayesian Ridge
0_LPCC_1,28,0.0046537674260561,Bayesian Ridge
0_Spectral roll-on,29,0.0045283928736116,Bayesian Ridge
0_Median frequency,30,0.0030640978439903,Bayesian Ridge
0_Wavelet absolute mean_125000000.0Hz,31,0.0029514055143973,Bayesian Ridge
0_Zero crossing rate,32,0.0025083624277816,Bayesian Ridge
0_Maximum frequency,33,0.0021676036327986,Bayesian Ridge
0_Spectral positive turning points,34,0.0012352902572832,Bayesian Ridge
0_Negative turning points,35,0.0005921986230787,Bayesian Ridge
0_Fundamental frequency,36,0.0004923836648109,Bayesian Ridge
0_LPCC_5,37,0.000152441588855,Bayesian Ridge
0_Median diff,38,0.0,Bayesian Ridge
0_Median absolute diff,39,-3.4502122185788115e-05,Bayesian Ridge
0_Neighbourhood peaks,40,-7.813637220317323e-05,Bayesian Ridge
0_Histogram mode,41,-0.0001161656784747,Bayesian Ridge
0_LPCC_6,42,-0.0005421872833147,Bayesian Ridge
0_Peak to peak distance,1,0.9279542064666748,XGBoost
0_Spectral entropy,2,0.2905782771110534,XGBoost
0_Autocorrelation,3,0.1749108934402465,XGBoost
0_Interquartile range,4,0.0170291248957316,XGBoost
0_Entropy,5,0.0062865273157755,XGBoost
0_Spectral variation,6,0.0055840078989664,XGBoost
0_Mean diff,7,0.0054223171869913,XGBoost
0_Max,8,0.0049635807673136,XGBoost
0_Slope,9,0.0022771573066711,XGBoost
0_Absolute energy,10,0.0016331966718037,XGBoost
0_Histogram mode,11,0.0011815746625264,XGBoost
0_MFCC_0,12,0.0010969233512878,XGBoost
0_Fundamental frequency,13,0.0010949699083964,XGBoost
0_MFCC_9,14,0.0010885643959045,XGBoost
0_Wavelet energy_125000000.0Hz,15,0.0007341130574544,XGBoost
0_LPCC_0,16,0.0005217138926188,XGBoost
0_Maximum frequency,17,0.0004700946807861,XGBoost
0_Median absolute diff,18,0.000417513847351,XGBoost
0_MFCC_10,19,0.0003654464085896,XGBoost
0_LPCC_1,20,0.0003630558649698,XGBoost
0_ECDF Percentile_0,21,0.0003605000178019,XGBoost
0_LPCC_6,22,0.0003519797325134,XGBoost
0_Spectral positive turning points,23,0.0003429492314656,XGBoost
0_Wavelet entropy,24,0.0003173987070719,XGBoost
0_Wavelet absolute mean_125000000.0Hz,25,0.0001948062578837,XGBoost
0_MFCC_8,26,0.0001777164141337,XGBoost
0_Wavelet absolute mean_27777777.78Hz,27,0.0001508593559265,XGBoost
0_MFCC_11,28,9.294986724853516e-05,XGBoost
0_Negative turning points,29,2.694368362426758e-05,XGBoost
0_Median frequency,30,1.0638236999511718e-05,XGBoost
0_MFCC_5,31,5.38031260172526e-06,XGBoost
0_Spectral roll-on,32,0.0,XGBoost
0_Median diff,33,0.0,XGBoost
0_Power bandwidth,34,0.0,XGBoost
0_Zero crossing rate,35,-3.5031636555989583e-06,XGBoost
0_ECDF Percentile_1,36,-9.903907775878906e-06,XGBoost
0_Median,37,-1.3285477956136068e-05,XGBoost
0_Spectral decrease,38,-3.937880198160807e-05,XGBoost
0_MFCC_4,39,-4.372119903564453e-05,XGBoost
0_Neighbourhood peaks,40,-4.385789235432943e-05,XGBoost
0_LPCC_5,41,-4.5216878255208334e-05,XGBoost
0_Mean,42,-0.0001084399223327,XGBoost
0_Spectral entropy,1,0.1293851805281552,SVR
0_Peak to peak distance,2,0.1264023324167697,SVR
0_Spectral decrease,3,0.0988553050622164,SVR
0_Spectral variation,4,0.0900261809620291,SVR
0_Interquartile range,5,0.0856682034179126,SVR
0_LPCC_0,6,0.0818641502696472,SVR
0_Mean diff,7,0.0674730494878291,SVR
0_Median,8,0.0633869511230493,SVR
0_ECDF Percentile_0,9,0.0530457749924201,SVR
0_Wavelet absolute mean_27777777.78Hz,10,0.0451326120890101,SVR
0_Max,11,0.0437410403105577,SVR
0_Absolute energy,12,0.0413673882261804,SVR
0_Slope,13,0.0335296728984067,SVR
0_MFCC_11,14,0.031875634314471,SVR
0_Wavelet absolute mean_125000000.0Hz,15,0.0261345657430914,SVR
0_Mean,16,0.0110283665842174,SVR
0_Autocorrelation,17,0.0106819905623828,SVR
0_MFCC_9,18,0.0103256152148179,SVR
0_MFCC_5,19,0.0079852449171173,SVR
0_Wavelet energy_125000000.0Hz,20,0.006680459478696,SVR
0_MFCC_4,21,0.0064586667203004,SVR
0_Wavelet entropy,22,0.006440898314594,SVR
0_MFCC_0,23,0.0059999231186592,SVR
0_Median diff,24,0.0052692787655002,SVR
0_MFCC_8,25,0.0030289818102642,SVR
0_LPCC_1,26,0.0026695306515953,SVR
0_MFCC_10,27,0.0026418342054787,SVR
0_LPCC_5,28,0.0026000599229779,SVR
0_Maximum frequency,29,0.0020907847147991,SVR
0_LPCC_6,30,0.0020303977983761,SVR
0_ECDF Percentile_1,31,0.0018617646677573,SVR
0_Power bandwidth,32,0.0016037376058715,SVR
0_Spectral positive turning points,33,0.0014440902000638,SVR
0_Entropy,34,0.0013728254021199,SVR
0_Zero crossing rate,35,0.0008001984555938,SVR
0_Neighbourhood peaks,36,0.0007265387237214,SVR
0_Histogram mode,37,0.0007187335472111,SVR
0_Spectral roll-on,38,0.0005518706033106,SVR
0_Median frequency,39,0.0004741735085075,SVR
0_Fundamental frequency,40,0.0004506683750083,SVR
0_Negative turning points,41,0.0001654254875417,SVR
0_Median absolute diff,42,-0.0009649495648208,SVR
0_Peak to peak distance,1,0.1438057785755757,Random Forest
0_Spectral entropy,2,0.0872525221352779,Random Forest
0_Autocorrelation,3,0.039753992862847,Random Forest
0_Absolute energy,4,0.0394169683616577,Random Forest
0_Spectral variation,5,0.0363956845755786,Random Forest
0_Entropy,6,0.0305013306833312,Random Forest
0_Interquartile range,7,0.0256980261027992,Random Forest
0_Wavelet energy_125000000.0Hz,8,0.0173376897563342,Random Forest
0_MFCC_11,9,0.0129736379645172,Random Forest
0_Histogram mode,10,0.0101959210804137,Random Forest
0_ECDF Percentile_0,11,0.009020640024486,Random Forest
0_Mean diff,12,0.0088179025122329,Random Forest
0_Wavelet absolute mean_125000000.0Hz,13,0.0079613832362932,Random Forest
0_Slope,14,0.0057386110391623,Random Forest
0_LPCC_0,15,0.0039743075576611,Random Forest
0_MFCC_0,16,0.0036977681708038,Random Forest
0_Wavelet absolute mean_27777777.78Hz,17,0.0034324887601817,Random Forest
0_MFCC_8,18,0.0033817126659456,Random Forest
0_ECDF Percentile_1,19,0.0028116362390806,Random Forest
0_MFCC_9,20,0.002684705513483,Random Forest
0_MFCC_10,21,0.0020231757891404,Random Forest
0_Fundamental frequency,22,0.0019057720554073,Random Forest
0_Wavelet entropy,23,0.0018456850842553,Random Forest
0_Median frequency,24,0.0016071141705167,Random Forest
0_MFCC_5,25,0.0015584908123163,Random Forest
0_Maximum frequency,26,0.0015439423142103,Random Forest
0_Median,27,0.0012034301567713,Random Forest
0_Spectral decrease,28,0.0010990787504979,Random Forest
0_LPCC_1,29,0.0010889442971129,Random Forest
0_Max,30,0.0009741279208992,Random Forest
0_LPCC_6,31,0.0007605937734826,Random Forest
0_Zero crossing rate,32,0.000598123913144,Random Forest
0_Mean,33,0.0004670968855436,Random Forest
0_Spectral positive turning points,34,0.0004453102457456,Random Forest
0_LPCC_5,35,0.0001356653342986,Random Forest
0_Median absolute diff,36,3.0537935394843175e-05,Random Forest
0_Power bandwidth,37,2.508730304346211e-05,Random Forest
0_Spectral roll-on,38,7.47222572927549e-06,Random Forest
0_Median diff,39,-1.7763568394002505e-17,Random Forest
0_Neighbourhood peaks,40,-5.091896845936065e-06,Random Forest
0_Negative turning points,41,-6.077136635712262e-06,Random Forest
0_MFCC_4,42,-0.0003131749966558,Random Forest
0_Peak to peak distance,1,2.621494575335324,Bayesian Ridge
0_MFCC_4,2,2.4241669929048304,Bayesian Ridge
0_MFCC_9,3,1.093327458733687,Bayesian Ridge
0_Mean,4,1.086541199583452,Bayesian Ridge
0_MFCC_5,5,1.071142950601376,Bayesian Ridge
0_ECDF Percentile_0,6,1.050147278266113,Bayesian Ridge
0_Max,7,0.90753014349563,Bayesian Ridge
0_Slope,8,0.4043913515181224,Bayesian Ridge
0_MFCC_11,9,0.3181356719099876,Bayesian Ridge
0_MFCC_8,10,0.2038931247997797,Bayesian Ridge
0_MFCC_10,11,0.1800821630219114,Bayesian Ridge
0_Spectral decrease,12,0.0841978653786885,Bayesian Ridge
0_Median,13,0.0751811911595108,Bayesian Ridge
0_MFCC_0,14,0.054790245116596,Bayesian Ridge
0_Spectral entropy,15,0.0354015069696236,Bayesian Ridge
0_Wavelet absolute mean_27777777.78Hz,16,0.0262750405030918,Bayesian Ridge
0_ECDF Percentile_1,17,0.0249187286457051,Bayesian Ridge
0_Autocorrelation,18,0.0185741948463101,Bayesian Ridge
0_Wavelet entropy,19,0.0159033524074197,Bayesian Ridge
0_Wavelet absolute mean_125000000.0Hz,20,0.0149793059041163,Bayesian Ridge
0_LPCC_0,21,0.0144383905108398,Bayesian Ridge
0_Absolute energy,22,0.0118546277908596,Bayesian Ridge
0_Entropy,23,0.0116466986536481,Bayesian Ridge
0_Power bandwidth,24,0.0113734788608845,Bayesian Ridge
0_Spectral variation,25,0.0112787756010367,Bayesian Ridge
0_Wavelet energy_125000000.0Hz,26,0.007939980014235,Bayesian Ridge
0_Interquartile range,27,0.0049846586846812,Bayesian Ridge
0_Spectral roll-on,28,0.002870632307231,Bayesian Ridge
0_LPCC_5,29,0.0028228765849956,Bayesian Ridge
0_Mean diff,30,0.0023276961356166,Bayesian Ridge
0_Median diff,31,0.0022237531892496,Bayesian Ridge
0_Median frequency,32,0.0012829877225398,Bayesian Ridge
0_Median absolute diff,33,0.0011492127914786,Bayesian Ridge
0_Zero crossing rate,34,0.0008243304281237,Bayesian Ridge
0_LPCC_6,35,0.0007855343817098,Bayesian Ridge
0_LPCC_1,36,0.0006222413983416,Bayesian Ridge
0_Spectral positive turning points,37,0.0003010372942035,Bayesian Ridge
0_Maximum frequency,38,2.828481571209481e-05,Bayesian Ridge
0_Neighbourhood peaks,39,-1.3493835257172293e-07,Bayesian Ridge
0_Fundamental frequency,40,-4.05353464618378e-06,Bayesian Ridge
0_Negative turning points,41,-5.428221968618215e-06,Bayesian Ridge
0_Histogram mode,42,-0.0014194740237603,Bayesian Ridge
0_Peak to peak distance,1,0.618304701646169,XGBoost
0_Spectral entropy,2,0.2855578072865804,XGBoost
0_Autocorrelation,3,0.1084030135472615,XGBoost
0_Mean diff,4,0.008534546693166,XGBoost
0_Spectral variation,5,0.0073586328824361,XGBoost
0_Entropy,6,0.0052733532587687,XGBoost
0_Slope,7,0.0046083490053812,XGBoost
0_Interquartile range,8,0.0029670031865437,XGBoost
0_Absolute energy,9,0.0028746684392293,XGBoost
0_Histogram mode,10,0.0016087476412455,XGBoost
0_Fundamental frequency,11,0.0014472444852193,XGBoost
0_MFCC_9,12,0.0007559275627136,XGBoost
0_LPCC_0,13,0.0004993645350138,XGBoost
0_MFCC_8,14,0.0002966610590616,XGBoost
0_Max,15,0.0002455425262451,XGBoost
0_MFCC_11,16,0.0002395860354105,XGBoost
0_MFCC_0,17,0.0002322419484456,XGBoost
0_LPCC_6,18,0.0002222299575805,XGBoost
0_Spectral decrease,19,0.0001910217603047,XGBoost
0_Median,20,0.0001529637972513,XGBoost
0_Wavelet energy_125000000.0Hz,21,0.0001338982582092,XGBoost
0_MFCC_10,22,9.264151255289712e-05,XGBoost
0_ECDF Percentile_1,23,6.376187006632487e-05,XGBoost
0_Zero crossing rate,24,2.183834711710612e-05,XGBoost
0_Negative turning points,25,4.437764485677083e-06,XGBoost
0_Neighbourhood peaks,26,6.079673767089843e-07,XGBoost
0_Median diff,27,4.045168558756512e-07,XGBoost
0_Power bandwidth,28,0.0,XGBoost
0_Wavelet absolute mean_27777777.78Hz,29,-3.2671292622884114e-06,XGBoost
0_Wavelet absolute mean_125000000.0Hz,30,-3.992716471354167e-06,XGBoost
0_MFCC_5,31,-9.740193684895831e-06,XGBoost
0_Mean,32,-2.506653467814128e-05,XGBoost
0_Spectral roll-on,33,-2.877155939737956e-05,XGBoost
0_LPCC_1,34,-3.870805104573568e-05,XGBoost
0_Median absolute diff,35,-0.0001003710428873,XGBoost
0_MFCC_4,36,-0.0001696769396464,XGBoost
0_Median frequency,37,-0.0001945535341898,XGBoost
0_Spectral positive turning points,38,-0.0002207517623901,XGBoost
0_LPCC_5,39,-0.0002879389127095,XGBoost
0_Maximum frequency,40,-0.0003088212013244,XGBoost
0_Wavelet entropy,41,-0.0004061738650004,XGBoost
0_ECDF Percentile_0,42,-0.0019626919428507,XGBoost
0_Peak to peak distance,1,0.151651709363775,SVR
0_Spectral entropy,2,0.1197598431213852,SVR
0_ECDF Percentile_0,3,0.0876134351341087,SVR
0_Median,4,0.0855721373810208,SVR
0_Spectral decrease,5,0.0852976514981292,SVR
0_Spectral variation,6,0.0777530750584746,SVR
0_Interquartile range,7,0.0767382227956465,SVR
0_Max,8,0.0720082505963185,SVR
0_Wavelet absolute mean_27777777.78Hz,9,0.067060125392256,SVR
0_Mean diff,10,0.0641232298102398,SVR
0_LPCC_0,11,0.06033787312694,SVR
0_Absolute energy,12,0.0589050310695621,SVR
0_Slope,13,0.0420429638153522,SVR
0_MFCC_11,14,0.0227752356685455,SVR
0_MFCC_5,15,0.0173117099493688,SVR
0_Autocorrelation,16,0.0154539967088858,SVR
0_Wavelet absolute mean_125000000.0Hz,17,0.0129683365734016,SVR
0_MFCC_9,18,0.0118989633897097,SVR
0_Wavelet entropy,19,0.0103635341836412,SVR
0_Mean,20,0.0091985609945043,SVR
0_MFCC_10,21,0.0073548953095694,SVR
0_Wavelet energy_125000000.0Hz,22,0.0069070888318942,SVR
0_ECDF Percentile_1,23,0.0050902692560322,SVR
0_Maximum frequency,24,0.0033759591300015,SVR
0_LPCC_1,25,0.0028280219515372,SVR
0_Spectral positive turning points,26,0.0022629229705181,SVR
0_MFCC_4,27,0.0018414081160163,SVR
0_LPCC_5,28,0.0009862427244237,SVR
0_Power bandwidth,29,0.0009654748162916,SVR
0_Entropy,30,0.0009481944278366,SVR
0_Histogram mode,31,0.000935402551505,SVR
0_MFCC_8,32,0.0009323254626571,SVR
0_Spectral roll-on,33,0.0004691426102978,SVR
0_Negative turning points,34,0.0004655725942686,SVR
0_Fundamental frequency,35,0.0003676301238769,SVR
0_Neighbourhood peaks,36,0.0003641046517427,SVR
0_Zero crossing rate,37,0.0003193588382771,SVR
0_LPCC_6,38,2.1422194630941564e-05,SVR
0_Median diff,39,0.0,SVR
0_Median frequency,40,-0.0001920113165126,SVR
0_MFCC_0,41,-0.0002130579378702,SVR
0_Median absolute diff,42,-0.0006144395188578,SVR
0_Peak to peak distance,1,0.1346813793579276,Random Forest
0_Spectral entropy,2,0.0734413169604654,Random Forest
0_Absolute energy,3,0.0438521200172679,Random Forest
0_Autocorrelation,4,0.0432261555508906,Random Forest
0_Spectral variation,5,0.0383455300940783,Random Forest
0_Interquartile range,6,0.033800373227722,Random Forest
0_Entropy,7,0.0263222894248182,Random Forest
0_Histogram mode,8,0.0135269610392759,Random Forest
0_Wavelet energy_125000000.0Hz,9,0.0128219334576823,Random Forest
0_ECDF Percentile_0,10,0.0113551923091492,Random Forest
0_MFCC_11,11,0.0094096913697106,Random Forest
0_Wavelet absolute mean_125000000.0Hz,12,0.0064339872901979,Random Forest
0_Wavelet entropy,13,0.0057877253384759,Random Forest
0_Mean diff,14,0.004989411138228,Random Forest
0_MFCC_9,15,0.004663931517634,Random Forest
0_Slope,16,0.003986545272513,Random Forest
0_Fundamental frequency,17,0.0036956376864681,Random Forest
0_MFCC_8,18,0.0034076864239569,Random Forest
0_Wavelet absolute mean_27777777.78Hz,19,0.0027185651913229,Random Forest
0_MFCC_10,20,0.0024737632441798,Random Forest
0_LPCC_0,21,0.002368793993587,Random Forest
0_Maximum frequency,22,0.0020261564823768,Random Forest
0_Spectral decrease,23,0.0020168381376886,Random Forest
0_Max,24,0.0019651576229691,Random Forest
0_Mean,25,0.0018121939843428,Random Forest
0_ECDF Percentile_1,26,0.0016974256747407,Random Forest
0_Median,27,0.0016099204892313,Random Forest
0_MFCC_0,28,0.0015950545395781,Random Forest
0_LPCC_1,29,0.0012672142477194,Random Forest
0_MFCC_4,30,0.0010829895024412,Random Forest
0_Zero crossing rate,31,0.0009766747390027,Random Forest
0_MFCC_5,32,0.0007352008567131,Random Forest
0_Median frequency,33,0.0005419037883105,Random Forest
0_LPCC_5,34,0.0003165474410243,Random Forest
0_LPCC_6,35,0.0002544739704175,Random Forest
0_Spectral positive turning points,36,0.0001329653293038,Random Forest
0_Power bandwidth,37,9.47972127978384e-05,Random Forest
0_Median absolute diff,38,6.177876056197758e-05,Random Forest
0_Negative turning points,39,1.4344386672274408e-05,Random Forest
0_Median diff,40,-4.1448326252672507e-17,Random Forest
0_Neighbourhood peaks,41,-2.2171030356613976e-06,Random Forest
0_Spectral roll-on,42,-3.221950766135369e-06,Random Forest
0_ECDF Percentile_0,1,1.7463453355150458,Bayesian Ridge
0_Peak to peak distance,2,1.4903464722543929,Bayesian Ridge
0_MFCC_4,3,1.4033892053408852,Bayesian Ridge
0_MFCC_5,4,0.8845021545704064,Bayesian Ridge
0_Mean,5,0.8028859629484714,Bayesian Ridge
0_Max,6,0.6278148452938447,Bayesian Ridge
0_Slope,7,0.4164160332539693,Bayesian Ridge
0_MFCC_9,8,0.414807781530171,Bayesian Ridge
0_MFCC_11,9,0.276145627101076,Bayesian Ridge
0_Median,10,0.2406658598973595,Bayesian Ridge
0_MFCC_0,11,0.1959541337359056,Bayesian Ridge
0_Spectral decrease,12,0.1698917851531481,Bayesian Ridge
0_ECDF Percentile_1,13,0.1171228666301273,Bayesian Ridge
0_Wavelet absolute mean_27777777.78Hz,14,0.0530545261332422,Bayesian Ridge
0_MFCC_10,15,0.0466448696268347,Bayesian Ridge
0_Autocorrelation,16,0.0364518567932821,Bayesian Ridge
0_Wavelet absolute mean_125000000.0Hz,17,0.0329218724540568,Bayesian Ridge
0_Wavelet energy_125000000.0Hz,18,0.0318385892046498,Bayesian Ridge
0_LPCC_0,19,0.0283883075094724,Bayesian Ridge
0_Spectral variation,20,0.0169896267785736,Bayesian Ridge
0_MFCC_8,21,0.0159331105734752,Bayesian Ridge
0_Wavelet entropy,22,0.0130458875142389,Bayesian Ridge
0_Power bandwidth,23,0.0111672774473495,Bayesian Ridge
0_Interquartile range,24,0.0076824321430617,Bayesian Ridge
0_Spectral entropy,25,0.0075049559430243,Bayesian Ridge
0_LPCC_1,26,0.0070819308963726,Bayesian Ridge
0_Absolute energy,27,0.0052964797232156,Bayesian Ridge
0_Median absolute diff,28,0.0042201117019678,Bayesian Ridge
0_Entropy,29,0.0030870439537783,Bayesian Ridge
0_Median frequency,30,0.0028948363284549,Bayesian Ridge
0_LPCC_5,31,0.0022573365701594,Bayesian Ridge
0_Spectral roll-on,32,0.0014156282111691,Bayesian Ridge
0_Spectral positive turning points,33,0.0012865457105407,Bayesian Ridge
0_LPCC_6,34,0.0009847299716421,Bayesian Ridge
0_Maximum frequency,35,0.0006851796875945,Bayesian Ridge
0_Mean diff,36,0.0006260537344357,Bayesian Ridge
0_Negative turning points,37,0.0003788908234148,Bayesian Ridge
0_Zero crossing rate,38,5.155823941288329e-05,Bayesian Ridge
0_Median diff,39,0.0,Bayesian Ridge
0_Fundamental frequency,40,-1.793495247000898e-05,Bayesian Ridge
0_Histogram mode,41,-0.0002375786823762,Bayesian Ridge
0_Neighbourhood peaks,42,-0.0002781032791678,Bayesian Ridge
0_Peak to peak distance,1,0.7219278685251872,XGBoost
0_Spectral entropy,2,0.2564542706807454,XGBoost
0_Autocorrelation,3,0.1016874321301778,XGBoost
0_Interquartile range,4,0.0230324212710062,XGBoost
0_Entropy,5,0.0204664039611816,XGBoost
0_Spectral variation,6,0.0153500493367513,XGBoost
0_Mean diff,7,0.0139246543248494,XGBoost
0_Absolute energy,8,0.0137723596890767,XGBoost
0_Slope,9,0.0037258521715799,XGBoost
0_MFCC_9,10,0.003575427532196,XGBoost
0_LPCC_0,11,0.0024928164482116,XGBoost
0_Mean,12,0.0019671471913655,XGBoost
0_MFCC_8,13,0.001582498550415,XGBoost
0_Wavelet entropy,14,0.0013261294364929,XGBoost
0_Max,15,0.0012885864575703,XGBoost
0_Spectral decrease,16,0.0011131469408671,XGBoost
0_MFCC_5,17,0.0010817329088846,XGBoost
0_Fundamental frequency,18,0.0010719847679138,XGBoost
0_MFCC_0,19,0.0006059575080871,XGBoost
0_Zero crossing rate,20,0.0004701439539591,XGBoost
0_MFCC_11,21,0.0004318666458129,XGBoost
0_Median absolute diff,22,0.000380303064982,XGBoost
0_MFCC_10,23,0.0002992820739746,XGBoost
0_Wavelet energy_125000000.0Hz,24,0.0002592929204305,XGBoost
0_Neighbourhood peaks,25,0.0001986829439798,XGBoost
0_Spectral positive turning points,26,0.0001512805620829,XGBoost
0_Median frequency,27,0.0001494328180948,XGBoost
0_ECDF Percentile_1,28,0.0001462078094482,XGBoost
0_LPCC_1,29,0.0001442416508992,XGBoost
0_Histogram mode,30,0.0001419607798258,XGBoost
0_Maximum frequency,31,0.0001326449712117,XGBoost
0_Wavelet absolute mean_27777777.78Hz,32,0.0001162544886271,XGBoost
0_LPCC_5,33,0.0001086457570393,XGBoost
0_ECDF Percentile_0,34,0.0001045950253804,XGBoost
0_Wavelet absolute mean_125000000.0Hz,35,9.544690450032552e-05,XGBoost
0_LPCC_6,36,9.45138931274414e-05,XGBoost
0_Median,37,4.502932230631511e-05,XGBoost
0_Negative turning points,38,2.1994908650716145e-05,XGBoost
0_Power bandwidth,39,0.0,XGBoost
0_Median diff,40,0.0,XGBoost
0_Spectral roll-on,41,0.0,XGBoost
0_MFCC_4,42,-1.2025833129882812e-05,XGBoost
0_Spectral entropy,1,0.1257565244618693,SVR
0_ECDF Percentile_0,2,0.1236280473721293,SVR
0_Peak to peak distance,3,0.1014479200079085,SVR
0_LPCC_0,4,0.0969264415122641,SVR
0_Spectral decrease,5,0.090577244481937,SVR
0_Spectral variation,6,0.0881202579078946,SVR
0_Mean diff,7,0.0743411633461897,SVR
0_Interquartile range,8,0.0733178540741591,SVR
0_Median,9,0.0723402699573354,SVR
0_Absolute energy,10,0.0518560349129188,SVR
0_Wavelet absolute mean_27777777.78Hz,11,0.0450066286896375,SVR
0_Max,12,0.039723218771915,SVR
0_Wavelet absolute mean_125000000.0Hz,13,0.0311144232807163,SVR
0_Slope,14,0.0284836720552789,SVR
0_MFCC_11,15,0.0236155376710633,SVR
0_MFCC_5,16,0.0205780133175396,SVR
0_Autocorrelation,17,0.0192371329897915,SVR
0_MFCC_9,18,0.0181220347435102,SVR
0_Mean,19,0.0152125668381842,SVR
0_MFCC_10,20,0.0122068529961779,SVR
0_Wavelet energy_125000000.0Hz,21,0.0110118211119916,SVR
0_MFCC_0,22,0.0032943730542242,SVR
0_Wavelet entropy,23,0.0032675250420217,SVR
0_Power bandwidth,24,0.0027976485388753,SVR
0_MFCC_8,25,0.0026014146997702,SVR
0_ECDF Percentile_1,26,0.0019140766227609,SVR
0_LPCC_6,27,0.0017071220376249,SVR
0_MFCC_4,28,0.0015995833742664,SVR
0_LPCC_1,29,0.0011494898901638,SVR
0_LPCC_5,30,0.0010597809707271,SVR
0_Spectral positive turning points,31,0.0009796562173666,SVR
0_Histogram mode,32,0.000946563855658,SVR
0_Zero crossing rate,33,0.000898508826033,SVR
0_Maximum frequency,34,0.0004562285855918,SVR
0_Median frequency,35,0.0003980411288559,SVR
0_Spectral roll-on,36,0.000216403196329,SVR
0_Entropy,37,1.6349177648722347e-05,SVR
0_Median diff,38,0.0,SVR
0_Median absolute diff,39,-0.0002535338112685,SVR
0_Neighbourhood peaks,40,-0.0005398650385731,SVR
0_Fundamental frequency,41,-0.0011810434801978,SVR
0_Negative turning points,42,-0.0013137023385393,SVR
0_Peak to peak distance,1,0.1466369476187235,Random Forest
0_Spectral entropy,2,0.0778702396391953,Random Forest
0_Spectral variation,3,0.0402508646294287,Random Forest
0_Autocorrelation,4,0.039161433789021,Random Forest
0_Absolute energy,5,0.0317650020281191,Random Forest
0_Interquartile range,6,0.0221472306186418,Random Forest
0_MFCC_11,7,0.011054654149365,Random Forest
0_Wavelet energy_125000000.0Hz,8,0.0105674790051252,Random Forest
0_Entropy,9,0.0101434439403476,Random Forest
0_Histogram mode,10,0.0067123369092979,Random Forest
0_Wavelet absolute mean_125000000.0Hz,11,0.0061136928681647,Random Forest
0_Mean diff,12,0.0055518233847267,Random Forest
0_LPCC_0,13,0.0046759167555867,Random Forest
0_Slope,14,0.0043383571283352,Random Forest
0_Wavelet absolute mean_27777777.78Hz,15,0.0042802267354163,Random Forest
0_MFCC_8,16,0.0041671862672755,Random Forest
0_MFCC_9,17,0.0033026957000097,Random Forest
0_MFCC_0,18,0.0030064639580158,Random Forest
0_Fundamental frequency,19,0.0029924269165877,Random Forest
0_ECDF Percentile_1,20,0.0026775966030977,Random Forest
0_Maximum frequency,21,0.001829972628437,Random Forest
0_MFCC_5,22,0.0014431165091852,Random Forest
0_ECDF Percentile_0,23,0.0013590071196691,Random Forest
0_Spectral decrease,24,0.0013315536172063,Random Forest
0_Zero crossing rate,25,0.0011726825313539,Random Forest
0_LPCC_1,26,0.0009572607334707,Random Forest
0_MFCC_10,27,0.0008030466624818,Random Forest
0_Median,28,0.0006619928039865,Random Forest
0_Mean,29,0.0005841668754849,Random Forest
0_MFCC_4,30,0.0005659132778367,Random Forest
0_LPCC_6,31,0.0004990678320099,Random Forest
0_Median frequency,32,0.0004820559426205,Random Forest
0_LPCC_5,33,0.0003982658367002,Random Forest
0_Negative turning points,34,0.000295623563343,Random Forest
0_Wavelet entropy,35,0.0001701613864268,Random Forest
0_Power bandwidth,36,1.8235748729932648e-05,Random Forest
0_Neighbourhood peaks,37,1.2150052197203998e-05,Random Forest
0_Spectral roll-on,38,5.930674938568655e-06,Random Forest
0_Median diff,39,7.401486830834377e-18,Random Forest
0_Max,40,-7.38846033240718e-05,Random Forest
0_Spectral positive turning points,41,-0.0002942362979377,Random Forest
0_Median absolute diff,42,-0.0006664653378923,Random Forest
0_MFCC_4,1,2.8215216305875908,Bayesian Ridge
0_Peak to peak distance,2,1.5402595471694036,Bayesian Ridge
0_MFCC_5,3,1.3373079186312045,Bayesian Ridge
0_ECDF Percentile_0,4,1.101805687950757,Bayesian Ridge
0_MFCC_9,5,1.0510182753272803,Bayesian Ridge
0_Mean,6,0.5768058853461746,Bayesian Ridge
0_Max,7,0.5017609451675662,Bayesian Ridge
0_MFCC_11,8,0.4215853670960102,Bayesian Ridge
0_Slope,9,0.3345852462402614,Bayesian Ridge
0_Median,10,0.2316568640310839,Bayesian Ridge
0_MFCC_8,11,0.1697362768898946,Bayesian Ridge
0_MFCC_0,12,0.1541002078679163,Bayesian Ridge
0_Spectral decrease,13,0.1533447061852735,Bayesian Ridge
0_MFCC_10,14,0.0859542192494477,Bayesian Ridge
0_Wavelet absolute mean_27777777.78Hz,15,0.064446151751909,Bayesian Ridge
0_ECDF Percentile_1,16,0.061270893089983,Bayesian Ridge
0_Spectral entropy,17,0.053473823145204,Bayesian Ridge
0_Autocorrelation,18,0.0312500650920963,Bayesian Ridge
0_Entropy,19,0.0178211112624224,Bayesian Ridge
0_Wavelet energy_125000000.0Hz,20,0.0126116751547116,Bayesian Ridge
0_Power bandwidth,21,0.0119206608177098,Bayesian Ridge
0_Interquartile range,22,0.0104423035693298,Bayesian Ridge
0_Absolute energy,23,0.0103685346236211,Bayesian Ridge
0_Mean diff,24,0.0100369816917863,Bayesian Ridge
0_Wavelet entropy,25,0.0097952543051639,Bayesian Ridge
0_Wavelet absolute mean_125000000.0Hz,26,0.0097292264998925,Bayesian Ridge
0_LPCC_0,27,0.0071200463595932,Bayesian Ridge
0_LPCC_5,28,0.0046503586498877,Bayesian Ridge
0_Spectral variation,29,0.0041973471319103,Bayesian Ridge
0_Median frequency,30,0.0022031896715682,Bayesian Ridge
0_Maximum frequency,31,0.0008989132015401,Bayesian Ridge
0_Spectral positive turning points,32,0.0008270749979216,Bayesian Ridge
0_Fundamental frequency,33,0.0005229052359906,Bayesian Ridge
0_Spectral roll-on,34,0.0001706036862606,Bayesian Ridge
0_Neighbourhood peaks,35,3.301135782699453e-05,Bayesian Ridge
0_Histogram mode,36,8.053144290487425e-06,Bayesian Ridge
0_Median diff,37,0.0,Bayesian Ridge
0_Median absolute diff,38,-8.912147563353271e-05,Bayesian Ridge
0_Negative turning points,39,-0.0004143658357914,Bayesian Ridge
0_LPCC_1,40,-0.0006056339867333,Bayesian Ridge
0_Zero crossing rate,41,-0.0006298021434942,Bayesian Ridge
0_LPCC_6,42,-0.001366268291981,Bayesian Ridge
0_Peak to peak distance,1,0.651471205552419,XGBoost
0_Spectral entropy,2,0.2528208613395691,XGBoost
0_Autocorrelation,3,0.0740283648173014,XGBoost
0_Mean diff,4,0.0275451246897379,XGBoost
0_Spectral variation,5,0.0119428205490112,XGBoost
0_Fundamental frequency,6,0.0026907038688659,XGBoost
0_Absolute energy,7,0.0026835425694783,XGBoost
0_Wavelet absolute mean_125000000.0Hz,8,0.0014225109418233,XGBoost
0_MFCC_9,9,0.0014048306147257,XGBoost
0_MFCC_11,10,0.0013422950108846,XGBoost
0_LPCC_0,11,0.0013357718785603,XGBoost
0_Interquartile range,12,0.0013269758224487,XGBoost
0_MFCC_8,13,0.0013252472877502,XGBoost
0_Histogram mode,14,0.0010194110870361,XGBoost
0_Slope,15,0.0007023032506306,XGBoost
0_Zero crossing rate,16,0.0007014441490173,XGBoost
0_MFCC_4,17,0.0005996171633402,XGBoost
0_Max,18,0.000583385626475,XGBoost
0_LPCC_6,19,0.0005003062884012,XGBoost
0_Negative turning points,20,0.0004909046490987,XGBoost
0_Spectral decrease,21,0.0004830296834309,XGBoost
0_LPCC_5,22,0.0004682350158691,XGBoost
0_Maximum frequency,23,0.0004649472236633,XGBoost
0_Mean,24,0.0002819903691609,XGBoost
0_Spectral positive turning points,25,0.0002738626797993,XGBoost
0_MFCC_0,26,0.0002595806121826,XGBoost
0_Wavelet energy_125000000.0Hz,27,0.0002199069658915,XGBoost
0_Neighbourhood peaks,28,0.0001218676567077,XGBoost
0_Median,29,9.673754374186198e-05,XGBoost
0_Median diff,30,0.0,XGBoost
0_Spectral roll-on,31,0.0,XGBoost
0_Power bandwidth,32,0.0,XGBoost
0_Median frequency,33,-8.561054865519205e-05,XGBoost
0_ECDF Percentile_1,34,-0.0001050472259521,XGBoost
0_Wavelet entropy,35,-0.0001122101147969,XGBoost
0_Median absolute diff,36,-0.0001866865158081,XGBoost
0_MFCC_10,37,-0.0001914230982462,XGBoost
0_Wavelet absolute mean_27777777.78Hz,38,-0.000264716943105,XGBoost
0_ECDF Percentile_0,39,-0.0003402924537658,XGBoost
0_LPCC_1,40,-0.0004359300931294,XGBoost
0_Entropy,41,-0.0013375806808471,XGBoost
0_MFCC_5,42,-0.0015167172749837,XGBoost
0_Spectral variation,1,0.1225302813656418,SVR
0_Peak to peak distance,2,0.1183707450147082,SVR
0_Spectral entropy,3,0.1133710880853847,SVR
0_LPCC_0,4,0.0989977601506038,SVR
0_Mean diff,5,0.0819913902582218,SVR
0_Median,6,0.0814871926202744,SVR
0_Spectral decrease,7,0.0798039326605085,SVR
0_ECDF Percentile_0,8,0.0763483096069704,SVR
0_Max,9,0.066725615000605,SVR
0_Interquartile range,10,0.0560237711825292,SVR
0_Absolute energy,11,0.0463671351179664,SVR
0_Slope,12,0.0408122995527012,SVR
0_MFCC_11,13,0.0313345847835389,SVR
0_Wavelet absolute mean_27777777.78Hz,14,0.0313016766863571,SVR
0_Wavelet absolute mean_125000000.0Hz,15,0.0192762323865297,SVR
0_Autocorrelation,16,0.0182205716713039,SVR
0_Mean,17,0.0176312780749499,SVR
0_MFCC_9,18,0.0150762408804377,SVR
0_MFCC_4,19,0.0058772330334599,SVR
0_Maximum frequency,20,0.0058697998935953,SVR
0_MFCC_0,21,0.0053092169527448,SVR
0_MFCC_8,22,0.0047347590190552,SVR
0_MFCC_10,23,0.0039450796638867,SVR
0_Wavelet energy_125000000.0Hz,24,0.0037087253634996,SVR
0_Wavelet entropy,25,0.0033711355714328,SVR
0_Histogram mode,26,0.0028251122265358,SVR
0_MFCC_5,27,0.0025968359588983,SVR
0_LPCC_6,28,0.0020494894060218,SVR
0_Zero crossing rate,29,0.0018013852985846,SVR
0_LPCC_1,30,0.0017490776765383,SVR
0_LPCC_5,31,0.0017255982329478,SVR
0_ECDF Percentile_1,32,0.0010586448314935,SVR
0_Spectral roll-on,33,0.0009773556107239,SVR
0_Entropy,34,0.0008698526874739,SVR
0_Power bandwidth,35,0.0008620263935162,SVR
0_Negative turning points,36,0.0007503382026193,SVR
0_Neighbourhood peaks,37,0.0006724686405513,SVR
0_Spectral positive turning points,38,0.0006585922125087,SVR
0_Fundamental frequency,39,0.0004949666132845,SVR
0_Median absolute diff,40,0.0002471491141107,SVR
0_Median frequency,41,0.0001196571426758,SVR
0_Median diff,42,0.0,SVR
0_Peak to peak distance,1,0.1327149552051121,Random Forest
0_Spectral entropy,2,0.1004155365480952,Random Forest
0_Autocorrelation,3,0.0520989879370847,Random Forest
0_Spectral variation,4,0.0316946083450246,Random Forest
0_Absolute energy,5,0.0235941850311648,Random Forest
0_Entropy,6,0.0159936986666606,Random Forest
0_Wavelet energy_125000000.0Hz,7,0.0140104881896423,Random Forest
0_Histogram mode,8,0.0115275422669529,Random Forest
0_Wavelet absolute mean_125000000.0Hz,9,0.0080423867207288,Random Forest
0_MFCC_11,10,0.0067404232720554,Random Forest
0_Slope,11,0.0065948039549072,Random Forest
0_Interquartile range,12,0.0062743190412901,Random Forest
0_Mean diff,13,0.0060158482925786,Random Forest
0_ECDF Percentile_0,14,0.0051711473753851,Random Forest
0_MFCC_8,15,0.0046434042817971,Random Forest
0_Zero crossing rate,16,0.003369779597212,Random Forest
0_LPCC_0,17,0.0026862171150706,Random Forest
0_MFCC_9,18,0.0024867542798581,Random Forest
0_MFCC_0,19,0.0018127305743649,Random Forest
0_Fundamental frequency,20,0.0017542026014041,Random Forest
0_Maximum frequency,21,0.0016627423536977,Random Forest
0_Wavelet entropy,22,0.0015894049493414,Random Forest
0_ECDF Percentile_1,23,0.0012349971413753,Random Forest
0_Median frequency,24,0.0009306633925906,Random Forest
0_Wavelet absolute mean_27777777.78Hz,25,0.0005094164091676,Random Forest
0_LPCC_6,26,0.0004785974719707,Random Forest
0_Max,27,0.0003772228229342,Random Forest
0_Power bandwidth,28,0.0003412696269451,Random Forest
0_MFCC_4,29,0.0003063287643122,Random Forest
0_LPCC_1,30,0.0001404382740046,Random Forest
0_Spectral positive turning points,31,0.0001016819120695,Random Forest
0_MFCC_10,32,9.83918781085021e-05,Random Forest
0_Neighbourhood peaks,33,2.848386882887836e-05,Random Forest
0_Median diff,34,-1.3322676295501878e-17,Random Forest
0_Negative turning points,35,-2.099109345533812e-05,Random Forest
0_Spectral roll-on,36,-6.064272874600244e-05,Random Forest
0_LPCC_5,37,-6.0850915230704255e-05,Random Forest
0_Mean,38,-9.055624176750912e-05,Random Forest
0_Median,39,-0.0002760440416088,Random Forest
0_Spectral decrease,40,-0.001067117846936,Random Forest
0_MFCC_5,41,-0.0011210130074521,Random Forest
0_Median absolute diff,42,-0.0011432747469597,Random Forest
0_MFCC_4,1,2.285484672105446,Bayesian Ridge
0_Peak to peak distance,2,2.034745223613709,Bayesian Ridge
0_ECDF Percentile_0,3,1.4570162520802366,Bayesian Ridge
0_Max,4,0.8673417400050346,Bayesian Ridge
0_Mean,5,0.8602141391370869,Bayesian Ridge
0_MFCC_5,6,0.7853596972439553,Bayesian Ridge
0_Slope,7,0.5025374836417151,Bayesian Ridge
0_MFCC_9,8,0.4506094497937781,Bayesian Ridge
0_MFCC_11,9,0.2276766486179987,Bayesian Ridge
0_Median,10,0.2137075351896552,Bayesian Ridge
0_Spectral decrease,11,0.1368108973667161,Bayesian Ridge
0_MFCC_0,12,0.1140715903413048,Bayesian Ridge
0_MFCC_10,13,0.0671234079008722,Bayesian Ridge
0_ECDF Percentile_1,14,0.0460937541810998,Bayesian Ridge
0_Wavelet absolute mean_27777777.78Hz,15,0.0411099040701919,Bayesian Ridge
0_Autocorrelation,16,0.0304622134717749,Bayesian Ridge
0_Wavelet absolute mean_125000000.0Hz,17,0.0282101187988118,Bayesian Ridge
0_Spectral entropy,18,0.0274961332621571,Bayesian Ridge
0_LPCC_0,19,0.0257523370880643,Bayesian Ridge
0_Entropy,20,0.0208424422485125,Bayesian Ridge
0_Absolute energy,21,0.0190636899427249,Bayesian Ridge
0_MFCC_8,22,0.018846362343399,Bayesian Ridge
0_Spectral variation,23,0.0173750040643937,Bayesian Ridge
0_Interquartile range,24,0.0169168868402593,Bayesian Ridge
0_Wavelet energy_125000000.0Hz,25,0.0141343335476632,Bayesian Ridge
0_Wavelet entropy,26,0.0132656552927266,Bayesian Ridge
0_Power bandwidth,27,0.0085465666075445,Bayesian Ridge
0_Mean diff,28,0.0059502659344989,Bayesian Ridge
0_Spectral roll-on,29,0.0037735185020819,Bayesian Ridge
0_Median frequency,30,0.0013724507564682,Bayesian Ridge
0_LPCC_1,31,0.0010594373963731,Bayesian Ridge
0_LPCC_5,32,0.0006027266388614,Bayesian Ridge
0_Zero crossing rate,33,0.0004311688755954,Bayesian Ridge
0_Neighbourhood peaks,34,0.0001735769321286,Bayesian Ridge
0_Maximum frequency,35,0.0001346549525076,Bayesian Ridge
0_Histogram mode,36,0.0001158993280886,Bayesian Ridge
0_Fundamental frequency,37,4.557315164136118e-06,Bayesian Ridge
0_Median diff,38,0.0,Bayesian Ridge
0_Negative turning points,39,-2.5004232197578524e-05,Bayesian Ridge
0_Spectral positive turning points,40,-2.8221692042140017e-05,Bayesian Ridge
0_LPCC_6,41,-0.0001052228222603,Bayesian Ridge
0_Median absolute diff,42,-0.000594167289349,Bayesian Ridge
0_Peak to peak distance,1,0.5958457152048747,XGBoost
0_Spectral entropy,2,0.263822865486145,XGBoost
0_Autocorrelation,3,0.1114829460779825,XGBoost
0_Spectral variation,4,0.0194848203659057,XGBoost
0_Absolute energy,5,0.0143128132820129,XGBoost
0_Interquartile range,6,0.008402779897054,XGBoost
0_Max,7,0.0047286391258239,XGBoost
0_Mean diff,8,0.0044301303227742,XGBoost
0_MFCC_0,9,0.0026059492429097,XGBoost
0_Wavelet absolute mean_125000000.0Hz,10,0.0013423601786295,XGBoost
0_MFCC_9,11,0.0013375608126322,XGBoost
0_LPCC_0,12,0.0009752241770426,XGBoost
0_LPCC_6,13,0.0009497046470642,XGBoost
0_Mean,14,0.000941891670227,XGBoost
0_MFCC_8,15,0.0008785009384155,XGBoost
0_Fundamental frequency,16,0.0008218495051066,XGBoost
0_MFCC_11,17,0.000772164662679,XGBoost
0_Wavelet energy_125000000.0Hz,18,0.000724774201711,XGBoost
0_Entropy,19,0.0007191514968872,XGBoost
0_Spectral decrease,20,0.0004672725995381,XGBoost
0_Slope,21,0.0002750905354817,XGBoost
0_Wavelet entropy,22,0.0001882823308308,XGBoost
0_Maximum frequency,23,0.0001829624176025,XGBoost
0_Median absolute diff,24,9.387493133544922e-05,XGBoost
0_LPCC_1,25,7.597684860229493e-05,XGBoost
0_Neighbourhood peaks,26,7.570028305053711e-05,XGBoost
0_LPCC_5,27,7.134755452473958e-05,XGBoost
0_Median frequency,28,9.756088256835938e-06,XGBoost
0_Zero crossing rate,29,0.0,XGBoost
0_Median diff,30,0.0,XGBoost
0_Spectral roll-on,31,0.0,XGBoost
0_Power bandwidth,32,0.0,XGBoost
0_Median,33,-2.362489700317383e-05,XGBoost
0_Negative turning points,34,-5.420207977294922e-05,XGBoost
0_MFCC_10,35,-8.38915506998698e-05,XGBoost
0_MFCC_5,36,-8.864402770996094e-05,XGBoost
0_Histogram mode,37,-0.0001406868298848,XGBoost
0_Spectral positive turning points,38,-0.0002227354049682,XGBoost
0_MFCC_4,39,-0.0004068175951639,XGBoost
0_ECDF Percentile_1,40,-0.0012848035494486,XGBoost
0_ECDF Percentile_0,41,-0.0016182859738667,XGBoost
0_Wavelet absolute mean_27777777.78Hz,42,-0.0017370732625325,XGBoost
0_Peak to peak distance,1,0.1319480124768847,SVR
0_Spectral entropy,2,0.1000843018291025,SVR
0_Spectral variation,3,0.0927719888341336,SVR
0_Spectral decrease,4,0.0801205819219139,SVR
0_ECDF Percentile_0,5,0.0753480885954149,SVR
0_Absolute energy,6,0.0723288576536161,SVR
0_Interquartile range,7,0.0696018331505076,SVR
0_LPCC_0,8,0.0682642146643497,SVR
0_Wavelet absolute mean_27777777.78Hz,9,0.0657257924546397,SVR
0_Max,10,0.0568975762451589,SVR
0_Mean diff,11,0.0548636999050856,SVR
0_Median,12,0.0504711162717563,SVR
0_Wavelet absolute mean_125000000.0Hz,13,0.0266305023587751,SVR
0_MFCC_11,14,0.0251082773377648,SVR
0_Slope,15,0.0172026243193163,SVR
0_Autocorrelation,16,0.0166695881746754,SVR
0_MFCC_9,17,0.0155243181647534,SVR
0_MFCC_5,18,0.0139199637063848,SVR
0_Mean,19,0.009943204214757,SVR
0_ECDF Percentile_1,20,0.0087543521934204,SVR
0_MFCC_8,21,0.0081862187825699,SVR
0_MFCC_10,22,0.0076963487976113,SVR
0_LPCC_1,23,0.0062645237228919,SVR
0_Maximum frequency,24,0.0055060420268839,SVR
0_Wavelet energy_125000000.0Hz,25,0.0053780289417995,SVR
0_Wavelet entropy,26,0.0053109414350424,SVR
0_Power bandwidth,27,0.0029641387333805,SVR
0_LPCC_5,28,0.0029017241213666,SVR
0_MFCC_0,29,0.0025147595759539,SVR
0_Median absolute diff,30,0.0018240711533185,SVR
0_Spectral positive turning points,31,0.0017029348843857,SVR
0_MFCC_4,32,0.0016006893490142,SVR
0_Entropy,33,0.0014197726565771,SVR
0_Spectral roll-on,34,0.0013110698283637,SVR
0_LPCC_6,35,0.0011458745386087,SVR
0_Neighbourhood peaks,36,0.0011399677574748,SVR
0_Histogram mode,37,0.0010050952473229,SVR
0_Median frequency,38,0.0008990087957931,SVR
0_Zero crossing rate,39,0.0005532143236903,SVR
0_Fundamental frequency,40,0.0005298377179404,SVR
0_Median diff,41,0.0,SVR
0_Negative turning points,42,-0.0008837826716064,SVR
0_Peak to peak distance,1,0.1260219112714286,Random Forest
0_Spectral entropy,2,0.0808221845034015,Random Forest
0_Autocorrelation,3,0.0457233979959064,Random Forest
0_Absolute energy,4,0.044951251563401,Random Forest
0_Spectral variation,5,0.0338022992894001,Random Forest
0_Interquartile range,6,0.0274382961432395,Random Forest
0_Entropy,7,0.0156859263495128,Random Forest
0_MFCC_11,8,0.0114504612390218,Random Forest
0_Wavelet energy_125000000.0Hz,9,0.0107977305128804,Random Forest
0_Histogram mode,10,0.0100243082599009,Random Forest
0_Wavelet absolute mean_125000000.0Hz,11,0.0055809683348509,Random Forest
0_Slope,12,0.00531787233607,Random Forest
0_ECDF Percentile_0,13,0.0048402710155124,Random Forest
0_MFCC_9,14,0.0045435858025619,Random Forest
0_Mean diff,15,0.0044425034663292,Random Forest
0_LPCC_0,16,0.0043210907502193,Random Forest
0_MFCC_8,17,0.004133382184864,Random Forest
0_Fundamental frequency,18,0.0035024785953075,Random Forest
0_ECDF Percentile_1,19,0.0030724828078075,Random Forest
0_Wavelet entropy,20,0.0027652076358765,Random Forest
0_MFCC_5,21,0.0020134421049176,Random Forest
0_Wavelet absolute mean_27777777.78Hz,22,0.0019255944694797,Random Forest
0_MFCC_10,23,0.0016892099317334,Random Forest
0_MFCC_0,24,0.0014613391916442,Random Forest
0_LPCC_1,25,0.001336538908218,Random Forest
0_Maximum frequency,26,0.0012672504842224,Random Forest
0_Mean,27,0.0012045886426041,Random Forest
0_Spectral decrease,28,0.0009528376337026,Random Forest
0_Median,29,0.0009494636397154,Random Forest
0_Zero crossing rate,30,0.0009173776018538,Random Forest
0_MFCC_4,31,0.0007043762907728,Random Forest
0_LPCC_5,32,0.0006161749976274,Random Forest
0_Spectral positive turning points,33,0.0005907528969024,Random Forest
0_Median frequency,34,0.000590665624269,Random Forest
0_LPCC_6,35,0.0005860476992512,Random Forest
0_Max,36,0.0005254857748515,Random Forest
0_Negative turning points,37,0.0001656113215902,Random Forest
0_Neighbourhood peaks,38,4.0741190481679016e-05,Random Forest
0_Power bandwidth,39,2.9795956265470385e-05,Random Forest
0_Median diff,40,5.921189464667504e-18,Random Forest
0_Spectral roll-on,41,-1.1433808383024176e-05,Random Forest
0_Median absolute diff,42,-0.0003663174741613,Random Forest
0_Peak to peak distance,1,1.9574917632859763,Bayesian Ridge
0_MFCC_4,2,1.945904063689672,Bayesian Ridge
0_ECDF Percentile_0,3,1.2902332324764556,Bayesian Ridge
0_MFCC_5,4,1.066093482176211,Bayesian Ridge
0_Max,5,0.6427168754189981,Bayesian Ridge
0_Mean,6,0.6264674320304177,Bayesian Ridge
0_MFCC_9,7,0.5939970509708351,Bayesian Ridge
0_MFCC_11,8,0.492151527052504,Bayesian Ridge
0_Slope,9,0.2430210026055128,Bayesian Ridge
0_MFCC_0,10,0.2177285209561866,Bayesian Ridge
0_Median,11,0.2017802922273252,Bayesian Ridge
0_ECDF Percentile_1,12,0.1701291563978788,Bayesian Ridge
0_MFCC_8,13,0.0804410374692455,Bayesian Ridge
0_Spectral decrease,14,0.0484743610560133,Bayesian Ridge
0_Autocorrelation,15,0.0426269090420891,Bayesian Ridge
0_Interquartile range,16,0.0391357714243425,Bayesian Ridge
0_Spectral entropy,17,0.0373161811939585,Bayesian Ridge
0_Wavelet absolute mean_27777777.78Hz,18,0.0323206069123071,Bayesian Ridge
0_Entropy,19,0.0206773974464609,Bayesian Ridge
0_Power bandwidth,20,0.0171947115172442,Bayesian Ridge
0_Wavelet absolute mean_125000000.0Hz,21,0.0157692927586172,Bayesian Ridge
0_MFCC_10,22,0.0138100423436632,Bayesian Ridge
0_LPCC_0,23,0.0137409206979617,Bayesian Ridge
0_Absolute energy,24,0.0075976691443933,Bayesian Ridge
0_Wavelet entropy,25,0.0070479461470799,Bayesian Ridge
0_Wavelet energy_125000000.0Hz,26,0.0054264205388205,Bayesian Ridge
0_Spectral variation,27,0.004236756379539,Bayesian Ridge
0_Spectral roll-on,28,0.0032042117644864,Bayesian Ridge
0_Median frequency,29,0.0023159625585939,Bayesian Ridge
0_Mean diff,30,0.0021963400296596,Bayesian Ridge
0_LPCC_1,31,0.0009865271224519,Bayesian Ridge
0_Spectral positive turning points,32,0.0007921189505268,Bayesian Ridge
0_Zero crossing rate,33,0.0006734404093446,Bayesian Ridge
0_Fundamental frequency,34,0.000646383339202,Bayesian Ridge
0_LPCC_5,35,0.0002539277227018,Bayesian Ridge
0_Maximum frequency,36,0.0001984511966276,Bayesian Ridge
0_LPCC_6,37,0.000137756637368,Bayesian Ridge
0_Neighbourhood peaks,38,7.797925328013526e-05,Bayesian Ridge
0_Histogram mode,39,3.7979446491108365e-05,Bayesian Ridge
0_Median diff,40,0.0,Bayesian Ridge
0_Median absolute diff,41,-2.050734046700864e-05,Bayesian Ridge
0_Negative turning points,42,-0.0001224650307871,Bayesian Ridge
0_Peak to peak distance,1,0.6822751967112223,XGBoost
0_Spectral entropy,2,0.2553802061080932,XGBoost
0_Autocorrelation,3,0.1637745340665181,XGBoost
0_Interquartile range,4,0.0239901630083719,XGBoost
0_Entropy,5,0.0173015522956848,XGBoost
0_Absolute energy,6,0.0130444892247517,XGBoost
0_Spectral variation,7,0.0127620681126912,XGBoost
0_Mean diff,8,0.0075631101926167,XGBoost
0_Max,9,0.0031599219640096,XGBoost
0_MFCC_9,10,0.0031035264333089,XGBoost
0_LPCC_0,11,0.0017565083503723,XGBoost
0_Slope,12,0.0013357988993326,XGBoost
0_MFCC_0,13,0.0012697545687357,XGBoost
0_Fundamental frequency,14,0.0011624526977539,XGBoost
0_LPCC_6,15,0.0011514425277709,XGBoost
0_Histogram mode,16,0.0009566783905029,XGBoost
0_LPCC_1,17,0.0008617345492045,XGBoost
0_MFCC_8,18,0.0006332898139953,XGBoost
0_Wavelet entropy,19,0.0005737781524658,XGBoost
0_Median,20,0.0005393457412719,XGBoost
0_Maximum frequency,21,0.0004535063107808,XGBoost
0_Median absolute diff,22,0.000441284974416,XGBoost
0_Spectral positive turning points,23,0.0004349072774251,XGBoost
0_Wavelet energy_125000000.0Hz,24,0.0003531304995218,XGBoost
0_MFCC_4,25,0.000348409016927,XGBoost
0_ECDF Percentile_1,26,0.0003080145517985,XGBoost
0_MFCC_11,27,0.0002665130297342,XGBoost
0_LPCC_5,28,0.0001985788345336,XGBoost
0_MFCC_5,29,0.0001551469167073,XGBoost
0_Zero crossing rate,30,0.0001480150222778,XGBoost
0_Neighbourhood peaks,31,0.0001072573661804,XGBoost
0_Spectral decrease,32,8.758306503295899e-05,XGBoost
0_Negative turning points,33,8.28409194946289e-05,XGBoost
0_Wavelet absolute mean_125000000.0Hz,34,4.749457041422526e-05,XGBoost
0_Median diff,35,0.0,XGBoost
0_Spectral roll-on,36,0.0,XGBoost
0_Power bandwidth,37,0.0,XGBoost
0_Median frequency,38,-5.113919576009115e-05,XGBoost
0_ECDF Percentile_0,39,-6.510655085245768e-05,XGBoost
0_MFCC_10,40,-7.19769795735677e-05,XGBoost
0_Mean,41,-7.205406824747721e-05,XGBoost
0_Wavelet absolute mean_27777777.78Hz,42,-0.0004791212081909,XGBoost
0_LPCC_0,1,0.0974510242092079,SVR
0_Peak to peak distance,2,0.0969092597499091,SVR
0_Spectral entropy,3,0.0918731722255146,SVR
0_Spectral decrease,4,0.090971392404288,SVR
0_Spectral variation,5,0.0862930561954804,SVR
0_ECDF Percentile_0,6,0.07958451542737,SVR
0_Mean diff,7,0.0787464527851577,SVR
0_Median,8,0.0709571986289719,SVR
0_Absolute energy,9,0.0637591051830197,SVR
0_Interquartile range,10,0.0630952278784878,SVR
0_Wavelet absolute mean_27777777.78Hz,11,0.0576088123328945,SVR
0_Max,12,0.0524924921558896,SVR
0_MFCC_11,13,0.0210565493221997,SVR
0_Slope,14,0.0181738188626741,SVR
0_Median diff,15,0.0162414123164416,SVR
0_Wavelet absolute mean_125000000.0Hz,16,0.014965514465405,SVR
0_Mean,17,0.0129756249562595,SVR
0_Autocorrelation,18,0.0110170508572433,SVR
0_MFCC_9,19,0.0093156193191863,SVR
0_MFCC_5,20,0.0091403622659848,SVR
0_MFCC_10,21,0.0080847149341535,SVR
0_Wavelet energy_125000000.0Hz,22,0.0069661210130407,SVR
0_ECDF Percentile_1,23,0.0061885870179337,SVR
0_Maximum frequency,24,0.0052060814735357,SVR
0_LPCC_1,25,0.0038812535769237,SVR
0_Wavelet entropy,26,0.0033073759413851,SVR
0_MFCC_8,27,0.0027302179359039,SVR
0_Histogram mode,28,0.0024787653774481,SVR
0_Spectral positive turning points,29,0.0024377786540557,SVR
0_MFCC_0,30,0.0020906373534403,SVR
0_LPCC_5,31,0.0020844632036088,SVR
0_MFCC_4,32,0.0012220883441335,SVR
0_Median absolute diff,33,0.0011569257514986,SVR
0_Spectral roll-on,34,0.0010628790502088,SVR
0_Entropy,35,0.0010058548621499,SVR
0_Median frequency,36,0.0009810635004714,SVR
0_Power bandwidth,37,0.0008069384199302,SVR
0_LPCC_6,38,0.0005477910923162,SVR
0_Zero crossing rate,39,0.0005354982912391,SVR
0_Negative turning points,40,0.0004092693380524,SVR
0_Neighbourhood peaks,41,0.000343463754869,SVR
0_Fundamental frequency,42,-0.0005085142601241,SVR
0_Peak to peak distance,1,0.1804365347045908,Random Forest
0_Spectral entropy,2,0.0758619763635228,Random Forest
0_Absolute energy,3,0.0387964674493191,Random Forest
0_Spectral variation,4,0.032097171908055,Random Forest
0_Autocorrelation,5,0.031039571087859,Random Forest
0_Interquartile range,6,0.0267483045324877,Random Forest
0_Entropy,7,0.0231694171969653,Random Forest
0_MFCC_11,8,0.0141945340783588,Random Forest
0_Wavelet energy_125000000.0Hz,9,0.0140736828411791,Random Forest
0_Histogram mode,10,0.0137389604010326,Random Forest
0_ECDF Percentile_0,11,0.0112231313474874,Random Forest
0_Wavelet absolute mean_125000000.0Hz,12,0.0061468314315673,Random Forest
0_Mean diff,13,0.0043465364552226,Random Forest
0_Slope,14,0.0039271356728266,Random Forest
0_LPCC_0,15,0.0037928752950089,Random Forest
0_Wavelet absolute mean_27777777.78Hz,16,0.003565259865458,Random Forest
0_ECDF Percentile_1,17,0.0034272657036514,Random Forest
0_MFCC_8,18,0.0030440483235141,Random Forest
0_MFCC_9,19,0.0026313536388736,Random Forest
0_MFCC_0,20,0.0025690608772031,Random Forest
0_Fundamental frequency,21,0.0024703873555085,Random Forest
0_Wavelet entropy,22,0.0022697953299298,Random Forest
0_MFCC_5,23,0.0018075191573896,Random Forest
0_MFCC_10,24,0.0017473657914056,Random Forest
0_Maximum frequency,25,0.0011448433995164,Random Forest
0_Max,26,0.0011036543683552,Random Forest
0_LPCC_1,27,0.0010542257452544,Random Forest
0_Median frequency,28,0.000852391647457,Random Forest
0_LPCC_5,29,0.000675178054297,Random Forest
0_Zero crossing rate,30,0.0005721516446292,Random Forest
0_Median,31,0.0005424714341008,Random Forest
0_Spectral decrease,32,0.0005357943028331,Random Forest
0_LPCC_6,33,0.0004638480790297,Random Forest
0_Spectral positive turning points,34,0.0003435852811423,Random Forest
0_MFCC_4,35,0.0003114495713537,Random Forest
0_Mean,36,0.0002186799351177,Random Forest
0_Power bandwidth,37,3.985528589393716e-05,Random Forest
0_Median absolute diff,38,1.928465122940833e-05,Random Forest
0_Spectral roll-on,39,1.1912243304366872e-05,Random Forest
0_Negative turning points,40,3.6357525571917294e-06,Random Forest
0_Neighbourhood peaks,41,2.6940704110645084e-06,Random Forest
0_Median diff,42,-5.921189464667504e-18,Random Forest
0_Peak to peak distance,1,1.4228717836896083,Bayesian Ridge
0_MFCC_4,2,1.3544927807730027,Bayesian Ridge
0_ECDF Percentile_0,3,1.2786992110784008,Bayesian Ridge
0_MFCC_5,4,0.7470855645449473,Bayesian Ridge
0_Mean,5,0.6458100619385181,Bayesian Ridge
0_Max,6,0.4456604019197232,Bayesian Ridge
0_MFCC_11,7,0.4348616462821887,Bayesian Ridge
0_MFCC_0,8,0.2774818821484464,Bayesian Ridge
0_MFCC_9,9,0.2568270957596376,Bayesian Ridge
0_Slope,10,0.2190121131249874,Bayesian Ridge
0_Median,11,0.2014130426041447,Bayesian Ridge
0_ECDF Percentile_1,12,0.1673372757571169,Bayesian Ridge
0_Spectral decrease,13,0.1142789711685779,Bayesian Ridge
0_Wavelet absolute mean_27777777.78Hz,14,0.0473090630725714,Bayesian Ridge
0_Interquartile range,15,0.0428216297512059,Bayesian Ridge
0_Autocorrelation,16,0.037970778152457,Bayesian Ridge
0_Mean diff,17,0.0312410920154082,Bayesian Ridge
0_MFCC_8,18,0.0293467131952245,Bayesian Ridge
0_LPCC_0,19,0.0223019588074194,Bayesian Ridge
0_Spectral entropy,20,0.0205303793965658,Bayesian Ridge
0_Power bandwidth,21,0.0156255156037289,Bayesian Ridge
0_Entropy,22,0.0118035413251842,Bayesian Ridge
0_Spectral variation,23,0.0107990589623178,Bayesian Ridge
0_Wavelet energy_125000000.0Hz,24,0.0075969858435626,Bayesian Ridge
0_Wavelet entropy,25,0.0061329834594217,Bayesian Ridge
0_Median frequency,26,0.0049928207177744,Bayesian Ridge
0_Median diff,27,0.0048552588087023,Bayesian Ridge
0_Maximum frequency,28,0.0047972677072177,Bayesian Ridge
0_MFCC_10,29,0.0044143871882931,Bayesian Ridge
0_LPCC_5,30,0.0035804583493593,Bayesian Ridge
0_Wavelet absolute mean_125000000.0Hz,31,0.0029138663448112,Bayesian Ridge
0_Spectral roll-on,32,0.0023502766317836,Bayesian Ridge
0_Zero crossing rate,33,0.0019996198607674,Bayesian Ridge
0_Spectral positive turning points,34,0.0018865425082634,Bayesian Ridge
0_LPCC_1,35,0.0016785296669635,Bayesian Ridge
0_Absolute energy,36,0.0012709068702937,Bayesian Ridge
0_Fundamental frequency,37,0.0010289522771465,Bayesian Ridge
0_Negative turning points,38,0.0005159340819388,Bayesian Ridge
0_LPCC_6,39,0.0004973289895308,Bayesian Ridge
0_Histogram mode,40,0.0002488421084021,Bayesian Ridge
0_Median absolute diff,41,0.0001070097400371,Bayesian Ridge
0_Neighbourhood peaks,42,0.0001026129167343,Bayesian Ridge
0_Peak to peak distance,1,0.6290559363365174,XGBoost
0_Spectral entropy,2,0.2494457952181498,XGBoost
0_Autocorrelation,3,0.1463359999656677,XGBoost
0_Interquartile range,4,0.0197046136856079,XGBoost
0_Entropy,5,0.0123674050966898,XGBoost
0_Spectral variation,6,0.0122032038370768,XGBoost
0_Absolute energy,7,0.0097591582934061,XGBoost
0_Mean diff,8,0.0066817752520243,XGBoost
0_Slope,9,0.0016596436500549,XGBoost
0_Histogram mode,10,0.0012376125653584,XGBoost
0_Wavelet energy_125000000.0Hz,11,0.000936468442281,XGBoost
0_MFCC_11,12,0.0008282899856567,XGBoost
0_LPCC_0,13,0.0005733609199523,XGBoost
0_Max,14,0.000542508761088,XGBoost
0_MFCC_5,15,0.0005097238222757,XGBoost
0_Fundamental frequency,16,0.0004403169949849,XGBoost
0_MFCC_10,17,0.000406789779663,XGBoost
0_MFCC_0,18,0.0003809873263041,XGBoost
0_Wavelet absolute mean_27777777.78Hz,19,0.0003783472379048,XGBoost
0_MFCC_8,20,0.0003755036989847,XGBoost
0_Median diff,21,0.0003584877649943,XGBoost
0_ECDF Percentile_1,22,0.000330311457316,XGBoost
0_Spectral positive turning points,23,0.0002408162752787,XGBoost
0_Wavelet absolute mean_125000000.0Hz,24,0.0002175672849019,XGBoost
0_Wavelet entropy,25,0.0002135467529296,XGBoost
0_MFCC_4,26,0.0001237654685974,XGBoost
0_Median absolute diff,27,7.487217585245769e-05,XGBoost
0_Spectral decrease,28,6.676038106282552e-05,XGBoost
0_Maximum frequency,29,5.210320154825846e-05,XGBoost
0_MFCC_9,30,4.35797373453776e-05,XGBoost
0_ECDF Percentile_0,31,1.8903414408365884e-05,XGBoost
0_Median,32,1.3399124145507811e-05,XGBoost
0_Mean,33,1.978079477945964e-06,XGBoost
0_Spectral roll-on,34,0.0,XGBoost
0_Power bandwidth,35,0.0,XGBoost
0_Neighbourhood peaks,36,-1.3836224873860678e-06,XGBoost
0_Zero crossing rate,37,-3.014405568440755e-06,XGBoost
0_LPCC_5,38,-3.353118896484375e-05,XGBoost
0_Median frequency,39,-3.8750171661376953e-05,XGBoost
0_LPCC_1,40,-5.440235137939453e-05,XGBoost
0_Negative turning points,41,-6.66356086730957e-05,XGBoost
0_LPCC_6,42,-0.0001910456021626,XGBoost
0_Spectral entropy,1,0.128872227620925,SVR
0_Peak to peak distance,2,0.1171031080869899,SVR
0_ECDF Percentile_0,3,0.1145312452939836,SVR
0_Median,4,0.1102335318460821,SVR
0_LPCC_0,5,0.0928916480283697,SVR
0_Spectral variation,6,0.0920603425084591,SVR
0_Absolute energy,7,0.0891633234241925,SVR
0_Spectral decrease,8,0.0743923352809397,SVR
0_Max,9,0.0601504485004393,SVR
0_MFCC_11,10,0.0597465243797142,SVR
0_Interquartile range,11,0.0565172810045729,SVR
0_Mean diff,12,0.0545211308391429,SVR
0_Wavelet absolute mean_27777777.78Hz,13,0.037522416014141,SVR
0_Wavelet absolute mean_125000000.0Hz,14,0.0314560666051817,SVR
0_MFCC_9,15,0.0211517927658834,SVR
0_Autocorrelation,16,0.0185596455685072,SVR
0_MFCC_5,17,0.0172056105154431,SVR
0_Mean,18,0.011837516388519,SVR
0_Wavelet entropy,19,0.0111448233261793,SVR
0_MFCC_10,20,0.0091262068561429,SVR
0_Maximum frequency,21,0.0073319174248619,SVR
0_Wavelet energy_125000000.0Hz,22,0.007184798043422,SVR
0_Slope,23,0.0068330225113875,SVR
0_MFCC_0,24,0.0065192830038876,SVR
0_MFCC_8,25,0.0062677784089036,SVR
0_ECDF Percentile_1,26,0.0062309937532348,SVR
0_LPCC_1,27,0.0051615713118874,SVR
0_Power bandwidth,28,0.0038657274204152,SVR
0_LPCC_5,29,0.002595893292714,SVR
0_Spectral positive turning points,30,0.0023990054536307,SVR
0_Zero crossing rate,31,0.0016755409293109,SVR
0_Entropy,32,0.001672840064999,SVR
0_Spectral roll-on,33,0.0016110661661486,SVR
0_LPCC_6,34,0.0009262942739133,SVR
0_Negative turning points,35,0.0008929656189249,SVR
0_Histogram mode,36,0.0006825057469551,SVR
0_Median frequency,37,0.0002065988614576,SVR
0_Median diff,38,0.0,SVR
0_Fundamental frequency,39,-8.080685380838985e-05,SVR
0_Neighbourhood peaks,40,-0.0001081620154451,SVR
0_Median absolute diff,41,-0.0002203367157865,SVR
0_MFCC_4,42,-0.0002332006840646,SVR
0_Peak to peak distance,1,0.165547240419048,Random Forest
0_Spectral entropy,2,0.0722296039371915,Random Forest
0_Absolute energy,3,0.0464799753292461,Random Forest
0_Autocorrelation,4,0.0360295243019901,Random Forest
0_Interquartile range,5,0.0324465121093074,Random Forest
0_Spectral variation,6,0.0312863488869383,Random Forest
0_Wavelet energy_125000000.0Hz,7,0.0155144397967318,Random Forest
0_Entropy,8,0.0144306357871343,Random Forest
0_ECDF Percentile_0,9,0.0105807170978772,Random Forest
0_MFCC_11,10,0.0098251790142861,Random Forest
0_Histogram mode,11,0.0084911534212858,Random Forest
0_Wavelet absolute mean_125000000.0Hz,12,0.0064132634222057,Random Forest
0_Wavelet absolute mean_27777777.78Hz,13,0.0047688050983586,Random Forest
0_LPCC_0,14,0.0045981342098828,Random Forest
0_MFCC_9,15,0.0037419444067747,Random Forest
0_ECDF Percentile_1,16,0.0034725929895195,Random Forest
0_Slope,17,0.0030773918915914,Random Forest
0_Max,18,0.0028057946234261,Random Forest
0_Fundamental frequency,19,0.0027974662333187,Random Forest
0_Mean diff,20,0.0021318359890843,Random Forest
0_Wavelet entropy,21,0.0018105683761063,Random Forest
0_Median,22,0.0017843335666118,Random Forest
0_Maximum frequency,23,0.0017213640559076,Random Forest
0_LPCC_1,24,0.0016913968557397,Random Forest
0_MFCC_5,25,0.0016255853563459,Random Forest
0_MFCC_10,26,0.0013286067620426,Random Forest
0_MFCC_8,27,0.001319221195699,Random Forest
0_Zero crossing rate,28,0.0012665482558888,Random Forest
0_Spectral decrease,29,0.001238348189538,Random Forest
0_LPCC_5,30,0.0010978324882125,Random Forest
0_Mean,31,0.0009226685967817,Random Forest
0_LPCC_6,32,0.0007296329857256,Random Forest
0_Spectral positive turning points,33,0.0004443389087137,Random Forest
0_MFCC_0,34,0.0002780610532908,Random Forest
0_Power bandwidth,35,9.115919962932337e-05,Random Forest
0_Negative turning points,36,1.1466570265672435e-05,Random Forest
0_Spectral roll-on,37,0.0,Random Forest
0_Median diff,38,-1.4802973661668757e-18,Random Forest
0_Median absolute diff,39,-6.576926763999976e-06,Random Forest
0_Neighbourhood peaks,40,-1.6482816997968423e-05,Random Forest
0_Median frequency,41,-0.0002875731514045,Random Forest
0_MFCC_4,42,-0.0006083253943173,Random Forest
0_MFCC_4,1,2.951659730886994,Bayesian Ridge
0_ECDF Percentile_0,2,1.6260373171971865,Bayesian Ridge
0_Peak to peak distance,3,1.5093126931975311,Bayesian Ridge
0_MFCC_5,4,1.1602568775314297,Bayesian Ridge
0_MFCC_11,5,0.9684410140637734,Bayesian Ridge
0_Mean,6,0.961131733305266,Bayesian Ridge
0_Max,7,0.7689212313552779,Bayesian Ridge
0_MFCC_9,8,0.6872653914287867,Bayesian Ridge
0_Median,9,0.2759026662263472,Bayesian Ridge
0_Slope,10,0.2137954267906838,Bayesian Ridge
0_MFCC_0,11,0.1678375070044427,Bayesian Ridge
0_MFCC_8,12,0.1523135027017231,Bayesian Ridge
0_ECDF Percentile_1,13,0.1245918491299551,Bayesian Ridge
0_Spectral decrease,14,0.1103492001968583,Bayesian Ridge
0_Interquartile range,15,0.0367847372426086,Bayesian Ridge
0_LPCC_0,16,0.0356945945129437,Bayesian Ridge
0_Autocorrelation,17,0.0330723844037642,Bayesian Ridge
0_Wavelet absolute mean_125000000.0Hz,18,0.0322862229282733,Bayesian Ridge
0_Spectral entropy,19,0.0261881311883446,Bayesian Ridge
0_Power bandwidth,20,0.0228538235354542,Bayesian Ridge
0_Wavelet energy_125000000.0Hz,21,0.0183513863957249,Bayesian Ridge
0_Wavelet absolute mean_27777777.78Hz,22,0.0158011678907626,Bayesian Ridge
0_Spectral variation,23,0.0148432186870056,Bayesian Ridge
0_Entropy,24,0.0113312727163762,Bayesian Ridge
0_Wavelet entropy,25,0.0033791175698538,Bayesian Ridge
0_Spectral roll-on,26,0.0032716053484701,Bayesian Ridge
0_LPCC_1,27,0.0030038419292683,Bayesian Ridge
0_Median frequency,28,0.0021986479566414,Bayesian Ridge
0_LPCC_5,29,0.0018930398706057,Bayesian Ridge
0_MFCC_10,30,0.001823844251649,Bayesian Ridge
0_Absolute energy,31,0.0016177993521566,Bayesian Ridge
0_Maximum frequency,32,0.0014985679490681,Bayesian Ridge
0_Negative turning points,33,0.0004791050250189,Bayesian Ridge
0_Spectral positive turning points,34,0.0004492041441783,Bayesian Ridge
0_Zero crossing rate,35,0.0004228306757183,Bayesian Ridge
0_Fundamental frequency,36,0.0002881665632843,Bayesian Ridge
0_Histogram mode,37,0.000259230248773,Bayesian Ridge
0_Median absolute diff,38,0.0001671013725345,Bayesian Ridge
0_Neighbourhood peaks,39,4.44642843911236e-05,Bayesian Ridge
0_Median diff,40,0.0,Bayesian Ridge
0_LPCC_6,41,-3.491801052814066e-05,Bayesian Ridge
0_Mean diff,42,-0.0002337289615795,Bayesian Ridge
0_Peak to peak distance,1,0.6046635190645854,XGBoost
0_Spectral entropy,2,0.2204893589019775,XGBoost
0_Autocorrelation,3,0.1061916208267211,XGBoost
0_Interquartile range,4,0.0164399719238281,XGBoost
0_Entropy,5,0.0135645230611165,XGBoost
0_Spectral variation,6,0.0107952706019083,XGBoost
0_Mean diff,7,0.005801662604014,XGBoost
0_Max,8,0.0050787703196207,XGBoost
0_Absolute energy,9,0.0046001919110616,XGBoost
0_Histogram mode,10,0.0016512163480122,XGBoost
0_Fundamental frequency,11,0.0015881737073262,XGBoost
0_LPCC_0,12,0.001295092900594,XGBoost
0_MFCC_5,13,0.0012142960230509,XGBoost
0_Slope,14,0.0007438818613688,XGBoost
0_Mean,15,0.0003370849291483,XGBoost
0_MFCC_10,16,0.000325756072998,XGBoost
0_MFCC_9,17,0.0002134013175964,XGBoost
0_Zero crossing rate,18,0.00019953250885,XGBoost
0_MFCC_11,19,0.0001903899510701,XGBoost
0_LPCC_6,20,0.0001689783732096,XGBoost
0_Median,21,0.0001483742396036,XGBoost
0_Spectral positive turning points,22,0.000125602086385,XGBoost
0_Maximum frequency,23,0.0001206008593241,XGBoost
0_LPCC_1,24,0.0001190948486328,XGBoost
0_MFCC_8,25,0.0001148676872253,XGBoost
0_ECDF Percentile_1,26,0.0001039203008015,XGBoost
0_LPCC_5,27,6.670633951822917e-05,XGBoost
0_Spectral decrease,28,5.302588144938151e-05,XGBoost
0_Neighbourhood peaks,29,3.586530685424805e-05,XGBoost
0_Median frequency,30,1.3384024302164713e-05,XGBoost
0_Spectral roll-on,31,6.306171417236328e-06,XGBoost
0_Power bandwidth,32,0.0,XGBoost
0_Median diff,33,0.0,XGBoost
0_Negative turning points,34,-5.459785461425781e-06,XGBoost
0_Wavelet absolute mean_27777777.78Hz,35,-9.572347005208332e-05,XGBoost
0_Median absolute diff,36,-0.0001735385258992,XGBoost
0_ECDF Percentile_0,37,-0.0002073645591735,XGBoost
0_MFCC_4,38,-0.0002527689933776,XGBoost
0_Wavelet entropy,39,-0.0002726562817891,XGBoost
0_MFCC_0,40,-0.0003121018409729,XGBoost
0_Wavelet energy_125000000.0Hz,41,-0.0004233749707539,XGBoost
0_Wavelet absolute mean_125000000.0Hz,42,-0.0004403138160705,XGBoost
0_Spectral entropy,1,0.1511680858174908,SVR
0_Interquartile range,2,0.0946681390894769,SVR
0_Spectral decrease,3,0.0900153185467908,SVR
0_Peak to peak distance,4,0.0867586604061978,SVR
0_ECDF Percentile_0,5,0.0834269360469869,SVR
0_Median,6,0.0737366405229193,SVR
0_Spectral variation,7,0.0708488898457602,SVR
0_Mean diff,8,0.0685836656975998,SVR
0_LPCC_0,9,0.0668254804621065,SVR
0_Wavelet absolute mean_27777777.78Hz,10,0.0599963294823723,SVR
0_Absolute energy,11,0.0479297510760559,SVR
0_Slope,12,0.0400565939504668,SVR
0_Max,13,0.0286300117820077,SVR
0_Wavelet absolute mean_125000000.0Hz,14,0.0205315737429844,SVR
0_MFCC_11,15,0.0201686863354443,SVR
0_Autocorrelation,16,0.0173517926219013,SVR
0_MFCC_5,17,0.01667087446433,SVR
0_Mean,18,0.009866275487328,SVR
0_MFCC_9,19,0.0093755509645735,SVR
0_Wavelet entropy,20,0.0082894093881331,SVR
0_Wavelet energy_125000000.0Hz,21,0.0067498666578166,SVR
0_Median absolute diff,22,0.0063896575775021,SVR
0_Maximum frequency,23,0.0052799031984629,SVR
0_ECDF Percentile_1,24,0.004493022439324,SVR
0_MFCC_10,25,0.0040503476348603,SVR
0_LPCC_5,26,0.0030524021322246,SVR
0_MFCC_4,27,0.0017164389400025,SVR
0_MFCC_8,28,0.0017059895187666,SVR
0_Fundamental frequency,29,0.0016679720801079,SVR
0_Histogram mode,30,0.0015655357419733,SVR
0_MFCC_0,31,0.0015063444515322,SVR
0_Entropy,32,0.0015031889013103,SVR
0_LPCC_1,33,0.0011856120906703,SVR
0_Spectral positive turning points,34,0.0009077957461239,SVR
0_Median frequency,35,0.0009023274920783,SVR
0_Negative turning points,36,0.0008510128997631,SVR
0_Neighbourhood peaks,37,0.0004767248587165,SVR
0_Power bandwidth,38,0.0004363389610735,SVR
0_Spectral roll-on,39,0.000319679777257,SVR
0_LPCC_6,40,0.0002585922886321,SVR
0_Median diff,41,0.0,SVR
0_Zero crossing rate,42,-0.0002880835460554,SVR
0_Peak to peak distance,1,0.1508036736535569,Random Forest
0_Spectral entropy,2,0.0738246778507664,Random Forest
0_Autocorrelation,3,0.0407686294641429,Random Forest
0_Spectral variation,4,0.0385500246759856,Random Forest
0_Absolute energy,5,0.0334088429988852,Random Forest
0_Entropy,6,0.0178729594369119,Random Forest
0_Interquartile range,7,0.0158004554664621,Random Forest
0_Wavelet energy_125000000.0Hz,8,0.0114930550675665,Random Forest
0_MFCC_11,9,0.0110693562636268,Random Forest
0_Histogram mode,10,0.0101486472249145,Random Forest
0_Wavelet absolute mean_125000000.0Hz,11,0.0078984452999354,Random Forest
0_Mean diff,12,0.0067592565138272,Random Forest
0_ECDF Percentile_0,13,0.0060773989928993,Random Forest
0_LPCC_0,14,0.0040333244490703,Random Forest
0_Slope,15,0.0038415146580719,Random Forest
0_Wavelet absolute mean_27777777.78Hz,16,0.0037869940242763,Random Forest
0_MFCC_9,17,0.0035634800815769,Random Forest
0_MFCC_8,18,0.0035043400839861,Random Forest
0_Wavelet entropy,19,0.0034461762466177,Random Forest
0_Fundamental frequency,20,0.0019823193522073,Random Forest
0_MFCC_0,21,0.0019741618642782,Random Forest
0_ECDF Percentile_1,22,0.0019655412215271,Random Forest
0_Maximum frequency,23,0.0014808274088796,Random Forest
0_Median frequency,24,0.001471633555582,Random Forest
0_Median,25,0.0012156033669067,Random Forest
0_MFCC_10,26,0.0011605911660568,Random Forest
0_Zero crossing rate,27,0.0008366403880407,Random Forest
0_LPCC_1,28,0.0007038585176174,Random Forest
0_Spectral decrease,29,0.0006715513971356,Random Forest
0_LPCC_5,30,0.0005939667529211,Random Forest
0_Max,31,0.0004210787792966,Random Forest
0_LPCC_6,32,0.0003431160803011,Random Forest
0_Mean,33,0.000273486194542,Random Forest
0_MFCC_4,34,0.0001343915085115,Random Forest
0_Negative turning points,35,0.0001138624542255,Random Forest
0_Spectral roll-on,36,6.617311687119987e-05,Random Forest
0_Spectral positive turning points,37,4.474414923074802e-05,Random Forest
0_Power bandwidth,38,4.114093060631596e-05,Random Forest
0_Neighbourhood peaks,39,1.533324934090974e-05,Random Forest
0_Median diff,40,3.700743415417188e-17,Random Forest
0_Median absolute diff,41,-6.946363319860537e-05,Random Forest
0_MFCC_5,42,-0.0002625775218895,Random Forest
0_Peak to peak distance,1,1.7288372421321057,Bayesian Ridge
0_MFCC_4,2,1.3584306188958124,Bayesian Ridge
0_ECDF Percentile_0,3,1.2246443054676683,Bayesian Ridge
0_MFCC_5,4,0.6557408671553242,Bayesian Ridge
0_Mean,5,0.5250072733716542,Bayesian Ridge
0_Slope,6,0.4936642519589316,Bayesian Ridge
0_Max,7,0.4125374117602565,Bayesian Ridge
0_MFCC_9,8,0.4062367748402363,Bayesian Ridge
0_MFCC_11,9,0.251088304669766,Bayesian Ridge
0_Median,10,0.162738257831964,Bayesian Ridge
0_ECDF Percentile_1,11,0.1293520515540168,Bayesian Ridge
0_Spectral decrease,12,0.1060575978862202,Bayesian Ridge
0_Wavelet absolute mean_27777777.78Hz,13,0.0932191936962347,Bayesian Ridge
0_MFCC_8,14,0.0709369994274509,Bayesian Ridge
0_MFCC_0,15,0.0592639094674643,Bayesian Ridge
0_Absolute energy,16,0.0430347316524802,Bayesian Ridge
0_MFCC_10,17,0.0362600937907005,Bayesian Ridge
0_LPCC_0,18,0.0337569392362068,Bayesian Ridge
0_Wavelet energy_125000000.0Hz,19,0.0295639296657536,Bayesian Ridge
0_Interquartile range,20,0.0287208996319799,Bayesian Ridge
0_Spectral variation,21,0.023119129539064,Bayesian Ridge
0_Autocorrelation,22,0.0205577767902803,Bayesian Ridge
0_Entropy,23,0.0178267309524278,Bayesian Ridge
0_Wavelet entropy,24,0.0156156455733147,Bayesian Ridge
0_Spectral entropy,25,0.0072533857005407,Bayesian Ridge
0_Power bandwidth,26,0.0052228973625632,Bayesian Ridge
0_LPCC_1,27,0.003822045142823,Bayesian Ridge
0_Median frequency,28,0.0028903394270124,Bayesian Ridge
0_LPCC_5,29,0.0023472296025751,Bayesian Ridge
0_Wavelet absolute mean_125000000.0Hz,30,0.0016467107865373,Bayesian Ridge
0_LPCC_6,31,0.0013902119833753,Bayesian Ridge
0_Maximum frequency,32,0.0013197698353819,Bayesian Ridge
0_Spectral roll-on,33,0.0009274717056422,Bayesian Ridge
0_Spectral positive turning points,34,0.0006001117269881,Bayesian Ridge
0_Negative turning points,35,0.0003331744128531,Bayesian Ridge
0_Mean diff,36,0.0002706643450697,Bayesian Ridge
0_Neighbourhood peaks,37,9.781980044137215e-05,Bayesian Ridge
0_Median diff,38,0.0,Bayesian Ridge
0_Fundamental frequency,39,-1.8911099193263208e-05,Bayesian Ridge
0_Zero crossing rate,40,-0.000172992907084,Bayesian Ridge
0_Histogram mode,41,-0.0002465058609699,Bayesian Ridge
0_Median absolute diff,42,-0.0007909487566226,Bayesian Ridge
0_Peak to peak distance,1,0.905667777856191,XGBoost
0_Spectral entropy,2,0.2799211096763611,XGBoost
0_Autocorrelation,3,0.1917401623725891,XGBoost
0_Entropy,4,0.0135048913955688,XGBoost
0_Spectral variation,5,0.008403619925181,XGBoost
0_Interquartile range,6,0.0076145370801289,XGBoost
0_Max,7,0.0069164689381917,XGBoost
0_Mean diff,8,0.0031662805875142,XGBoost
0_Wavelet energy_125000000.0Hz,9,0.0024327913920084,XGBoost
0_MFCC_8,10,0.0021126667658487,XGBoost
0_Histogram mode,11,0.0021116892496744,XGBoost
0_MFCC_11,12,0.0020029584566752,XGBoost
0_ECDF Percentile_1,13,0.0011711064974466,XGBoost
0_Slope,14,0.0011454741160074,XGBoost
0_Wavelet entropy,15,0.0009962932268778,XGBoost
0_Fundamental frequency,16,0.0009331512451171,XGBoost
0_MFCC_4,17,0.0007555977503458,XGBoost
0_MFCC_10,18,0.000633057753245,XGBoost
0_LPCC_1,19,0.0005283729235331,XGBoost
0_LPCC_0,20,0.0004720568656921,XGBoost
0_Wavelet absolute mean_27777777.78Hz,21,0.0004276188214619,XGBoost
0_Absolute energy,22,0.0004072674115498,XGBoost
0_Spectral decrease,23,0.0003767331441243,XGBoost
0_MFCC_9,24,0.0003268718719482,XGBoost
0_Wavelet absolute mean_125000000.0Hz,25,0.0003076632817586,XGBoost
0_Maximum frequency,26,0.0002204712231953,XGBoost
0_Mean,27,0.0002102510134379,XGBoost
0_Spectral positive turning points,28,0.0001533238093058,XGBoost
0_LPCC_6,29,0.0001473967234293,XGBoost
0_Median absolute diff,30,0.0001123213768005,XGBoost
0_Negative turning points,31,4.495779673258464e-05,XGBoost
0_MFCC_0,32,2.554893493652344e-05,XGBoost
0_Spectral roll-on,33,0.0,XGBoost
0_Median diff,34,0.0,XGBoost
0_Power bandwidth,35,0.0,XGBoost
0_Zero crossing rate,36,0.0,XGBoost
0_LPCC_5,37,-4.814306894938151e-05,XGBoost
0_Median,38,-0.0002076045672098,XGBoost
0_Median frequency,39,-0.000239131450653,XGBoost
0_Neighbourhood peaks,40,-0.0002950652440388,XGBoost
0_MFCC_5,41,-0.0003781445821126,XGBoost
0_ECDF Percentile_0,42,-0.0007083352406819,XGBoost
0_Peak to peak distance,1,0.1564778840970969,SVR
0_Spectral variation,2,0.1050981963625594,SVR
0_Spectral entropy,3,0.0931695732761052,SVR
0_Interquartile range,4,0.0755512165555025,SVR
0_Spectral decrease,5,0.072840931690551,SVR
0_Median,6,0.067756676717305,SVR
0_Mean diff,7,0.0671380914177856,SVR
0_ECDF Percentile_0,8,0.0637720311303302,SVR
0_LPCC_0,9,0.0630492917809775,SVR
0_Max,10,0.0554173058733675,SVR
0_Absolute energy,11,0.0551360762908665,SVR
0_Wavelet absolute mean_27777777.78Hz,12,0.0488394959142075,SVR
0_MFCC_11,13,0.0377362641036149,SVR
0_Slope,14,0.0275774819726211,SVR
0_Wavelet absolute mean_125000000.0Hz,15,0.0181755724499144,SVR
0_MFCC_5,16,0.0178554033316407,SVR
0_Autocorrelation,17,0.0163957959447492,SVR
0_MFCC_9,18,0.0156645993742702,SVR
0_Mean,19,0.0106792830534249,SVR
0_MFCC_4,20,0.0104692343939454,SVR
0_MFCC_10,21,0.0084698326428952,SVR
0_Maximum frequency,22,0.0083292845383921,SVR
0_Wavelet energy_125000000.0Hz,23,0.0081094928097876,SVR
0_LPCC_1,24,0.0054043601116118,SVR
0_ECDF Percentile_1,25,0.0042695208560406,SVR
0_Median diff,26,0.004137786375399,SVR
0_MFCC_0,27,0.0041300798575355,SVR
0_Wavelet entropy,28,0.0034179311790264,SVR
0_MFCC_8,29,0.0015016518596669,SVR
0_Histogram mode,30,0.0014075273846926,SVR
0_Spectral positive turning points,31,0.0013380761635541,SVR
0_Entropy,32,0.0010418694626156,SVR
0_Median frequency,33,0.0009648799372967,SVR
0_Power bandwidth,34,0.0008552744060906,SVR
0_Fundamental frequency,35,0.0007597925257369,SVR
0_LPCC_5,36,0.0006763945217941,SVR
0_LPCC_6,37,0.0005387980491609,SVR
0_Spectral roll-on,38,0.0004919340854838,SVR
0_Neighbourhood peaks,39,0.0004814536843422,SVR
0_Negative turning points,40,-5.1920589964660205e-05,SVR
0_Median absolute diff,41,-6.87778777561269e-05,SVR
0_Zero crossing rate,42,-0.0006169127086268,SVR
0_Peak to peak distance,1,0.1462230112849165,Random Forest
0_Spectral entropy,2,0.0744990904288412,Random Forest
0_Autocorrelation,3,0.0455935069517756,Random Forest
0_Spectral variation,4,0.0344811592611647,Random Forest
0_Absolute energy,5,0.0226501528140095,Random Forest
0_Interquartile range,6,0.0174517456170099,Random Forest
0_Entropy,7,0.0134626791909146,Random Forest
0_Wavelet energy_125000000.0Hz,8,0.0102544332011553,Random Forest
0_Histogram mode,9,0.0096083266768308,Random Forest
0_MFCC_11,10,0.0077924501326004,Random Forest
0_Mean diff,11,0.0061849066423344,Random Forest
0_Wavelet absolute mean_125000000.0Hz,12,0.0052317085075465,Random Forest
0_MFCC_9,13,0.0050727265992478,Random Forest
0_LPCC_0,14,0.00496068355839,Random Forest
0_Slope,15,0.0041137894406094,Random Forest
0_MFCC_8,16,0.0040981273625621,Random Forest
0_Wavelet entropy,17,0.0029588970135767,Random Forest
0_ECDF Percentile_0,18,0.0029210687381112,Random Forest
0_Fundamental frequency,19,0.0028436407925488,Random Forest
0_ECDF Percentile_1,20,0.0028267015438597,Random Forest
0_MFCC_0,21,0.0019237823067737,Random Forest
0_Wavelet absolute mean_27777777.78Hz,22,0.0018834906918891,Random Forest
0_Mean,23,0.0016749065572011,Random Forest
0_Median,24,0.0016518769993421,Random Forest
0_Maximum frequency,25,0.001346360724848,Random Forest
0_MFCC_5,26,0.0012760210407336,Random Forest
0_Spectral decrease,27,0.0010680498863653,Random Forest
0_LPCC_1,28,0.0009751608544386,Random Forest
0_Zero crossing rate,29,0.0009682147368265,Random Forest
0_MFCC_4,30,0.0009206114921582,Random Forest
0_LPCC_6,31,0.0007600285772724,Random Forest
0_MFCC_10,32,0.0006804309439674,Random Forest
0_Median frequency,33,0.0005088652141886,Random Forest
0_LPCC_5,34,0.0003883117022081,Random Forest
0_Negative turning points,35,0.0003791089146081,Random Forest
0_Spectral positive turning points,36,0.0002106899592984,Random Forest
0_Power bandwidth,37,5.0201482322140834e-05,Random Forest
0_Neighbourhood peaks,38,1.2724767020431866e-05,Random Forest
0_Spectral roll-on,39,6.03728729221172e-07,Random Forest
0_Median diff,40,5.47710025481744e-17,Random Forest
0_Max,41,-0.000225188531538,Random Forest
0_Median absolute diff,42,-0.0005160163242934,Random Forest
0_MFCC_4,1,4.175622146616656,Bayesian Ridge
0_Peak to peak distance,2,1.8740783446372555,Bayesian Ridge
0_ECDF Percentile_0,3,1.468764208315946,Bayesian Ridge
0_MFCC_5,4,1.199983942381961,Bayesian Ridge
0_MFCC_11,5,0.915131004029392,Bayesian Ridge
0_MFCC_9,6,0.7066372259172449,Bayesian Ridge
0_Max,7,0.6634033275937739,Bayesian Ridge
0_Median,8,0.3739673920743776,Bayesian Ridge
0_MFCC_0,9,0.3259675716856121,Bayesian Ridge
0_Slope,10,0.2993107778095587,Bayesian Ridge
0_Mean,11,0.1831557295380871,Bayesian Ridge
0_Spectral decrease,12,0.1742649189449567,Bayesian Ridge
0_ECDF Percentile_1,13,0.1320030296174395,Bayesian Ridge
0_Absolute energy,14,0.107949015798313,Bayesian Ridge
0_Spectral entropy,15,0.0889548546872521,Bayesian Ridge
0_Wavelet absolute mean_27777777.78Hz,16,0.0644201882466052,Bayesian Ridge
0_MFCC_8,17,0.0608149137072146,Bayesian Ridge
0_Wavelet absolute mean_125000000.0Hz,18,0.0296794359192674,Bayesian Ridge
0_Mean diff,19,0.0275585685262194,Bayesian Ridge
0_Wavelet entropy,20,0.0251488941518375,Bayesian Ridge
0_Wavelet energy_125000000.0Hz,21,0.0203813516186669,Bayesian Ridge
0_Entropy,22,0.017117711717177,Bayesian Ridge
0_MFCC_10,23,0.015442384140597,Bayesian Ridge
0_LPCC_0,24,0.012166925632397,Bayesian Ridge
0_Maximum frequency,25,0.0101048142162904,Bayesian Ridge
0_Autocorrelation,26,0.0067072818963801,Bayesian Ridge
0_LPCC_1,27,0.0056662619511384,Bayesian Ridge
0_Spectral variation,28,0.0032478791233068,Bayesian Ridge
0_Power bandwidth,29,0.003133999760043,Bayesian Ridge
0_Spectral roll-on,30,0.0027901828033389,Bayesian Ridge
0_LPCC_6,31,0.0011902628199724,Bayesian Ridge
0_Median frequency,32,0.0006015568706647,Bayesian Ridge
0_Negative turning points,33,0.0003246328971341,Bayesian Ridge
0_Median diff,34,0.0002616022714232,Bayesian Ridge
0_Histogram mode,35,0.0001893684526093,Bayesian Ridge
0_Fundamental frequency,36,0.0001160560633192,Bayesian Ridge
0_Interquartile range,37,-0.0003068361712544,Bayesian Ridge
0_Spectral positive turning points,38,-0.0003097577354837,Bayesian Ridge
0_Neighbourhood peaks,39,-0.0003569967946731,Bayesian Ridge
0_Zero crossing rate,40,-0.0007165127357066,Bayesian Ridge
0_LPCC_5,41,-0.0008762973255062,Bayesian Ridge
0_Median absolute diff,42,-0.0013891337923903,Bayesian Ridge
0_Peak to peak distance,1,0.6106625827153523,XGBoost
0_Spectral entropy,2,0.2817763781547546,XGBoost
0_Autocorrelation,3,0.1070274798075358,XGBoost
0_Interquartile range,4,0.0177868191401163,XGBoost
0_Mean diff,5,0.016365852355957,XGBoost
0_Spectral variation,6,0.0114800556500752,XGBoost
0_Entropy,7,0.0098402325312296,XGBoost
0_Absolute energy,8,0.0081730715433756,XGBoost
0_Max,9,0.0065910863876342,XGBoost
0_Slope,10,0.0046934429804484,XGBoost
0_MFCC_9,11,0.0036257616678873,XGBoost
0_Histogram mode,12,0.0031177870432535,XGBoost
0_Mean,13,0.002301656405131,XGBoost
0_MFCC_11,14,0.0020436779657999,XGBoost
0_Wavelet absolute mean_125000000.0Hz,15,0.0019242270787556,XGBoost
0_LPCC_0,16,0.0019201652208964,XGBoost
0_MFCC_5,17,0.0015500831604003,XGBoost
0_LPCC_6,18,0.0012870097160339,XGBoost
0_MFCC_8,19,0.0012028765678405,XGBoost
0_Fundamental frequency,20,0.0011346125602722,XGBoost
0_ECDF Percentile_1,21,0.0011302502950032,XGBoost
0_MFCC_10,22,0.0010178422927856,XGBoost
0_Wavelet entropy,23,0.0008603684107462,XGBoost
0_Spectral positive turning points,24,0.0003924330075581,XGBoost
0_Median,25,0.0003754353523254,XGBoost
0_Spectral decrease,26,0.0003367288907368,XGBoost
0_Median frequency,27,0.0002063695589701,XGBoost
0_Negative turning points,28,0.0001478513081868,XGBoost
0_LPCC_1,29,9.828249613444012e-05,XGBoost
0_Median diff,30,9.562889734903972e-05,XGBoost
0_Zero crossing rate,31,5.016803741455078e-05,XGBoost
0_Maximum frequency,32,3.926833470662435e-05,XGBoost
0_ECDF Percentile_0,33,1.1995633443196614e-05,XGBoost
0_Median absolute diff,34,9.375413258870442e-06,XGBoost
0_Spectral roll-on,35,0.0,XGBoost
0_Power bandwidth,36,0.0,XGBoost
0_Neighbourhood peaks,37,-0.0001203791300455,XGBoost
0_MFCC_0,38,-0.0002164085706075,XGBoost
0_MFCC_4,39,-0.0003489605585734,XGBoost
0_Wavelet absolute mean_27777777.78Hz,40,-0.0004421838124593,XGBoost
0_LPCC_5,41,-0.0008593201637268,XGBoost
0_Wavelet energy_125000000.0Hz,42,-0.0012403257687886,XGBoost
0_Spectral variation,1,0.1295947711409011,SVR
0_LPCC_0,2,0.1289669894658197,SVR
0_Peak to peak distance,3,0.1158317670395448,SVR
0_Spectral entropy,4,0.1018722949764586,SVR
0_ECDF Percentile_0,5,0.0977402144440838,SVR
0_Median,6,0.0794211509743807,SVR
0_Absolute energy,7,0.0793894960298123,SVR
0_Mean diff,8,0.0641361910358709,SVR
0_Max,9,0.0640776344726778,SVR
0_Spectral decrease,10,0.0570118505934676,SVR
0_Interquartile range,11,0.0531053442693618,SVR
0_Wavelet absolute mean_27777777.78Hz,12,0.0412665489125382,SVR
0_MFCC_11,13,0.0302037201634455,SVR
0_Slope,14,0.0231427830842839,SVR
0_Mean,15,0.0193164670077857,SVR
0_Autocorrelation,16,0.0185705526962455,SVR
0_Wavelet absolute mean_125000000.0Hz,17,0.0168262534506868,SVR
0_Wavelet entropy,18,0.0105565302337768,SVR
0_Median absolute diff,19,0.0089592723712111,SVR
0_MFCC_9,20,0.0088994274260829,SVR
0_Maximum frequency,21,0.0066805552979081,SVR
0_MFCC_10,22,0.0060220033504149,SVR
0_Median diff,23,0.0058423731952933,SVR
0_ECDF Percentile_1,24,0.0056032299877161,SVR
0_Wavelet energy_125000000.0Hz,25,0.005450473534338,SVR
0_MFCC_5,26,0.0053021607031446,SVR
0_MFCC_0,27,0.0052405590215642,SVR
0_Histogram mode,28,0.0036492137107083,SVR
0_MFCC_4,29,0.0034496804641551,SVR
0_Median frequency,30,0.0031263468924431,SVR
0_MFCC_8,31,0.0023244132025618,SVR
0_Entropy,32,0.0020459220855631,SVR
0_Spectral roll-on,33,0.0015316473846723,SVR
0_LPCC_1,34,0.0014613483413963,SVR
0_Fundamental frequency,35,0.0005137213367601,SVR
0_LPCC_5,36,0.000465198350524,SVR
0_LPCC_6,37,0.0003829566477172,SVR
0_Negative turning points,38,0.0003796434320412,SVR
0_Spectral positive turning points,39,0.0002389355320325,SVR
0_Neighbourhood peaks,40,6.084260313385789e-05,SVR
0_Zero crossing rate,41,-6.173191168660885e-05,SVR
0_Power bandwidth,42,-0.0001633289590933,SVR
0_Peak to peak distance,1,0.1506616058961977,Random Forest
0_Spectral entropy,2,0.0692445673245507,Random Forest
0_Autocorrelation,3,0.0419585152295503,Random Forest
0_Absolute energy,4,0.0419530658989738,Random Forest
0_Spectral variation,5,0.0318967345738524,Random Forest
0_Interquartile range,6,0.0218321346702805,Random Forest
0_Entropy,7,0.0157160961117394,Random Forest
0_Histogram mode,8,0.0133306434606282,Random Forest
0_Wavelet absolute mean_125000000.0Hz,9,0.0092286434806603,Random Forest
0_ECDF Percentile_0,10,0.0091966109254451,Random Forest
0_Wavelet energy_125000000.0Hz,11,0.0089877322600211,Random Forest
0_LPCC_0,12,0.0066729551178467,Random Forest
0_Slope,13,0.0060912624254315,Random Forest
0_MFCC_11,14,0.005828821173938,Random Forest
0_Fundamental frequency,15,0.0037024418404153,Random Forest
0_MFCC_8,16,0.0034064705576908,Random Forest
0_Mean diff,17,0.0029727047971161,Random Forest
0_MFCC_9,18,0.002566223604286,Random Forest
0_Wavelet absolute mean_27777777.78Hz,19,0.0021607658099824,Random Forest
0_Median frequency,20,0.0020497822246183,Random Forest
0_ECDF Percentile_1,21,0.0019136651498028,Random Forest
0_Wavelet entropy,22,0.0018440807274874,Random Forest
0_Zero crossing rate,23,0.0014024878208593,Random Forest
0_Maximum frequency,24,0.001333108017821,Random Forest
0_LPCC_1,25,0.0011556750076979,Random Forest
0_Spectral decrease,26,0.0011155977400662,Random Forest
0_LPCC_6,27,0.0010923982072168,Random Forest
0_Median,28,0.0009959518745356,Random Forest
0_MFCC_5,29,0.0009226510138943,Random Forest
0_MFCC_10,30,0.000864533092701,Random Forest
0_MFCC_0,31,0.0006785140748109,Random Forest
0_LPCC_5,32,0.0004682831888445,Random Forest
0_MFCC_4,33,0.0003883408660588,Random Forest
0_Mean,34,0.0003719929014586,Random Forest
0_Spectral positive turning points,35,0.0001130542840959,Random Forest
0_Negative turning points,36,5.691972747665641e-05,Random Forest
0_Spectral roll-on,37,4.264910619062719e-05,Random Forest
0_Neighbourhood peaks,38,1.9442098413442463e-05,Random Forest
0_Power bandwidth,39,9.495308946444089e-06,Random Forest
0_Median diff,40,-4.440892098500626e-18,Random Forest
0_Max,41,-9.838979420146998e-06,Random Forest
0_Median absolute diff,42,-5.089486974682996e-05,Random Forest
0_Peak to peak distance,1,1.5224578624903211,Bayesian Ridge
0_MFCC_4,2,1.3573828387734974,Bayesian Ridge
0_MFCC_5,3,0.8950744026676847,Bayesian Ridge
0_Mean,4,0.8592397103343241,Bayesian Ridge
0_ECDF Percentile_0,5,0.8480239609953503,Bayesian Ridge
0_Max,6,0.8316877819486836,Bayesian Ridge
0_Slope,7,0.3148345166773198,Bayesian Ridge
0_MFCC_11,8,0.2852456536540309,Bayesian Ridge
0_Spectral decrease,9,0.2503569232309125,Bayesian Ridge
0_MFCC_9,10,0.1923706963982536,Bayesian Ridge
0_Median,11,0.1397431799025315,Bayesian Ridge
0_LPCC_0,12,0.0903253875898749,Bayesian Ridge
0_Wavelet absolute mean_27777777.78Hz,13,0.0791382525135549,Bayesian Ridge
0_ECDF Percentile_1,14,0.0731060400309146,Bayesian Ridge
0_Spectral variation,15,0.0588357677684932,Bayesian Ridge
0_MFCC_0,16,0.0433007007304373,Bayesian Ridge
0_MFCC_8,17,0.0432423178612088,Bayesian Ridge
0_Interquartile range,18,0.0357794610124115,Bayesian Ridge
0_Entropy,19,0.0188777516528597,Bayesian Ridge
0_MFCC_10,20,0.0171549887742418,Bayesian Ridge
0_Autocorrelation,21,0.0093487703019747,Bayesian Ridge
0_Wavelet energy_125000000.0Hz,22,0.0052677309968599,Bayesian Ridge
0_Median frequency,23,0.0052218082192152,Bayesian Ridge
0_Maximum frequency,24,0.0050509752535677,Bayesian Ridge
0_Median absolute diff,25,0.0042937504371192,Bayesian Ridge
0_Median diff,26,0.0027749407314369,Bayesian Ridge
0_Power bandwidth,27,0.0019361591411875,Bayesian Ridge
0_Spectral roll-on,28,0.0017762960012322,Bayesian Ridge
0_LPCC_5,29,0.0013907118590976,Bayesian Ridge
0_Spectral entropy,30,0.0010000009819348,Bayesian Ridge
0_LPCC_6,31,0.0009122372114791,Bayesian Ridge
0_Spectral positive turning points,32,0.00080630922589,Bayesian Ridge
0_Negative turning points,33,0.0007635422927382,Bayesian Ridge
0_Mean diff,34,0.000562140480478,Bayesian Ridge
0_Histogram mode,35,0.0004439321582815,Bayesian Ridge
0_LPCC_1,36,7.078123520661617e-05,Bayesian Ridge
0_Neighbourhood peaks,37,-0.0001127154158017,Bayesian Ridge
0_Fundamental frequency,38,-0.0001158232411782,Bayesian Ridge
0_Wavelet absolute mean_125000000.0Hz,39,-0.0003579196218002,Bayesian Ridge
0_Zero crossing rate,40,-0.0004812382559198,Bayesian Ridge
0_Absolute energy,41,-0.0020362265371788,Bayesian Ridge
0_Wavelet entropy,42,-0.0062505388443725,Bayesian Ridge
0_Peak to peak distance,1,0.5999286047617595,XGBoost
0_Spectral entropy,2,0.223773021697998,XGBoost
0_Autocorrelation,3,0.0978626704216003,XGBoost
0_Interquartile range,4,0.0198027380307515,XGBoost
0_Spectral variation,5,0.0164126674334208,XGBoost
0_Entropy,6,0.0156301426887512,XGBoost
0_Mean diff,7,0.0149521970748901,XGBoost
0_Absolute energy,8,0.0060943508148193,XGBoost
0_Slope,9,0.0054012592633565,XGBoost
0_Histogram mode,10,0.0050136907895406,XGBoost
0_Max,11,0.0048787093162536,XGBoost
0_LPCC_0,12,0.0037789845466613,XGBoost
0_Wavelet absolute mean_125000000.0Hz,13,0.0018872006734212,XGBoost
0_Wavelet energy_125000000.0Hz,14,0.0014142394065856,XGBoost
0_Spectral decrease,15,0.0013473836580912,XGBoost
0_Median absolute diff,16,0.0008563876152038,XGBoost
0_LPCC_5,17,0.0008443681399027,XGBoost
0_Wavelet entropy,18,0.0006749208768208,XGBoost
0_MFCC_5,19,0.0006459712982177,XGBoost
0_LPCC_6,20,0.000643351872762,XGBoost
0_ECDF Percentile_0,21,0.0005798681577046,XGBoost
0_MFCC_9,22,0.0004680267969767,XGBoost
0_Fundamental frequency,23,0.0004645657539367,XGBoost
0_Maximum frequency,24,0.0004349637031555,XGBoost
0_MFCC_11,25,0.0004210948944091,XGBoost
0_MFCC_0,26,0.0003782788912455,XGBoost
0_Zero crossing rate,27,0.0003743743896484,XGBoost
0_Wavelet absolute mean_27777777.78Hz,28,0.0001930904388427,XGBoost
0_MFCC_8,29,0.0001924419403076,XGBoost
0_Median diff,30,0.0001868152618408,XGBoost
0_Mean,31,0.0001787161827087,XGBoost
0_MFCC_4,32,0.0001586071650187,XGBoost
0_MFCC_10,33,0.0001489806175231,XGBoost
0_Median,34,0.0001206612586975,XGBoost
0_ECDF Percentile_1,35,7.479349772135416e-05,XGBoost
0_Neighbourhood peaks,36,5.390723546346029e-05,XGBoost
0_Negative turning points,37,2.996126810709636e-06,XGBoost
0_Spectral roll-on,38,0.0,XGBoost
0_Power bandwidth,39,0.0,XGBoost
0_Median frequency,40,-7.910490036010743e-05,XGBoost
0_Spectral positive turning points,41,-0.0001089151700337,XGBoost
0_LPCC_1,42,-0.0003362933794657,XGBoost
0_Interquartile range,1,0.1113716957073029,SVR
0_Peak to peak distance,2,0.0960648259088601,SVR
0_ECDF Percentile_0,3,0.0913321926473277,SVR
0_Spectral decrease,4,0.0886657926082951,SVR
0_Median,5,0.0870894569082349,SVR
0_Spectral variation,6,0.0835063892720392,SVR
0_Wavelet absolute mean_27777777.78Hz,7,0.0780340906438125,SVR
0_LPCC_0,8,0.0778936159951013,SVR
0_Spectral entropy,9,0.0773157861093601,SVR
0_Absolute energy,10,0.0694621385969154,SVR
0_Mean diff,11,0.0674645308117527,SVR
0_MFCC_11,12,0.0444450823652853,SVR
0_Max,13,0.0431835488322477,SVR
0_Autocorrelation,14,0.0248237941205326,SVR
0_MFCC_5,15,0.0223609051048279,SVR
0_Mean,16,0.0215673758144996,SVR
0_Wavelet absolute mean_125000000.0Hz,17,0.0164420402371701,SVR
0_Slope,18,0.015997147244174,SVR
0_MFCC_9,19,0.0146336834256273,SVR
0_ECDF Percentile_1,20,0.0108004024055366,SVR
0_Wavelet energy_125000000.0Hz,21,0.0074793831369286,SVR
0_Maximum frequency,22,0.0054901504675449,SVR
0_Wavelet entropy,23,0.0036340423098252,SVR
0_MFCC_10,24,0.0031289541521317,SVR
0_MFCC_8,25,0.0026601765437986,SVR
0_LPCC_5,26,0.0024002422667833,SVR
0_Spectral roll-on,27,0.0023748133643343,SVR
0_LPCC_1,28,0.0019403730697818,SVR
0_MFCC_0,29,0.0017921782364457,SVR
0_MFCC_4,30,0.0017037355581822,SVR
0_Spectral positive turning points,31,0.0016612361710034,SVR
0_Fundamental frequency,32,0.0010595193031532,SVR
0_Zero crossing rate,33,0.0006492888284102,SVR
0_Entropy,34,0.0006235289326925,SVR
0_Median absolute diff,35,0.0006162088137724,SVR
0_LPCC_6,36,0.000556548970591,SVR
0_Median frequency,37,0.000526719595518,SVR
0_Negative turning points,38,0.0003063068345579,SVR
0_Histogram mode,39,0.000184030448835,SVR
0_Power bandwidth,40,4.0334793933284686e-05,SVR
0_Median diff,41,0.0,SVR
0_Neighbourhood peaks,42,-0.0001129521213198,SVR
0_Peak to peak distance,1,0.176661535731123,Random Forest
0_Spectral entropy,2,0.071303792131721,Random Forest
0_Absolute energy,3,0.0474801341163216,Random Forest
0_Interquartile range,4,0.0329394083708109,Random Forest
0_Autocorrelation,5,0.0320580812311156,Random Forest
0_Entropy,6,0.0312034234509035,Random Forest
0_Spectral variation,7,0.025959995872227,Random Forest
0_MFCC_11,8,0.0185069649578809,Random Forest
0_Histogram mode,9,0.0167815154520729,Random Forest
0_Wavelet energy_125000000.0Hz,10,0.0154334432731472,Random Forest
0_ECDF Percentile_0,11,0.0113349560741358,Random Forest
0_Wavelet absolute mean_125000000.0Hz,12,0.0087023787955565,Random Forest
0_Mean diff,13,0.005097003940733,Random Forest
0_ECDF Percentile_1,14,0.0041265824203726,Random Forest
0_Wavelet absolute mean_27777777.78Hz,15,0.0039192932864802,Random Forest
0_Slope,16,0.0035323682084865,Random Forest
0_MFCC_8,17,0.0032456077693544,Random Forest
0_Fundamental frequency,18,0.0031716804946321,Random Forest
0_Wavelet entropy,19,0.0030829404054416,Random Forest
0_LPCC_0,20,0.0030190331286078,Random Forest
0_MFCC_9,21,0.0026857040624482,Random Forest
0_MFCC_10,22,0.002084293078117,Random Forest
0_MFCC_0,23,0.0020247557374506,Random Forest
0_MFCC_5,24,0.0015930932452657,Random Forest
0_Median,25,0.0014854957102438,Random Forest
0_Median frequency,26,0.0012221574291991,Random Forest
0_Maximum frequency,27,0.0011566791513603,Random Forest
0_Spectral decrease,28,0.0009614459472129,Random Forest
0_Max,29,0.0007369865929359,Random Forest
0_LPCC_5,30,0.0005724148201035,Random Forest
0_LPCC_6,31,0.0005350048496402,Random Forest
0_LPCC_1,32,0.0004818389697291,Random Forest
0_Zero crossing rate,33,0.0002807554448581,Random Forest
0_MFCC_4,34,0.0002200171064521,Random Forest
0_Mean,35,0.0002051881067019,Random Forest
0_Median absolute diff,36,0.0001905039067418,Random Forest
0_Spectral positive turning points,37,0.000161432469159,Random Forest
0_Spectral roll-on,38,6.792836638715105e-05,Random Forest
0_Power bandwidth,39,1.4839089448452171e-05,Random Forest
0_Negative turning points,40,1.31551248018195e-05,Random Forest
0_Median diff,41,9.62193288008469e-17,Random Forest
0_Neighbourhood peaks,42,-6.120836151438287e-06,Random Forest
0_MFCC_4,1,2.6201540037385995,Bayesian Ridge
0_Peak to peak distance,2,1.3433696631765288,Bayesian Ridge
0_ECDF Percentile_0,3,1.2789438754392204,Bayesian Ridge
0_MFCC_5,4,0.9528814838159662,Bayesian Ridge
0_MFCC_11,5,0.8903114233385634,Bayesian Ridge
0_Mean,6,0.7921266212623824,Bayesian Ridge
0_MFCC_9,7,0.6545894457873765,Bayesian Ridge
0_Max,8,0.4686691898420019,Bayesian Ridge
0_Slope,9,0.2837842447480304,Bayesian Ridge
0_Median,10,0.2398171205084957,Bayesian Ridge
0_MFCC_0,11,0.1639320441753584,Bayesian Ridge
0_ECDF Percentile_1,12,0.1362298845674839,Bayesian Ridge
0_MFCC_8,13,0.1099556785723913,Bayesian Ridge
0_Autocorrelation,14,0.0485156707119281,Bayesian Ridge
0_Wavelet absolute mean_27777777.78Hz,15,0.045912744145575,Bayesian Ridge
0_Spectral decrease,16,0.038625130758317,Bayesian Ridge
0_Wavelet energy_125000000.0Hz,17,0.0339789073995695,Bayesian Ridge
0_Spectral entropy,18,0.0200122170503959,Bayesian Ridge
0_Power bandwidth,19,0.0157439301091156,Bayesian Ridge
0_MFCC_10,20,0.0130432803596866,Bayesian Ridge
0_Spectral variation,21,0.0126469912162122,Bayesian Ridge
0_Entropy,22,0.0119911846509217,Bayesian Ridge
0_Interquartile range,23,0.0078546832006234,Bayesian Ridge
0_LPCC_1,24,0.0070506511575333,Bayesian Ridge
0_Median frequency,25,0.0066758213096317,Bayesian Ridge
0_LPCC_0,26,0.0064440114884455,Bayesian Ridge
0_Wavelet absolute mean_125000000.0Hz,27,0.0059926891335735,Bayesian Ridge
0_Wavelet entropy,28,0.0056807819102961,Bayesian Ridge
0_Absolute energy,29,0.0043396894589679,Bayesian Ridge
0_Maximum frequency,30,0.0036178215839186,Bayesian Ridge
0_Fundamental frequency,31,0.0017461750366355,Bayesian Ridge
0_Zero crossing rate,32,0.0017080069665735,Bayesian Ridge
0_LPCC_5,33,0.0013452336202931,Bayesian Ridge
0_Spectral positive turning points,34,0.0009424143911895,Bayesian Ridge
0_Spectral roll-on,35,0.0007271358994283,Bayesian Ridge
0_Median absolute diff,36,0.0005013105693789,Bayesian Ridge
0_Median diff,37,0.0,Bayesian Ridge
0_Mean diff,38,-6.22968579087635e-05,Bayesian Ridge
0_Negative turning points,39,-8.212704043072913e-05,Bayesian Ridge
0_LPCC_6,40,-8.775338952718611e-05,Bayesian Ridge
0_Neighbourhood peaks,41,-0.0004848984468544,Bayesian Ridge
0_Histogram mode,42,-0.0015067443830426,Bayesian Ridge
0_Peak to peak distance,1,0.607092580795288,XGBoost
0_Spectral entropy,2,0.2419602060317993,XGBoost
0_Autocorrelation,3,0.1234229191144307,XGBoost
0_Entropy,4,0.0213945213953653,XGBoost
0_Interquartile range,5,0.0213807956377665,XGBoost
0_Absolute energy,6,0.0212621680895487,XGBoost
0_Spectral variation,7,0.013878526687622,XGBoost
0_Histogram mode,8,0.0074797773361206,XGBoost
0_Mean diff,9,0.0041724729537963,XGBoost
0_ECDF Percentile_1,10,0.0038865478833516,XGBoost
0_Max,11,0.0036532473564147,XGBoost
0_Fundamental frequency,12,0.0033542831738789,XGBoost
0_Slope,13,0.0029345003763834,XGBoost
0_ECDF Percentile_0,14,0.0026545286178588,XGBoost
0_MFCC_0,15,0.0020400913556416,XGBoost
0_MFCC_11,16,0.0015854096412658,XGBoost
0_MFCC_5,17,0.0010142962137858,XGBoost
0_LPCC_1,18,0.0009887210528055,XGBoost
0_MFCC_8,19,0.0008690039316813,XGBoost
0_LPCC_5,20,0.0006496731440226,XGBoost
0_Wavelet energy_125000000.0Hz,21,0.0005823866526285,XGBoost
0_Wavelet absolute mean_125000000.0Hz,22,0.0005746897061665,XGBoost
0_LPCC_0,23,0.0003568983078002,XGBoost
0_LPCC_6,24,0.0003299872080485,XGBoost
0_Spectral positive turning points,25,0.0001703874270121,XGBoost
0_Spectral decrease,26,0.0001399930318196,XGBoost
0_Neighbourhood peaks,27,0.0001368109385172,XGBoost
0_Median,28,0.0001354606946309,XGBoost
0_Negative turning points,29,0.0001223985354105,XGBoost
0_MFCC_9,30,0.0001027925809224,XGBoost
0_Zero crossing rate,31,0.000102748076121,XGBoost
0_MFCC_10,32,8.302450180053711e-05,XGBoost
0_Wavelet entropy,33,5.656957626342774e-05,XGBoost
0_MFCC_4,34,4.5090516408284506e-05,XGBoost
0_Power bandwidth,35,6.516774495442708e-08,XGBoost
0_Spectral roll-on,36,0.0,XGBoost
0_Median diff,37,0.0,XGBoost
0_Median frequency,38,-6.556510925292969e-06,XGBoost
0_Median absolute diff,39,-1.3810793558756513e-05,XGBoost
0_Maximum frequency,40,-6.983598073323568e-05,XGBoost
0_Mean,41,-7.042725880940755e-05,XGBoost
0_Wavelet absolute mean_27777777.78Hz,42,-0.0002838404973347,XGBoost
0_ECDF Percentile_0,1,0.0986232718417575,SVR
0_Spectral variation,2,0.0874261855275783,SVR
0_Peak to peak distance,3,0.0786121123855281,SVR
0_Spectral entropy,4,0.0778350152049137,SVR
0_Interquartile range,5,0.0732368482735916,SVR
0_Mean diff,6,0.0631058309109483,SVR
0_Absolute energy,7,0.0585767944245344,SVR
0_LPCC_0,8,0.0576641085685999,SVR
0_Spectral decrease,9,0.0527037682457659,SVR
0_Median,10,0.0475511862094629,SVR
0_Slope,11,0.0362397095565698,SVR
0_Wavelet absolute mean_27777777.78Hz,12,0.0355720789552243,SVR
0_MFCC_11,13,0.0247586176163396,SVR
0_Autocorrelation,14,0.0245829487561297,SVR
0_Max,15,0.0215743105069275,SVR
0_MFCC_5,16,0.0194383300597423,SVR
0_Wavelet absolute mean_125000000.0Hz,17,0.0162328381723945,SVR
0_Mean,18,0.0140161835320613,SVR
0_MFCC_9,19,0.0108887756590316,SVR
0_ECDF Percentile_1,20,0.0055572091739436,SVR
0_Wavelet entropy,21,0.0034467403440663,SVR
0_Zero crossing rate,22,0.0028926211914242,SVR
0_Spectral positive turning points,23,0.0028731585554712,SVR
0_Median absolute diff,24,0.0022761315848279,SVR
0_MFCC_8,25,0.0021290689719657,SVR
0_Fundamental frequency,26,0.0021092140923294,SVR
0_Wavelet energy_125000000.0Hz,27,0.0018439514215823,SVR
0_LPCC_1,28,0.0010878169142106,SVR
0_MFCC_0,29,0.0010794837139354,SVR
0_MFCC_10,30,0.0010447873411098,SVR
0_Histogram mode,31,0.0010322820619525,SVR
0_LPCC_5,32,0.0010238633603612,SVR
0_MFCC_4,33,0.0010175957676949,SVR
0_Spectral roll-on,34,0.0004083378052803,SVR
0_Median frequency,35,0.0003805404658921,SVR
0_Neighbourhood peaks,36,0.0003524990923941,SVR
0_Negative turning points,37,0.0002981928098523,SVR
0_LPCC_6,38,0.0002308200591031,SVR
0_Power bandwidth,39,1.90425572143423e-05,SVR
0_Median diff,40,0.0,SVR
0_Maximum frequency,41,-0.0001820733825786,SVR
0_Entropy,42,-0.0003284923957589,SVR
0_Peak to peak distance,1,0.1821688354151685,Random Forest
0_Spectral entropy,2,0.0805520511012354,Random Forest
0_Absolute energy,3,0.0405117572724799,Random Forest
0_Autocorrelation,4,0.0362388549486265,Random Forest
0_Spectral variation,5,0.0322048720848855,Random Forest
0_Interquartile range,6,0.0295017023624725,Random Forest
0_Entropy,7,0.0287733327860844,Random Forest
0_Wavelet energy_125000000.0Hz,8,0.0162102949848187,Random Forest
0_Histogram mode,9,0.0157874516638595,Random Forest
0_Wavelet absolute mean_125000000.0Hz,10,0.013258398403031,Random Forest
0_ECDF Percentile_0,11,0.0092372902269627,Random Forest
0_Slope,12,0.0083450425835549,Random Forest
0_MFCC_11,13,0.0075217027756441,Random Forest
0_Mean diff,14,0.0048806389557785,Random Forest
0_Wavelet entropy,15,0.0044386859445341,Random Forest
0_LPCC_0,16,0.0038918304816315,Random Forest
0_Fundamental frequency,17,0.0037202744736411,Random Forest
0_MFCC_0,18,0.0036934676478163,Random Forest
0_ECDF Percentile_1,19,0.0034682506595986,Random Forest
0_MFCC_9,20,0.0023946727733668,Random Forest
0_Median frequency,21,0.0022570922724174,Random Forest
0_MFCC_8,22,0.0021374609998876,Random Forest
0_MFCC_10,23,0.001889092871818,Random Forest
0_Wavelet absolute mean_27777777.78Hz,24,0.0014035789820067,Random Forest
0_MFCC_5,25,0.0014007838742368,Random Forest
0_Maximum frequency,26,0.0013141268684462,Random Forest
0_LPCC_1,27,0.0013125598875749,Random Forest
0_Zero crossing rate,28,0.0010215877132597,Random Forest
0_Max,29,0.0008598885473601,Random Forest
0_Median,30,0.0008514144980013,Random Forest
0_LPCC_6,31,0.0006877423476528,Random Forest
0_Spectral positive turning points,32,0.0005287583105828,Random Forest
0_LPCC_5,33,0.0002962173961346,Random Forest
0_Spectral decrease,34,0.0001665125152786,Random Forest
0_Negative turning points,35,1.9637276885179727e-05,Random Forest
0_Neighbourhood peaks,36,1.5491737943191808e-05,Random Forest
0_Power bandwidth,37,7.962480568476e-06,Random Forest
0_Spectral roll-on,38,5.3290143866139655e-06,Random Forest
0_Median diff,39,2.960594732333752e-18,Random Forest
0_Median absolute diff,40,-1.1606685289515066e-05,Random Forest
0_MFCC_4,41,-0.0002189474123129,Random Forest
0_Mean,42,-0.0010106701447097,Random Forest
0_MFCC_4,1,2.248502102866184,Bayesian Ridge
0_Peak to peak distance,2,1.6043506283082802,Bayesian Ridge
0_ECDF Percentile_0,3,1.426312544079035,Bayesian Ridge
0_Mean,4,0.8952547859458165,Bayesian Ridge
0_MFCC_5,5,0.875162499960025,Bayesian Ridge
0_Max,6,0.5325748696990357,Bayesian Ridge
0_MFCC_9,7,0.5249633242382242,Bayesian Ridge
0_Slope,8,0.477966739833925,Bayesian Ridge
0_MFCC_11,9,0.3845735795172456,Bayesian Ridge
0_Median,10,0.1606908828145915,Bayesian Ridge
0_ECDF Percentile_1,11,0.1462627366001118,Bayesian Ridge
0_MFCC_0,12,0.0864685910360087,Bayesian Ridge
0_Interquartile range,13,0.0593879674598585,Bayesian Ridge
0_MFCC_10,14,0.0530599233571877,Bayesian Ridge
0_MFCC_8,15,0.0465463231197396,Bayesian Ridge
0_Wavelet absolute mean_27777777.78Hz,16,0.0381705503269643,Bayesian Ridge
0_Wavelet energy_125000000.0Hz,17,0.0193520892216212,Bayesian Ridge
0_Autocorrelation,18,0.0188493150433734,Bayesian Ridge
0_Spectral variation,19,0.0180244176226663,Bayesian Ridge
0_Spectral entropy,20,0.0145884202120711,Bayesian Ridge
0_Entropy,21,0.0141467027251704,Bayesian Ridge
0_Absolute energy,22,0.01278140695809,Bayesian Ridge
0_Spectral decrease,23,0.0125107039952281,Bayesian Ridge
0_LPCC_0,24,0.0122181547612246,Bayesian Ridge
0_Maximum frequency,25,0.0090788131717061,Bayesian Ridge
0_Wavelet entropy,26,0.0085358588997477,Bayesian Ridge
0_Power bandwidth,27,0.0061486658547316,Bayesian Ridge
0_Median frequency,28,0.0040749788421096,Bayesian Ridge
0_LPCC_1,29,0.0029717718377343,Bayesian Ridge
0_Zero crossing rate,30,0.0027558725591379,Bayesian Ridge
0_Spectral roll-on,31,0.0018548818815759,Bayesian Ridge
0_LPCC_5,32,0.00128564507063,Bayesian Ridge
0_Spectral positive turning points,33,0.000752167179445,Bayesian Ridge
0_Fundamental frequency,34,0.000565449120615,Bayesian Ridge
0_Mean diff,35,0.0003030009767613,Bayesian Ridge
0_Wavelet absolute mean_125000000.0Hz,36,0.0001015775179505,Bayesian Ridge
0_Neighbourhood peaks,37,9.420931741766688e-05,Bayesian Ridge
0_LPCC_6,38,4.171102464977316e-05,Bayesian Ridge
0_Median absolute diff,39,1.669215320344216e-05,Bayesian Ridge
0_Median diff,40,0.0,Bayesian Ridge
0_Histogram mode,41,-0.0001613409624613,Bayesian Ridge
0_Negative turning points,42,-0.0008680584485827,Bayesian Ridge
0_Peak to peak distance,1,0.5841591771443685,XGBoost
0_Spectral entropy,2,0.2530419643719991,XGBoost
0_Autocorrelation,3,0.1374307099978129,XGBoost
0_Interquartile range,4,0.0355566334724426,XGBoost
0_Entropy,5,0.0250427834192911,XGBoost
0_Absolute energy,6,0.0102267758051554,XGBoost
0_Spectral variation,7,0.008886756102244,XGBoost
0_Slope,8,0.0066856376330057,XGBoost
0_Histogram mode,9,0.0064806731541951,XGBoost
0_MFCC_5,10,0.0053995680809021,XGBoost
0_Max,11,0.0046270147959391,XGBoost
0_Mean diff,12,0.0043541566530863,XGBoost
0_Wavelet absolute mean_125000000.0Hz,13,0.004136836528778,XGBoost
0_Fundamental frequency,14,0.0013519668579101,XGBoost
0_LPCC_0,15,0.0012887374560038,XGBoost
0_ECDF Percentile_1,16,0.0012337271372477,XGBoost
0_MFCC_0,17,0.0011207731564839,XGBoost
0_Wavelet entropy,18,0.0010962168375651,XGBoost
0_Wavelet energy_125000000.0Hz,19,0.0009815541903177,XGBoost
0_MFCC_11,20,0.0009329319000244,XGBoost
0_Median,21,0.0008161989847819,XGBoost
0_LPCC_6,22,0.0007325371106465,XGBoost
0_MFCC_8,23,0.0005691146850585,XGBoost
0_LPCC_5,24,0.0004612755775451,XGBoost
0_Zero crossing rate,25,0.0004423236846923,XGBoost
0_ECDF Percentile_0,26,0.0003950023651123,XGBoost
0_Spectral positive turning points,27,0.00038365761439,XGBoost
0_Wavelet absolute mean_27777777.78Hz,28,0.0003458627065022,XGBoost
0_MFCC_10,29,0.0003427934646606,XGBoost
0_Maximum frequency,30,0.0003401541709899,XGBoost
0_Negative turning points,31,0.0001571170488993,XGBoost
0_Median absolute diff,32,0.0001510922114054,XGBoost
0_Neighbourhood peaks,33,8.884112040201823e-05,XGBoost
0_LPCC_1,34,6.573279698689778e-05,XGBoost
0_Power bandwidth,35,0.0,XGBoost
0_Spectral roll-on,36,0.0,XGBoost
0_Median diff,37,0.0,XGBoost
0_Spectral decrease,38,-1.7019112904866538e-05,XGBoost
0_Mean,39,-0.0001343027750651,XGBoost
0_Median frequency,40,-0.0001450196901957,XGBoost
0_MFCC_9,41,-0.0002047340075174,XGBoost
0_MFCC_4,42,-0.001310642560323,XGBoost
0_Spectral entropy,1,0.1360084004809716,SVR
0_ECDF Percentile_0,2,0.1071152434824658,SVR
0_Spectral decrease,3,0.0999477130377362,SVR
0_Mean diff,4,0.0992888165497113,SVR
0_Wavelet absolute mean_27777777.78Hz,5,0.0911966517058871,SVR
0_Interquartile range,6,0.0873233685511871,SVR
0_Spectral variation,7,0.0867413469605773,SVR
0_Peak to peak distance,8,0.0837456335164706,SVR
0_LPCC_0,9,0.0645817822683831,SVR
0_Absolute energy,10,0.0549493214992903,SVR
0_Max,11,0.0525969471961027,SVR
0_Median,12,0.0508974049945266,SVR
0_Slope,13,0.0354190155346137,SVR
0_Wavelet energy_125000000.0Hz,14,0.0212882773234562,SVR
0_MFCC_11,15,0.0179294041814783,SVR
0_MFCC_5,16,0.0177110025422653,SVR
0_Wavelet absolute mean_125000000.0Hz,17,0.0175571127997795,SVR
0_Autocorrelation,18,0.014934003924254,SVR
0_Mean,19,0.0115344787224232,SVR
0_MFCC_9,20,0.0099484886409358,SVR
0_MFCC_10,21,0.0076254795408308,SVR
0_Maximum frequency,22,0.0056052873504007,SVR
0_LPCC_1,23,0.0038173831475932,SVR
0_MFCC_8,24,0.0033182484382957,SVR
0_MFCC_4,25,0.0029561579455249,SVR
0_ECDF Percentile_1,26,0.0027210991879012,SVR
0_Wavelet entropy,27,0.0023512933644119,SVR
0_Median absolute diff,28,0.0016122664781666,SVR
0_Entropy,29,0.0012329035471444,SVR
0_MFCC_0,30,0.0012163052731717,SVR
0_Power bandwidth,31,0.0012037865345363,SVR
0_Negative turning points,32,0.000960007613315,SVR
0_Neighbourhood peaks,33,0.0009556710928009,SVR
0_LPCC_6,34,0.0009179555345896,SVR
0_Fundamental frequency,35,0.0007809237292098,SVR
0_LPCC_5,36,0.0007768301687905,SVR
0_Spectral positive turning points,37,0.00077305723923,SVR
0_Histogram mode,38,0.0006355186664977,SVR
0_Spectral roll-on,39,0.0003879319141235,SVR
0_Zero crossing rate,40,0.0003011922552231,SVR
0_Median diff,41,0.0,SVR
0_Median frequency,42,-0.0001940148853305,SVR
0_Peak to peak distance,1,0.1637105355633326,Random Forest
0_Spectral entropy,2,0.0691586590039987,Random Forest
0_Autocorrelation,3,0.0595237815419331,Random Forest
0_Spectral variation,4,0.0354333494034175,Random Forest
0_Absolute energy,5,0.0247817270010387,Random Forest
0_Interquartile range,6,0.0180978118168157,Random Forest
0_MFCC_11,7,0.017333240188964,Random Forest
0_Entropy,8,0.0172980175374062,Random Forest
0_Wavelet absolute mean_125000000.0Hz,9,0.0134765397634691,Random Forest
0_Histogram mode,10,0.0109922691242043,Random Forest
0_ECDF Percentile_0,11,0.0092877165732302,Random Forest
0_Wavelet energy_125000000.0Hz,12,0.0084369287152649,Random Forest
0_LPCC_0,13,0.0075076942531737,Random Forest
0_Slope,14,0.0066092154454457,Random Forest
0_Mean diff,15,0.0053571399028007,Random Forest
0_ECDF Percentile_1,16,0.0048856696470812,Random Forest
0_MFCC_8,17,0.0039936678650184,Random Forest
0_Wavelet absolute mean_27777777.78Hz,18,0.0039135534607847,Random Forest
0_Median frequency,19,0.002786337825111,Random Forest
0_Wavelet entropy,20,0.0027020948777412,Random Forest
0_MFCC_0,21,0.0026333591608312,Random Forest
0_MFCC_9,22,0.0026183191197562,Random Forest
0_Zero crossing rate,23,0.0022138407017577,Random Forest
0_MFCC_10,24,0.0020238033070841,Random Forest
0_Fundamental frequency,25,0.002004841143205,Random Forest
0_Maximum frequency,26,0.0015878746892044,Random Forest
0_MFCC_4,27,0.0012771702138393,Random Forest
0_Mean,28,0.0011917695658834,Random Forest
0_Median,29,0.0011075116564917,Random Forest
0_Spectral positive turning points,30,0.000948469555208,Random Forest
0_LPCC_6,31,0.0007349807285731,Random Forest
0_Spectral decrease,32,0.000727415761632,Random Forest
0_LPCC_1,33,0.0005653969108366,Random Forest
0_MFCC_5,34,0.0004241716702288,Random Forest
0_Max,35,8.128280847166251e-05,Random Forest
0_LPCC_5,36,4.24256306569563e-05,Random Forest
0_Spectral roll-on,37,1.2006923649998668e-07,Random Forest
0_Neighbourhood peaks,38,-5.3290705182007506e-17,Random Forest
0_Power bandwidth,39,-5.625129991434127e-17,Random Forest
0_Median diff,40,-5.773159728050814e-17,Random Forest
0_Negative turning points,41,-3.908842334550873e-06,Random Forest
0_Median absolute diff,42,-0.0002764629091196,Random Forest
0_Peak to peak distance,1,1.4952569432416742,Bayesian Ridge
0_MFCC_4,2,1.372652473492413,Bayesian Ridge
0_ECDF Percentile_0,3,1.3314007853477954,Bayesian Ridge
0_MFCC_5,4,0.8110714204823009,Bayesian Ridge
0_Mean,5,0.5477733298781081,Bayesian Ridge
0_Max,6,0.4858484666451596,Bayesian Ridge
0_Slope,7,0.4278959395456196,Bayesian Ridge
0_MFCC_11,8,0.4009146889103993,Bayesian Ridge
0_MFCC_9,9,0.2944567838517207,Bayesian Ridge
0_MFCC_0,10,0.1788247598291305,Bayesian Ridge
0_ECDF Percentile_1,11,0.1404923006716311,Bayesian Ridge
0_Median,12,0.1404639289028618,Bayesian Ridge
0_MFCC_8,13,0.090644443209581,Bayesian Ridge
0_Wavelet absolute mean_27777777.78Hz,14,0.0899434203418611,Bayesian Ridge
0_Spectral decrease,15,0.0595609837066831,Bayesian Ridge
0_Spectral entropy,16,0.0449651734520261,Bayesian Ridge
0_Autocorrelation,17,0.0417664822165674,Bayesian Ridge
0_Wavelet energy_125000000.0Hz,18,0.0398835487872906,Bayesian Ridge
0_Absolute energy,19,0.0205244041639753,Bayesian Ridge
0_LPCC_0,20,0.0172966254457688,Bayesian Ridge
0_Entropy,21,0.0165160919435964,Bayesian Ridge
0_Power bandwidth,22,0.0118452361336176,Bayesian Ridge
0_Mean diff,23,0.008380175662962,Bayesian Ridge
0_Spectral variation,24,0.0082079246876601,Bayesian Ridge
0_LPCC_1,25,0.004085302235418,Bayesian Ridge
0_MFCC_10,26,0.0039157997767391,Bayesian Ridge
0_Maximum frequency,27,0.0036666991747847,Bayesian Ridge
0_Wavelet absolute mean_125000000.0Hz,28,0.003391067606125,Bayesian Ridge
0_Spectral roll-on,29,0.0030747193253914,Bayesian Ridge
0_Interquartile range,30,0.0023493658991865,Bayesian Ridge
0_Median frequency,31,0.0019799187391471,Bayesian Ridge
0_Zero crossing rate,32,0.0015543235339247,Bayesian Ridge
0_LPCC_5,33,0.0012074078112116,Bayesian Ridge
0_Spectral positive turning points,34,0.0011373343763057,Bayesian Ridge
0_Wavelet entropy,35,0.0008160472743716,Bayesian Ridge
0_Median absolute diff,36,0.0004401624995241,Bayesian Ridge
0_Median diff,37,0.0,Bayesian Ridge
0_Fundamental frequency,38,-2.203243364268618e-05,Bayesian Ridge
0_LPCC_6,39,-6.184654201807286e-05,Bayesian Ridge
0_Histogram mode,40,-8.24597221808506e-05,Bayesian Ridge
0_Negative turning points,41,-0.0001076752094809,Bayesian Ridge
0_Neighbourhood peaks,42,-0.0002068490320688,Bayesian Ridge
0_Peak to peak distance,1,0.6506773757934571,XGBoost
0_Spectral entropy,2,0.2567635361353556,XGBoost
0_Autocorrelation,3,0.1216154090563456,XGBoost
0_Interquartile range,4,0.0191914995511372,XGBoost
0_Absolute energy,5,0.016626124382019,XGBoost
0_Spectral variation,6,0.0148112861315409,XGBoost
0_Mean diff,7,0.0089696852366129,XGBoost
0_Entropy,8,0.0073129550615946,XGBoost
0_Max,9,0.0037939182917277,XGBoost
0_Slope,10,0.0019445737202962,XGBoost
0_ECDF Percentile_0,11,0.0008471711476643,XGBoost
0_Wavelet absolute mean_125000000.0Hz,12,0.000839254061381,XGBoost
0_MFCC_5,13,0.000655600229899,XGBoost
0_Fundamental frequency,14,0.0006394449869791,XGBoost
0_MFCC_8,15,0.0006010333697001,XGBoost
0_Mean,16,0.0005430618921915,XGBoost
0_MFCC_11,17,0.0004917097091674,XGBoost
0_MFCC_10,18,0.0004433878262837,XGBoost
0_Wavelet energy_125000000.0Hz,19,0.0004252926508585,XGBoost
0_LPCC_0,20,0.000393484433492,XGBoost
0_Wavelet entropy,21,0.0003541310628255,XGBoost
0_LPCC_6,22,0.0003428443272908,XGBoost
0_Zero crossing rate,23,0.000298273563385,XGBoost
0_Histogram mode,24,0.0002284256617228,XGBoost
0_Spectral decrease,25,0.0001551508903503,XGBoost
0_Spectral positive turning points,26,0.000141315460205,XGBoost
0_MFCC_9,27,0.0001367441813151,XGBoost
0_ECDF Percentile_1,28,0.0001306653022766,XGBoost
0_Neighbourhood peaks,29,2.8853416442871093e-05,XGBoost
0_MFCC_0,30,2.045154571533203e-05,XGBoost
0_Median absolute diff,31,1.1220773061116536e-05,XGBoost
0_Negative turning points,32,8.837381998697916e-07,XGBoost
0_Spectral roll-on,33,0.0,XGBoost
0_Median diff,34,0.0,XGBoost
0_Power bandwidth,35,0.0,XGBoost
0_Median,36,-0.0001170047124226,XGBoost
0_Maximum frequency,37,-0.0001257880528767,XGBoost
0_Median frequency,38,-0.0001333483060201,XGBoost
0_MFCC_4,39,-0.0002222442626953,XGBoost
0_Wavelet absolute mean_27777777.78Hz,40,-0.0002414234479268,XGBoost
0_LPCC_5,41,-0.0004588770866394,XGBoost
0_LPCC_1,42,-0.0005560739835103,XGBoost
0_Spectral variation,1,0.1283149385047828,SVR
0_Spectral entropy,2,0.1152739950044778,SVR
0_Peak to peak distance,3,0.1121151828725473,SVR
0_Interquartile range,4,0.0986652238464925,SVR
0_ECDF Percentile_0,5,0.0791421358051611,SVR
0_Spectral decrease,6,0.076255552666466,SVR
0_LPCC_0,7,0.0731007651184469,SVR
0_Wavelet absolute mean_27777777.78Hz,8,0.067101388103729,SVR
0_Mean diff,9,0.0609415287250376,SVR
0_Median,10,0.0596533851855342,SVR
0_Absolute energy,11,0.0591083726281737,SVR
0_Max,12,0.0512782402025108,SVR
0_Slope,13,0.0380828199813665,SVR
0_MFCC_11,14,0.033264363697027,SVR
0_Autocorrelation,15,0.0207410331964338,SVR
0_Wavelet absolute mean_125000000.0Hz,16,0.0203706769675524,SVR
0_MFCC_5,17,0.0121971304538559,SVR
0_MFCC_9,18,0.0098574277983492,SVR
0_Mean,19,0.0093673001233759,SVR
0_MFCC_8,20,0.0073458287216295,SVR
0_Wavelet energy_125000000.0Hz,21,0.0070799344088011,SVR
0_MFCC_4,22,0.0059884698341109,SVR
0_Maximum frequency,23,0.0046077976710704,SVR
0_MFCC_10,24,0.003498803509492,SVR
0_MFCC_0,25,0.0032565215679538,SVR
0_Zero crossing rate,26,0.0022353865323606,SVR
0_Spectral roll-on,27,0.0021018990593326,SVR
0_Fundamental frequency,28,0.0020634381027695,SVR
0_Histogram mode,29,0.0018982416040381,SVR
0_Median frequency,30,0.0015515231483313,SVR
0_Negative turning points,31,0.001544668237852,SVR
0_Wavelet entropy,32,0.0012803930020344,SVR
0_LPCC_1,33,0.0009476462115903,SVR
0_Power bandwidth,34,0.0006560145948807,SVR
0_Entropy,35,0.0006517960978413,SVR
0_Spectral positive turning points,36,0.0005323694198756,SVR
0_ECDF Percentile_1,37,0.0003537234117899,SVR
0_Neighbourhood peaks,38,0.0002650178898283,SVR
0_Median diff,39,0.0,SVR
0_LPCC_6,40,-0.0002858866815692,SVR
0_LPCC_5,41,-0.001193027424806,SVR
0_Median absolute diff,42,-0.0018050126929668,SVR
0_Peak to peak distance,1,0.1383534143872125,Random Forest
0_Spectral entropy,2,0.0687583943700969,Random Forest
0_Autocorrelation,3,0.045484359652722,Random Forest
0_Absolute energy,4,0.0325784632736515,Random Forest
0_Spectral variation,5,0.0263680983876151,Random Forest
0_MFCC_11,6,0.0139983430293517,Random Forest
0_Interquartile range,7,0.0098880165436779,Random Forest
0_Histogram mode,8,0.0085029240334635,Random Forest
0_Wavelet energy_125000000.0Hz,9,0.0076809320641911,Random Forest
0_Slope,10,0.0059500296058776,Random Forest
0_Mean diff,11,0.0052726129091271,Random Forest
0_LPCC_0,12,0.0049025292499704,Random Forest
0_Entropy,13,0.004477825012585,Random Forest
0_MFCC_8,14,0.0042019628371402,Random Forest
0_Wavelet absolute mean_125000000.0Hz,15,0.0038882031779363,Random Forest
0_MFCC_9,16,0.0023632642079898,Random Forest
0_ECDF Percentile_1,17,0.0021159393765491,Random Forest
0_MFCC_0,18,0.0020356359559041,Random Forest
0_Fundamental frequency,19,0.0016967041997916,Random Forest
0_Maximum frequency,20,0.0015781649026165,Random Forest
0_Mean,21,0.0015656804632245,Random Forest
0_Zero crossing rate,22,0.0011547480753647,Random Forest
0_Wavelet absolute mean_27777777.78Hz,23,0.0009954091998448,Random Forest
0_ECDF Percentile_0,24,0.0009831430151139,Random Forest
0_Median,25,0.0009195386068116,Random Forest
0_Median frequency,26,0.0006736231486269,Random Forest
0_LPCC_5,27,0.0006481951209201,Random Forest
0_MFCC_10,28,0.0004223165853778,Random Forest
0_LPCC_6,29,0.0004118536106154,Random Forest
0_Wavelet entropy,30,0.0003707281498464,Random Forest
0_Spectral decrease,31,0.000341815019058,Random Forest
0_MFCC_4,32,0.0003388494235273,Random Forest
0_LPCC_1,33,0.0003188678481717,Random Forest
0_Spectral positive turning points,34,0.0001564701260674,Random Forest
0_Negative turning points,35,7.326094534255922e-05,Random Forest
0_Power bandwidth,36,2.364196801903695e-05,Random Forest
0_Spectral roll-on,37,1.2864641841218531e-05,Random Forest
0_Neighbourhood peaks,38,1.115887823982161e-06,Random Forest
0_Median diff,39,2.8125649957170635e-17,Random Forest
0_MFCC_5,40,-0.0002095398922556,Random Forest
0_Median absolute diff,41,-0.000592413580644,Random Forest
0_Max,42,-0.0035351373603516,Random Forest
0_MFCC_4,1,2.9590110939817653,Bayesian Ridge
0_Peak to peak distance,2,1.7305552312503465,Bayesian Ridge
0_ECDF Percentile_0,3,1.577615946851472,Bayesian Ridge
0_MFCC_5,4,1.302913765978147,Bayesian Ridge
0_MFCC_11,5,0.6749630668536335,Bayesian Ridge
0_Max,6,0.6079050331238901,Bayesian Ridge
0_MFCC_9,7,0.5624202671087937,Bayesian Ridge
0_Mean,8,0.4041850890089288,Bayesian Ridge
0_Slope,9,0.370498919106521,Bayesian Ridge
0_Median,10,0.3098729011446535,Bayesian Ridge
0_MFCC_0,11,0.2250990106611791,Bayesian Ridge
0_Spectral decrease,12,0.0959007735562826,Bayesian Ridge
0_Spectral entropy,13,0.0799905951124879,Bayesian Ridge
0_ECDF Percentile_1,14,0.0779239179380496,Bayesian Ridge
0_Wavelet absolute mean_27777777.78Hz,15,0.0607569069042589,Bayesian Ridge
0_MFCC_8,16,0.049015852505029,Bayesian Ridge
0_MFCC_10,17,0.0477863709128729,Bayesian Ridge
0_Wavelet entropy,18,0.0323752429092657,Bayesian Ridge
0_Wavelet energy_125000000.0Hz,19,0.0281417435163793,Bayesian Ridge
0_Absolute energy,20,0.0241445123827485,Bayesian Ridge
0_Entropy,21,0.0189554580049737,Bayesian Ridge
0_Autocorrelation,22,0.0164812173545259,Bayesian Ridge
0_Mean diff,23,0.0131597941650832,Bayesian Ridge
0_Median frequency,24,0.0041078554211303,Bayesian Ridge
0_Power bandwidth,25,0.0035582032874162,Bayesian Ridge
0_LPCC_1,26,0.0031741395185469,Bayesian Ridge
0_Spectral roll-on,27,0.0013090176712574,Bayesian Ridge
0_Zero crossing rate,28,0.0010723365562069,Bayesian Ridge
0_Spectral positive turning points,29,0.0007978158668325,Bayesian Ridge
0_Fundamental frequency,30,0.0003917071092224,Bayesian Ridge
0_Interquartile range,31,0.0003844217017884,Bayesian Ridge
0_LPCC_0,32,0.0003752685641291,Bayesian Ridge
0_Maximum frequency,33,0.0003072610962181,Bayesian Ridge
0_Wavelet absolute mean_125000000.0Hz,34,0.0002204293328843,Bayesian Ridge
0_Negative turning points,35,7.580093777640683e-05,Bayesian Ridge
0_Histogram mode,36,4.368891097237556e-05,Bayesian Ridge
0_Median diff,37,0.0,Bayesian Ridge
0_LPCC_6,38,-3.768262635301944e-05,Bayesian Ridge
0_Neighbourhood peaks,39,-0.0002640195876224,Bayesian Ridge
0_LPCC_5,40,-0.0003412686239926,Bayesian Ridge
0_Spectral variation,41,-0.00114965136955,Bayesian Ridge
0_Median absolute diff,42,-0.0057794515941741,Bayesian Ridge
0_Peak to peak distance,1,0.5419186814626058,XGBoost
0_Spectral entropy,2,0.2458207464218139,XGBoost
0_Autocorrelation,3,0.1400505558649699,XGBoost
0_Spectral variation,4,0.0136768555641174,XGBoost
0_Interquartile range,5,0.0094022766749064,XGBoost
0_Max,6,0.0073729832967122,XGBoost
0_Mean diff,7,0.0062616284688313,XGBoost
0_Absolute energy,8,0.0037878584861755,XGBoost
0_Slope,9,0.0037686514854431,XGBoost
0_Entropy,10,0.0037535270055135,XGBoost
0_MFCC_8,11,0.0017865363756815,XGBoost
0_MFCC_9,12,0.0013512063026428,XGBoost
0_LPCC_0,13,0.0010876043637593,XGBoost
0_LPCC_6,14,0.0008383774757385,XGBoost
0_LPCC_1,15,0.0007058882713317,XGBoost
0_MFCC_0,16,0.0006688769658406,XGBoost
0_Spectral decrease,17,0.0006400688489278,XGBoost
0_Fundamental frequency,18,0.0006382226943969,XGBoost
0_Median absolute diff,19,0.0005883804957071,XGBoost
0_MFCC_4,20,0.0005395301183064,XGBoost
0_Wavelet energy_125000000.0Hz,21,0.0004969008763631,XGBoost
0_MFCC_11,22,0.0003727889060974,XGBoost
0_LPCC_5,23,0.000348359743754,XGBoost
0_Histogram mode,24,0.0003452730178833,XGBoost
0_Mean,25,0.000265454451243,XGBoost
0_Maximum frequency,26,0.0002049660682678,XGBoost
0_Spectral positive turning points,27,0.0001407519976298,XGBoost
0_Wavelet absolute mean_125000000.0Hz,28,0.0001268633206685,XGBoost
0_Zero crossing rate,29,5.531867345174154e-05,XGBoost
0_Negative turning points,30,3.742376963297526e-05,XGBoost
0_Neighbourhood peaks,31,1.529057820638021e-05,XGBoost
0_Median frequency,32,8.961359659830729e-06,XGBoost
0_Power bandwidth,33,0.0,XGBoost
0_Spectral roll-on,34,0.0,XGBoost
0_Median diff,35,0.0,XGBoost
0_Median,36,-4.069805145263672e-06,XGBoost
0_MFCC_5,37,-0.0001575986544291,XGBoost
0_Wavelet entropy,38,-0.0002907307942708,XGBoost
0_ECDF Percentile_1,39,-0.0005281408627827,XGBoost
0_Wavelet absolute mean_27777777.78Hz,40,-0.000650557676951,XGBoost
0_ECDF Percentile_0,41,-0.0006624317169189,XGBoost
0_MFCC_10,42,-0.0006967989603678,XGBoost
0_Peak to peak distance,1,0.1156953849851508,SVR
0_Spectral variation,2,0.0973050041325813,SVR
0_Spectral entropy,3,0.093103481550056,SVR
0_Wavelet absolute mean_27777777.78Hz,4,0.0881839317777595,SVR
0_Mean diff,5,0.0866174415999154,SVR
0_Median,6,0.0861985287929914,SVR
0_ECDF Percentile_0,7,0.0788613688421608,SVR
0_LPCC_0,8,0.0731284656985873,SVR
0_Spectral decrease,9,0.0683046734881229,SVR
0_Interquartile range,10,0.0609706103669339,SVR
0_Absolute energy,11,0.0575873353467733,SVR
0_Max,12,0.0338938343331813,SVR
0_MFCC_11,13,0.0329274723529103,SVR
0_Slope,14,0.029825160844662,SVR
0_Wavelet absolute mean_125000000.0Hz,15,0.0151826868991845,SVR
0_Mean,16,0.013946340187976,SVR
0_MFCC_5,17,0.0126259543602205,SVR
0_MFCC_9,18,0.0117444376043787,SVR
0_Autocorrelation,19,0.011502499846415,SVR
0_Wavelet energy_125000000.0Hz,20,0.0064525038797208,SVR
0_Wavelet entropy,21,0.0044731975577152,SVR
0_ECDF Percentile_1,22,0.0043778040525215,SVR
0_MFCC_4,23,0.0035053313141707,SVR
0_Maximum frequency,24,0.0034147045143604,SVR
0_MFCC_8,25,0.0033238491715352,SVR
0_MFCC_10,26,0.0024820820746242,SVR
0_LPCC_5,27,0.0024150429240143,SVR
0_LPCC_6,28,0.0018446523867597,SVR
0_Histogram mode,29,0.0016391686905564,SVR
0_Spectral roll-on,30,0.001600735034677,SVR
0_Fundamental frequency,31,0.0014335010266094,SVR
0_Spectral positive turning points,32,0.0013638907274442,SVR
0_MFCC_0,33,0.0013527398795711,SVR
0_Entropy,34,0.0012890923148672,SVR
0_Median absolute diff,35,0.0010916125628279,SVR
0_Neighbourhood peaks,36,0.0009805608734621,SVR
0_LPCC_1,37,0.0006915614296285,SVR
0_Negative turning points,38,0.0004019624066269,SVR
0_Power bandwidth,39,3.609981572386752e-05,SVR
0_Median diff,40,0.0,SVR
0_Median frequency,41,-0.0001723172358685,SVR
0_Zero crossing rate,42,-0.0002203744796631,SVR
0_Peak to peak distance,1,0.1696455393922168,Random Forest
0_Spectral entropy,2,0.0752565293897713,Random Forest
0_Absolute energy,3,0.0571542020511204,Random Forest
0_Autocorrelation,4,0.0431065274625814,Random Forest
0_Spectral variation,5,0.0424376749198077,Random Forest
0_Interquartile range,6,0.0340275412615367,Random Forest
0_Entropy,7,0.0231053684677264,Random Forest
0_Wavelet energy_125000000.0Hz,8,0.0160646199836769,Random Forest
0_Histogram mode,9,0.016061255187534,Random Forest
0_MFCC_11,10,0.0120439867487431,Random Forest
0_ECDF Percentile_0,11,0.010994625095234,Random Forest
0_Wavelet absolute mean_125000000.0Hz,12,0.0098960028967252,Random Forest
0_Wavelet absolute mean_27777777.78Hz,13,0.0062687300729519,Random Forest
0_Slope,14,0.0062491382483909,Random Forest
0_Mean diff,15,0.0041802133526226,Random Forest
0_Wavelet entropy,16,0.0036869803815582,Random Forest
0_MFCC_8,17,0.0036833818722312,Random Forest
0_LPCC_0,18,0.0032418375467878,Random Forest
0_MFCC_9,19,0.0030587544814906,Random Forest
0_MFCC_10,20,0.0027750027091555,Random Forest
0_ECDF Percentile_1,21,0.0027518443881665,Random Forest
0_MFCC_0,22,0.0027441711590387,Random Forest
0_Median frequency,23,0.0024381992184433,Random Forest
0_Fundamental frequency,24,0.0019944935020316,Random Forest
0_Max,25,0.0019016506444078,Random Forest
0_MFCC_5,26,0.0014264922982236,Random Forest
0_Maximum frequency,27,0.0011175768766265,Random Forest
0_LPCC_1,28,0.0010509465373875,Random Forest
0_Spectral decrease,29,0.0010451283320436,Random Forest
0_Median,30,0.0009475545166954,Random Forest
0_Mean,31,0.0007793749271697,Random Forest
0_LPCC_5,32,0.0007015514817242,Random Forest
0_Zero crossing rate,33,0.0004488366392306,Random Forest
0_LPCC_6,34,0.0003910668123687,Random Forest
0_Spectral positive turning points,35,0.0002424110564431,Random Forest
0_Power bandwidth,36,5.129251575409703e-05,Random Forest
0_Median absolute diff,37,4.356558752660611e-05,Random Forest
0_Negative turning points,38,2.1912872056876567e-05,Random Forest
0_Neighbourhood peaks,39,1.36310532357579e-05,Random Forest
0_Median diff,40,-1.3322676295501878e-17,Random Forest
0_Spectral roll-on,41,-6.666934495420662e-06,Random Forest
0_MFCC_4,42,-0.0001282318146944,Random Forest
0_MFCC_4,1,1.8183649936585529,Bayesian Ridge
0_Peak to peak distance,2,1.461271226799488,Bayesian Ridge
0_ECDF Percentile_0,3,1.266254861355131,Bayesian Ridge
0_MFCC_5,4,0.8553629825912793,Bayesian Ridge
0_Mean,5,0.66280923349929,Bayesian Ridge
0_Max,6,0.4908188527011927,Bayesian Ridge
0_MFCC_9,7,0.4618545626065382,Bayesian Ridge
0_MFCC_11,8,0.4547175679822902,Bayesian Ridge
0_Slope,9,0.3327858900105396,Bayesian Ridge
0_Median,10,0.178074728611144,Bayesian Ridge
0_MFCC_0,11,0.1494857835482562,Bayesian Ridge
0_ECDF Percentile_1,12,0.1010342025959916,Bayesian Ridge
0_Spectral decrease,13,0.0895154882632068,Bayesian Ridge
0_MFCC_8,14,0.0659212443933083,Bayesian Ridge
0_Wavelet absolute mean_27777777.78Hz,15,0.0480593848930349,Bayesian Ridge
0_Spectral entropy,16,0.036279851165399,Bayesian Ridge
0_Autocorrelation,17,0.0274843807299764,Bayesian Ridge
0_Mean diff,18,0.0249872699509208,Bayesian Ridge
0_Wavelet energy_125000000.0Hz,19,0.0243723423411897,Bayesian Ridge
0_Wavelet entropy,20,0.0180351359858234,Bayesian Ridge
0_LPCC_0,21,0.0165531479847252,Bayesian Ridge
0_Spectral variation,22,0.015608796104861,Bayesian Ridge
0_Interquartile range,23,0.0148116726894948,Bayesian Ridge
0_Wavelet absolute mean_125000000.0Hz,24,0.0133853977277878,Bayesian Ridge
0_Power bandwidth,25,0.0107864219945971,Bayesian Ridge
0_Entropy,26,0.0101420154057546,Bayesian Ridge
0_MFCC_10,27,0.0082289539907031,Bayesian Ridge
0_Absolute energy,28,0.0040273190301838,Bayesian Ridge
0_LPCC_1,29,0.0032641152951959,Bayesian Ridge
0_Median frequency,30,0.0022294813186051,Bayesian Ridge
0_Spectral roll-on,31,0.0020865822234214,Bayesian Ridge
0_Zero crossing rate,32,0.0014102283765475,Bayesian Ridge
0_Median absolute diff,33,0.0010627699926048,Bayesian Ridge
0_Maximum frequency,34,0.0008080340599137,Bayesian Ridge
0_Neighbourhood peaks,35,9.32133420824514e-05,Bayesian Ridge
0_Median diff,36,0.0,Bayesian Ridge
0_Negative turning points,37,-4.336157800170456e-05,Bayesian Ridge
0_Fundamental frequency,38,-4.941484608688077e-05,Bayesian Ridge
0_Histogram mode,39,-6.385623064436204e-05,Bayesian Ridge
0_LPCC_5,40,-0.0001620908246145,Bayesian Ridge
0_Spectral positive turning points,41,-0.0003395761579776,Bayesian Ridge
0_LPCC_6,42,-0.0003805856692703,Bayesian Ridge
0_Peak to peak distance,1,0.6299409143129985,XGBoost
0_Spectral entropy,2,0.243200778166453,XGBoost
0_Autocorrelation,3,0.1229465373357137,XGBoost
0_Interquartile range,4,0.0258328040440877,XGBoost
0_Spectral variation,5,0.017046365737915,XGBoost
0_Absolute energy,6,0.016760770479838,XGBoost
0_Entropy,7,0.0138190094629923,XGBoost
0_Mean diff,8,0.0116367785135904,XGBoost
0_Histogram mode,9,0.0031098540623982,XGBoost
0_Wavelet energy_125000000.0Hz,10,0.0028279256820678,XGBoost
0_Max,11,0.0017324638366699,XGBoost
0_MFCC_5,12,0.0015377648671468,XGBoost
0_Wavelet entropy,13,0.0014268136024475,XGBoost
0_Slope,14,0.0009999243418375,XGBoost
0_MFCC_9,15,0.0007433613141377,XGBoost
0_Fundamental frequency,16,0.0007297984759012,XGBoost
0_Spectral decrease,17,0.0006990075111389,XGBoost
0_MFCC_10,18,0.0005158615112304,XGBoost
0_MFCC_11,19,0.0005126667022705,XGBoost
0_Wavelet absolute mean_27777777.78Hz,20,0.0002192894617716,XGBoost
0_Mean,21,0.0002167892456054,XGBoost
0_Negative turning points,22,0.0001724910736083,XGBoost
0_MFCC_8,23,0.000152895450592,XGBoost
0_ECDF Percentile_1,24,0.0001405016581217,XGBoost
0_Spectral positive turning points,25,0.0001336884498596,XGBoost
0_Wavelet absolute mean_125000000.0Hz,26,8.792956670125326e-05,XGBoost
0_MFCC_0,27,7.385015487670898e-05,XGBoost
0_Median absolute diff,28,2.4718443552653e-05,XGBoost
0_Median,29,1.8583138783772785e-05,XGBoost
0_Median diff,30,0.0,XGBoost
0_Spectral roll-on,31,0.0,XGBoost
0_Power bandwidth,32,0.0,XGBoost
0_Median frequency,33,-2.4863878885904947e-05,XGBoost
0_Zero crossing rate,34,-5.199035008748373e-05,XGBoost
0_LPCC_1,35,-8.352915445963542e-05,XGBoost
0_LPCC_5,36,-0.0001887734731038,XGBoost
0_ECDF Percentile_0,37,-0.0001968987782796,XGBoost
0_MFCC_4,38,-0.0002303965886433,XGBoost
0_Neighbourhood peaks,39,-0.0002865552902221,XGBoost
0_LPCC_6,40,-0.0003139527638753,XGBoost
0_LPCC_0,41,-0.0003416522343953,XGBoost
0_Maximum frequency,42,-0.000881073474884,XGBoost
0_Spectral variation,1,0.1035660308747843,SVR
0_Spectral entropy,2,0.1003563610323169,SVR
0_Interquartile range,3,0.0968034392801157,SVR
0_Peak to peak distance,4,0.0881210922009859,SVR
0_ECDF Percentile_0,5,0.0844240594963371,SVR
0_Mean diff,6,0.0716352875560627,SVR
0_Absolute energy,7,0.0579638744029117,SVR
0_Spectral decrease,8,0.0561840551531138,SVR
0_LPCC_0,9,0.0501806305370564,SVR
0_Wavelet absolute mean_27777777.78Hz,10,0.0481318220970675,SVR
0_Median,11,0.0433918728303853,SVR
0_Slope,12,0.0345054438685645,SVR
0_Autocorrelation,13,0.0177553398626647,SVR
0_Max,14,0.0157859155286075,SVR
0_MFCC_11,15,0.0155181901017819,SVR
0_MFCC_5,16,0.0143321687771735,SVR
0_Mean,17,0.0115239521689204,SVR
0_Wavelet absolute mean_125000000.0Hz,18,0.0108208142718741,SVR
0_Wavelet energy_125000000.0Hz,19,0.0063371016371363,SVR
0_Wavelet entropy,20,0.0056332718872188,SVR
0_Maximum frequency,21,0.0056229539475867,SVR
0_MFCC_9,22,0.0055157974214285,SVR
0_Median diff,23,0.0040621309154512,SVR
0_MFCC_10,24,0.0032398692146938,SVR
0_ECDF Percentile_1,25,0.0020510624620202,SVR
0_MFCC_8,26,0.0019630602082201,SVR
0_LPCC_1,27,0.0017960227202857,SVR
0_Spectral positive turning points,28,0.0013803386199709,SVR
0_Median absolute diff,29,0.001319780280802,SVR
0_MFCC_0,30,0.0011241522242244,SVR
0_MFCC_4,31,0.0011121533890654,SVR
0_Fundamental frequency,32,0.0007460753415256,SVR
0_Entropy,33,0.0007086529042067,SVR
0_Spectral roll-on,34,0.0006439969812402,SVR
0_LPCC_6,35,0.0003415821502248,SVR
0_Power bandwidth,36,0.0003151066681054,SVR
0_Histogram mode,37,0.0002352670546307,SVR
0_Median frequency,38,0.0002269487449677,SVR
0_Neighbourhood peaks,39,2.7940719410960805e-06,SVR
0_LPCC_5,40,-1.5786943914570805e-05,SVR
0_Zero crossing rate,41,-0.0001700435705414,SVR
0_Negative turning points,42,-0.0002407252556377,SVR
0_Peak to peak distance,1,0.1618583935503323,Random Forest
0_Spectral entropy,2,0.0719326942682277,Random Forest
0_Absolute energy,3,0.059758717515658,Random Forest
0_Autocorrelation,4,0.037906107625497,Random Forest
0_Spectral variation,5,0.0327867433528468,Random Forest
0_Interquartile range,6,0.029156910500368,Random Forest
0_Entropy,7,0.0268225508540288,Random Forest
0_Wavelet energy_125000000.0Hz,8,0.0167996329518892,Random Forest
0_Histogram mode,9,0.014911741632607,Random Forest
0_ECDF Percentile_0,10,0.0138390253566458,Random Forest
0_MFCC_11,11,0.0124086690800677,Random Forest
0_Wavelet absolute mean_125000000.0Hz,12,0.0088764307492664,Random Forest
0_Slope,13,0.0063910919025996,Random Forest
0_Mean diff,14,0.0059940154565273,Random Forest
0_LPCC_0,15,0.0045535713938681,Random Forest
0_Wavelet absolute mean_27777777.78Hz,16,0.003840273608939,Random Forest
0_Fundamental frequency,17,0.0031330214748446,Random Forest
0_Wavelet entropy,18,0.002860053490321,Random Forest
0_ECDF Percentile_1,19,0.0025377500671658,Random Forest
0_MFCC_8,20,0.0025201565649333,Random Forest
0_MFCC_0,21,0.0024910559201651,Random Forest
0_Median frequency,22,0.0024072596170732,Random Forest
0_MFCC_5,23,0.0018139193583285,Random Forest
0_Max,24,0.0017210719345566,Random Forest
0_MFCC_9,25,0.0016284726576087,Random Forest
0_MFCC_10,26,0.0013697804655755,Random Forest
0_LPCC_1,27,0.0011689126639105,Random Forest
0_Maximum frequency,28,0.0010665677292247,Random Forest
0_Zero crossing rate,29,0.000991491363908,Random Forest
0_LPCC_5,30,0.0007477934371875,Random Forest
0_Median,31,0.0007450869928211,Random Forest
0_LPCC_6,32,0.0007339278391684,Random Forest
0_Spectral decrease,33,0.0005157802103856,Random Forest
0_MFCC_4,34,0.0002566699624259,Random Forest
0_Spectral positive turning points,35,0.0002234002972521,Random Forest
0_Mean,36,0.0001646674091627,Random Forest
0_Median absolute diff,37,0.0001289387046901,Random Forest
0_Power bandwidth,38,4.6818514020693e-05,Random Forest
0_Negative turning points,39,3.630384273044444e-05,Random Forest
0_Median diff,40,4.7369515717340015e-17,Random Forest
0_Spectral roll-on,41,-3.8005862854199418e-06,Random Forest
0_Neighbourhood peaks,42,-1.6732832385229674e-05,Random Forest
0_Peak to peak distance,1,1.9175811016960684,Bayesian Ridge
0_MFCC_4,2,1.6312257358867646,Bayesian Ridge
0_ECDF Percentile_0,3,1.480647855152737,Bayesian Ridge
0_MFCC_5,4,0.8468567194342438,Bayesian Ridge
0_Mean,5,0.8284895744911248,Bayesian Ridge
0_Max,6,0.6829382402328861,Bayesian Ridge
0_Slope,7,0.422489941337936,Bayesian Ridge
0_MFCC_11,8,0.338472288496284,Bayesian Ridge
0_MFCC_9,9,0.3378879413104403,Bayesian Ridge
0_Median,10,0.1582056505948579,Bayesian Ridge
0_MFCC_0,11,0.1372452569862399,Bayesian Ridge
0_Wavelet absolute mean_27777777.78Hz,12,0.0714090644145049,Bayesian Ridge
0_Spectral entropy,13,0.0602608695238895,Bayesian Ridge
0_ECDF Percentile_1,14,0.0600130357523217,Bayesian Ridge
0_MFCC_8,15,0.048105722721976,Bayesian Ridge
0_Spectral decrease,16,0.0436545393899713,Bayesian Ridge
0_Wavelet energy_125000000.0Hz,17,0.0321372527703863,Bayesian Ridge
0_Absolute energy,18,0.024188007573924,Bayesian Ridge
0_Autocorrelation,19,0.0240340905199497,Bayesian Ridge
0_MFCC_10,20,0.0213437306838764,Bayesian Ridge
0_Entropy,21,0.0145294635378637,Bayesian Ridge
0_Power bandwidth,22,0.0112979942189083,Bayesian Ridge
0_LPCC_0,23,0.0053941601873135,Bayesian Ridge
0_Wavelet absolute mean_125000000.0Hz,24,0.0050533012443016,Bayesian Ridge
0_Spectral variation,25,0.0032589557527202,Bayesian Ridge
0_Spectral roll-on,26,0.0030887940820528,Bayesian Ridge
0_Mean diff,27,0.003048543392188,Bayesian Ridge
0_LPCC_1,28,0.0027527881058964,Bayesian Ridge
0_Median frequency,29,0.0013058049580875,Bayesian Ridge
0_Spectral positive turning points,30,0.0010506985816114,Bayesian Ridge
0_Median diff,31,0.0009790907552641,Bayesian Ridge
0_Wavelet entropy,32,0.0006944534577724,Bayesian Ridge
0_Interquartile range,33,0.0006470616797546,Bayesian Ridge
0_Median absolute diff,34,0.0006456884042893,Bayesian Ridge
0_Zero crossing rate,35,0.0005533343247751,Bayesian Ridge
0_Negative turning points,36,0.0005202044033885,Bayesian Ridge
0_Maximum frequency,37,0.0002751275161437,Bayesian Ridge
0_Histogram mode,38,0.0001753547527476,Bayesian Ridge
0_LPCC_6,39,0.0001101758044432,Bayesian Ridge
0_Fundamental frequency,40,9.084555046745546e-05,Bayesian Ridge
0_Neighbourhood peaks,41,-4.744362571319272e-05,Bayesian Ridge
0_LPCC_5,42,-0.0001914461833479,Bayesian Ridge
0_Peak to peak distance,1,0.9568264444669088,XGBoost
0_Spectral entropy,2,0.2424696922302246,XGBoost
0_Autocorrelation,3,0.1916688092549641,XGBoost
0_Interquartile range,4,0.0258797931671142,XGBoost
0_Mean diff,5,0.0091654237111409,XGBoost
0_Spectral variation,6,0.006974291006724,XGBoost
0_Histogram mode,7,0.0043116299311319,XGBoost
0_Entropy,8,0.0033913461367289,XGBoost
0_Max,9,0.0024989374478658,XGBoost
0_Absolute energy,10,0.0022573399543762,XGBoost
0_Slope,11,0.0017323652903238,XGBoost
0_Wavelet entropy,12,0.0013812987009684,XGBoost
0_Wavelet energy_125000000.0Hz,13,0.0012189133961995,XGBoost
0_MFCC_10,14,0.0008286110560099,XGBoost
0_Fundamental frequency,15,0.0006060512860616,XGBoost
0_Maximum frequency,16,0.0005212465922037,XGBoost
0_Spectral positive turning points,17,0.0004295412699381,XGBoost
0_MFCC_4,18,0.0004196413358052,XGBoost
0_MFCC_5,19,0.0004063542683919,XGBoost
0_LPCC_0,20,0.000366891225179,XGBoost
0_LPCC_1,21,0.0003380020459493,XGBoost
0_MFCC_11,22,0.000320717493693,XGBoost
0_MFCC_9,23,0.0003165165583292,XGBoost
0_Wavelet absolute mean_27777777.78Hz,24,0.0003055636088053,XGBoost
0_MFCC_0,25,0.0003016130129496,XGBoost
0_LPCC_6,26,0.0002349766095479,XGBoost
0_Median diff,27,0.0002011370658874,XGBoost
0_ECDF Percentile_1,28,0.0001876616477966,XGBoost
0_Negative turning points,29,0.0001837062835693,XGBoost
0_Median absolute diff,30,0.0001712314287821,XGBoost
0_ECDF Percentile_0,31,0.0001383201281229,XGBoost
0_Neighbourhood peaks,32,0.0001045656204223,XGBoost
0_Wavelet absolute mean_125000000.0Hz,33,6.651480992635092e-05,XGBoost
0_Median frequency,34,4.615624745686849e-05,XGBoost
0_LPCC_5,35,9.392102559407551e-06,XGBoost
0_Spectral roll-on,36,0.0,XGBoost
0_Power bandwidth,37,0.0,XGBoost
0_Median,38,-1.293659210205078e-05,XGBoost
0_Zero crossing rate,39,-4.8081874847412106e-05,XGBoost
0_MFCC_8,40,-4.9697558085123696e-05,XGBoost
0_Mean,41,-0.0001546621322631,XGBoost
0_Spectral decrease,42,-0.0001736529668172,XGBoost
0_Peak to peak distance,1,0.1184642941368935,SVR
0_Spectral variation,2,0.1018352211415251,SVR
0_LPCC_0,3,0.1007075802813309,SVR
0_Mean diff,4,0.0875828124339504,SVR
0_Spectral decrease,5,0.087458315421936,SVR
0_Spectral entropy,6,0.0842815662624844,SVR
0_Interquartile range,7,0.0829683321938159,SVR
0_ECDF Percentile_0,8,0.0674522084330909,SVR
0_Max,9,0.0642590708218354,SVR
0_Median,10,0.0613171551412995,SVR
0_Absolute energy,11,0.0608757478143879,SVR
0_Wavelet absolute mean_27777777.78Hz,12,0.0441590358870837,SVR
0_MFCC_11,13,0.0245221049849622,SVR
0_Slope,14,0.0228285610123806,SVR
0_Wavelet absolute mean_125000000.0Hz,15,0.0208190965063414,SVR
0_Autocorrelation,16,0.0122491465463228,SVR
0_Mean,17,0.0102236135211557,SVR
0_MFCC_5,18,0.0079517743889297,SVR
0_Maximum frequency,19,0.0069369126976862,SVR
0_MFCC_10,20,0.0065977702237601,SVR
0_Wavelet energy_125000000.0Hz,21,0.0057792273765771,SVR
0_MFCC_9,22,0.0046954542725212,SVR
0_Entropy,23,0.0045783845476848,SVR
0_MFCC_0,24,0.0044443718225316,SVR
0_MFCC_4,25,0.003319065242725,SVR
0_Histogram mode,26,0.0024101723502604,SVR
0_MFCC_8,27,0.001998633199029,SVR
0_ECDF Percentile_1,28,0.0018822762129986,SVR
0_LPCC_5,29,0.0018712664646101,SVR
0_Median absolute diff,30,0.0016196658481171,SVR
0_LPCC_1,31,0.0013962891182359,SVR
0_Power bandwidth,32,0.0010323596049892,SVR
0_Spectral roll-on,33,0.0007342273920521,SVR
0_Wavelet entropy,34,0.0006456206701002,SVR
0_Median frequency,35,0.0006424089979207,SVR
0_Zero crossing rate,36,0.0004645350483867,SVR
0_Neighbourhood peaks,37,0.000262098092094,SVR
0_Median diff,38,5.004275414795719e-09,SVR
0_LPCC_6,39,-0.0002289204598397,SVR
0_Fundamental frequency,40,-0.00031181093386,SVR
0_Spectral positive turning points,41,-0.0006213280478034,SVR
0_Negative turning points,42,-0.0016146569866707,SVR
0_Peak to peak distance,1,0.1770690821321481,Random Forest
0_Spectral entropy,2,0.0851579106498548,Random Forest
0_Absolute energy,3,0.0448660317639255,Random Forest
0_Spectral variation,4,0.0335240630635908,Random Forest
0_Autocorrelation,5,0.0315768800883441,Random Forest
0_Interquartile range,6,0.022581062779453,Random Forest
0_Entropy,7,0.0171790341235176,Random Forest
0_Wavelet energy_125000000.0Hz,8,0.0130012032197468,Random Forest
0_Histogram mode,9,0.0125573711426625,Random Forest
0_MFCC_11,10,0.0099409958238854,Random Forest
0_ECDF Percentile_0,11,0.0080621634290818,Random Forest
0_Wavelet absolute mean_125000000.0Hz,12,0.0072904123200216,Random Forest
0_Slope,13,0.0061823741379084,Random Forest
0_Mean diff,14,0.0050113806390704,Random Forest
0_LPCC_0,15,0.0037820828232335,Random Forest
0_MFCC_8,16,0.0030695390207857,Random Forest
0_ECDF Percentile_1,17,0.0027645751727858,Random Forest
0_Wavelet absolute mean_27777777.78Hz,18,0.0023160799119409,Random Forest
0_MFCC_0,19,0.0021913998522861,Random Forest
0_MFCC_9,20,0.0020819666686576,Random Forest
0_Wavelet entropy,21,0.0019893335791185,Random Forest
0_Fundamental frequency,22,0.0019333177745783,Random Forest
0_MFCC_5,23,0.0013912733253667,Random Forest
0_Median frequency,24,0.0012235671175531,Random Forest
0_LPCC_1,25,0.0011769019964895,Random Forest
0_Maximum frequency,26,0.0010498857431651,Random Forest
0_Median,27,0.0010187140743085,Random Forest
0_MFCC_10,28,0.0009635399292315,Random Forest
0_Max,29,0.0007508199082383,Random Forest
0_LPCC_5,30,0.0005431188852399,Random Forest
0_MFCC_4,31,0.0003382787976716,Random Forest
0_Zero crossing rate,32,0.0003356977077872,Random Forest
0_Spectral decrease,33,0.0003173181113351,Random Forest
0_LPCC_6,34,0.0001885733447327,Random Forest
0_Power bandwidth,35,0.0001802870139365,Random Forest
0_Median absolute diff,36,0.0001035017064014,Random Forest
0_Spectral positive turning points,37,4.5315152200637126e-05,Random Forest
0_Median diff,38,-1.7763568394002505e-17,Random Forest
0_Spectral roll-on,39,-1.950618916760997e-07,Random Forest
0_Neighbourhood peaks,40,-6.722616404373956e-06,Random Forest
0_Negative turning points,41,-0.0001800130743927,Random Forest
0_Mean,42,-0.0004479995903387,Random Forest
0_Peak to peak distance,1,1.868299052445536,Bayesian Ridge
0_MFCC_4,2,1.6278127668186262,Bayesian Ridge
0_ECDF Percentile_0,3,1.405781490333884,Bayesian Ridge
0_MFCC_5,4,0.8449792777723406,Bayesian Ridge
0_Max,5,0.6159418366933189,Bayesian Ridge
0_MFCC_11,6,0.5909505532011796,Bayesian Ridge
0_Slope,7,0.3885666900617192,Bayesian Ridge
0_Median,8,0.3435577352593861,Bayesian Ridge
0_MFCC_0,9,0.3429902286101199,Bayesian Ridge
0_Mean,10,0.3212895567821054,Bayesian Ridge
0_MFCC_9,11,0.207800091985334,Bayesian Ridge
0_Spectral decrease,12,0.1395690101001377,Bayesian Ridge
0_Absolute energy,13,0.1294152367560979,Bayesian Ridge
0_ECDF Percentile_1,14,0.1228240993383241,Bayesian Ridge
0_Wavelet absolute mean_27777777.78Hz,15,0.0597683980126592,Bayesian Ridge
0_MFCC_8,16,0.051067510623081,Bayesian Ridge
0_Spectral entropy,17,0.0434001605278612,Bayesian Ridge
0_LPCC_0,18,0.0432499214774822,Bayesian Ridge
0_Wavelet entropy,19,0.0390125911137698,Bayesian Ridge
0_Wavelet energy_125000000.0Hz,20,0.029298706223285,Bayesian Ridge
0_Interquartile range,21,0.0219081861309999,Bayesian Ridge
0_Entropy,22,0.0196239372348947,Bayesian Ridge
0_Mean diff,23,0.015183151915763,Bayesian Ridge
0_Autocorrelation,24,0.0079384613460685,Bayesian Ridge
0_Spectral roll-on,25,0.0054897351200612,Bayesian Ridge
0_Power bandwidth,26,0.0042619080248111,Bayesian Ridge
0_Maximum frequency,27,0.002606973237716,Bayesian Ridge
0_Median frequency,28,0.0024117845081583,Bayesian Ridge
0_LPCC_1,29,0.0016524386667384,Bayesian Ridge
0_Negative turning points,30,0.0008547011139034,Bayesian Ridge
0_LPCC_5,31,0.0008292879244869,Bayesian Ridge
0_Spectral positive turning points,32,0.0007519093589859,Bayesian Ridge
0_Wavelet absolute mean_125000000.0Hz,33,0.0003690443666145,Bayesian Ridge
0_Spectral variation,34,6.365543150719984e-05,Bayesian Ridge
0_Histogram mode,35,2.8356710516905064e-05,Bayesian Ridge
0_Fundamental frequency,36,2.574037408491492e-06,Bayesian Ridge
0_MFCC_10,37,1.721739519366198e-06,Bayesian Ridge
0_Median diff,38,-1.2286468139185066e-16,Bayesian Ridge
0_Neighbourhood peaks,39,-0.0001090338285949,Bayesian Ridge
0_Zero crossing rate,40,-0.0001930530081043,Bayesian Ridge
0_LPCC_6,41,-0.0003411542725358,Bayesian Ridge
0_Median absolute diff,42,-0.001393278458968,Bayesian Ridge
0_Peak to peak distance,1,0.9786535716056824,XGBoost
0_Spectral entropy,2,0.3327121583620707,XGBoost
0_Autocorrelation,3,0.1475448107719421,XGBoost
0_Interquartile range,4,0.0365378602345784,XGBoost
0_Histogram mode,5,0.0143949270248413,XGBoost
0_Spectral variation,6,0.0072855989138285,XGBoost
0_Entropy,7,0.0069241897265116,XGBoost
0_MFCC_0,8,0.0045145066579182,XGBoost
0_Slope,9,0.0039462002118428,XGBoost
0_Mean diff,10,0.0028584917386372,XGBoost
0_MFCC_5,11,0.001677561601003,XGBoost
0_MFCC_10,12,0.0013214818636576,XGBoost
0_LPCC_0,13,0.0013053703308105,XGBoost
0_ECDF Percentile_0,14,0.0011110480626424,XGBoost
0_Max,15,0.0010189930597941,XGBoost
0_Absolute energy,16,0.0006860049565633,XGBoost
0_MFCC_8,17,0.0006431547800699,XGBoost
0_Fundamental frequency,18,0.0006303548812866,XGBoost
0_Spectral positive turning points,19,0.0005520590146382,XGBoost
0_MFCC_9,20,0.0004861187934875,XGBoost
0_Wavelet entropy,21,0.0003488437334696,XGBoost
0_Mean,22,0.0002557714780171,XGBoost
0_LPCC_6,23,0.0001574484507242,XGBoost
0_Wavelet energy_125000000.0Hz,24,0.0001190288861592,XGBoost
0_LPCC_1,25,6.151994069417318e-05,XGBoost
0_Wavelet absolute mean_125000000.0Hz,26,4.457871119181315e-05,XGBoost
0_Median,27,3.6244392395019534e-05,XGBoost
0_MFCC_11,28,3.5221576690673826e-05,XGBoost
0_Negative turning points,29,3.239631652832031e-05,XGBoost
0_ECDF Percentile_1,30,2.8926531473795573e-05,XGBoost
0_Zero crossing rate,31,3.580252329508464e-06,XGBoost
0_LPCC_5,32,1.883506774902344e-06,XGBoost
0_Spectral roll-on,33,0.0,XGBoost
0_Median diff,34,0.0,XGBoost
0_Power bandwidth,35,0.0,XGBoost
0_Median absolute diff,36,-1.5894571940104164e-09,XGBoost
0_Neighbourhood peaks,37,-6.29583994547526e-06,XGBoost
0_Median frequency,38,-1.031796137491862e-05,XGBoost
0_Maximum frequency,39,-1.436471939086914e-05,XGBoost
0_MFCC_4,40,-1.6014575958251954e-05,XGBoost
0_Spectral decrease,41,-6.941874821980795e-05,XGBoost
0_Wavelet absolute mean_27777777.78Hz,42,-0.0002887439727783,XGBoost
0_Peak to peak distance,1,0.1583621344291998,SVR
0_ECDF Percentile_0,2,0.1314385798010894,SVR
0_Spectral variation,3,0.1110852494583093,SVR
0_Spectral decrease,4,0.0943956095637158,SVR
0_Spectral entropy,5,0.076211111356548,SVR
0_Interquartile range,6,0.0722030545739202,SVR
0_Wavelet absolute mean_27777777.78Hz,7,0.0707748469030175,SVR
0_LPCC_0,8,0.0683375870950601,SVR
0_Absolute energy,9,0.0656922414169037,SVR
0_Max,10,0.064008320614763,SVR
0_Median,11,0.0633654561414741,SVR
0_Mean diff,12,0.0615248602708803,SVR
0_MFCC_11,13,0.0361732048238963,SVR
0_Slope,14,0.0266391605535429,SVR
0_Autocorrelation,15,0.0258670198609743,SVR
0_Wavelet absolute mean_125000000.0Hz,16,0.0201588284860293,SVR
0_Mean,17,0.0184493724532172,SVR
0_MFCC_5,18,0.0172619439109928,SVR
0_Wavelet energy_125000000.0Hz,19,0.0126754076715261,SVR
0_MFCC_9,20,0.009553121843896,SVR
0_MFCC_8,21,0.0056300615928991,SVR
0_MFCC_10,22,0.0054343611726363,SVR
0_ECDF Percentile_1,23,0.0053674644551554,SVR
0_Wavelet entropy,24,0.0049718759995617,SVR
0_Maximum frequency,25,0.0044475898432638,SVR
0_LPCC_1,26,0.0032706500197354,SVR
0_MFCC_0,27,0.001986883621723,SVR
0_Fundamental frequency,28,0.001815454086423,SVR
0_Spectral positive turning points,29,0.0017073887629229,SVR
0_Entropy,30,0.0016879211843467,SVR
0_Histogram mode,31,0.0016706417727546,SVR
0_LPCC_6,32,0.0014113990355961,SVR
0_Spectral roll-on,33,0.0012123759049983,SVR
0_Median absolute diff,34,0.000959171607226,SVR
0_Power bandwidth,35,0.0009168296373953,SVR
0_Median frequency,36,0.0005608803311945,SVR
0_Zero crossing rate,37,0.0004120472209809,SVR
0_MFCC_4,38,0.0001826804094709,SVR
0_Negative turning points,39,0.0001686503388227,SVR
0_Neighbourhood peaks,40,0.0001133095019812,SVR
0_Median diff,41,0.0,SVR
0_LPCC_5,42,-0.0005896927717363,SVR
0_Peak to peak distance,1,0.2109133573980331,Random Forest
0_Spectral entropy,2,0.0773860908557245,Random Forest
0_Spectral variation,3,0.0369438292996611,Random Forest
0_Autocorrelation,4,0.0364745470707167,Random Forest
0_Interquartile range,5,0.0313647254521443,Random Forest
0_Absolute energy,6,0.0312964475778672,Random Forest
0_Wavelet energy_125000000.0Hz,7,0.0193505502325146,Random Forest
0_Entropy,8,0.016112162040844,Random Forest
0_Histogram mode,9,0.016036483899685,Random Forest
0_Wavelet absolute mean_125000000.0Hz,10,0.0109511691405586,Random Forest
0_MFCC_11,11,0.0098102801058969,Random Forest
0_ECDF Percentile_0,12,0.0090639444018705,Random Forest
0_LPCC_0,13,0.0065469538182222,Random Forest
0_Mean diff,14,0.0047747907320528,Random Forest
0_Slope,15,0.0034380377271775,Random Forest
0_MFCC_0,16,0.0029161860075048,Random Forest
0_Wavelet absolute mean_27777777.78Hz,17,0.0025469490175803,Random Forest
0_Fundamental frequency,18,0.0023090074378159,Random Forest
0_ECDF Percentile_1,19,0.0020030296071312,Random Forest
0_Wavelet entropy,20,0.0019814484148186,Random Forest
0_MFCC_9,21,0.0017349132772577,Random Forest
0_MFCC_8,22,0.0017327212604628,Random Forest
0_MFCC_10,23,0.0017189941707095,Random Forest
0_Median frequency,24,0.0015722043575901,Random Forest
0_MFCC_5,25,0.0012877640425539,Random Forest
0_Max,26,0.0010345636795752,Random Forest
0_Maximum frequency,27,0.000937215227976,Random Forest
0_LPCC_1,28,0.0008082162170869,Random Forest
0_Zero crossing rate,29,0.000802358694089,Random Forest
0_Spectral decrease,30,0.0007534647096381,Random Forest
0_Median,31,0.0007183587295057,Random Forest
0_LPCC_6,32,0.0004206766496784,Random Forest
0_LPCC_5,33,0.0002664434751966,Random Forest
0_Spectral positive turning points,34,0.0002389140312085,Random Forest
0_MFCC_4,35,0.0001673385529627,Random Forest
0_Mean,36,0.0001105189477613,Random Forest
0_Median absolute diff,37,0.0001035745064031,Random Forest
0_Negative turning points,38,9.25569089003527e-05,Random Forest
0_Power bandwidth,39,6.088089171517671e-05,Random Forest
0_Neighbourhood peaks,40,5.326988226671918e-06,Random Forest
0_Spectral roll-on,41,2.9033633334130115e-06,Random Forest
0_Median diff,42,-3.256654205567126e-17,Random Forest
0_Peak to peak distance,1,1.7428676445215971,Bayesian Ridge
0_MFCC_4,2,1.378666881484707,Bayesian Ridge
0_ECDF Percentile_0,3,1.1200696869253204,Bayesian Ridge
0_Max,4,0.7694705445983787,Bayesian Ridge
0_MFCC_5,5,0.7090394678651993,Bayesian Ridge
0_Mean,6,0.551248837651818,Bayesian Ridge
0_MFCC_11,7,0.5213075914387235,Bayesian Ridge
0_Slope,8,0.2385887981771045,Bayesian Ridge
0_MFCC_9,9,0.202882288319102,Bayesian Ridge
0_Median,10,0.0961304192996919,Bayesian Ridge
0_ECDF Percentile_1,11,0.0775467527577082,Bayesian Ridge
0_MFCC_8,12,0.0749322018546869,Bayesian Ridge
0_Wavelet absolute mean_27777777.78Hz,13,0.0744129395595674,Bayesian Ridge
0_MFCC_0,14,0.0639521553631965,Bayesian Ridge
0_Spectral decrease,15,0.0588710884727365,Bayesian Ridge
0_Autocorrelation,16,0.0347256840225702,Bayesian Ridge
0_Wavelet energy_125000000.0Hz,17,0.0315035798262013,Bayesian Ridge
0_Spectral variation,18,0.026686752786685,Bayesian Ridge
0_Wavelet absolute mean_125000000.0Hz,19,0.0209250005781823,Bayesian Ridge
0_Entropy,20,0.0198278904360393,Bayesian Ridge
0_LPCC_0,21,0.0197699288939948,Bayesian Ridge
0_Absolute energy,22,0.0167057193166601,Bayesian Ridge
0_Spectral entropy,23,0.012019193880017,Bayesian Ridge
0_Power bandwidth,24,0.0097127691138266,Bayesian Ridge
0_LPCC_1,25,0.0060272527759168,Bayesian Ridge
0_Median frequency,26,0.0031418581018246,Bayesian Ridge
0_Spectral roll-on,27,0.002570074802337,Bayesian Ridge
0_LPCC_5,28,0.0024110237226877,Bayesian Ridge
0_Mean diff,29,0.0013417529809293,Bayesian Ridge
0_LPCC_6,30,0.0007616184145966,Bayesian Ridge
0_Zero crossing rate,31,0.000505918902669,Bayesian Ridge
0_Spectral positive turning points,32,0.0004103481951098,Bayesian Ridge
0_Neighbourhood peaks,33,0.0002577472493113,Bayesian Ridge
0_Interquartile range,34,0.0001055420811044,Bayesian Ridge
0_Histogram mode,35,0.0001009090069538,Bayesian Ridge
0_MFCC_10,36,4.311104107673103e-05,Bayesian Ridge
0_Median diff,37,0.0,Bayesian Ridge
0_Fundamental frequency,38,-6.065513120671421e-07,Bayesian Ridge
0_Median absolute diff,39,-8.186851557746493e-05,Bayesian Ridge
0_Maximum frequency,40,-0.0001549205282481,Bayesian Ridge
0_Negative turning points,41,-0.0002439590994976,Bayesian Ridge
0_Wavelet entropy,42,-0.0017544865728785,Bayesian Ridge
0_Peak to peak distance,1,0.883183798789978,XGBoost
0_Spectral entropy,2,0.2925571966171265,XGBoost
0_Autocorrelation,3,0.1810074305534362,XGBoost
0_Interquartile range,4,0.0343636973698933,XGBoost
0_Spectral variation,5,0.00432595094045,XGBoost
0_Entropy,6,0.0038481593132019,XGBoost
0_Histogram mode,7,0.0037768546740214,XGBoost
0_Max,8,0.0034001970291137,XGBoost
0_Mean diff,9,0.0033102059364318,XGBoost
0_Absolute energy,10,0.0023740768432617,XGBoost
0_Fundamental frequency,11,0.0014118941624959,XGBoost
0_ECDF Percentile_1,12,0.001357664267222,XGBoost
0_Slope,13,0.0011197582880655,XGBoost
0_MFCC_10,14,0.0008379244804382,XGBoost
0_Wavelet energy_125000000.0Hz,15,0.000814619064331,XGBoost
0_MFCC_9,16,0.0005563163757324,XGBoost
0_MFCC_8,17,0.0005310726165771,XGBoost
0_Wavelet absolute mean_125000000.0Hz,18,0.0004852716128031,XGBoost
0_LPCC_0,19,0.0004488197962443,XGBoost
0_Spectral positive turning points,20,0.0004459476470947,XGBoost
0_MFCC_11,21,0.000366948445638,XGBoost
0_MFCC_4,22,0.0003523588180541,XGBoost
0_MFCC_0,23,0.0002370293935139,XGBoost
0_Median,24,0.0002063353856404,XGBoost
0_Median frequency,25,0.0001673817634582,XGBoost
0_Wavelet entropy,26,0.0001460123062133,XGBoost
0_LPCC_6,27,8.013327916463217e-05,XGBoost
0_Spectral roll-on,28,7.131735483805339e-05,XGBoost
0_Median absolute diff,29,6.217082341512044e-05,XGBoost
0_ECDF Percentile_0,30,6.194194157918294e-05,XGBoost
0_MFCC_5,31,5.265951156616211e-05,XGBoost
0_Spectral decrease,32,5.214691162109375e-05,XGBoost
0_LPCC_1,33,3.085772196451823e-05,XGBoost
0_Median diff,34,0.0,XGBoost
0_Power bandwidth,35,0.0,XGBoost
0_LPCC_5,36,-6.860097249348958e-06,XGBoost
0_Zero crossing rate,37,-8.738835652669271e-06,XGBoost
0_Neighbourhood peaks,38,-1.2418429056803384e-05,XGBoost
0_Negative turning points,39,-1.3526280721028646e-05,XGBoost
0_Mean,40,-6.509860356648763e-05,XGBoost
0_Maximum frequency,41,-0.0001567840576171,XGBoost
0_Wavelet absolute mean_27777777.78Hz,42,-0.000165782769521,XGBoost
0_Spectral entropy,1,0.111989278821035,SVR
0_Mean diff,2,0.1047047339461053,SVR
0_Peak to peak distance,3,0.0956618196744216,SVR
0_Spectral variation,4,0.0939801217095431,SVR
0_ECDF Percentile_0,5,0.0910975422467373,SVR
0_Interquartile range,6,0.0892643138272684,SVR
0_Wavelet absolute mean_27777777.78Hz,7,0.0879377046903964,SVR
0_Max,8,0.0824625549457398,SVR
0_LPCC_0,9,0.0807284494294656,SVR
0_Spectral decrease,10,0.0798866595462274,SVR
0_Absolute energy,11,0.0611917532854425,SVR
0_Median,12,0.0605014979884677,SVR
0_MFCC_11,13,0.0422277898834113,SVR
0_Wavelet absolute mean_125000000.0Hz,14,0.0336650277325912,SVR
0_Slope,15,0.029766425876918,SVR
0_Mean,16,0.0193114248440092,SVR
0_MFCC_5,17,0.0184920461294131,SVR
0_Autocorrelation,18,0.0165731057777008,SVR
0_MFCC_9,19,0.0164991705785596,SVR
0_Wavelet energy_125000000.0Hz,20,0.0104918567225508,SVR
0_MFCC_10,21,0.0101613918158212,SVR
0_MFCC_0,22,0.0082637085793647,SVR
0_ECDF Percentile_1,23,0.0058083555605482,SVR
0_MFCC_8,24,0.0054460811163217,SVR
0_Power bandwidth,25,0.0042760337483541,SVR
0_Maximum frequency,26,0.0040662258075017,SVR
0_LPCC_1,27,0.0039537241548203,SVR
0_Wavelet entropy,28,0.0032106814406871,SVR
0_LPCC_6,29,0.0026953681322892,SVR
0_Median absolute diff,30,0.0025644076411338,SVR
0_MFCC_4,31,0.0018602060650188,SVR
0_Fundamental frequency,32,0.0018345743080397,SVR
0_LPCC_5,33,0.001770848857755,SVR
0_Entropy,34,0.0013774836958916,SVR
0_Spectral positive turning points,35,0.0011648377226772,SVR
0_Histogram mode,36,0.0008987201208569,SVR
0_Spectral roll-on,37,0.000749924364702,SVR
0_Neighbourhood peaks,38,0.0004731290152952,SVR
0_Negative turning points,39,0.0004651983157927,SVR
0_Median frequency,40,0.0002429175639109,SVR
0_Median diff,41,0.0,SVR
0_Zero crossing rate,42,-0.0005931804835305,SVR
0_Peak to peak distance,1,0.1828123343733635,Random Forest
0_Spectral entropy,2,0.082108595448842,Random Forest
0_Autocorrelation,3,0.051067190249976,Random Forest
0_Absolute energy,4,0.0455516765430703,Random Forest
0_Spectral variation,5,0.0302352935334374,Random Forest
0_Interquartile range,6,0.0268645697945395,Random Forest
0_Entropy,7,0.0264451912683525,Random Forest
0_Wavelet energy_125000000.0Hz,8,0.0192737572769033,Random Forest
0_Histogram mode,9,0.0185120378014781,Random Forest
0_ECDF Percentile_0,10,0.013602321272783,Random Forest
0_MFCC_11,11,0.0098196036991293,Random Forest
0_Wavelet absolute mean_125000000.0Hz,12,0.0088595286645551,Random Forest
0_Mean diff,13,0.0063873654727513,Random Forest
0_Wavelet absolute mean_27777777.78Hz,14,0.0063187097039889,Random Forest
0_Slope,15,0.0054311908753876,Random Forest
0_LPCC_0,16,0.0054160714332335,Random Forest
0_MFCC_8,17,0.0044385240809136,Random Forest
0_MFCC_0,18,0.0032714282212168,Random Forest
0_MFCC_5,19,0.0028860259290689,Random Forest
0_Fundamental frequency,20,0.0027209814839203,Random Forest
0_ECDF Percentile_1,21,0.002617134062876,Random Forest
0_Wavelet entropy,22,0.002212390090244,Random Forest
0_MFCC_9,23,0.0021454667578343,Random Forest
0_Median frequency,24,0.0020178849491956,Random Forest
0_MFCC_10,25,0.0019930231846725,Random Forest
0_Maximum frequency,26,0.00181912003392,Random Forest
0_Max,27,0.0017885181010501,Random Forest
0_Zero crossing rate,28,0.0015287729564473,Random Forest
0_LPCC_1,29,0.0010746777762991,Random Forest
0_Spectral decrease,30,0.0010541831882929,Random Forest
0_LPCC_5,31,0.0007414463895161,Random Forest
0_Median,32,0.0006793641072014,Random Forest
0_LPCC_6,33,0.000589378943982,Random Forest
0_Mean,34,0.0004543741606175,Random Forest
0_Spectral positive turning points,35,0.0002369963986467,Random Forest
0_Spectral roll-on,36,0.0001711929714976,Random Forest
0_Median absolute diff,37,0.0001297624090445,Random Forest
0_Power bandwidth,38,8.194324886638515e-05,Random Forest
0_MFCC_4,39,8.17892758109388e-05,Random Forest
0_Neighbourhood peaks,40,2.214336884239406e-06,Random Forest
0_Median diff,41,-1.628327102783563e-17,Random Forest
0_Negative turning points,42,-5.729348536515744e-05,Random Forest
0_MFCC_4,1,2.099501059785567,Bayesian Ridge
0_ECDF Percentile_0,2,1.5185167759046403,Bayesian Ridge
0_Peak to peak distance,3,1.5071299457003036,Bayesian Ridge
0_MFCC_11,4,0.8356075984012505,Bayesian Ridge
0_MFCC_5,5,0.6773132821735628,Bayesian Ridge
0_Max,6,0.5726997222608596,Bayesian Ridge
0_MFCC_9,7,0.3509789675323158,Bayesian Ridge
0_Mean,8,0.3335061121336456,Bayesian Ridge
0_Slope,9,0.3083752263350752,Bayesian Ridge
0_Median,10,0.2819739590940778,Bayesian Ridge
0_MFCC_0,11,0.2802948437392056,Bayesian Ridge
0_Spectral decrease,12,0.1570014870272269,Bayesian Ridge
0_MFCC_8,13,0.1165149931214646,Bayesian Ridge
0_ECDF Percentile_1,14,0.1091659112070214,Bayesian Ridge
0_Absolute energy,15,0.0710917826089067,Bayesian Ridge
0_Wavelet absolute mean_27777777.78Hz,16,0.0552599623827521,Bayesian Ridge
0_Wavelet entropy,17,0.0361993246352836,Bayesian Ridge
0_Spectral entropy,18,0.0360343098309168,Bayesian Ridge
0_LPCC_0,19,0.0244949854026317,Bayesian Ridge
0_Mean diff,20,0.0230856665402106,Bayesian Ridge
0_Autocorrelation,21,0.0193168293547094,Bayesian Ridge
0_Entropy,22,0.0121512949625686,Bayesian Ridge
0_Power bandwidth,23,0.0120213475301044,Bayesian Ridge
0_Wavelet absolute mean_125000000.0Hz,24,0.0106392329667268,Bayesian Ridge
0_Wavelet energy_125000000.0Hz,25,0.0095249181220863,Bayesian Ridge
0_Interquartile range,26,0.0088404537785044,Bayesian Ridge
0_LPCC_1,27,0.003402507620993,Bayesian Ridge
0_Spectral roll-on,28,0.0033944311275059,Bayesian Ridge
0_Maximum frequency,29,0.001848526001551,Bayesian Ridge
0_Zero crossing rate,30,0.0015306897589288,Bayesian Ridge
0_MFCC_10,31,0.0014815747274912,Bayesian Ridge
0_Median frequency,32,0.0013979542519779,Bayesian Ridge
0_Spectral positive turning points,33,0.0011258109463558,Bayesian Ridge
0_Negative turning points,34,0.0006704024853082,Bayesian Ridge
0_LPCC_5,35,0.0003320213316568,Bayesian Ridge
0_Spectral variation,36,0.0002551169517264,Bayesian Ridge
0_Neighbourhood peaks,37,0.0002245491022323,Bayesian Ridge
0_Histogram mode,38,6.797308793230705e-05,Bayesian Ridge
0_Median diff,39,0.0,Bayesian Ridge
0_LPCC_6,40,-8.428428072160265e-06,Bayesian Ridge
0_Fundamental frequency,41,-0.0001198402855897,Bayesian Ridge
0_Median absolute diff,42,-0.000552272422161,Bayesian Ridge
0_Peak to peak distance,1,0.6031698234875997,XGBoost
0_Spectral entropy,2,0.2656451908747355,XGBoost
0_Autocorrelation,3,0.1159380046526591,XGBoost
0_Interquartile range,4,0.0409792486826578,XGBoost
0_Absolute energy,5,0.0183958395322163,XGBoost
0_Entropy,6,0.0150685803095499,XGBoost
0_Spectral variation,7,0.0131935437520345,XGBoost
0_Mean diff,8,0.0068253938357035,XGBoost
0_Slope,9,0.0032447512944539,XGBoost
0_MFCC_9,10,0.0030086000760396,XGBoost
0_Histogram mode,11,0.0024408817291259,XGBoost
0_Wavelet energy_125000000.0Hz,12,0.0024225417772928,XGBoost
0_MFCC_11,13,0.0015395307540893,XGBoost
0_Fundamental frequency,14,0.0014016183217366,XGBoost
0_Max,15,0.0012319095929463,XGBoost
0_MFCC_8,16,0.0010943778355916,XGBoost
0_LPCC_0,17,0.0010936935742696,XGBoost
0_ECDF Percentile_0,18,0.0010846996307373,XGBoost
0_Wavelet absolute mean_125000000.0Hz,19,0.0010497164726257,XGBoost
0_MFCC_0,20,0.0010134236017862,XGBoost
0_Wavelet entropy,21,0.0007155474026997,XGBoost
0_MFCC_10,22,0.0006591701507568,XGBoost
0_MFCC_5,23,0.0005534664789835,XGBoost
0_ECDF Percentile_1,24,0.0005361080169677,XGBoost
0_Spectral positive turning points,25,0.0003691673278808,XGBoost
0_Wavelet absolute mean_27777777.78Hz,26,0.000365838209788,XGBoost
0_Spectral decrease,27,0.0002730274200439,XGBoost
0_LPCC_5,28,0.0001638309160868,XGBoost
0_Median frequency,29,0.0001518034934997,XGBoost
0_Mean,30,0.0001333880424499,XGBoost
0_Maximum frequency,31,0.0001242725054423,XGBoost
0_MFCC_4,32,0.0001220273971557,XGBoost
0_Negative turning points,33,3.3794244130452475e-05,XGBoost
0_Neighbourhood peaks,34,1.6350746154785156e-05,XGBoost
0_Zero crossing rate,35,6.638367970784505e-06,XGBoost
0_Spectral roll-on,36,0.0,XGBoost
0_Power bandwidth,37,0.0,XGBoost
0_Median diff,38,0.0,XGBoost
0_LPCC_1,39,-6.8044662475585935e-06,XGBoost
0_Median,40,-2.5227864583333333e-05,XGBoost
0_Median absolute diff,41,-6.910483042399089e-05,XGBoost
0_LPCC_6,42,-0.0002750245730082,XGBoost
0_Median,1,0.1205733731961134,SVR
0_Peak to peak distance,2,0.1096884835761249,SVR
0_ECDF Percentile_0,3,0.1075910854326334,SVR
0_Spectral entropy,4,0.105561545383741,SVR
0_LPCC_0,5,0.0953992586672858,SVR
0_Spectral variation,6,0.0854912385253582,SVR
0_Mean diff,7,0.0765870780127346,SVR
0_Interquartile range,8,0.074356233278659,SVR
0_Spectral decrease,9,0.0627016094205288,SVR
0_Absolute energy,10,0.0598150233338834,SVR
0_Max,11,0.0531304529492474,SVR
0_Wavelet absolute mean_27777777.78Hz,12,0.046072896527226,SVR
0_Slope,13,0.034329904710905,SVR
0_Wavelet absolute mean_125000000.0Hz,14,0.0303711154453904,SVR
0_MFCC_11,15,0.0228720633598426,SVR
0_Autocorrelation,16,0.0178958181448594,SVR
0_Wavelet energy_125000000.0Hz,17,0.0148222646359997,SVR
0_Mean,18,0.0136937357819029,SVR
0_MFCC_5,19,0.0112953196428377,SVR
0_MFCC_9,20,0.0107295817904861,SVR
0_Wavelet entropy,21,0.0077998983423636,SVR
0_MFCC_10,22,0.0070094741987336,SVR
0_Maximum frequency,23,0.0059846111355654,SVR
0_ECDF Percentile_1,24,0.0054018107062104,SVR
0_LPCC_1,25,0.0039848360979931,SVR
0_MFCC_0,26,0.0026970533277306,SVR
0_Entropy,27,0.0023902134876785,SVR
0_Median absolute diff,28,0.0021348217629209,SVR
0_Spectral positive turning points,29,0.0019797333986087,SVR
0_Fundamental frequency,30,0.0018838773320089,SVR
0_Zero crossing rate,31,0.0013316807820377,SVR
0_Power bandwidth,32,0.0011984996989704,SVR
0_Histogram mode,33,0.0011925624257824,SVR
0_MFCC_8,34,0.0011319276584923,SVR
0_LPCC_6,35,0.0010743097048035,SVR
0_MFCC_4,36,0.001012364148683,SVR
0_LPCC_5,37,0.0008108652877781,SVR
0_Spectral roll-on,38,0.0004597252681934,SVR
0_Negative turning points,39,0.0003957239492926,SVR
0_Neighbourhood peaks,40,0.000152443010323,SVR
0_Median frequency,41,0.0001105649445077,SVR
0_Median diff,42,0.0,SVR
0_Peak to peak distance,1,0.168990062337647,Random Forest
0_Spectral entropy,2,0.0678961550922121,Random Forest
0_Autocorrelation,3,0.0505217982162956,Random Forest
0_Absolute energy,4,0.0419141428836854,Random Forest
0_Interquartile range,5,0.0347848296040509,Random Forest
0_Spectral variation,6,0.0333373320330532,Random Forest
0_Entropy,7,0.0263539348930649,Random Forest
0_Wavelet energy_125000000.0Hz,8,0.0229873504972033,Random Forest
0_ECDF Percentile_0,9,0.0139638573218735,Random Forest
0_Histogram mode,10,0.0110387303009735,Random Forest
0_Wavelet absolute mean_125000000.0Hz,11,0.0088604177177101,Random Forest
0_MFCC_11,12,0.0086733085195509,Random Forest
0_Mean diff,13,0.0064050950284746,Random Forest
0_Slope,14,0.0058039426331595,Random Forest
0_Wavelet absolute mean_27777777.78Hz,15,0.0056640708453483,Random Forest
0_LPCC_0,16,0.0053184679356734,Random Forest
0_MFCC_0,17,0.0045287788615929,Random Forest
0_ECDF Percentile_1,18,0.0037312154134144,Random Forest
0_MFCC_8,19,0.003700047146368,Random Forest
0_MFCC_9,20,0.0029675942560499,Random Forest
0_Median frequency,21,0.0026377627842142,Random Forest
0_Fundamental frequency,22,0.0023378691735524,Random Forest
0_Wavelet entropy,23,0.0022455021438815,Random Forest
0_MFCC_10,24,0.0021739584758401,Random Forest
0_Maximum frequency,25,0.0016501079786589,Random Forest
0_Max,26,0.0016326328286488,Random Forest
0_Spectral decrease,27,0.0015806457856973,Random Forest
0_Median,28,0.0011355746270773,Random Forest
0_MFCC_5,29,0.0010465505509009,Random Forest
0_LPCC_1,30,0.0007795973415551,Random Forest
0_Mean,31,0.0007222131794411,Random Forest
0_LPCC_5,32,0.0006702345681754,Random Forest
0_LPCC_6,33,0.0005748976629563,Random Forest
0_Zero crossing rate,34,0.0005190771935403,Random Forest
0_MFCC_4,35,0.0004065411937043,Random Forest
0_Spectral positive turning points,36,0.0002913319790545,Random Forest
0_Spectral roll-on,37,9.106582670149816e-05,Random Forest
0_Power bandwidth,38,7.026841037413097e-05,Random Forest
0_Median absolute diff,39,5.681120463931766e-05,Random Forest
0_Negative turning points,40,1.0009089180009016e-05,Random Forest
0_Median diff,41,2.960594732333751e-17,Random Forest
0_Neighbourhood peaks,42,-9.615762027213035e-06,Random Forest
0_MFCC_4,1,2.284299019984336,Bayesian Ridge
0_Peak to peak distance,2,1.7946946257921677,Bayesian Ridge
0_ECDF Percentile_0,3,1.4406271962182695,Bayesian Ridge
0_MFCC_5,4,0.8667253047646462,Bayesian Ridge
0_MFCC_9,5,0.6965499352687616,Bayesian Ridge
0_Max,6,0.6087577221436478,Bayesian Ridge
0_Mean,7,0.5175401707330426,Bayesian Ridge
0_MFCC_11,8,0.4049900812427279,Bayesian Ridge
0_Slope,9,0.3495610188079621,Bayesian Ridge
0_Median,10,0.2648742854497213,Bayesian Ridge
0_ECDF Percentile_1,11,0.1593619845678153,Bayesian Ridge
0_MFCC_0,12,0.158425132654112,Bayesian Ridge
0_MFCC_8,13,0.1254615394583249,Bayesian Ridge
0_Spectral decrease,14,0.0593005451101872,Bayesian Ridge
0_Wavelet absolute mean_27777777.78Hz,15,0.0467128114128307,Bayesian Ridge
0_Autocorrelation,16,0.0424368085252715,Bayesian Ridge
0_Absolute energy,17,0.041435139599199,Bayesian Ridge
0_Spectral entropy,18,0.0406279125980342,Bayesian Ridge
0_Wavelet energy_125000000.0Hz,19,0.0394343430273159,Bayesian Ridge
0_MFCC_10,20,0.030741582395539,Bayesian Ridge
0_LPCC_1,21,0.0282474233296714,Bayesian Ridge
0_Wavelet absolute mean_125000000.0Hz,22,0.026430310690222,Bayesian Ridge
0_Entropy,23,0.0241117993246309,Bayesian Ridge
0_Spectral variation,24,0.0110434293895339,Bayesian Ridge
0_Power bandwidth,25,0.0109519841247921,Bayesian Ridge
0_Mean diff,26,0.0085860046733478,Bayesian Ridge
0_Interquartile range,27,0.007904247977322,Bayesian Ridge
0_Wavelet entropy,28,0.007542927367002,Bayesian Ridge
0_LPCC_0,29,0.0051396271911295,Bayesian Ridge
0_Maximum frequency,30,0.0037212033808811,Bayesian Ridge
0_Median frequency,31,0.0034447097942588,Bayesian Ridge
0_LPCC_5,32,0.0016999939760051,Bayesian Ridge
0_Spectral roll-on,33,0.0012628153996885,Bayesian Ridge
0_Zero crossing rate,34,0.0010808614739721,Bayesian Ridge
0_Negative turning points,35,0.000637803927276,Bayesian Ridge
0_Spectral positive turning points,36,0.0004505697037216,Bayesian Ridge
0_Fundamental frequency,37,5.672358323639178e-05,Bayesian Ridge
0_Neighbourhood peaks,38,3.465937566133152e-05,Bayesian Ridge
0_Median diff,39,0.0,Bayesian Ridge
0_Histogram mode,40,-4.768849793238179e-06,Bayesian Ridge
0_LPCC_6,41,-0.0002634113012344,Bayesian Ridge
0_Median absolute diff,42,-0.0003573489867626,Bayesian Ridge
0_Peak to peak distance,1,0.8935075259208679,XGBoost
0_Spectral entropy,2,0.2767278639475504,XGBoost
0_Autocorrelation,3,0.1758438595136006,XGBoost
0_Interquartile range,4,0.0588238604863484,XGBoost
0_Mean diff,5,0.0068728375434875,XGBoost
0_Entropy,6,0.0067819372812906,XGBoost
0_Spectral variation,7,0.0060406915346781,XGBoost
0_Histogram mode,8,0.0041745217641194,XGBoost
0_Max,9,0.0017427595456441,XGBoost
0_MFCC_9,10,0.0015542872746785,XGBoost
0_MFCC_11,11,0.0015258836746215,XGBoost
0_Wavelet entropy,12,0.0014542921384175,XGBoost
0_Wavelet absolute mean_125000000.0Hz,13,0.0012177602450052,XGBoost
0_Absolute energy,14,0.0010578783353169,XGBoost
0_Fundamental frequency,15,0.0008754173914591,XGBoost
0_MFCC_10,16,0.0006238722801208,XGBoost
0_Wavelet energy_125000000.0Hz,17,0.0004323124885559,XGBoost
0_LPCC_0,18,0.0004238057136535,XGBoost
0_Slope,19,0.0003823248545328,XGBoost
0_Wavelet absolute mean_27777777.78Hz,20,0.0003682939211527,XGBoost
0_MFCC_5,21,0.0003653828303019,XGBoost
0_MFCC_8,22,0.0003407462437947,XGBoost
0_MFCC_4,23,0.0003343097368876,XGBoost
0_ECDF Percentile_0,24,0.0003034734725952,XGBoost
0_Maximum frequency,25,0.0002632848421732,XGBoost
0_MFCC_0,26,0.0002408321698506,XGBoost
0_Median,27,0.0002191027005513,XGBoost
0_Spectral decrease,28,0.0001727795600891,XGBoost
0_LPCC_5,29,0.0001283923784891,XGBoost
0_LPCC_1,30,4.4910113016764325e-05,XGBoost
0_Mean,31,3.571192423502604e-05,XGBoost
0_Median frequency,32,3.239631652832031e-05,XGBoost
0_Negative turning points,33,1.8337567647298176e-05,XGBoost
0_Neighbourhood peaks,34,1.066128412882487e-05,XGBoost
0_Zero crossing rate,35,0.0,XGBoost
0_Power bandwidth,36,0.0,XGBoost
0_Median diff,37,0.0,XGBoost
0_Spectral roll-on,38,0.0,XGBoost
0_Spectral positive turning points,39,-1.0446707407633464e-05,XGBoost
0_LPCC_6,40,-0.0001039044062296,XGBoost
0_ECDF Percentile_1,41,-0.0001509467760721,XGBoost
0_Median absolute diff,42,-0.0001739358901977,XGBoost
0_Peak to peak distance,1,0.1178150912065079,SVR
0_ECDF Percentile_0,2,0.1134968657529214,SVR
0_Spectral entropy,3,0.1029715721593882,SVR
0_Spectral variation,4,0.0885737959142629,SVR
0_Interquartile range,5,0.085102935854486,SVR
0_Mean diff,6,0.0769381330185471,SVR
0_Spectral decrease,7,0.0756213380969915,SVR
0_Median,8,0.0691768868531049,SVR
0_LPCC_0,9,0.0537412646920242,SVR
0_Absolute energy,10,0.0494778143781955,SVR
0_Slope,11,0.0479330758013007,SVR
0_Max,12,0.0470741813084062,SVR
0_Wavelet absolute mean_27777777.78Hz,13,0.0464846659477753,SVR
0_MFCC_11,14,0.0341257918812423,SVR
0_Wavelet absolute mean_125000000.0Hz,15,0.0258401169579545,SVR
0_Mean,16,0.0215215109620244,SVR
0_MFCC_9,17,0.0179796817032071,SVR
0_Wavelet energy_125000000.0Hz,18,0.0165301654307456,SVR
0_Median diff,19,0.0157350370719283,SVR
0_Autocorrelation,20,0.012450948516671,SVR
0_MFCC_5,21,0.0105913706555494,SVR
0_MFCC_10,22,0.0077922967168802,SVR
0_Maximum frequency,23,0.0059987739677164,SVR
0_ECDF Percentile_1,24,0.0056303218072896,SVR
0_Wavelet entropy,25,0.00533489792661,SVR
0_MFCC_4,26,0.0051588916823874,SVR
0_LPCC_5,27,0.0030475096113156,SVR
0_MFCC_8,28,0.0023357947735682,SVR
0_Median absolute diff,29,0.0021764442074208,SVR
0_LPCC_1,30,0.0021450848311844,SVR
0_Entropy,31,0.0018323052641058,SVR
0_Spectral positive turning points,32,0.0011953816256028,SVR
0_LPCC_6,33,0.0011531549679477,SVR
0_MFCC_0,34,0.0009609903965838,SVR
0_Power bandwidth,35,0.0009196489805544,SVR
0_Fundamental frequency,36,0.0008355130149409,SVR
0_Histogram mode,37,0.0007203523891093,SVR
0_Zero crossing rate,38,0.0005657946185745,SVR
0_Spectral roll-on,39,0.0005313003751215,SVR
0_Median frequency,40,0.0001248020213413,SVR
0_Neighbourhood peaks,41,-0.0003703592273092,SVR
0_Negative turning points,42,-0.0006871153390402,SVR
0_Peak to peak distance,1,0.1374909193131566,Random Forest
0_Spectral entropy,2,0.0816928760990185,Random Forest
0_Autocorrelation,3,0.0349394921768689,Random Forest
0_Spectral variation,4,0.0329563570169942,Random Forest
0_Absolute energy,5,0.028267186650746,Random Forest
0_Entropy,6,0.0210050808598396,Random Forest
0_Interquartile range,7,0.0163528598378995,Random Forest
0_Histogram mode,8,0.0104282250524822,Random Forest
0_MFCC_11,9,0.0100764296911664,Random Forest
0_Wavelet energy_125000000.0Hz,10,0.0075932043262367,Random Forest
0_ECDF Percentile_0,11,0.006694284221601,Random Forest
0_Wavelet absolute mean_125000000.0Hz,12,0.0060960910582605,Random Forest
0_Mean diff,13,0.004780458085972,Random Forest
0_LPCC_0,14,0.0043419782115163,Random Forest
0_MFCC_0,15,0.0040554102576289,Random Forest
0_Fundamental frequency,16,0.0040442849830525,Random Forest
0_Wavelet entropy,17,0.0029169753486218,Random Forest
0_Slope,18,0.0028608619497315,Random Forest
0_ECDF Percentile_1,19,0.0028492442337395,Random Forest
0_Wavelet absolute mean_27777777.78Hz,20,0.00268279880125,Random Forest
0_MFCC_9,21,0.0026726749466308,Random Forest
0_MFCC_8,22,0.0026693645445804,Random Forest
0_MFCC_5,23,0.0025327828398231,Random Forest
0_Mean,24,0.0015753402025691,Random Forest
0_LPCC_1,25,0.001519084211126,Random Forest
0_Maximum frequency,26,0.0010608847519101,Random Forest
0_Spectral decrease,27,0.0010322161649442,Random Forest
0_MFCC_10,28,0.001005150632417,Random Forest
0_MFCC_4,29,0.0007512352221615,Random Forest
0_Max,30,0.0006354693830857,Random Forest
0_Median,31,0.000578934637735,Random Forest
0_LPCC_6,32,0.0004052469193437,Random Forest
0_Zero crossing rate,33,0.0004020454752626,Random Forest
0_LPCC_5,34,0.0002014325156328,Random Forest
0_Median frequency,35,0.0001879643708331,Random Forest
0_Power bandwidth,36,2.0817636764040395e-05,Random Forest
0_Median diff,37,5.3290705182007506e-17,Random Forest
0_Spectral roll-on,38,-1.2607301433546307e-06,Random Forest
0_Neighbourhood peaks,39,-2.861176159481005e-06,Random Forest
0_Negative turning points,40,-7.333691496224019e-05,Random Forest
0_Spectral positive turning points,41,-0.0002796047992395,Random Forest
0_Median absolute diff,42,-0.000447906091232,Random Forest
0_MFCC_4,1,2.890788895049529,Bayesian Ridge
0_Peak to peak distance,2,1.8786198593362924,Bayesian Ridge
0_ECDF Percentile_0,3,1.6771111435016708,Bayesian Ridge
0_MFCC_5,4,0.9753807824025754,Bayesian Ridge
0_MFCC_11,5,0.8443249564638877,Bayesian Ridge
0_Mean,6,0.7655443899068729,Bayesian Ridge
0_MFCC_9,7,0.7464343577890972,Bayesian Ridge
0_Max,8,0.5685827148074876,Bayesian Ridge
0_Slope,9,0.3836077084522107,Bayesian Ridge
0_MFCC_0,10,0.2827622382276673,Bayesian Ridge
0_MFCC_8,11,0.170505880385999,Bayesian Ridge
0_Median,12,0.150270468100516,Bayesian Ridge
0_ECDF Percentile_1,13,0.0976985375832737,Bayesian Ridge
0_Spectral decrease,14,0.0936257773849252,Bayesian Ridge
0_Wavelet absolute mean_27777777.78Hz,15,0.040443563857179,Bayesian Ridge
0_Spectral entropy,16,0.0316805304749445,Bayesian Ridge
0_Autocorrelation,17,0.0257074721589608,Bayesian Ridge
0_Absolute energy,18,0.0215911233782008,Bayesian Ridge
0_LPCC_0,19,0.0185350151239993,Bayesian Ridge
0_Wavelet energy_125000000.0Hz,20,0.0129025770288025,Bayesian Ridge
0_Interquartile range,21,0.0111380565196281,Bayesian Ridge
0_Power bandwidth,22,0.0096590477261088,Bayesian Ridge
0_MFCC_10,23,0.0095585519160287,Bayesian Ridge
0_Entropy,24,0.0095317706609367,Bayesian Ridge
0_Wavelet entropy,25,0.0081618945259826,Bayesian Ridge
0_Wavelet absolute mean_125000000.0Hz,26,0.0066441584377291,Bayesian Ridge
0_Mean diff,27,0.006370427137794,Bayesian Ridge
0_Median diff,28,0.0044656682996008,Bayesian Ridge
0_LPCC_1,29,0.0037854202846449,Bayesian Ridge
0_Spectral roll-on,30,0.0023598290192679,Bayesian Ridge
0_Spectral variation,31,0.0018505818296815,Bayesian Ridge
0_Median frequency,32,0.0016874133572772,Bayesian Ridge
0_Spectral positive turning points,33,0.0009764743498977,Bayesian Ridge
0_Zero crossing rate,34,0.0008914970344126,Bayesian Ridge
0_LPCC_5,35,0.0008558118473149,Bayesian Ridge
0_Negative turning points,36,0.0005304215425663,Bayesian Ridge
0_Maximum frequency,37,0.0003740599008933,Bayesian Ridge
0_Fundamental frequency,38,0.000140753997567,Bayesian Ridge
0_Histogram mode,39,0.0001309098035376,Bayesian Ridge
0_Neighbourhood peaks,40,5.086741246535335e-06,Bayesian Ridge
0_LPCC_6,41,-0.0002527219680365,Bayesian Ridge
0_Median absolute diff,42,-0.0004219020477134,Bayesian Ridge
0_Peak to peak distance,1,0.7098212345441183,XGBoost
0_Spectral entropy,2,0.2600627024968465,XGBoost
0_Autocorrelation,3,0.0491597414016723,XGBoost
0_Mean diff,4,0.023121903737386,XGBoost
0_Interquartile range,5,0.0140126093228658,XGBoost
0_Spectral variation,6,0.0136796275774637,XGBoost
0_Absolute energy,7,0.0060721190770467,XGBoost
0_Max,8,0.0044152426719665,XGBoost
0_Slope,9,0.0043222181002298,XGBoost
0_LPCC_0,10,0.0035780652364095,XGBoost
0_MFCC_8,11,0.0033087714513142,XGBoost
0_MFCC_9,12,0.0032187287012736,XGBoost
0_MFCC_11,13,0.0021825710932413,XGBoost
0_Mean,14,0.0021179087956746,XGBoost
0_Fundamental frequency,15,0.0019403894742329,XGBoost
0_Entropy,16,0.0013142760594685,XGBoost
0_Wavelet absolute mean_125000000.0Hz,17,0.0012789209683736,XGBoost
0_MFCC_5,18,0.0010557134946187,XGBoost
0_Maximum frequency,19,0.0007165598869323,XGBoost
0_Histogram mode,20,0.0006318895022074,XGBoost
0_LPCC_1,21,0.0006228613853454,XGBoost
0_Wavelet energy_125000000.0Hz,22,0.0004964915911356,XGBoost
0_ECDF Percentile_0,23,0.0003333695729573,XGBoost
0_Negative turning points,24,0.0003264729181925,XGBoost
0_Wavelet entropy,25,0.0003264673550923,XGBoost
0_Spectral positive turning points,26,0.0003138987223307,XGBoost
0_MFCC_4,27,0.000294287999471,XGBoost
0_ECDF Percentile_1,28,0.0002015376091003,XGBoost
0_Median diff,29,0.0001469167073567,XGBoost
0_Median absolute diff,30,0.0001199293136596,XGBoost
0_MFCC_0,31,0.0001039973894755,XGBoost
0_Neighbourhood peaks,32,1.816272735595704e-05,XGBoost
0_Zero crossing rate,33,1.2563069661458334e-05,XGBoost
0_Median frequency,34,0.0,XGBoost
0_Spectral roll-on,35,0.0,XGBoost
0_Power bandwidth,36,0.0,XGBoost
0_LPCC_6,37,-7.118701934814453e-05,XGBoost
0_Spectral decrease,38,-9.830713272094726e-05,XGBoost
0_LPCC_5,39,-0.0002479871114095,XGBoost
0_Median,40,-0.0003998772303263,XGBoost
0_Wavelet absolute mean_27777777.78Hz,41,-0.0005821299552917,XGBoost
0_MFCC_10,42,-0.0006764650344848,XGBoost
0_Peak to peak distance,1,0.1744484777180724,SVR
0_Spectral entropy,2,0.1291880060799309,SVR
0_Interquartile range,3,0.0791248200538928,SVR
0_Spectral decrease,4,0.0744888336907041,SVR
0_Spectral variation,5,0.072089019801392,SVR
0_Max,6,0.0679662085333577,SVR
0_Mean diff,7,0.0657591945855784,SVR
0_Median,8,0.0640010495938626,SVR
0_ECDF Percentile_0,9,0.0593706270040436,SVR
0_Wavelet absolute mean_27777777.78Hz,10,0.0496365514885504,SVR
0_Absolute energy,11,0.0451389595445122,SVR
0_LPCC_0,12,0.0379478427282173,SVR
0_Wavelet absolute mean_125000000.0Hz,13,0.0283926406233893,SVR
0_Slope,14,0.0276834694004585,SVR
0_MFCC_11,15,0.0265424852462703,SVR
0_Mean,16,0.0179188751553292,SVR
0_Median diff,17,0.0160580281917275,SVR
0_Autocorrelation,18,0.0145701301563629,SVR
0_Wavelet energy_125000000.0Hz,19,0.0111609469524501,SVR
0_MFCC_5,20,0.0093526866917469,SVR
0_Maximum frequency,21,0.0092886288340613,SVR
0_MFCC_9,22,0.0060323058034536,SVR
0_Entropy,23,0.0049140074606406,SVR
0_Wavelet entropy,24,0.00339405348807,SVR
0_MFCC_8,25,0.0025164275209882,SVR
0_MFCC_0,26,0.0024777365291668,SVR
0_MFCC_4,27,0.0022665479999392,SVR
0_LPCC_1,28,0.0022034761934191,SVR
0_LPCC_5,29,0.0020088154144079,SVR
0_MFCC_10,30,0.0019044615340889,SVR
0_Histogram mode,31,0.0016851310744261,SVR
0_ECDF Percentile_1,32,0.0013221743684459,SVR
0_Spectral positive turning points,33,0.0012684710154967,SVR
0_Fundamental frequency,34,0.0010354372666553,SVR
0_Neighbourhood peaks,35,0.0005834469522649,SVR
0_Median frequency,36,0.0004352203214411,SVR
0_LPCC_6,37,0.0002743564411372,SVR
0_Spectral roll-on,38,0.0002516212801755,SVR
0_Zero crossing rate,39,-6.62949831164994e-06,SVR
0_Negative turning points,40,-1.5323127834704724e-05,SVR
0_Power bandwidth,41,-0.0002723172925508,SVR
0_Median absolute diff,42,-0.001678859610417,SVR
0_Peak to peak distance,1,0.1362122660003218,Random Forest
0_Spectral entropy,2,0.0759226749514189,Random Forest
0_Autocorrelation,3,0.0453075740833329,Random Forest
0_Spectral variation,4,0.0423687696236265,Random Forest
0_Absolute energy,5,0.0283155855852931,Random Forest
0_Interquartile range,6,0.0203691323138616,Random Forest
0_Entropy,7,0.0174471917698907,Random Forest
0_Wavelet energy_125000000.0Hz,8,0.0140527656388057,Random Forest
0_MFCC_11,9,0.0116318863676916,Random Forest
0_Histogram mode,10,0.0094446551480711,Random Forest
0_ECDF Percentile_0,11,0.0069025040507058,Random Forest
0_Wavelet absolute mean_125000000.0Hz,12,0.0062879108949911,Random Forest
0_Mean diff,13,0.0058355986447313,Random Forest
0_Slope,14,0.0054922622055243,Random Forest
0_LPCC_0,15,0.0051091027550481,Random Forest
0_MFCC_8,16,0.0040706913916845,Random Forest
0_ECDF Percentile_1,17,0.003527371208098,Random Forest
0_MFCC_9,18,0.0033281823303278,Random Forest
0_Fundamental frequency,19,0.00306217665959,Random Forest
0_MFCC_0,20,0.0029276326707805,Random Forest
0_Wavelet absolute mean_27777777.78Hz,21,0.0024902792678685,Random Forest
0_Wavelet entropy,22,0.0023482053852661,Random Forest
0_MFCC_5,23,0.0021033540949752,Random Forest
0_Maximum frequency,24,0.0019468208949116,Random Forest
0_Spectral decrease,25,0.001609596839669,Random Forest
0_Median frequency,26,0.0015885053547101,Random Forest
0_Median,27,0.0012691857841595,Random Forest
0_MFCC_4,28,0.0012386560999331,Random Forest
0_Zero crossing rate,29,0.0011515562428178,Random Forest
0_MFCC_10,30,0.0011201043443814,Random Forest
0_LPCC_1,31,0.001087971546076,Random Forest
0_Mean,32,0.0010756871927345,Random Forest
0_Max,33,0.0010262391924279,Random Forest
0_LPCC_6,34,0.0007129809038587,Random Forest
0_LPCC_5,35,0.000525845378729,Random Forest
0_Spectral positive turning points,36,0.0002590186655056,Random Forest
0_Negative turning points,37,0.000158793947258,Random Forest
0_Power bandwidth,38,5.070927945704629e-05,Random Forest
0_Neighbourhood peaks,39,5.676857385932265e-06,Random Forest
0_Median diff,40,-7.845576040684441e-17,Random Forest
0_Spectral roll-on,41,-5.929623760734989e-06,Random Forest
0_Median absolute diff,42,-0.0007697238338031,Random Forest
0_MFCC_4,1,2.57797926664652,Bayesian Ridge
0_Peak to peak distance,2,2.054930677793157,Bayesian Ridge
0_ECDF Percentile_0,3,1.2481859328976626,Bayesian Ridge
0_MFCC_5,4,1.0691371171776929,Bayesian Ridge
0_MFCC_11,5,0.6696971118696619,Bayesian Ridge
0_Max,6,0.6229004789235582,Bayesian Ridge
0_Slope,7,0.3622165183464653,Bayesian Ridge
0_MFCC_0,8,0.3596998952589047,Bayesian Ridge
0_MFCC_9,9,0.3519876038987072,Bayesian Ridge
0_Mean,10,0.2721694687719922,Bayesian Ridge
0_Median,11,0.2371051229931705,Bayesian Ridge
0_ECDF Percentile_1,12,0.1464861346692515,Bayesian Ridge
0_Absolute energy,13,0.1213645592040682,Bayesian Ridge
0_Spectral decrease,14,0.1069734819655833,Bayesian Ridge
0_Wavelet absolute mean_27777777.78Hz,15,0.0626349727267168,Bayesian Ridge
0_Spectral entropy,16,0.0466536159183853,Bayesian Ridge
0_Wavelet entropy,17,0.0435204774751989,Bayesian Ridge
0_MFCC_8,18,0.0333335830869861,Bayesian Ridge
0_Entropy,19,0.0220936799965501,Bayesian Ridge
0_Mean diff,20,0.0199437265458244,Bayesian Ridge
0_MFCC_10,21,0.0183755096667029,Bayesian Ridge
0_Autocorrelation,22,0.0167859898841994,Bayesian Ridge
0_Wavelet energy_125000000.0Hz,23,0.0126613231336257,Bayesian Ridge
0_Interquartile range,24,0.0115908762260699,Bayesian Ridge
0_LPCC_0,25,0.0101720028796235,Bayesian Ridge
0_Maximum frequency,26,0.0059551902530992,Bayesian Ridge
0_Wavelet absolute mean_125000000.0Hz,27,0.0052426564157972,Bayesian Ridge
0_Median diff,28,0.0049927330432974,Bayesian Ridge
0_LPCC_1,29,0.0044945620215816,Bayesian Ridge
0_Power bandwidth,30,0.0030883203663524,Bayesian Ridge
0_Median frequency,31,0.0024811468658388,Bayesian Ridge
0_Spectral roll-on,32,0.0018847726957102,Bayesian Ridge
0_Spectral positive turning points,33,0.0009808677800626,Bayesian Ridge
0_Zero crossing rate,34,0.0004830475178535,Bayesian Ridge
0_LPCC_6,35,0.0004089102945524,Bayesian Ridge
0_Negative turning points,36,0.0003591902999837,Bayesian Ridge
0_Neighbourhood peaks,37,0.0002488178494923,Bayesian Ridge
0_Fundamental frequency,38,7.367220244424081e-05,Bayesian Ridge
0_Histogram mode,39,-0.0002720624701679,Bayesian Ridge
0_LPCC_5,40,-0.0003562803147512,Bayesian Ridge
0_Spectral variation,41,-0.0003592620780546,Bayesian Ridge
0_Median absolute diff,42,-0.0021921239416954,Bayesian Ridge
0_Peak to peak distance,1,0.6053805645306906,XGBoost
0_Spectral entropy,2,0.2565060106913249,XGBoost
0_Autocorrelation,3,0.1883245110511779,XGBoost
0_Interquartile range,4,0.0247370060284932,XGBoost
0_Mean diff,5,0.0123667049407958,XGBoost
0_Spectral variation,6,0.0120475681622823,XGBoost
0_Absolute energy,7,0.0095934653282165,XGBoost
0_Entropy,8,0.0078070696194966,XGBoost
0_Histogram mode,9,0.0047690224647521,XGBoost
0_Slope,10,0.0037289190292358,XGBoost
0_MFCC_9,11,0.0031279333432515,XGBoost
0_MFCC_0,12,0.001151045958201,XGBoost
0_Median absolute diff,13,0.0011068487167358,XGBoost
0_LPCC_6,14,0.0007819318771362,XGBoost
0_MFCC_11,15,0.0007609097162882,XGBoost
0_Fundamental frequency,16,0.0007451820373535,XGBoost
0_MFCC_10,17,0.0007352193196614,XGBoost
0_MFCC_8,18,0.0006740005811055,XGBoost
0_Max,19,0.0005786951382954,XGBoost
0_Median frequency,20,0.0005291986465454,XGBoost
0_LPCC_0,21,0.0004950594902038,XGBoost
0_MFCC_5,22,0.0004813996950785,XGBoost
0_Spectral decrease,23,0.0003307445844014,XGBoost
0_Mean,24,0.0002738666534423,XGBoost
0_Median,25,0.0002324978510538,XGBoost
0_Zero crossing rate,26,0.0002309950192769,XGBoost
0_LPCC_1,27,0.000155336856842,XGBoost
0_Spectral positive turning points,28,0.000145407517751,XGBoost
0_Wavelet entropy,29,0.0001311691602071,XGBoost
0_Negative turning points,30,7.530132929484049e-05,XGBoost
0_Maximum frequency,31,5.531787872314453e-05,XGBoost
0_ECDF Percentile_1,32,3.948291142781575e-05,XGBoost
0_LPCC_5,33,3.130356470743815e-05,XGBoost
0_Spectral roll-on,34,0.0,XGBoost
0_Power bandwidth,35,0.0,XGBoost
0_Median diff,36,0.0,XGBoost
0_Neighbourhood peaks,37,-1.0478496551513673e-05,XGBoost
0_ECDF Percentile_0,38,-6.19053840637207e-05,XGBoost
0_Wavelet energy_125000000.0Hz,39,-9.63139533996582e-05,XGBoost
0_MFCC_4,40,-9.694019953409831e-05,XGBoost
0_Wavelet absolute mean_27777777.78Hz,41,-0.0001468515396118,XGBoost
0_Wavelet absolute mean_125000000.0Hz,42,-0.0001697842280069,XGBoost
0_Spectral entropy,1,0.1145838861372117,SVR
0_Peak to peak distance,2,0.1090593855183348,SVR
0_Mean diff,3,0.1016776667753398,SVR
0_ECDF Percentile_0,4,0.0987327466983611,SVR
0_Interquartile range,5,0.0903226532110341,SVR
0_Absolute energy,6,0.0849845875259437,SVR
0_Spectral variation,7,0.0837518211049298,SVR
0_Spectral decrease,8,0.0798890605534358,SVR
0_LPCC_0,9,0.0718361652466319,SVR
0_Median,10,0.0593243237239944,SVR
0_Max,11,0.0527685062149256,SVR
0_Wavelet absolute mean_27777777.78Hz,12,0.0506902652973113,SVR
0_Slope,13,0.0299724291458265,SVR
0_MFCC_11,14,0.0267464694569941,SVR
0_Autocorrelation,15,0.0228163742350969,SVR
0_MFCC_5,16,0.0222090326298216,SVR
0_Wavelet absolute mean_125000000.0Hz,17,0.0146760592514517,SVR
0_Wavelet energy_125000000.0Hz,18,0.0124476995202463,SVR
0_MFCC_9,19,0.0097524180605472,SVR
0_Mean,20,0.0065514821942362,SVR
0_Wavelet entropy,21,0.0065126311794899,SVR
0_Maximum frequency,22,0.0060081336850968,SVR
0_MFCC_10,23,0.0056303706993909,SVR
0_ECDF Percentile_1,24,0.0034865729592427,SVR
0_Median absolute diff,25,0.0033126833967197,SVR
0_LPCC_1,26,0.0032041497795611,SVR
0_MFCC_4,27,0.0032013927390167,SVR
0_MFCC_0,28,0.0025541294173987,SVR
0_MFCC_8,29,0.002238074200659,SVR
0_Spectral positive turning points,30,0.0013822073370899,SVR
0_Entropy,31,0.0013223998159393,SVR
0_Fundamental frequency,32,0.0012917480205129,SVR
0_Zero crossing rate,33,0.001252982001823,SVR
0_Histogram mode,34,0.0011379243782569,SVR
0_LPCC_5,35,0.00085067400034,SVR
0_LPCC_6,36,0.0004949276142695,SVR
0_Spectral roll-on,37,0.0003309527943955,SVR
0_Neighbourhood peaks,38,0.0001641148342044,SVR
0_Power bandwidth,39,4.013373073761114e-05,SVR
0_Median diff,40,0.0,SVR
0_Negative turning points,41,-9.68091167565488e-05,SVR
0_Median frequency,42,-0.0004190427429855,SVR
0_Peak to peak distance,1,0.1331539991889132,Random Forest
0_Spectral entropy,2,0.0776557769547345,Random Forest
0_Absolute energy,3,0.0455549639813514,Random Forest
0_Autocorrelation,4,0.0420394536336623,Random Forest
0_Spectral variation,5,0.0349715900193283,Random Forest
0_Interquartile range,6,0.0211689690176789,Random Forest
0_Entropy,7,0.0183049500780466,Random Forest
0_MFCC_11,8,0.0161284265074937,Random Forest
0_Wavelet absolute mean_125000000.0Hz,9,0.0142387869387803,Random Forest
0_Histogram mode,10,0.0139244877223039,Random Forest
0_Wavelet energy_125000000.0Hz,11,0.0112793893604214,Random Forest
0_Mean diff,12,0.0070114110680418,Random Forest
0_Slope,13,0.0059906781076319,Random Forest
0_ECDF Percentile_0,14,0.0052324461479636,Random Forest
0_LPCC_0,15,0.0045522648161837,Random Forest
0_MFCC_8,16,0.0045377324390925,Random Forest
0_MFCC_9,17,0.0044402546329617,Random Forest
0_MFCC_0,18,0.0044116646400841,Random Forest
0_Fundamental frequency,19,0.0032969425510212,Random Forest
0_ECDF Percentile_1,20,0.002869707296105,Random Forest
0_Wavelet entropy,21,0.0023853259133267,Random Forest
0_LPCC_1,22,0.001683402709808,Random Forest
0_Maximum frequency,23,0.0015578685860854,Random Forest
0_Zero crossing rate,24,0.0012652021316934,Random Forest
0_LPCC_5,25,0.0009922601211616,Random Forest
0_LPCC_6,26,0.0009720442768191,Random Forest
0_Median frequency,27,0.0008572988504386,Random Forest
0_Median,28,0.0007866069314889,Random Forest
0_Mean,29,0.0004984649659529,Random Forest
0_MFCC_10,30,0.0004920087247934,Random Forest
0_Median absolute diff,31,0.0004510422061367,Random Forest
0_Wavelet absolute mean_27777777.78Hz,32,0.0004320794719834,Random Forest
0_Spectral decrease,33,0.0004219031473318,Random Forest
0_Max,34,0.0002899039206381,Random Forest
0_MFCC_4,35,0.0002354398500965,Random Forest
0_Negative turning points,36,0.000198179309267,Random Forest
0_MFCC_5,37,9.061101874708952e-05,Random Forest
0_Power bandwidth,38,9.362270306521775e-06,Random Forest
0_Median diff,39,-8.881784197001254e-18,Random Forest
0_Neighbourhood peaks,40,-7.695801051029367e-06,Random Forest
0_Spectral roll-on,41,-1.4730940581667202e-05,Random Forest
0_Spectral positive turning points,42,-0.0001835304800898,Random Forest
0_MFCC_4,1,1.7431097372506803,Bayesian Ridge
0_ECDF Percentile_0,2,1.4659754556552462,Bayesian Ridge
0_Peak to peak distance,3,1.4479002562012546,Bayesian Ridge
0_MFCC_5,4,0.8852711475898399,Bayesian Ridge
0_Mean,5,0.4563462998123392,Bayesian Ridge
0_Slope,6,0.4354413385207276,Bayesian Ridge
0_Max,7,0.4219758765200335,Bayesian Ridge
0_MFCC_11,8,0.3545789219929637,Bayesian Ridge
0_MFCC_9,9,0.2530447857100553,Bayesian Ridge
0_MFCC_0,10,0.2342534251125597,Bayesian Ridge
0_Median,11,0.1334318609053818,Bayesian Ridge
0_ECDF Percentile_1,12,0.085302137444219,Bayesian Ridge
0_Wavelet energy_125000000.0Hz,13,0.0458891665129706,Bayesian Ridge
0_Spectral decrease,14,0.0451218678558255,Bayesian Ridge
0_MFCC_8,15,0.0447189923428258,Bayesian Ridge
0_Autocorrelation,16,0.0360659724814628,Bayesian Ridge
0_Mean diff,17,0.0359157830404029,Bayesian Ridge
0_Wavelet absolute mean_27777777.78Hz,18,0.0302257551660965,Bayesian Ridge
0_Wavelet entropy,19,0.0295040421270718,Bayesian Ridge
0_Entropy,20,0.0287698967846936,Bayesian Ridge
0_Spectral entropy,21,0.0218052675581499,Bayesian Ridge
0_Interquartile range,22,0.0174162684148148,Bayesian Ridge
0_Spectral variation,23,0.015404562378849,Bayesian Ridge
0_LPCC_0,24,0.0096179593070458,Bayesian Ridge
0_MFCC_10,25,0.0066344259624949,Bayesian Ridge
0_Power bandwidth,26,0.0061935848503206,Bayesian Ridge
0_Maximum frequency,27,0.0038278227063491,Bayesian Ridge
0_LPCC_1,28,0.0036121951903707,Bayesian Ridge
0_Absolute energy,29,0.0021467474876443,Bayesian Ridge
0_Spectral roll-on,30,0.0020830829461287,Bayesian Ridge
0_Median frequency,31,0.0020173717927108,Bayesian Ridge
0_Zero crossing rate,32,0.0018142992938336,Bayesian Ridge
0_Spectral positive turning points,33,0.0007158121614943,Bayesian Ridge
0_Negative turning points,34,0.0005334503372959,Bayesian Ridge
0_Fundamental frequency,35,0.0004704770822214,Bayesian Ridge
0_Median absolute diff,36,0.0004040607912835,Bayesian Ridge
0_Histogram mode,37,0.0002966167665617,Bayesian Ridge
0_Neighbourhood peaks,38,8.471720143641874e-05,Bayesian Ridge
0_Median diff,39,0.0,Bayesian Ridge
0_Wavelet absolute mean_125000000.0Hz,40,-0.0005736756685515,Bayesian Ridge
0_LPCC_6,41,-0.0011499758594993,Bayesian Ridge
0_LPCC_5,42,-0.0012962839465185,Bayesian Ridge
0_Peak to peak distance,1,0.9045733682314556,XGBoost
0_Spectral entropy,2,0.2766814192136129,XGBoost
0_Autocorrelation,3,0.1976482097307841,XGBoost
0_Interquartile range,4,0.012532373269399,XGBoost
0_Spectral variation,5,0.0070570794741312,XGBoost
0_Max,6,0.0067874757448832,XGBoost
0_Mean diff,7,0.0036651674906412,XGBoost
0_Histogram mode,8,0.0034770425160725,XGBoost
0_Entropy,9,0.0025348655382792,XGBoost
0_Wavelet energy_125000000.0Hz,10,0.0020969374974568,XGBoost
0_Absolute energy,11,0.0017791811625162,XGBoost
0_Fundamental frequency,12,0.0017749619483947,XGBoost
0_MFCC_9,13,0.0017618974049886,XGBoost
0_Slope,14,0.0015431388219197,XGBoost
0_Spectral positive turning points,15,0.0006479199727376,XGBoost
0_LPCC_0,16,0.0004710714022318,XGBoost
0_LPCC_1,17,0.0004626806577046,XGBoost
0_Wavelet entropy,18,0.0004509894053141,XGBoost
0_Wavelet absolute mean_125000000.0Hz,19,0.0004170600573221,XGBoost
0_LPCC_5,20,0.0003630948066711,XGBoost
0_LPCC_6,21,0.0002625584602355,XGBoost
0_MFCC_11,22,0.0002065165837605,XGBoost
0_Neighbourhood peaks,23,0.0001756103833516,XGBoost
0_MFCC_5,24,0.0001604692141215,XGBoost
0_Spectral decrease,25,0.0001594980557759,XGBoost
0_MFCC_0,26,0.0001569843292236,XGBoost
0_MFCC_4,27,0.000119624932607,XGBoost
0_Negative turning points,28,0.0001114702224731,XGBoost
0_Zero crossing rate,29,7.096211115519205e-05,XGBoost
0_Median,30,2.524375915527344e-05,XGBoost
0_Mean,31,1.916805903116862e-05,XGBoost
0_ECDF Percentile_1,32,4.142920176188151e-06,XGBoost
0_Spectral roll-on,33,0.0,XGBoost
0_Median diff,34,0.0,XGBoost
0_Power bandwidth,35,0.0,XGBoost
0_MFCC_10,36,-2.8548240661621093e-05,XGBoost
0_Median frequency,37,-6.001790364583333e-05,XGBoost
0_MFCC_8,38,-0.0001290440559387,XGBoost
0_Median absolute diff,39,-0.0001370112101236,XGBoost
0_Wavelet absolute mean_27777777.78Hz,40,-0.0004569029808044,XGBoost
0_ECDF Percentile_0,41,-0.0005358425776163,XGBoost
0_Maximum frequency,42,-0.0018356537818908,XGBoost
0_Median,1,0.1153509998535678,SVR
0_Spectral entropy,2,0.1000486560650767,SVR
0_Interquartile range,3,0.0981750960713268,SVR
0_Spectral variation,4,0.0916590671566151,SVR
0_Peak to peak distance,5,0.0745645623970319,SVR
0_ECDF Percentile_0,6,0.0694148738188563,SVR
0_LPCC_0,7,0.0684165334883286,SVR
0_Spectral decrease,8,0.0647143901009687,SVR
0_Mean diff,9,0.0560178692524516,SVR
0_Wavelet absolute mean_27777777.78Hz,10,0.0464845432431717,SVR
0_Slope,11,0.0370159145718133,SVR
0_Max,12,0.0369328688675587,SVR
0_Absolute energy,13,0.0338137918293228,SVR
0_Wavelet absolute mean_125000000.0Hz,14,0.0259068867613314,SVR
0_Autocorrelation,15,0.019816966785823,SVR
0_Mean,16,0.0178025537942452,SVR
0_MFCC_11,17,0.0095062071794117,SVR
0_Wavelet entropy,18,0.0087088724744946,SVR
0_MFCC_5,19,0.0075664339586424,SVR
0_Wavelet energy_125000000.0Hz,20,0.0071420970675329,SVR
0_MFCC_10,21,0.0069491972066965,SVR
0_MFCC_9,22,0.0062307202313672,SVR
0_ECDF Percentile_1,23,0.0050684141028518,SVR
0_Maximum frequency,24,0.0048601691411938,SVR
0_Median absolute diff,25,0.0031089568814022,SVR
0_LPCC_1,26,0.0026561833357088,SVR
0_MFCC_4,27,0.0025140857427278,SVR
0_Entropy,28,0.0018028231637677,SVR
0_Fundamental frequency,29,0.0015492992135577,SVR
0_LPCC_5,30,0.0015261155143067,SVR
0_Histogram mode,31,0.0012569352952445,SVR
0_MFCC_0,32,0.0009405011211571,SVR
0_Neighbourhood peaks,33,0.0009100808392371,SVR
0_Power bandwidth,34,0.0004875793061012,SVR
0_Negative turning points,35,0.000459007811788,SVR
0_Spectral positive turning points,36,0.0003822654068126,SVR
0_LPCC_6,37,0.0003806172986641,SVR
0_MFCC_8,38,0.0003515049837531,SVR
0_Spectral roll-on,39,0.0001725572453913,SVR
0_Median frequency,40,0.0001474187449962,SVR
0_Median diff,41,0.0,SVR
0_Zero crossing rate,42,-0.0001344532962131,SVR
0_Peak to peak distance,1,0.1803197899777273,Random Forest
0_Spectral entropy,2,0.0677701341783786,Random Forest
0_Absolute energy,3,0.0400553186080771,Random Forest
0_Interquartile range,4,0.0366663911925933,Random Forest
0_Spectral variation,5,0.0346722847689068,Random Forest
0_Entropy,6,0.0299835619539852,Random Forest
0_Autocorrelation,7,0.0298775463585003,Random Forest
0_Histogram mode,8,0.0178523699850723,Random Forest
0_Wavelet energy_125000000.0Hz,9,0.0119309650828188,Random Forest
0_ECDF Percentile_0,10,0.0090254093711158,Random Forest
0_Wavelet absolute mean_125000000.0Hz,11,0.0087211510887907,Random Forest
0_Slope,12,0.0080230586702667,Random Forest
0_MFCC_11,13,0.0074285763844044,Random Forest
0_Mean diff,14,0.006685840829783,Random Forest
0_Wavelet absolute mean_27777777.78Hz,15,0.0060861504699666,Random Forest
0_Wavelet entropy,16,0.0058917606119256,Random Forest
0_MFCC_9,17,0.0052286348152556,Random Forest
0_Fundamental frequency,18,0.0044434618443391,Random Forest
0_ECDF Percentile_1,19,0.0039360735689485,Random Forest
0_MFCC_8,20,0.0037308654662259,Random Forest
0_LPCC_0,21,0.0033154979709424,Random Forest
0_MFCC_0,22,0.0028490634229235,Random Forest
0_Max,23,0.0028229255504436,Random Forest
0_Median frequency,24,0.002489849645856,Random Forest
0_Median,25,0.0020591287128731,Random Forest
0_MFCC_10,26,0.0018746301395,Random Forest
0_MFCC_5,27,0.0017433660077871,Random Forest
0_Maximum frequency,28,0.0015182080789479,Random Forest
0_LPCC_1,29,0.0013075567992666,Random Forest
0_Spectral decrease,30,0.0011934533271289,Random Forest
0_Zero crossing rate,31,0.0008653388763442,Random Forest
0_Mean,32,0.0004261017843089,Random Forest
0_LPCC_6,33,0.0002618585457901,Random Forest
0_Spectral positive turning points,34,0.0001394411541568,Random Forest
0_Median absolute diff,35,0.000133146539747,Random Forest
0_LPCC_5,36,0.0001086475372714,Random Forest
0_Negative turning points,37,3.862155401517834e-05,Random Forest
0_Spectral roll-on,38,2.09813874780096e-05,Random Forest
0_Power bandwidth,39,5.288834048077599e-06,Random Forest
0_Neighbourhood peaks,40,1.778922127832298e-06,Random Forest
0_Median diff,41,-2.3684757858670008e-17,Random Forest
0_MFCC_4,42,-0.0001744509481824,Random Forest
0_Peak to peak distance,1,1.459605101509457,Bayesian Ridge
0_MFCC_4,2,1.086340019093199,Bayesian Ridge
0_ECDF Percentile_0,3,1.0520688685519477,Bayesian Ridge
0_MFCC_5,4,0.6221927166204902,Bayesian Ridge
0_Max,5,0.570201707963621,Bayesian Ridge
0_Mean,6,0.4764100985803123,Bayesian Ridge
0_Slope,7,0.4499928323609423,Bayesian Ridge
0_Median,8,0.3061265881020832,Bayesian Ridge
0_ECDF Percentile_1,9,0.254874851285349,Bayesian Ridge
0_Spectral decrease,10,0.17114830714682,Bayesian Ridge
0_MFCC_9,11,0.1594530696443831,Bayesian Ridge
0_MFCC_11,12,0.1575580092717848,Bayesian Ridge
0_MFCC_0,13,0.1170423117714094,Bayesian Ridge
0_Wavelet absolute mean_27777777.78Hz,14,0.0983541252940795,Bayesian Ridge
0_Absolute energy,15,0.0497280252769741,Bayesian Ridge
0_LPCC_0,16,0.044714745610054,Bayesian Ridge
0_Interquartile range,17,0.0411376131682153,Bayesian Ridge
0_Wavelet energy_125000000.0Hz,18,0.0389298738208812,Bayesian Ridge
0_Spectral variation,19,0.032169195233417,Bayesian Ridge
0_Autocorrelation,20,0.026892038891266,Bayesian Ridge
0_MFCC_10,21,0.0201222473569263,Bayesian Ridge
0_Wavelet entropy,22,0.0185913057292242,Bayesian Ridge
0_Entropy,23,0.0185893875787008,Bayesian Ridge
0_Wavelet absolute mean_125000000.0Hz,24,0.0089772582709848,Bayesian Ridge
0_Median frequency,25,0.0053656683597514,Bayesian Ridge
0_MFCC_8,26,0.0053623132885027,Bayesian Ridge
0_Spectral entropy,27,0.0050201597132094,Bayesian Ridge
0_Power bandwidth,28,0.00400310006559,Bayesian Ridge
0_Spectral roll-on,29,0.0038240283019185,Bayesian Ridge
0_LPCC_1,30,0.0036290194366948,Bayesian Ridge
0_Maximum frequency,31,0.0027888035438679,Bayesian Ridge
0_LPCC_5,32,0.0010905560638293,Bayesian Ridge
0_Spectral positive turning points,33,0.0008499225417865,Bayesian Ridge
0_Mean diff,34,0.0007068263530596,Bayesian Ridge
0_Zero crossing rate,35,0.0003813632324014,Bayesian Ridge
0_Fundamental frequency,36,0.0001427015254184,Bayesian Ridge
0_Neighbourhood peaks,37,4.777056825442827e-05,Bayesian Ridge
0_Histogram mode,38,1.833950814020676e-05,Bayesian Ridge
0_Median absolute diff,39,5.239416144540894e-06,Bayesian Ridge
0_Median diff,40,0.0,Bayesian Ridge
0_Negative turning points,41,-2.573586263280081e-05,Bayesian Ridge
0_LPCC_6,42,-0.0002902823988727,Bayesian Ridge
0_Peak to peak distance,1,0.5598148568471273,XGBoost
0_Autocorrelation,2,0.230630403359731,XGBoost
0_Spectral entropy,3,0.2251497181256612,XGBoost
0_Interquartile range,4,0.0304558499654134,XGBoost
0_Absolute energy,5,0.0171435546875,XGBoost
0_Entropy,6,0.0105146725972493,XGBoost
0_Spectral variation,7,0.0065743136405944,XGBoost
0_Mean diff,8,0.0055037037531534,XGBoost
0_Wavelet absolute mean_125000000.0Hz,9,0.0036361726125081,XGBoost
0_Wavelet entropy,10,0.0019647518793741,XGBoost
0_Histogram mode,11,0.001861294110616,XGBoost
0_Wavelet energy_125000000.0Hz,12,0.0016946768760681,XGBoost
0_Slope,13,0.0012427139282226,XGBoost
0_Fundamental frequency,14,0.0009855262438456,XGBoost
0_ECDF Percentile_1,15,0.0008687710762023,XGBoost
0_MFCC_9,16,0.0007562708854675,XGBoost
0_MFCC_8,17,0.0006061347325642,XGBoost
0_Median absolute diff,18,0.0004475220044453,XGBoost
0_Max,19,0.0003571271896362,XGBoost
0_LPCC_1,20,0.0002807688713073,XGBoost
0_LPCC_6,21,0.0002639325459798,XGBoost
0_LPCC_0,22,0.0002479990323384,XGBoost
0_MFCC_11,23,0.0002199546496073,XGBoost
0_Spectral decrease,24,0.0002087783813476,XGBoost
0_MFCC_10,25,9.865919748942056e-05,XGBoost
0_Wavelet absolute mean_27777777.78Hz,26,8.96461804707845e-05,XGBoost
0_Spectral positive turning points,27,6.344000498453776e-05,XGBoost
0_MFCC_5,28,6.261746088663737e-05,XGBoost
0_Neighbourhood peaks,29,4.433870315551758e-05,XGBoost
0_Median,30,3.1445821126302086e-05,XGBoost
0_Median frequency,31,2.454519271850586e-05,XGBoost
0_Negative turning points,32,1.8881956736246743e-05,XGBoost
0_Spectral roll-on,33,0.0,XGBoost
0_Median diff,34,0.0,XGBoost
0_Zero crossing rate,35,0.0,XGBoost
0_Power bandwidth,36,0.0,XGBoost
0_Maximum frequency,37,-1.17341677347819e-05,XGBoost
0_Mean,38,-6.119728088378906e-05,XGBoost
0_MFCC_0,39,-8.651574452718099e-05,XGBoost
0_MFCC_4,40,-0.0002259961764017,XGBoost
0_LPCC_5,41,-0.0003294459978739,XGBoost
0_ECDF Percentile_0,42,-0.0016380898157755,XGBoost
0_Spectral variation,1,0.1190722488190254,SVR
0_Peak to peak distance,2,0.1110886290726369,SVR
0_LPCC_0,3,0.098575404643487,SVR
0_Mean diff,4,0.0912322223379418,SVR
0_Spectral decrease,5,0.0876340466048658,SVR
0_Spectral entropy,6,0.0773817256912463,SVR
0_ECDF Percentile_0,7,0.0730051115585817,SVR
0_Median,8,0.0720383916401099,SVR
0_Wavelet absolute mean_27777777.78Hz,9,0.0680167822863336,SVR
0_Interquartile range,10,0.0640978826547253,SVR
0_Absolute energy,11,0.0470763192414419,SVR
0_Max,12,0.0436192239069553,SVR
0_Slope,13,0.0365622859615268,SVR
0_MFCC_11,14,0.034724422206794,SVR
0_Wavelet absolute mean_125000000.0Hz,15,0.0195006438314462,SVR
0_Median diff,16,0.0163692358074586,SVR
0_Autocorrelation,17,0.0158642837173754,SVR
0_Mean,18,0.0094989200319333,SVR
0_Wavelet energy_125000000.0Hz,19,0.0091920437258767,SVR
0_MFCC_9,20,0.0083751460807194,SVR
0_MFCC_4,21,0.0079876404314061,SVR
0_MFCC_5,22,0.0074349337273232,SVR
0_Maximum frequency,23,0.0049283354049813,SVR
0_Entropy,24,0.0044552055506499,SVR
0_MFCC_10,25,0.0044023383062479,SVR
0_MFCC_0,26,0.0030990194506512,SVR
0_LPCC_5,27,0.002908982658911,SVR
0_Wavelet entropy,28,0.0020529080733499,SVR
0_ECDF Percentile_1,29,0.0020362055448654,SVR
0_MFCC_8,30,0.0019777326472558,SVR
0_Median frequency,31,0.0019536511560204,SVR
0_LPCC_1,32,0.0015807044981275,SVR
0_Histogram mode,33,0.0015517758646158,SVR
0_Median absolute diff,34,0.0014180054391829,SVR
0_Fundamental frequency,35,0.0012114705734443,SVR
0_Zero crossing rate,36,0.0011750168080947,SVR
0_Spectral roll-on,37,0.001029806652295,SVR
0_Spectral positive turning points,38,0.0008213589155835,SVR
0_Negative turning points,39,0.0007653052026398,SVR
0_Power bandwidth,40,0.000561764683909,SVR
0_LPCC_6,41,0.0004044420741898,SVR
0_Neighbourhood peaks,42,0.0002499240985359,SVR
0_Peak to peak distance,1,0.150216401801323,Random Forest
0_Spectral entropy,2,0.0784366801669137,Random Forest
0_Absolute energy,3,0.0379849229305362,Random Forest
0_Spectral variation,4,0.0355585562512319,Random Forest
0_Autocorrelation,5,0.0347554531575648,Random Forest
0_Interquartile range,6,0.0197785016346531,Random Forest
0_Entropy,7,0.0139417543897459,Random Forest
0_Histogram mode,8,0.0138561107043876,Random Forest
0_Wavelet energy_125000000.0Hz,9,0.0128239701914745,Random Forest
0_Wavelet absolute mean_125000000.0Hz,10,0.0077925426621196,Random Forest
0_ECDF Percentile_0,11,0.0067061798569695,Random Forest
0_MFCC_11,12,0.0060618256368446,Random Forest
0_LPCC_0,13,0.0058356837976857,Random Forest
0_Slope,14,0.0052882386566756,Random Forest
0_Mean diff,15,0.0047303931429406,Random Forest
0_Fundamental frequency,16,0.0034596810976395,Random Forest
0_MFCC_8,17,0.0030888552570232,Random Forest
0_ECDF Percentile_1,18,0.0024071603819292,Random Forest
0_MFCC_10,19,0.0019942481177624,Random Forest
0_Wavelet entropy,20,0.0018783630483093,Random Forest
0_Wavelet absolute mean_27777777.78Hz,21,0.0018125080135988,Random Forest
0_Maximum frequency,22,0.0015799485300893,Random Forest
0_Median frequency,23,0.0015046440761778,Random Forest
0_MFCC_9,24,0.0013872380486314,Random Forest
0_MFCC_0,25,0.0012778684925492,Random Forest
0_MFCC_5,26,0.0010052135191789,Random Forest
0_LPCC_1,27,0.0008813848152882,Random Forest
0_LPCC_5,28,0.0007824995142647,Random Forest
0_LPCC_6,29,0.0006379099136531,Random Forest
0_Zero crossing rate,30,0.000605482010575,Random Forest
0_Median,31,0.0005089927414727,Random Forest
0_MFCC_4,32,0.0001704245938025,Random Forest
0_Max,33,0.0001291665670385,Random Forest
0_Spectral positive turning points,34,0.0001176157282041,Random Forest
0_Median absolute diff,35,2.2148822578367995e-05,Random Forest
0_Power bandwidth,36,8.807670534605924e-06,Random Forest
0_Median diff,37,-2.6645352591003762e-17,Random Forest
0_Neighbourhood peaks,38,-4.301484221900983e-06,Random Forest
0_Negative turning points,39,-1.5694639358538134e-05,Random Forest
0_Spectral roll-on,40,-4.2968269458028745e-05,Random Forest
0_Spectral decrease,41,-0.0004113819238244,Random Forest
0_Mean,42,-0.0004991441873621,Random Forest
0_Peak to peak distance,1,2.0551192700305,Bayesian Ridge
0_MFCC_4,2,1.9820216906473864,Bayesian Ridge
0_ECDF Percentile_0,3,1.156529240099531,Bayesian Ridge
0_MFCC_5,4,1.0327516934703944,Bayesian Ridge
0_Max,5,0.5297726309704031,Bayesian Ridge
0_MFCC_9,6,0.5116759331321775,Bayesian Ridge
0_Mean,7,0.5110268569526034,Bayesian Ridge
0_Slope,8,0.311686659021424,Bayesian Ridge
0_MFCC_11,9,0.266847172967713,Bayesian Ridge
0_Median,10,0.227648745789081,Bayesian Ridge
0_MFCC_0,11,0.2096192602059792,Bayesian Ridge
0_ECDF Percentile_1,12,0.1883991593585792,Bayesian Ridge
0_Spectral decrease,13,0.1355984693424234,Bayesian Ridge
0_Wavelet absolute mean_27777777.78Hz,14,0.0607172134122228,Bayesian Ridge
0_MFCC_10,15,0.0505668972831614,Bayesian Ridge
0_LPCC_0,16,0.050431688880567,Bayesian Ridge
0_MFCC_8,17,0.0377526592584735,Bayesian Ridge
0_Interquartile range,18,0.0372907145113031,Bayesian Ridge
0_Entropy,19,0.02848050443687,Bayesian Ridge
0_Absolute energy,20,0.0262749561688897,Bayesian Ridge
0_Autocorrelation,21,0.0240065946588093,Bayesian Ridge
0_Spectral variation,22,0.023657566767473,Bayesian Ridge
0_Wavelet entropy,23,0.0204563305889105,Bayesian Ridge
0_Spectral entropy,24,0.0168697567387493,Bayesian Ridge
0_Mean diff,25,0.0142105263798985,Bayesian Ridge
0_Power bandwidth,26,0.0139317300703021,Bayesian Ridge
0_Wavelet energy_125000000.0Hz,27,0.0086104739537153,Bayesian Ridge
0_Median diff,28,0.0056019418125896,Bayesian Ridge
0_Median frequency,29,0.0043457442968305,Bayesian Ridge
0_Spectral roll-on,30,0.0042590927494411,Bayesian Ridge
0_LPCC_1,31,0.0016282645155028,Bayesian Ridge
0_LPCC_5,32,0.0008576519576653,Bayesian Ridge
0_Wavelet absolute mean_125000000.0Hz,33,0.0005111469348151,Bayesian Ridge
0_Zero crossing rate,34,0.0004777984591439,Bayesian Ridge
0_Spectral positive turning points,35,0.0004123545859168,Bayesian Ridge
0_Maximum frequency,36,0.000239459230943,Bayesian Ridge
0_Median absolute diff,37,0.0001092294724259,Bayesian Ridge
0_Negative turning points,38,8.833632357003444e-05,Bayesian Ridge
0_Histogram mode,39,6.296959538295195e-05,Bayesian Ridge
0_Fundamental frequency,40,5.681904886300604e-05,Bayesian Ridge
0_LPCC_6,41,4.332401201601795e-05,Bayesian Ridge
0_Neighbourhood peaks,42,2.0244890436963795e-05,Bayesian Ridge
0_Peak to peak distance,1,0.6432572770118713,XGBoost
0_Spectral entropy,2,0.2481970953941345,XGBoost
0_Autocorrelation,3,0.1253567616144816,XGBoost
0_Interquartile range,4,0.0178381546338399,XGBoost
0_Absolute energy,5,0.0111871282259623,XGBoost
0_Entropy,6,0.0101960897445678,XGBoost
0_Spectral variation,7,0.0088540108998616,XGBoost
0_Slope,8,0.0077178104718526,XGBoost
0_Max,9,0.0054424556096394,XGBoost
0_Mean diff,10,0.0043752368291219,XGBoost
0_Histogram mode,11,0.0026975679397583,XGBoost
0_Median absolute diff,12,0.001379341284434,XGBoost
0_Fundamental frequency,13,0.0011188538869222,XGBoost
0_MFCC_9,14,0.000997765858968,XGBoost
0_LPCC_0,15,0.0009808643658955,XGBoost
0_MFCC_5,16,0.0009414466222127,XGBoost
0_LPCC_6,17,0.0007220562299092,XGBoost
0_LPCC_1,18,0.0005774195988972,XGBoost
0_ECDF Percentile_0,19,0.0005165918668111,XGBoost
0_MFCC_0,20,0.0005028502146402,XGBoost
0_Wavelet entropy,21,0.0004834699630737,XGBoost
0_Wavelet absolute mean_125000000.0Hz,22,0.0004771844546,XGBoost
0_MFCC_10,23,0.0002747329076131,XGBoost
0_Wavelet energy_125000000.0Hz,24,0.0002381134033203,XGBoost
0_MFCC_8,25,0.0002046187718709,XGBoost
0_Spectral positive turning points,26,8.646011352539062e-05,XGBoost
0_Maximum frequency,27,7.474104563395183e-05,XGBoost
0_Zero crossing rate,28,6.310224533081055e-05,XGBoost
0_Median frequency,29,3.698587417602539e-05,XGBoost
0_Neighbourhood peaks,30,2.5657018025716145e-05,XGBoost
0_Spectral roll-on,31,0.0,XGBoost
0_Median diff,32,0.0,XGBoost
0_Power bandwidth,33,0.0,XGBoost
0_Negative turning points,34,-5.216836929321289e-05,XGBoost
0_Median,35,-6.556987762451171e-05,XGBoost
0_LPCC_5,36,-9.179353713989258e-05,XGBoost
0_Mean,37,-0.0001444379488627,XGBoost
0_Wavelet absolute mean_27777777.78Hz,38,-0.0001612440745035,XGBoost
0_Spectral decrease,39,-0.0002076864242553,XGBoost
0_ECDF Percentile_1,40,-0.0002100332578023,XGBoost
0_MFCC_4,41,-0.0002873833974202,XGBoost
0_MFCC_11,42,-0.0003820824623107,XGBoost
0_Spectral entropy,1,0.1358892877502772,SVR
0_Interquartile range,2,0.0927080939166509,SVR
0_Peak to peak distance,3,0.0848839113384979,SVR
0_LPCC_0,4,0.0723988053865395,SVR
0_ECDF Percentile_0,5,0.0712809323693907,SVR
0_Spectral variation,6,0.0699254353285202,SVR
0_Spectral decrease,7,0.0689234310972011,SVR
0_Absolute energy,8,0.0667781853185379,SVR
0_Median,9,0.0568464217362103,SVR
0_Mean diff,10,0.0517060946160002,SVR
0_Slope,11,0.0408845725602015,SVR
0_Wavelet absolute mean_27777777.78Hz,12,0.0405857570950794,SVR
0_Max,13,0.0365106353857458,SVR
0_MFCC_11,14,0.0311358181779537,SVR
0_Autocorrelation,15,0.0182833655003721,SVR
0_Wavelet absolute mean_125000000.0Hz,16,0.0149479235692411,SVR
0_MFCC_5,17,0.0133835557415226,SVR
0_Mean,18,0.0125732141670027,SVR
0_MFCC_10,19,0.0117953031623936,SVR
0_Wavelet entropy,20,0.0115545485638878,SVR
0_MFCC_9,21,0.0093533778161649,SVR
0_Maximum frequency,22,0.0054487038992885,SVR
0_MFCC_4,23,0.005199494897768,SVR
0_LPCC_1,24,0.0036160374120593,SVR
0_MFCC_0,25,0.003489712171415,SVR
0_Median frequency,26,0.0022389085486524,SVR
0_Wavelet energy_125000000.0Hz,27,0.001976608911133,SVR
0_Histogram mode,28,0.0019553348613239,SVR
0_Spectral positive turning points,29,0.0017034498062876,SVR
0_Median absolute diff,30,0.0014762993468189,SVR
0_MFCC_8,31,0.0013593260180062,SVR
0_Fundamental frequency,32,0.0012793652780922,SVR
0_LPCC_6,33,0.0011824145083222,SVR
0_Zero crossing rate,34,0.0011568094688662,SVR
0_ECDF Percentile_1,35,0.0009843384155542,SVR
0_Spectral roll-on,36,0.0008926309396938,SVR
0_LPCC_5,37,0.0006732703480684,SVR
0_Negative turning points,38,0.0002436048285783,SVR
0_Power bandwidth,39,0.0001007475117245,SVR
0_Neighbourhood peaks,40,4.689864708331992e-05,SVR
0_Median diff,41,0.0,SVR
0_Entropy,42,-0.0003124495111555,SVR
0_Peak to peak distance,1,0.1647849038547837,Random Forest
0_Spectral entropy,2,0.0800896029538067,Random Forest
0_Absolute energy,3,0.0451642892424327,Random Forest
0_Autocorrelation,4,0.0341052328503072,Random Forest
0_Interquartile range,5,0.0277956490185179,Random Forest
0_Spectral variation,6,0.0266631554195057,Random Forest
0_Entropy,7,0.019288117405211,Random Forest
0_Histogram mode,8,0.0142426195511147,Random Forest
0_Wavelet energy_125000000.0Hz,9,0.0131262587844866,Random Forest
0_ECDF Percentile_0,10,0.0098142938803268,Random Forest
0_Wavelet absolute mean_125000000.0Hz,11,0.0087248100008825,Random Forest
0_MFCC_11,12,0.0078990718902966,Random Forest
0_Slope,13,0.0054020001077751,Random Forest
0_Mean diff,14,0.0048148307832436,Random Forest
0_Fundamental frequency,15,0.0044885916681034,Random Forest
0_MFCC_8,16,0.0039875339695278,Random Forest
0_Wavelet absolute mean_27777777.78Hz,17,0.0038293391693039,Random Forest
0_LPCC_0,18,0.003502881061879,Random Forest
0_ECDF Percentile_1,19,0.0034884858219364,Random Forest
0_MFCC_9,20,0.0028466093743724,Random Forest
0_MFCC_0,21,0.0027782253713305,Random Forest
0_MFCC_10,22,0.002292162315323,Random Forest
0_Median frequency,23,0.0016904953951968,Random Forest
0_Spectral decrease,24,0.001622249217749,Random Forest
0_Median,25,0.0015602936264329,Random Forest
0_MFCC_5,26,0.0015409563818734,Random Forest
0_Maximum frequency,27,0.0014194965128546,Random Forest
0_Zero crossing rate,28,0.001343319926379,Random Forest
0_Max,29,0.0011192463714765,Random Forest
0_Wavelet entropy,30,0.0010054870841627,Random Forest
0_Mean,31,0.000919191699703,Random Forest
0_LPCC_1,32,0.000862578359857,Random Forest
0_LPCC_6,33,0.0004784911281726,Random Forest
0_Spectral positive turning points,34,0.0002899131614825,Random Forest
0_LPCC_5,35,0.0002328003004793,Random Forest
0_Spectral roll-on,36,0.0001662261595819,Random Forest
0_MFCC_4,37,0.0001635611733137,Random Forest
0_Median absolute diff,38,9.248195900809423e-05,Random Forest
0_Power bandwidth,39,3.629420728498811e-05,Random Forest
0_Negative turning points,40,2.3463059508451364e-05,Random Forest
0_Median diff,41,-2.960594732333752e-18,Random Forest
0_Neighbourhood peaks,42,-5.754579339383614e-05,Random Forest
0_MFCC_4,1,2.209614176789184,Bayesian Ridge
0_Peak to peak distance,2,1.4177799575703909,Bayesian Ridge
0_ECDF Percentile_0,3,1.23132723239946,Bayesian Ridge
0_MFCC_5,4,0.7625288967513473,Bayesian Ridge
0_MFCC_11,5,0.5152371624670676,Bayesian Ridge
0_Max,6,0.4328681961548676,Bayesian Ridge
0_Mean,7,0.4077704629557438,Bayesian Ridge
0_Slope,8,0.3762274642996444,Bayesian Ridge
0_MFCC_9,9,0.3252026849697867,Bayesian Ridge
0_Median,10,0.2632707272235955,Bayesian Ridge
0_MFCC_0,11,0.1610460653283628,Bayesian Ridge
0_ECDF Percentile_1,12,0.1355970612409442,Bayesian Ridge
0_Spectral decrease,13,0.085966184716864,Bayesian Ridge
0_Interquartile range,14,0.0660324488499704,Bayesian Ridge
0_MFCC_8,15,0.0603023407822611,Bayesian Ridge
0_Wavelet absolute mean_27777777.78Hz,16,0.0291126763242765,Bayesian Ridge
0_LPCC_0,17,0.0287749948161556,Bayesian Ridge
0_Autocorrelation,18,0.0263335798210431,Bayesian Ridge
0_Wavelet energy_125000000.0Hz,19,0.0201265374401993,Bayesian Ridge
0_Wavelet entropy,20,0.0194207908404758,Bayesian Ridge
0_Spectral variation,21,0.0189467524581189,Bayesian Ridge
0_Entropy,22,0.0177723997228775,Bayesian Ridge
0_Spectral entropy,23,0.0147608044522121,Bayesian Ridge
0_MFCC_10,24,0.0123083522684199,Bayesian Ridge
0_Absolute energy,25,0.0040630163608128,Bayesian Ridge
0_Wavelet absolute mean_125000000.0Hz,26,0.0026781362116226,Bayesian Ridge
0_Power bandwidth,27,0.0021315672395587,Bayesian Ridge
0_Median frequency,28,0.0019975118533871,Bayesian Ridge
0_Spectral roll-on,29,0.0017748590136619,Bayesian Ridge
0_Zero crossing rate,30,0.0016032851167874,Bayesian Ridge
0_Mean diff,31,0.0014484696815585,Bayesian Ridge
0_LPCC_1,32,0.0013568350959485,Bayesian Ridge
0_Spectral positive turning points,33,0.0007118631166858,Bayesian Ridge
0_Fundamental frequency,34,0.0006200446796952,Bayesian Ridge
0_LPCC_5,35,0.0003352009145588,Bayesian Ridge
0_Maximum frequency,36,0.0002193123867334,Bayesian Ridge
0_Median absolute diff,37,0.0001634364506906,Bayesian Ridge
0_Median diff,38,0.0,Bayesian Ridge
0_Negative turning points,39,-7.388755806386242e-05,Bayesian Ridge
0_Neighbourhood peaks,40,-0.0001164475935309,Bayesian Ridge
0_LPCC_6,41,-0.0002007128962315,Bayesian Ridge
0_Histogram mode,42,-0.0010644046380656,Bayesian Ridge
0_Peak to peak distance,1,0.6250993037223815,XGBoost
0_Spectral entropy,2,0.2566209189097087,XGBoost
0_Autocorrelation,3,0.1104567694664001,XGBoost
0_Interquartile range,4,0.0082625269889831,XGBoost
0_Mean diff,5,0.0078037921587626,XGBoost
0_Spectral variation,6,0.0062338312466939,XGBoost
0_Absolute energy,7,0.0045163329442342,XGBoost
0_Entropy,8,0.0029211020469665,XGBoost
0_Histogram mode,9,0.002170406182607,XGBoost
0_Fundamental frequency,10,0.0018190415700276,XGBoost
0_Slope,11,0.0013892952601114,XGBoost
0_Wavelet absolute mean_125000000.0Hz,12,0.0013638599713643,XGBoost
0_Wavelet energy_125000000.0Hz,13,0.0010934551556905,XGBoost
0_MFCC_11,14,0.0010181538263956,XGBoost
0_Max,15,0.00083469470342,XGBoost
0_MFCC_5,16,0.0004930774370829,XGBoost
0_MFCC_8,17,0.0004142300287882,XGBoost
0_Spectral decrease,18,0.000412897268931,XGBoost
0_ECDF Percentile_1,19,0.0003866457939147,XGBoost
0_MFCC_9,20,0.0003325176239013,XGBoost
0_LPCC_1,21,0.0002683679262797,XGBoost
0_Spectral positive turning points,22,0.0002278463045756,XGBoost
0_Zero crossing rate,23,0.0002242970466613,XGBoost
0_MFCC_4,24,0.0001705916722615,XGBoost
0_Median,25,0.0001391172409057,XGBoost
0_Mean,26,0.0001142040888468,XGBoost
0_Wavelet absolute mean_27777777.78Hz,27,0.0001047738393147,XGBoost
0_Negative turning points,28,8.410453796386719e-05,XGBoost
0_Neighbourhood peaks,29,6.738026936848959e-05,XGBoost
0_Maximum frequency,30,6.392081578572592e-05,XGBoost
0_MFCC_0,31,5.714178085327148e-05,XGBoost
0_Median frequency,32,3.2291412353515624e-05,XGBoost
0_Median absolute diff,33,0.0,XGBoost
0_Power bandwidth,34,0.0,XGBoost
0_Spectral roll-on,35,0.0,XGBoost
0_Median diff,36,0.0,XGBoost
0_LPCC_5,37,-3.3380985260009763e-05,XGBoost
0_LPCC_0,38,-4.2413870493570966e-05,XGBoost
0_MFCC_10,39,-0.0002210426330566,XGBoost
0_LPCC_6,40,-0.0003256154060363,XGBoost
0_ECDF Percentile_0,41,-0.0007557972272237,XGBoost
0_Wavelet entropy,42,-0.0011827158927917,XGBoost
0_Peak to peak distance,1,0.1287427342241857,SVR
0_Spectral entropy,2,0.1088869223623205,SVR
0_ECDF Percentile_0,3,0.096249234234029,SVR
0_Spectral variation,4,0.0933131270298158,SVR
0_Spectral decrease,5,0.0855977254418159,SVR
0_Median,6,0.0820476256187446,SVR
0_Wavelet absolute mean_27777777.78Hz,7,0.077653327010846,SVR
0_LPCC_0,8,0.0679686863232582,SVR
0_Interquartile range,9,0.0666629053997796,SVR
0_Mean diff,10,0.065295793597512,SVR
0_Max,11,0.059042440916226,SVR
0_Absolute energy,12,0.0460221635502973,SVR
0_MFCC_11,13,0.0323848674547171,SVR
0_Slope,14,0.0321295401748673,SVR
0_Mean,15,0.016429571754072,SVR
0_Autocorrelation,16,0.0136071528773611,SVR
0_Wavelet absolute mean_125000000.0Hz,17,0.0124757530910795,SVR
0_MFCC_9,18,0.0115812980122672,SVR
0_MFCC_5,19,0.0115517751876793,SVR
0_MFCC_10,20,0.0058049993866895,SVR
0_Maximum frequency,21,0.0048626476933517,SVR
0_Median diff,22,0.0042504800169217,SVR
0_ECDF Percentile_1,23,0.0037886120262521,SVR
0_Median absolute diff,24,0.0037044652111954,SVR
0_MFCC_0,25,0.0036621374307637,SVR
0_Wavelet energy_125000000.0Hz,26,0.0035830529708109,SVR
0_MFCC_8,27,0.0034806765850815,SVR
0_Spectral roll-on,28,0.0034180082703053,SVR
0_Wavelet entropy,29,0.0029935840660911,SVR
0_Median frequency,30,0.0013143672243513,SVR
0_MFCC_4,31,0.001222547914132,SVR
0_LPCC_1,32,0.0011145333691694,SVR
0_Entropy,33,0.0009586193092518,SVR
0_Spectral positive turning points,34,0.0009457900779312,SVR
0_Zero crossing rate,35,0.000761446210963,SVR
0_Fundamental frequency,36,0.0006062032533757,SVR
0_LPCC_6,37,0.0001903127841007,SVR
0_LPCC_5,38,-7.19308285170639e-05,SVR
0_Histogram mode,39,-0.0001157216032593,SVR
0_Power bandwidth,40,-0.0002136660781782,SVR
0_Neighbourhood peaks,41,-0.0005259543754193,SVR
0_Negative turning points,42,-0.0007189642180592,SVR
0_Peak to peak distance,1,0.2039709513423712,Random Forest
0_Spectral entropy,2,0.077006718676218,Random Forest
0_Absolute energy,3,0.0497425485959533,Random Forest
0_Autocorrelation,4,0.0309198996579113,Random Forest
0_Spectral variation,5,0.0301740062601339,Random Forest
0_Entropy,6,0.0300522448665104,Random Forest
0_Wavelet energy_125000000.0Hz,7,0.0252601516841972,Random Forest
0_Interquartile range,8,0.0231025440842319,Random Forest
0_Histogram mode,9,0.0185906113243618,Random Forest
0_ECDF Percentile_0,10,0.0148165113130396,Random Forest
0_Slope,11,0.0099624786787867,Random Forest
0_Wavelet absolute mean_125000000.0Hz,12,0.0083561425548106,Random Forest
0_LPCC_0,13,0.0066589334847763,Random Forest
0_MFCC_11,14,0.0059623817708638,Random Forest
0_MFCC_9,15,0.0052348347679929,Random Forest
0_Mean diff,16,0.0048843784101971,Random Forest
0_MFCC_8,17,0.0037541410812194,Random Forest
0_Wavelet absolute mean_27777777.78Hz,18,0.0034434183274406,Random Forest
0_ECDF Percentile_1,19,0.0029081290960083,Random Forest
0_Maximum frequency,20,0.0024936670460098,Random Forest
0_Wavelet entropy,21,0.0023003847447207,Random Forest
0_Fundamental frequency,22,0.0020678876728101,Random Forest
0_Median,23,0.0019162566440088,Random Forest
0_MFCC_0,24,0.0017857184905012,Random Forest
0_Max,25,0.0017407428823341,Random Forest
0_Spectral decrease,26,0.0014666609669859,Random Forest
0_MFCC_5,27,0.0011728238532395,Random Forest
0_MFCC_10,28,0.0010458088406352,Random Forest
0_MFCC_4,29,0.000944711188993,Random Forest
0_LPCC_5,30,0.0007806945072632,Random Forest
0_Zero crossing rate,31,0.000739786015375,Random Forest
0_Median frequency,32,0.0007039497916677,Random Forest
0_Spectral positive turning points,33,0.000295553784068,Random Forest
0_LPCC_1,34,0.0001149435839346,Random Forest
0_Negative turning points,35,9.166635542812609e-05,Random Forest
0_Median absolute diff,36,9.09327891710839e-05,Random Forest
0_Power bandwidth,37,7.77499497912985e-05,Random Forest
0_Neighbourhood peaks,38,3.0244274198379568e-05,Random Forest
0_Mean,39,1.5272185956587414e-05,Random Forest
0_Spectral roll-on,40,9.632941027584905e-06,Random Forest
0_Median diff,41,2.960594732333752e-18,Random Forest
0_LPCC_6,42,-0.0001268536355846,Random Forest
0_ECDF Percentile_0,1,1.5745427930727351,Bayesian Ridge
0_MFCC_4,2,1.44483766783666,Bayesian Ridge
0_Peak to peak distance,3,1.44441630953572,Bayesian Ridge
0_MFCC_5,4,0.832665395479686,Bayesian Ridge
0_MFCC_11,5,0.5618453033241531,Bayesian Ridge
0_Max,6,0.468914502420276,Bayesian Ridge
0_Median,7,0.3332483340982514,Bayesian Ridge
0_Slope,8,0.2989117803741224,Bayesian Ridge
0_Mean,9,0.2582964446172486,Bayesian Ridge
0_MFCC_0,10,0.2452519527077618,Bayesian Ridge
0_ECDF Percentile_1,11,0.1574619698270879,Bayesian Ridge
0_MFCC_9,12,0.1489209476173431,Bayesian Ridge
0_Spectral decrease,13,0.1092279168835872,Bayesian Ridge
0_Interquartile range,14,0.0632168778802879,Bayesian Ridge
0_Wavelet absolute mean_27777777.78Hz,15,0.0563087312512421,Bayesian Ridge
0_Absolute energy,16,0.0453173736361923,Bayesian Ridge
0_MFCC_8,17,0.0375938976304719,Bayesian Ridge
0_Wavelet entropy,18,0.0336706881273504,Bayesian Ridge
0_Spectral entropy,19,0.0268583660896919,Bayesian Ridge
0_Mean diff,20,0.0266465796694652,Bayesian Ridge
0_Entropy,21,0.0178415827277056,Bayesian Ridge
0_Autocorrelation,22,0.0130836393948837,Bayesian Ridge
0_Wavelet energy_125000000.0Hz,23,0.0122474392037252,Bayesian Ridge
0_LPCC_0,24,0.0077731304172356,Bayesian Ridge
0_LPCC_1,25,0.0037575023895468,Bayesian Ridge
0_Power bandwidth,26,0.0034956772445598,Bayesian Ridge
0_Spectral variation,27,0.0025099014733001,Bayesian Ridge
0_Median frequency,28,0.0023753510585456,Bayesian Ridge
0_Spectral roll-on,29,0.0020400944363779,Bayesian Ridge
0_Median diff,30,0.0019616151624362,Bayesian Ridge
0_Wavelet absolute mean_125000000.0Hz,31,0.0012984762705618,Bayesian Ridge
0_MFCC_10,32,0.0008309217874357,Bayesian Ridge
0_Spectral positive turning points,33,0.0006393675432389,Bayesian Ridge
0_Negative turning points,34,0.000609951481865,Bayesian Ridge
0_Zero crossing rate,35,0.0003409179694125,Bayesian Ridge
0_Maximum frequency,36,0.0003050759843691,Bayesian Ridge
0_Neighbourhood peaks,37,0.0002741390617124,Bayesian Ridge
0_Fundamental frequency,38,7.158729900988092e-05,Bayesian Ridge
0_Histogram mode,39,6.750036800527475e-05,Bayesian Ridge
0_LPCC_5,40,4.05373813511926e-05,Bayesian Ridge
0_LPCC_6,41,-0.0002626178557723,Bayesian Ridge
0_Median absolute diff,42,-0.0005928228648354,Bayesian Ridge
0_Peak to peak distance,1,0.8644514966011048,XGBoost
0_Spectral entropy,2,0.2556556971867879,XGBoost
0_Autocorrelation,3,0.1792389822006225,XGBoost
0_Interquartile range,4,0.0180587871869405,XGBoost
0_Entropy,5,0.0076945010821024,XGBoost
0_Spectral variation,6,0.0057627336184183,XGBoost
0_Mean diff,7,0.003729174931844,XGBoost
0_Max,8,0.0024483386675516,XGBoost
0_Histogram mode,9,0.0021341602007548,XGBoost
0_Wavelet energy_125000000.0Hz,10,0.0020356059074401,XGBoost
0_LPCC_0,11,0.0013494809468587,XGBoost
0_Slope,12,0.0012467320760091,XGBoost
0_MFCC_9,13,0.0011971775690714,XGBoost
0_Fundamental frequency,14,0.0010968963305155,XGBoost
0_MFCC_10,15,0.0008642466862996,XGBoost
0_MFCC_8,16,0.0006594777107238,XGBoost
0_Wavelet entropy,17,0.0006534584363301,XGBoost
0_Wavelet absolute mean_125000000.0Hz,18,0.0005518706639607,XGBoost
0_MFCC_11,19,0.0005222256978352,XGBoost
0_Absolute energy,20,0.0005186661084493,XGBoost
0_MFCC_0,21,0.0003844237327575,XGBoost
0_Spectral positive turning points,22,0.0003329634666442,XGBoost
0_Zero crossing rate,23,0.000205054283142,XGBoost
0_LPCC_5,24,0.000193064212799,XGBoost
0_LPCC_1,25,0.0001829719543457,XGBoost
0_MFCC_5,26,0.0001655546824137,XGBoost
0_Mean,27,0.0001379299163818,XGBoost
0_Wavelet absolute mean_27777777.78Hz,28,0.000130394299825,XGBoost
0_ECDF Percentile_0,29,0.0001036437352498,XGBoost
0_Median diff,30,0.0001003837585449,XGBoost
0_Spectral decrease,31,7.237593332926432e-05,XGBoost
0_ECDF Percentile_1,32,5.345821380615234e-05,XGBoost
0_Median,33,4.493316014607748e-05,XGBoost
0_Negative turning points,34,3.7557284037272136e-05,XGBoost
0_Maximum frequency,35,3.721078236897786e-05,XGBoost
0_Median absolute diff,36,1.9260247548421224e-05,XGBoost
0_Power bandwidth,37,0.0,XGBoost
0_Spectral roll-on,38,0.0,XGBoost
0_Median frequency,39,-1.085360844930013e-05,XGBoost
0_MFCC_4,40,-3.922939300537109e-05,XGBoost
0_LPCC_6,41,-4.008134206136068e-05,XGBoost
0_Neighbourhood peaks,42,-0.0001024770736694,XGBoost
0_Spectral entropy,1,0.1102606052686557,SVR
0_Peak to peak distance,2,0.1097261255758409,SVR
0_Median,3,0.099391697294078,SVR
0_Spectral decrease,4,0.0980969431494531,SVR
0_Spectral variation,5,0.0864691033183335,SVR
0_Wavelet absolute mean_27777777.78Hz,6,0.0854929781778146,SVR
0_ECDF Percentile_0,7,0.0812755442585919,SVR
0_LPCC_0,8,0.0777341959615926,SVR
0_Interquartile range,9,0.0652280442915157,SVR
0_Mean diff,10,0.0566985705398331,SVR
0_Max,11,0.0565315455516297,SVR
0_Absolute energy,12,0.0462015280120817,SVR
0_Slope,13,0.0311776814045692,SVR
0_MFCC_11,14,0.0282659127071357,SVR
0_Mean,15,0.0231606303474315,SVR
0_Autocorrelation,16,0.0166132831501342,SVR
0_Wavelet absolute mean_125000000.0Hz,17,0.0146774305111848,SVR
0_MFCC_5,18,0.0143314419311047,SVR
0_Wavelet entropy,19,0.0134565922265345,SVR
0_Wavelet energy_125000000.0Hz,20,0.0107947048559544,SVR
0_MFCC_9,21,0.0107646377686719,SVR
0_ECDF Percentile_1,22,0.0101670166782188,SVR
0_Maximum frequency,23,0.0064210179892817,SVR
0_MFCC_10,24,0.006128325638215,SVR
0_MFCC_0,25,0.0048993347922112,SVR
0_LPCC_1,26,0.0038790588522445,SVR
0_Median absolute diff,27,0.0027493318515426,SVR
0_Zero crossing rate,28,0.0020498621373051,SVR
0_Histogram mode,29,0.0018894187690361,SVR
0_MFCC_8,30,0.0015860587897884,SVR
0_Fundamental frequency,31,0.0014666346172824,SVR
0_MFCC_4,32,0.0012092459214596,SVR
0_Spectral roll-on,33,0.001181566313455,SVR
0_Median frequency,34,0.0010797785967005,SVR
0_Spectral positive turning points,35,0.0007977807285346,SVR
0_Negative turning points,36,0.0007920640803338,SVR
0_Entropy,37,0.000572385832,SVR
0_LPCC_5,38,0.0003135646993076,SVR
0_Neighbourhood peaks,39,0.0001635597058346,SVR
0_Median diff,40,0.0,SVR
0_LPCC_6,41,-6.302422664956767e-05,SVR
0_Power bandwidth,42,-0.000194736595141,SVR
0_Peak to peak distance,1,0.1478712353835567,Random Forest
0_Spectral entropy,2,0.0637102399504142,Random Forest
0_Spectral variation,3,0.0368376968281241,Random Forest
0_Autocorrelation,4,0.0367206307599403,Random Forest
0_Absolute energy,5,0.028276212709805,Random Forest
0_Entropy,6,0.0191590760455279,Random Forest
0_Interquartile range,7,0.0184671403041899,Random Forest
0_MFCC_11,8,0.0114959400877035,Random Forest
0_Histogram mode,9,0.0106238155535705,Random Forest
0_Wavelet energy_125000000.0Hz,10,0.0099912709404315,Random Forest
0_Wavelet absolute mean_125000000.0Hz,11,0.0084290201737787,Random Forest
0_Mean diff,12,0.0057473408500484,Random Forest
0_MFCC_9,13,0.0047740482272961,Random Forest
0_Slope,14,0.0042239470210792,Random Forest
0_Wavelet absolute mean_27777777.78Hz,15,0.0034142821183086,Random Forest
0_ECDF Percentile_0,16,0.0030794151874017,Random Forest
0_LPCC_0,17,0.0030377277501049,Random Forest
0_Wavelet entropy,18,0.0029648650637295,Random Forest
0_MFCC_8,19,0.0019608487553013,Random Forest
0_Fundamental frequency,20,0.0018279428935956,Random Forest
0_MFCC_10,21,0.0017487547181604,Random Forest
0_Median,22,0.0015168275117453,Random Forest
0_Maximum frequency,23,0.0014393140686513,Random Forest
0_ECDF Percentile_1,24,0.0014040066392412,Random Forest
0_Max,25,0.0013344216592935,Random Forest
0_Spectral decrease,26,0.0010455126052981,Random Forest
0_Zero crossing rate,27,0.0007014368134983,Random Forest
0_MFCC_0,28,0.0006103828187645,Random Forest
0_Median frequency,29,0.0005591206579918,Random Forest
0_MFCC_4,30,0.0005551736234169,Random Forest
0_LPCC_5,31,0.0003031159438859,Random Forest
0_LPCC_6,32,0.0002603855430333,Random Forest
0_Negative turning points,33,0.0002025209631569,Random Forest
0_LPCC_1,34,0.000188442059662,Random Forest
0_Spectral positive turning points,35,0.0001677682185926,Random Forest
0_Spectral roll-on,36,1.8255189298518698e-05,Random Forest
0_Median diff,37,0.0,Random Forest
0_Neighbourhood peaks,38,-2.194102056181535e-05,Random Forest
0_Power bandwidth,39,-3.723748955218209e-05,Random Forest
0_Mean,40,-8.687609817461972e-05,Random Forest
0_Median absolute diff,41,-0.0003307151959826,Random Forest
0_MFCC_5,42,-0.0021819090381066,Random Forest
0_Peak to peak distance,1,1.5914542010271329,Bayesian Ridge
0_MFCC_4,2,1.459653151054523,Bayesian Ridge
0_ECDF Percentile_0,3,1.2096656439609803,Bayesian Ridge
0_MFCC_5,4,0.5951372047554052,Bayesian Ridge
0_Max,5,0.5713495693068643,Bayesian Ridge
0_Mean,6,0.547689211763256,Bayesian Ridge
0_ECDF Percentile_1,7,0.3629909652185008,Bayesian Ridge
0_MFCC_9,8,0.3289986182468888,Bayesian Ridge
0_Median,9,0.3126496299617442,Bayesian Ridge
0_Slope,10,0.2988730427511278,Bayesian Ridge
0_MFCC_11,11,0.2581138445345692,Bayesian Ridge
0_Spectral decrease,12,0.1745224064358539,Bayesian Ridge
0_MFCC_0,13,0.0948135191745458,Bayesian Ridge
0_LPCC_0,14,0.0805835777682051,Bayesian Ridge
0_Interquartile range,15,0.0790910436652023,Bayesian Ridge
0_Spectral variation,16,0.0504539830108314,Bayesian Ridge
0_Wavelet absolute mean_27777777.78Hz,17,0.0477548673612179,Bayesian Ridge
0_MFCC_10,18,0.0380843210036516,Bayesian Ridge
0_Wavelet energy_125000000.0Hz,19,0.0312249977745547,Bayesian Ridge
0_MFCC_8,20,0.0214355527177654,Bayesian Ridge
0_Autocorrelation,21,0.0188020710475664,Bayesian Ridge
0_Entropy,22,0.017567505231592,Bayesian Ridge
0_Wavelet entropy,23,0.0139026523104006,Bayesian Ridge
0_Wavelet absolute mean_125000000.0Hz,24,0.0136751817470889,Bayesian Ridge
0_Absolute energy,25,0.0098464041716798,Bayesian Ridge
0_Power bandwidth,26,0.0077733529814765,Bayesian Ridge
0_Maximum frequency,27,0.007773072765644,Bayesian Ridge
0_Median frequency,28,0.0076166614419203,Bayesian Ridge
0_LPCC_1,29,0.0023646955457149,Bayesian Ridge
0_Spectral roll-on,30,0.0022303219549587,Bayesian Ridge
0_Spectral positive turning points,31,0.0012334240892236,Bayesian Ridge
0_Spectral entropy,32,0.0010626019912422,Bayesian Ridge
0_LPCC_5,33,0.0007143034558632,Bayesian Ridge
0_Zero crossing rate,34,0.0004262029729563,Bayesian Ridge
0_LPCC_6,35,0.0003107387307043,Bayesian Ridge
0_Negative turning points,36,0.0002026834952923,Bayesian Ridge
0_Mean diff,37,0.0001802649350164,Bayesian Ridge
0_Fundamental frequency,38,1.164248131397816e-05,Bayesian Ridge
0_Median diff,39,0.0,Bayesian Ridge
0_Neighbourhood peaks,40,-0.0001165416793037,Bayesian Ridge
0_Histogram mode,41,-0.000205302115587,Bayesian Ridge
0_Median absolute diff,42,-0.0010206857038308,Bayesian Ridge
0_Peak to peak distance,1,0.6602636019388834,XGBoost
0_Spectral entropy,2,0.2585542798042297,XGBoost
0_Autocorrelation,3,0.1349688013394673,XGBoost
0_Interquartile range,4,0.0255200950304667,XGBoost
0_Entropy,5,0.020146460533142,XGBoost
0_Absolute energy,6,0.0124422001838684,XGBoost
0_Spectral variation,7,0.0104206792513529,XGBoost
0_Max,8,0.0079420701662699,XGBoost
0_Mean diff,9,0.0042738588651021,XGBoost
0_Wavelet absolute mean_125000000.0Hz,10,0.0042565814654032,XGBoost
0_MFCC_9,11,0.0019054222106933,XGBoost
0_MFCC_11,12,0.0018062766393025,XGBoost
0_Fundamental frequency,13,0.0017179799079895,XGBoost
0_ECDF Percentile_0,14,0.0014357781410217,XGBoost
0_ECDF Percentile_1,15,0.0010549688339233,XGBoost
0_Histogram mode,16,0.0007596659660339,XGBoost
0_LPCC_0,17,0.000723762512207,XGBoost
0_Maximum frequency,18,0.0006104739507039,XGBoost
0_Wavelet entropy,19,0.0005743877092997,XGBoost
0_Median,20,0.000479876200358,XGBoost
0_Slope,21,0.0004300117492675,XGBoost
0_LPCC_6,22,0.0002237121264139,XGBoost
0_MFCC_8,23,0.0001280490557352,XGBoost
0_Spectral positive turning points,24,0.0001038980484008,XGBoost
0_LPCC_1,25,9.152730305989584e-05,XGBoost
0_MFCC_4,26,3.819545110066732e-05,XGBoost
0_Neighbourhood peaks,27,5.563100179036459e-07,XGBoost
0_Spectral roll-on,28,0.0,XGBoost
0_Power bandwidth,29,0.0,XGBoost
0_Zero crossing rate,30,0.0,XGBoost
0_Median diff,31,0.0,XGBoost
0_Spectral decrease,32,-8.177757263183594e-07,XGBoost
0_Negative turning points,33,-5.334218343098959e-06,XGBoost
0_Median frequency,34,-5.387465159098308e-06,XGBoost
0_LPCC_5,35,-4.475116729736328e-05,XGBoost
0_Median absolute diff,36,-5.02785046895345e-05,XGBoost
0_Mean,37,-0.000149655342102,XGBoost
0_MFCC_10,38,-0.0001514768600463,XGBoost
0_Wavelet absolute mean_27777777.78Hz,39,-0.0002171468734741,XGBoost
0_MFCC_0,40,-0.000313115119934,XGBoost
0_MFCC_5,41,-0.0005642938613891,XGBoost
0_Wavelet energy_125000000.0Hz,42,-0.0007261737187703,XGBoost
0_ECDF Percentile_0,1,0.1019968861866931,SVR
0_Spectral variation,2,0.1006971571720699,SVR
0_Median,3,0.0965048312163587,SVR
0_Peak to peak distance,4,0.0921478119549158,SVR
0_LPCC_0,5,0.084412755249768,SVR
0_Spectral entropy,6,0.0830977284023302,SVR
0_Absolute energy,7,0.0821007585632403,SVR
0_Interquartile range,8,0.0735338046484159,SVR
0_Wavelet absolute mean_27777777.78Hz,9,0.0734748669043171,SVR
0_Mean diff,10,0.0695455866008079,SVR
0_Spectral decrease,11,0.0636744649858511,SVR
0_Max,12,0.0441990386013347,SVR
0_Slope,13,0.034505733425473,SVR
0_MFCC_11,14,0.0286285076134233,SVR
0_Wavelet absolute mean_125000000.0Hz,15,0.0268716510983627,SVR
0_Wavelet energy_125000000.0Hz,16,0.0209393691889789,SVR
0_Autocorrelation,17,0.0146704570169051,SVR
0_ECDF Percentile_1,18,0.0119496938931534,SVR
0_MFCC_5,19,0.0087336833426529,SVR
0_MFCC_9,20,0.0050428646667499,SVR
0_MFCC_10,21,0.0043197341902434,SVR
0_Mean,22,0.0037113087789836,SVR
0_MFCC_0,23,0.0031748573931272,SVR
0_LPCC_1,24,0.0026621464543307,SVR
0_MFCC_4,25,0.002561834039081,SVR
0_Maximum frequency,26,0.0025470084924973,SVR
0_Median absolute diff,27,0.0018958765552976,SVR
0_Entropy,28,0.0018287060950013,SVR
0_Wavelet entropy,29,0.0016690934767752,SVR
0_Histogram mode,30,0.001192876650122,SVR
0_Power bandwidth,31,0.0010649815312699,SVR
0_Zero crossing rate,32,0.0008358431020014,SVR
0_LPCC_5,33,0.0008096523950173,SVR
0_Median frequency,34,0.0007645905422776,SVR
0_MFCC_8,35,0.0005851592315901,SVR
0_Spectral positive turning points,36,0.0005734504091261,SVR
0_Fundamental frequency,37,0.0003793225306673,SVR
0_LPCC_6,38,0.0003487369925495,SVR
0_Neighbourhood peaks,39,0.0003452968923923,SVR
0_Spectral roll-on,40,0.0002116188765853,SVR
0_Negative turning points,41,0.000112967609004,SVR
0_Median diff,42,0.0,SVR
0_Peak to peak distance,1,0.1644773701610554,Random Forest
0_Spectral entropy,2,0.0660624080779533,Random Forest
0_Absolute energy,3,0.0524149223239677,Random Forest
0_Spectral variation,4,0.0363792167659675,Random Forest
0_Autocorrelation,5,0.0354921550102563,Random Forest
0_Interquartile range,6,0.0282679035009647,Random Forest
0_Entropy,7,0.0254633335101013,Random Forest
0_Histogram mode,8,0.0131767346809995,Random Forest
0_ECDF Percentile_0,9,0.0122410383826601,Random Forest
0_Wavelet energy_125000000.0Hz,10,0.0121674312752376,Random Forest
0_Wavelet absolute mean_125000000.0Hz,11,0.0098287968709163,Random Forest
0_MFCC_11,12,0.0081162500233705,Random Forest
0_Slope,13,0.0049230792078339,Random Forest
0_LPCC_0,14,0.0046954807583365,Random Forest
0_Wavelet absolute mean_27777777.78Hz,15,0.004404127675944,Random Forest
0_Mean diff,16,0.00398894913602,Random Forest
0_Fundamental frequency,17,0.0032519125967653,Random Forest
0_MFCC_8,18,0.0032071189352185,Random Forest
0_MFCC_0,19,0.0027331467858943,Random Forest
0_ECDF Percentile_1,20,0.0025627851070432,Random Forest
0_MFCC_9,21,0.0025112816999549,Random Forest
0_MFCC_5,22,0.0021907294425503,Random Forest
0_Wavelet entropy,23,0.0017333118458296,Random Forest
0_Maximum frequency,24,0.0017190814904611,Random Forest
0_MFCC_10,25,0.0016490978510409,Random Forest
0_Median frequency,26,0.0010192161940835,Random Forest
0_Median,27,0.00095850008906,Random Forest
0_LPCC_1,28,0.0009438399910211,Random Forest
0_Max,29,0.0008917060613773,Random Forest
0_Zero crossing rate,30,0.0008827924899954,Random Forest
0_Spectral decrease,31,0.0007822794469706,Random Forest
0_LPCC_5,32,0.0006739637816667,Random Forest
0_LPCC_6,33,0.0005676518669208,Random Forest
0_Spectral positive turning points,34,0.0002421992975746,Random Forest
0_MFCC_4,35,0.0002047287126577,Random Forest
0_Mean,36,0.0001335256683843,Random Forest
0_Median absolute diff,37,9.74865853996206e-05,Random Forest
0_Negative turning points,38,3.2742809182064e-05,Random Forest
0_Neighbourhood peaks,39,2.4946495460828423e-05,Random Forest
0_Power bandwidth,40,1.7733847823507473e-05,Random Forest
0_Median diff,41,1.4802973661668757e-18,Random Forest
0_Spectral roll-on,42,-8.85293952099501e-06,Random Forest
0_MFCC_4,1,1.9259330204405745,Bayesian Ridge
0_ECDF Percentile_0,2,1.5095307401343407,Bayesian Ridge
0_Peak to peak distance,3,1.3793701513956989,Bayesian Ridge
0_MFCC_5,4,1.02235255599426,Bayesian Ridge
0_MFCC_11,5,0.5805139569782711,Bayesian Ridge
0_Max,6,0.4349616043492448,Bayesian Ridge
0_Mean,7,0.3821521143110803,Bayesian Ridge
0_MFCC_9,8,0.3821006631955689,Bayesian Ridge
0_Slope,9,0.2991482317693084,Bayesian Ridge
0_Median,10,0.2447832032354814,Bayesian Ridge
0_ECDF Percentile_1,11,0.1903542987251036,Bayesian Ridge
0_MFCC_0,12,0.1791456203755562,Bayesian Ridge
0_MFCC_8,13,0.1089425019340799,Bayesian Ridge
0_Spectral decrease,14,0.0640406282442832,Bayesian Ridge
0_Wavelet absolute mean_27777777.78Hz,15,0.0620965868506765,Bayesian Ridge
0_Wavelet energy_125000000.0Hz,16,0.0531518897890587,Bayesian Ridge
0_Spectral entropy,17,0.0437243868384583,Bayesian Ridge
0_Autocorrelation,18,0.0399152035661325,Bayesian Ridge
0_Wavelet absolute mean_125000000.0Hz,19,0.0321234900942252,Bayesian Ridge
0_Entropy,20,0.0161572134724978,Bayesian Ridge
0_Power bandwidth,21,0.01355756804787,Bayesian Ridge
0_LPCC_1,22,0.0090795553133264,Bayesian Ridge
0_Interquartile range,23,0.0088326877556053,Bayesian Ridge
0_Absolute energy,24,0.0084634668866457,Bayesian Ridge
0_Spectral variation,25,0.0065712165561959,Bayesian Ridge
0_MFCC_10,26,0.0063637408004569,Bayesian Ridge
0_Wavelet entropy,27,0.0060292051724509,Bayesian Ridge
0_LPCC_0,28,0.0053232021256047,Bayesian Ridge
0_Maximum frequency,29,0.0045753597894406,Bayesian Ridge
0_Median frequency,30,0.0020685209122506,Bayesian Ridge
0_LPCC_5,31,0.0018279149984207,Bayesian Ridge
0_Zero crossing rate,32,0.001738270950398,Bayesian Ridge
0_Mean diff,33,0.0010236384589884,Bayesian Ridge
0_Spectral positive turning points,34,0.0008962923737229,Bayesian Ridge
0_Fundamental frequency,35,0.0007926521921845,Bayesian Ridge
0_Spectral roll-on,36,0.0006833521875194,Bayesian Ridge
0_Median absolute diff,37,0.0003683129274071,Bayesian Ridge
0_Negative turning points,38,0.0002284528599878,Bayesian Ridge
0_Neighbourhood peaks,39,0.0001766584611779,Bayesian Ridge
0_Median diff,40,0.0,Bayesian Ridge
0_LPCC_6,41,-3.174810704077065e-06,Bayesian Ridge
0_Histogram mode,42,-0.0001676194553908,Bayesian Ridge
0_Peak to peak distance,1,0.9488892618815103,XGBoost
0_Spectral entropy,2,0.2994188690185547,XGBoost
0_Autocorrelation,3,0.1739729619026184,XGBoost
0_Interquartile range,4,0.0242232886950174,XGBoost
0_Entropy,5,0.0073571300506591,XGBoost
0_Spectral variation,6,0.0047153814633687,XGBoost
0_Histogram mode,7,0.0040760660171508,XGBoost
0_Mean diff,8,0.0034936388333638,XGBoost
0_Max,9,0.0022657744089762,XGBoost
0_Fundamental frequency,10,0.0012887159983317,XGBoost
0_Absolute energy,11,0.0012306157747904,XGBoost
0_MFCC_11,12,0.0005251614252726,XGBoost
0_ECDF Percentile_0,13,0.0004234886169433,XGBoost
0_MFCC_5,14,0.0003349860509236,XGBoost
0_LPCC_0,15,0.0002913784980773,XGBoost
0_Slope,16,0.0002664645512898,XGBoost
0_Wavelet absolute mean_125000000.0Hz,17,0.0002035554250081,XGBoost
0_Wavelet energy_125000000.0Hz,18,0.0001796309153238,XGBoost
0_MFCC_10,19,0.0001623098055521,XGBoost
0_Wavelet absolute mean_27777777.78Hz,20,0.0001144671440124,XGBoost
0_Median absolute diff,21,0.0001090391476949,XGBoost
0_Wavelet entropy,22,6.38588269551595e-05,XGBoost
0_Median,23,5.335569381713867e-05,XGBoost
0_Neighbourhood peaks,24,5.131403605143229e-05,XGBoost
0_MFCC_8,25,3.8576126098632815e-05,XGBoost
0_Mean,26,3.5785833994547525e-05,XGBoost
0_Median diff,27,0.0,XGBoost
0_Power bandwidth,28,0.0,XGBoost
0_Median frequency,29,0.0,XGBoost
0_Spectral roll-on,30,0.0,XGBoost
0_Negative turning points,31,-6.269613901774089e-06,XGBoost
0_MFCC_0,32,-8.65777333577474e-06,XGBoost
0_Zero crossing rate,33,-2.21554438273112e-05,XGBoost
0_Spectral decrease,34,-3.831704457600912e-05,XGBoost
0_MFCC_4,35,-7.400035858154297e-05,XGBoost
0_LPCC_6,36,-7.933378219604492e-05,XGBoost
0_Spectral positive turning points,37,-0.0001336995760599,XGBoost
0_LPCC_5,38,-0.0001707951227823,XGBoost
0_LPCC_1,39,-0.0001948610941569,XGBoost
0_ECDF Percentile_1,40,-0.0002009495099385,XGBoost
0_Maximum frequency,41,-0.000378078619639,XGBoost
0_MFCC_9,42,-0.0005165823300679,XGBoost
0_Spectral entropy,1,0.1784048389945111,SVR
0_Peak to peak distance,2,0.1196364006405288,SVR
0_Interquartile range,3,0.0943582172293429,SVR
0_ECDF Percentile_0,4,0.0836993779131949,SVR
0_LPCC_0,5,0.0784772206205789,SVR
0_Wavelet absolute mean_27777777.78Hz,6,0.0784019362380602,SVR
0_Max,7,0.0715193417391554,SVR
0_Spectral variation,8,0.0706446588652974,SVR
0_Mean diff,9,0.0704934354481025,SVR
0_Spectral decrease,10,0.0697488702290174,SVR
0_Median,11,0.0662766292362413,SVR
0_Absolute energy,12,0.0619077813017468,SVR
0_MFCC_11,13,0.0413381831303095,SVR
0_Wavelet absolute mean_125000000.0Hz,14,0.0298629119178973,SVR
0_MFCC_9,15,0.0226888833856536,SVR
0_MFCC_5,16,0.0176470233133482,SVR
0_Mean,17,0.0172897784975484,SVR
0_Wavelet entropy,18,0.0172878088310036,SVR
0_Autocorrelation,19,0.0157544899689956,SVR
0_Slope,20,0.0152559146227695,SVR
0_MFCC_10,21,0.0091453479796683,SVR
0_Maximum frequency,22,0.0077005905230862,SVR
0_Wavelet energy_125000000.0Hz,23,0.0076801555182227,SVR
0_Median absolute diff,24,0.0067768429891677,SVR
0_MFCC_0,25,0.0058560873292074,SVR
0_Median diff,26,0.0046053547893035,SVR
0_ECDF Percentile_1,27,0.0033909496732466,SVR
0_Histogram mode,28,0.0033241244480574,SVR
0_LPCC_1,29,0.003230161828496,SVR
0_MFCC_4,30,0.0028314111206843,SVR
0_MFCC_8,31,0.0020956312641146,SVR
0_Zero crossing rate,32,0.0019934668806381,SVR
0_Spectral positive turning points,33,0.0014215565776043,SVR
0_LPCC_5,34,0.0008327860124472,SVR
0_Neighbourhood peaks,35,0.000768510231004,SVR
0_Power bandwidth,36,0.0007335159024552,SVR
0_Spectral roll-on,37,0.0007056475671606,SVR
0_Entropy,38,0.0007021670998416,SVR
0_Negative turning points,39,0.000503484050586,SVR
0_Median frequency,40,0.0004928064741067,SVR
0_LPCC_6,41,1.6890021804751854e-05,SVR
0_Fundamental frequency,42,-0.0002052775864964,SVR
0_Peak to peak distance,1,0.1643398970661521,Random Forest
0_Spectral entropy,2,0.0630730452581724,Random Forest
0_Autocorrelation,3,0.0385854709546645,Random Forest
0_Spectral variation,4,0.0320392753386189,Random Forest
0_Absolute energy,5,0.0270460952178777,Random Forest
0_Interquartile range,6,0.0161063346050535,Random Forest
0_MFCC_11,7,0.0151118615835624,Random Forest
0_Entropy,8,0.0146637026266901,Random Forest
0_Wavelet energy_125000000.0Hz,9,0.0102725867602712,Random Forest
0_Histogram mode,10,0.0090814786766837,Random Forest
0_ECDF Percentile_0,11,0.0073350110118365,Random Forest
0_Wavelet absolute mean_125000000.0Hz,12,0.0059225525205606,Random Forest
0_Mean diff,13,0.0056819042766153,Random Forest
0_LPCC_0,14,0.0052036608817366,Random Forest
0_Fundamental frequency,15,0.0051792156781096,Random Forest
0_MFCC_8,16,0.003536561822828,Random Forest
0_Slope,17,0.0030827915150989,Random Forest
0_ECDF Percentile_1,18,0.0026270031208097,Random Forest
0_Median frequency,19,0.0023623106998897,Random Forest
0_MFCC_9,20,0.0022067899296674,Random Forest
0_Wavelet entropy,21,0.0017970597536911,Random Forest
0_Zero crossing rate,22,0.0016217673489072,Random Forest
0_Wavelet absolute mean_27777777.78Hz,23,0.001578307682134,Random Forest
0_MFCC_10,24,0.0015122646595124,Random Forest
0_Median absolute diff,25,0.0010721900328881,Random Forest
0_Max,26,0.0009367608496394,Random Forest
0_MFCC_4,27,0.0008755698665279,Random Forest
0_Maximum frequency,28,0.0008030031899953,Random Forest
0_LPCC_5,29,0.0007220820621867,Random Forest
0_Median,30,0.0006381826140944,Random Forest
0_LPCC_1,31,0.0006096871274671,Random Forest
0_MFCC_5,32,0.000486816491569,Random Forest
0_LPCC_6,33,0.0004122744424655,Random Forest
0_MFCC_0,34,0.0003178667493168,Random Forest
0_Spectral decrease,35,0.000311262528579,Random Forest
0_Spectral positive turning points,36,0.0001997571025881,Random Forest
0_Spectral roll-on,37,6.304516501359992e-05,Random Forest
0_Negative turning points,38,1.2694118648600336e-05,Random Forest
0_Power bandwidth,39,4.443634982232621e-06,Random Forest
0_Median diff,40,3.700743415417188e-17,Random Forest
0_Neighbourhood peaks,41,-1.7756587049581422e-06,Random Forest
0_Mean,42,-0.000250142994236,Random Forest
0_MFCC_4,1,3.108489708295662,Bayesian Ridge
0_Peak to peak distance,2,1.547317872145784,Bayesian Ridge
0_ECDF Percentile_0,3,1.445577865367606,Bayesian Ridge
0_MFCC_5,4,0.8143406639927089,Bayesian Ridge
0_MFCC_9,5,0.788675925324731,Bayesian Ridge
0_Mean,6,0.7208693409527067,Bayesian Ridge
0_MFCC_11,7,0.6697430506421308,Bayesian Ridge
0_Max,8,0.6603135542677506,Bayesian Ridge
0_Slope,9,0.3324148324831789,Bayesian Ridge
0_Median,10,0.2793397577879963,Bayesian Ridge
0_MFCC_0,11,0.1435013948948064,Bayesian Ridge
0_Spectral decrease,12,0.1201672039120525,Bayesian Ridge
0_Wavelet absolute mean_27777777.78Hz,13,0.1164414702753319,Bayesian Ridge
0_MFCC_8,14,0.0824674461082197,Bayesian Ridge
0_ECDF Percentile_1,15,0.0645710483444723,Bayesian Ridge
0_Spectral entropy,16,0.043476124871445,Bayesian Ridge
0_Autocorrelation,17,0.0283663341436969,Bayesian Ridge
0_Wavelet energy_125000000.0Hz,18,0.0172391939742633,Bayesian Ridge
0_MFCC_10,19,0.013806123464218,Bayesian Ridge
0_Entropy,20,0.0122151949316172,Bayesian Ridge
0_Wavelet entropy,21,0.0120948040425684,Bayesian Ridge
0_LPCC_0,22,0.0119557558032528,Bayesian Ridge
0_Power bandwidth,23,0.0097928819920678,Bayesian Ridge
0_Spectral variation,24,0.0088507216780905,Bayesian Ridge
0_Mean diff,25,0.008291948107654,Bayesian Ridge
0_Spectral roll-on,26,0.0051309885018551,Bayesian Ridge
0_Median frequency,27,0.0037657234164049,Bayesian Ridge
0_Median diff,28,0.0024854616044134,Bayesian Ridge
0_Wavelet absolute mean_125000000.0Hz,29,0.0021098634493696,Bayesian Ridge
0_LPCC_5,30,0.0015754087826597,Bayesian Ridge
0_Interquartile range,31,0.0014638541526857,Bayesian Ridge
0_Spectral positive turning points,32,0.0008643763052986,Bayesian Ridge
0_LPCC_1,33,0.0006656339289877,Bayesian Ridge
0_Zero crossing rate,34,0.0004563174185367,Bayesian Ridge
0_Negative turning points,35,0.0004012896144821,Bayesian Ridge
0_Fundamental frequency,36,0.0002087935036128,Bayesian Ridge
0_Median absolute diff,37,7.812585632509528e-05,Bayesian Ridge
0_Histogram mode,38,-1.04448130810475e-05,Bayesian Ridge
0_Absolute energy,39,-2.268765046437989e-05,Bayesian Ridge
0_Maximum frequency,40,-2.483153145544777e-05,Bayesian Ridge
0_LPCC_6,41,-0.0002700141159454,Bayesian Ridge
0_Neighbourhood peaks,42,-0.0003542036913011,Bayesian Ridge
0_Peak to peak distance,1,0.9603275712331136,XGBoost
0_Spectral entropy,2,0.3501365526517232,XGBoost
0_Autocorrelation,3,0.1438181289037068,XGBoost
0_Interquartile range,4,0.0169944938023885,XGBoost
0_Entropy,5,0.016087265809377,XGBoost
0_Spectral variation,6,0.0119631616274515,XGBoost
0_Max,7,0.010184002717336,XGBoost
0_Mean diff,8,0.0067572418848673,XGBoost
0_Histogram mode,9,0.003271586894989,XGBoost
0_Slope,10,0.0018714499473571,XGBoost
0_Fundamental frequency,11,0.001573851108551,XGBoost
0_Median absolute diff,12,0.0012108302116394,XGBoost
0_MFCC_4,13,0.0010634644826253,XGBoost
0_LPCC_0,14,0.0009090765317281,XGBoost
0_MFCC_9,15,0.0009026686350504,XGBoost
0_Wavelet entropy,16,0.0007964555422465,XGBoost
0_MFCC_8,17,0.0007499933242797,XGBoost
0_LPCC_6,18,0.0006803766886393,XGBoost
0_ECDF Percentile_0,19,0.0006485446294148,XGBoost
0_ECDF Percentile_1,20,0.0005687109629313,XGBoost
0_Wavelet energy_125000000.0Hz,21,0.0004037578900655,XGBoost
0_LPCC_5,22,0.0003829590479532,XGBoost
0_MFCC_10,23,0.0003223427136739,XGBoost
0_Spectral positive turning points,24,0.0002452127138773,XGBoost
0_Absolute energy,25,0.0002425543467203,XGBoost
0_Wavelet absolute mean_27777777.78Hz,26,0.0001675653457641,XGBoost
0_Neighbourhood peaks,27,0.0001631871859232,XGBoost
0_Median,28,0.0001564343770345,XGBoost
0_MFCC_11,29,0.0001296401023864,XGBoost
0_Wavelet absolute mean_125000000.0Hz,30,9.675820668538412e-05,XGBoost
0_Maximum frequency,31,3.361781438191732e-05,XGBoost
0_Spectral roll-on,32,0.0,XGBoost
0_Negative turning points,33,0.0,XGBoost
0_Median diff,34,0.0,XGBoost
0_Power bandwidth,35,0.0,XGBoost
0_Spectral decrease,36,-2.430280049641927e-06,XGBoost
0_Median frequency,37,-1.922925313313802e-05,XGBoost
0_Mean,38,-3.405014673868815e-05,XGBoost
0_Zero crossing rate,39,-3.4749507904052734e-05,XGBoost
0_MFCC_0,40,-0.000167810122172,XGBoost
0_LPCC_1,41,-0.0002299825350443,XGBoost
0_MFCC_5,42,-0.0005396278699239,XGBoost
0_Spectral entropy,1,0.1090966666366755,SVR
0_ECDF Percentile_0,2,0.1076633123832354,SVR
0_Peak to peak distance,3,0.104111607078461,SVR
0_LPCC_0,4,0.0988485907138041,SVR
0_Spectral variation,5,0.0837220708823611,SVR
0_Wavelet absolute mean_27777777.78Hz,6,0.0808822908735121,SVR
0_Interquartile range,7,0.0787914825553012,SVR
0_Median,8,0.077824802115396,SVR
0_Mean diff,9,0.0665884103362497,SVR
0_Spectral decrease,10,0.0611440933221534,SVR
0_Max,11,0.048484435663199,SVR
0_Absolute energy,12,0.0469550847608172,SVR
0_Slope,13,0.0412103758632626,SVR
0_Wavelet absolute mean_125000000.0Hz,14,0.0190331276021412,SVR
0_MFCC_11,15,0.0184673157323323,SVR
0_Wavelet energy_125000000.0Hz,16,0.0121715062552449,SVR
0_Autocorrelation,17,0.0113937087113427,SVR
0_MFCC_5,18,0.0093892597182762,SVR
0_MFCC_9,19,0.0090654548347599,SVR
0_MFCC_4,20,0.0085825161616509,SVR
0_MFCC_10,21,0.0084636602804977,SVR
0_Mean,22,0.0073308159959602,SVR
0_Median diff,23,0.0053689851069644,SVR
0_Maximum frequency,24,0.0050313207423599,SVR
0_Median absolute diff,25,0.0041050638417088,SVR
0_ECDF Percentile_1,26,0.0030367611458758,SVR
0_Median frequency,27,0.0024845955317777,SVR
0_Wavelet entropy,28,0.0023361912002791,SVR
0_Histogram mode,29,0.0021071464503321,SVR
0_LPCC_1,30,0.0020620238687346,SVR
0_Entropy,31,0.0014918947775971,SVR
0_MFCC_8,32,0.0010609911184551,SVR
0_Spectral roll-on,33,0.0006125136374953,SVR
0_Fundamental frequency,34,0.0005665710321344,SVR
0_Spectral positive turning points,35,0.000464707501617,SVR
0_MFCC_0,36,0.0001907164930877,SVR
0_Neighbourhood peaks,37,0.0001612438268122,SVR
0_Power bandwidth,38,0.0001564687366165,SVR
0_Negative turning points,39,-1.697338347649365e-05,SVR
0_Zero crossing rate,40,-3.022045135527396e-05,SVR
0_LPCC_5,41,-0.000115343266258,SVR
0_LPCC_6,42,-0.0005003623579925,SVR
0_Peak to peak distance,1,0.1777008579393703,Random Forest
0_Spectral entropy,2,0.072703160382582,Random Forest
0_Autocorrelation,3,0.0426329632505681,Random Forest
0_Spectral variation,4,0.0398964642576174,Random Forest
0_Absolute energy,5,0.0395167750679865,Random Forest
0_Entropy,6,0.0262142399210722,Random Forest
0_Interquartile range,7,0.0228211587056412,Random Forest
0_Histogram mode,8,0.0168113009003115,Random Forest
0_Wavelet energy_125000000.0Hz,9,0.0136453741190614,Random Forest
0_ECDF Percentile_0,10,0.0097454215331019,Random Forest
0_Wavelet absolute mean_125000000.0Hz,11,0.007490989009697,Random Forest
0_LPCC_0,12,0.0059892538443703,Random Forest
0_Wavelet absolute mean_27777777.78Hz,13,0.0057295059837924,Random Forest
0_MFCC_11,14,0.0054496903927581,Random Forest
0_Slope,15,0.0048336704248539,Random Forest
0_Mean diff,16,0.0047309567578247,Random Forest
0_Wavelet entropy,17,0.0039927663631945,Random Forest
0_ECDF Percentile_1,18,0.0023960399338918,Random Forest
0_Fundamental frequency,19,0.0022700196767092,Random Forest
0_Median frequency,20,0.0020292231156324,Random Forest
0_MFCC_0,21,0.0018993398095398,Random Forest
0_Maximum frequency,22,0.001849741320288,Random Forest
0_MFCC_5,23,0.0015479980277279,Random Forest
0_MFCC_8,24,0.0014811187328255,Random Forest
0_MFCC_10,25,0.0014040383263136,Random Forest
0_Max,26,0.0011706632470622,Random Forest
0_MFCC_9,27,0.0011699717898545,Random Forest
0_Zero crossing rate,28,0.0009346873811408,Random Forest
0_LPCC_5,29,0.0008852419079694,Random Forest
0_LPCC_1,30,0.0007307211722713,Random Forest
0_LPCC_6,31,0.0005014912295044,Random Forest
0_Spectral positive turning points,32,0.000276299073648,Random Forest
0_Median absolute diff,33,2.8457170374121727e-05,Random Forest
0_Median diff,34,-1.0362081563168128e-17,Random Forest
0_Neighbourhood peaks,35,-3.2738818458473893e-06,Random Forest
0_Spectral roll-on,36,-6.485269159058523e-06,Random Forest
0_Negative turning points,37,-2.6395747132440897e-05,Random Forest
0_Power bandwidth,38,-5.211285862206428e-05,Random Forest
0_MFCC_4,39,-0.0001544743877885,Random Forest
0_Median,40,-0.0001853864967664,Random Forest
0_Spectral decrease,41,-0.0002918693149807,Random Forest
0_Mean,42,-0.0005298680526909,Random Forest
0_MFCC_4,1,1.7865337085667046,Bayesian Ridge
0_ECDF Percentile_0,2,1.3757779393090734,Bayesian Ridge
0_Peak to peak distance,3,1.0847449177275117,Bayesian Ridge
0_MFCC_5,4,1.0403921531073446,Bayesian Ridge
0_Mean,5,0.9021315033499492,Bayesian Ridge
0_MFCC_9,6,0.5297409784226518,Bayesian Ridge
0_Max,7,0.4449453393257257,Bayesian Ridge
0_MFCC_11,8,0.3379135087163001,Bayesian Ridge
0_Slope,9,0.3350056214267057,Bayesian Ridge
0_Median,10,0.2160878361405044,Bayesian Ridge
0_MFCC_0,11,0.14356398530101,Bayesian Ridge
0_Wavelet absolute mean_27777777.78Hz,12,0.1016708177148682,Bayesian Ridge
0_Spectral decrease,13,0.0765925150082317,Bayesian Ridge
0_MFCC_8,14,0.066103652383738,Bayesian Ridge
0_ECDF Percentile_1,15,0.0580707523236484,Bayesian Ridge
0_Spectral entropy,16,0.0346671506892716,Bayesian Ridge
0_MFCC_10,17,0.0325113398555197,Bayesian Ridge
0_Spectral variation,18,0.0238682457649571,Bayesian Ridge
0_Absolute energy,19,0.0234540721573975,Bayesian Ridge
0_Mean diff,20,0.0231347871495192,Bayesian Ridge
0_Autocorrelation,21,0.0211366705021782,Bayesian Ridge
0_Wavelet energy_125000000.0Hz,22,0.016116495455879,Bayesian Ridge
0_Entropy,23,0.0111015208105931,Bayesian Ridge
0_Wavelet entropy,24,0.0110073641086679,Bayesian Ridge
0_Power bandwidth,25,0.0098459873836503,Bayesian Ridge
0_Interquartile range,26,0.0070136771606912,Bayesian Ridge
0_Spectral roll-on,27,0.0054871076821709,Bayesian Ridge
0_LPCC_0,28,0.0050937977273944,Bayesian Ridge
0_Median diff,29,0.0031638680721342,Bayesian Ridge
0_Median frequency,30,0.0025224977540718,Bayesian Ridge
0_LPCC_5,31,0.0012602322802015,Bayesian Ridge
0_LPCC_1,32,0.0009027145937456,Bayesian Ridge
0_Spectral positive turning points,33,0.0006386785172345,Bayesian Ridge
0_LPCC_6,34,0.000623850169552,Bayesian Ridge
0_Histogram mode,35,0.0005870163584659,Bayesian Ridge
0_Fundamental frequency,36,0.0005526406860575,Bayesian Ridge
0_Median absolute diff,37,0.0002762435475012,Bayesian Ridge
0_Maximum frequency,38,1.2675805446800878e-05,Bayesian Ridge
0_Wavelet absolute mean_125000000.0Hz,39,-7.685273942610316e-06,Bayesian Ridge
0_Zero crossing rate,40,-4.519954030634358e-05,Bayesian Ridge
0_Negative turning points,41,-4.96731835701203e-05,Bayesian Ridge
0_Neighbourhood peaks,42,-0.0001454196661357,Bayesian Ridge
0_Peak to peak distance,1,0.6076908922195434,XGBoost
0_Spectral entropy,2,0.2528803070386251,XGBoost
0_Autocorrelation,3,0.1404720966021219,XGBoost
0_Interquartile range,4,0.0260321219762166,XGBoost
0_Spectral variation,5,0.013980643749237,XGBoost
0_Entropy,6,0.0107438397407531,XGBoost
0_Absolute energy,7,0.0082896002133687,XGBoost
0_Mean diff,8,0.008081316947937,XGBoost
0_Max,9,0.0032243657112121,XGBoost
0_Histogram mode,10,0.0029257090886433,XGBoost
0_Wavelet energy_125000000.0Hz,11,0.0020685482025146,XGBoost
0_MFCC_5,12,0.0013456734021504,XGBoost
0_Slope,13,0.0013296699523925,XGBoost
0_LPCC_6,14,0.0008284084002176,XGBoost
0_LPCC_0,15,0.0006897075970967,XGBoost
0_Wavelet entropy,16,0.0005850974718729,XGBoost
0_MFCC_9,17,0.0005489754676818,XGBoost
0_MFCC_11,18,0.0005039238929748,XGBoost
0_Maximum frequency,19,0.0004737083117167,XGBoost
0_Mean,20,0.0003277436892191,XGBoost
0_Fundamental frequency,21,0.0002390726407368,XGBoost
0_Zero crossing rate,22,0.0002077388763427,XGBoost
0_LPCC_1,23,0.0001919722557067,XGBoost
0_MFCC_0,24,0.0001877323786417,XGBoost
0_Wavelet absolute mean_125000000.0Hz,25,0.0001747186978658,XGBoost
0_ECDF Percentile_1,26,0.0001742521921793,XGBoost
0_MFCC_8,27,0.0001522350311279,XGBoost
0_Median frequency,28,0.0001477273305257,XGBoost
0_Spectral positive turning points,29,0.0001288255055745,XGBoost
0_ECDF Percentile_0,30,0.0001250052452087,XGBoost
0_Median absolute diff,31,1.1119047800699867e-05,XGBoost
0_Neighbourhood peaks,32,2.61227289835612e-06,XGBoost
0_Median diff,33,0.0,XGBoost
0_Power bandwidth,34,0.0,XGBoost
0_Spectral roll-on,35,0.0,XGBoost
0_Negative turning points,36,-2.6076634724934896e-05,XGBoost
0_Wavelet absolute mean_27777777.78Hz,37,-6.724198659261068e-05,XGBoost
0_Spectral decrease,38,-7.64322280883789e-05,XGBoost
0_LPCC_5,39,-0.000111858844757,XGBoost
0_MFCC_10,40,-0.0001854832967122,XGBoost
0_MFCC_4,41,-0.00029980580012,XGBoost
0_Median,42,-0.000635773340861,XGBoost
0_Spectral variation,1,0.1081114219826958,SVR
0_Median,2,0.0930967257111498,SVR
0_Peak to peak distance,3,0.0902840897815509,SVR
0_Interquartile range,4,0.0842651479909899,SVR
0_Mean diff,5,0.0829225582995155,SVR
0_Spectral entropy,6,0.0817941180443364,SVR
0_ECDF Percentile_0,7,0.0767680999083767,SVR
0_Wavelet absolute mean_27777777.78Hz,8,0.0757288648376638,SVR
0_LPCC_0,9,0.064250407325773,SVR
0_Spectral decrease,10,0.0636052554058997,SVR
0_Absolute energy,11,0.0628393597747168,SVR
0_Max,12,0.0467325962490128,SVR
0_Slope,13,0.0276853856025695,SVR
0_MFCC_11,14,0.0238235039682334,SVR
0_Mean,15,0.0210843323400976,SVR
0_Wavelet absolute mean_125000000.0Hz,16,0.0193435757712061,SVR
0_Autocorrelation,17,0.0128956568295422,SVR
0_ECDF Percentile_1,18,0.0113693412925581,SVR
0_MFCC_9,19,0.0099353989234658,SVR
0_MFCC_10,20,0.007793214553405,SVR
0_Wavelet entropy,21,0.0076556314967026,SVR
0_MFCC_5,22,0.0067461356767565,SVR
0_Median diff,23,0.0045641697961861,SVR
0_Wavelet energy_125000000.0Hz,24,0.0044747360425051,SVR
0_LPCC_1,25,0.0041036106252753,SVR
0_MFCC_4,26,0.0029804829536668,SVR
0_Maximum frequency,27,0.0026534916407084,SVR
0_Median absolute diff,28,0.0026155984668175,SVR
0_MFCC_8,29,0.0025738723310886,SVR
0_MFCC_0,30,0.00168432790607,SVR
0_LPCC_5,31,0.0016714588882375,SVR
0_Histogram mode,32,0.0012544818615363,SVR
0_Neighbourhood peaks,33,0.0009178757208043,SVR
0_Entropy,34,0.0008269542496411,SVR
0_Zero crossing rate,35,0.0007916416962683,SVR
0_Fundamental frequency,36,0.0007649630641504,SVR
0_Spectral roll-on,37,0.0006483389925378,SVR
0_Power bandwidth,38,0.0005949216161741,SVR
0_Median frequency,39,0.0002962020811748,SVR
0_Negative turning points,40,4.508595650950594e-05,SVR
0_Spectral positive turning points,41,-8.984168327052178e-05,SVR
0_LPCC_6,42,-0.0002977547117079,SVR
0_Peak to peak distance,1,0.168001169890449,Random Forest
0_Spectral entropy,2,0.0700789373136901,Random Forest
0_Absolute energy,3,0.0483574252402535,Random Forest
0_Autocorrelation,4,0.0394310292299582,Random Forest
0_Spectral variation,5,0.0374229965981633,Random Forest
0_Interquartile range,6,0.0287942395067532,Random Forest
0_Entropy,7,0.0249686210816902,Random Forest
0_Histogram mode,8,0.0160749572331173,Random Forest
0_Wavelet energy_125000000.0Hz,9,0.0147077154710666,Random Forest
0_ECDF Percentile_0,10,0.0102887455837567,Random Forest
0_MFCC_11,11,0.0096656948283891,Random Forest
0_Wavelet absolute mean_125000000.0Hz,12,0.006617915787057,Random Forest
0_Slope,13,0.0051458411351539,Random Forest
0_Wavelet entropy,14,0.0039831885718087,Random Forest
0_Mean diff,15,0.0038616356805989,Random Forest
0_MFCC_8,16,0.0033170353047695,Random Forest
0_Fundamental frequency,17,0.0026402299343445,Random Forest
0_LPCC_0,18,0.00224913930598,Random Forest
0_MFCC_9,19,0.0022060200988559,Random Forest
0_MFCC_0,20,0.0020257262348696,Random Forest
0_Median frequency,21,0.0018792583421915,Random Forest
0_Wavelet absolute mean_27777777.78Hz,22,0.001825761053864,Random Forest
0_ECDF Percentile_1,23,0.0017658103660127,Random Forest
0_MFCC_5,24,0.0016762617619508,Random Forest
0_MFCC_10,25,0.0014640826803419,Random Forest
0_Maximum frequency,26,0.0012876803010773,Random Forest
0_Median,27,0.0011980495941268,Random Forest
0_Max,28,0.0010829303557333,Random Forest
0_Spectral decrease,29,0.0009043559784445,Random Forest
0_Zero crossing rate,30,0.0007378343259865,Random Forest
0_LPCC_1,31,0.0007181420485809,Random Forest
0_LPCC_5,32,0.0006416130481917,Random Forest
0_LPCC_6,33,0.0006191036642866,Random Forest
0_MFCC_4,34,0.0002572044319806,Random Forest
0_Spectral positive turning points,35,0.0001906471544502,Random Forest
0_Mean,36,0.0001381340568036,Random Forest
0_Spectral roll-on,37,9.98705889826083e-05,Random Forest
0_Median absolute diff,38,6.985409115655965e-05,Random Forest
0_Negative turning points,39,1.99224872034313e-05,Random Forest
0_Power bandwidth,40,1.1061735297854073e-05,Random Forest
0_Median diff,41,0.0,Random Forest
0_Neighbourhood peaks,42,-7.129578210891552e-06,Random Forest
0_ECDF Percentile_0,1,1.50505700181577,Bayesian Ridge
0_MFCC_4,2,1.3179926508848576,Bayesian Ridge
0_Peak to peak distance,3,1.2575824650499805,Bayesian Ridge
0_Mean,4,0.8816778721462614,Bayesian Ridge
0_MFCC_5,5,0.6544812151362368,Bayesian Ridge
0_Max,6,0.6294434426058388,Bayesian Ridge
0_MFCC_11,7,0.3415411800160307,Bayesian Ridge
0_Median,8,0.2925306948308336,Bayesian Ridge
0_Slope,9,0.2657924240573607,Bayesian Ridge
0_MFCC_9,10,0.2456052486686647,Bayesian Ridge
0_MFCC_0,11,0.198090052544995,Bayesian Ridge
0_Spectral decrease,12,0.1354901498270547,Bayesian Ridge
0_ECDF Percentile_1,13,0.1077233769855605,Bayesian Ridge
0_Wavelet absolute mean_27777777.78Hz,14,0.0812550269226624,Bayesian Ridge
0_Autocorrelation,15,0.0398559693431731,Bayesian Ridge
0_MFCC_8,16,0.0292470441030927,Bayesian Ridge
0_Spectral entropy,17,0.0242542072571657,Bayesian Ridge
0_Interquartile range,18,0.0203037478145848,Bayesian Ridge
0_Mean diff,19,0.0196215307823334,Bayesian Ridge
0_LPCC_0,20,0.017590110969326,Bayesian Ridge
0_Spectral variation,21,0.0175159007765834,Bayesian Ridge
0_Wavelet energy_125000000.0Hz,22,0.0157982561514355,Bayesian Ridge
0_Wavelet absolute mean_125000000.0Hz,23,0.0117475404036146,Bayesian Ridge
0_Power bandwidth,24,0.0102071371394517,Bayesian Ridge
0_Wavelet entropy,25,0.0052978440815004,Bayesian Ridge
0_Median frequency,26,0.0048130543310333,Bayesian Ridge
0_Spectral roll-on,27,0.0045878657931285,Bayesian Ridge
0_Absolute energy,28,0.0045281278238982,Bayesian Ridge
0_MFCC_10,29,0.0040780063233661,Bayesian Ridge
0_Entropy,30,0.0038629697502414,Bayesian Ridge
0_LPCC_1,31,0.0035502407714343,Bayesian Ridge
0_Median diff,32,0.0024346614016883,Bayesian Ridge
0_Median absolute diff,33,0.0013834832050509,Bayesian Ridge
0_LPCC_5,34,0.0010340930594811,Bayesian Ridge
0_Spectral positive turning points,35,0.0009307895999301,Bayesian Ridge
0_Maximum frequency,36,0.0006885540223409,Bayesian Ridge
0_Negative turning points,37,0.0004986504802488,Bayesian Ridge
0_Zero crossing rate,38,0.0003218233839209,Bayesian Ridge
0_LPCC_6,39,0.0002537977613565,Bayesian Ridge
0_Histogram mode,40,0.0001607201084702,Bayesian Ridge
0_Fundamental frequency,41,0.0001086140368597,Bayesian Ridge
0_Neighbourhood peaks,42,4.676900458960335e-05,Bayesian Ridge
0_Peak to peak distance,1,0.6129679250717163,XGBoost
0_Spectral entropy,2,0.2568434675534566,XGBoost
0_Autocorrelation,3,0.1334525314966837,XGBoost
0_Entropy,4,0.0146647405624389,XGBoost
0_Interquartile range,5,0.0139695159594217,XGBoost
0_Spectral variation,6,0.0128111577033996,XGBoost
0_Absolute energy,7,0.0116446224848429,XGBoost
0_Mean diff,8,0.0089542285601298,XGBoost
0_Histogram mode,9,0.0026491856575012,XGBoost
0_MFCC_5,10,0.0019765019416809,XGBoost
0_Wavelet absolute mean_125000000.0Hz,11,0.0013040788968404,XGBoost
0_ECDF Percentile_1,12,0.0012251687049865,XGBoost
0_Slope,13,0.0010329890251159,XGBoost
0_Fundamental frequency,14,0.000972359975179,XGBoost
0_LPCC_0,15,0.0006934587160746,XGBoost
0_MFCC_11,16,0.0005942686398824,XGBoost
0_Median absolute diff,17,0.0005661956469217,XGBoost
0_Maximum frequency,18,0.000491939385732,XGBoost
0_Wavelet entropy,19,0.0004099655151367,XGBoost
0_MFCC_10,20,0.0003789734840393,XGBoost
0_Max,21,0.0002756905555725,XGBoost
0_MFCC_8,22,0.0002651707331339,XGBoost
0_MFCC_0,23,0.0002511572837829,XGBoost
0_Median,24,0.0002347532908121,XGBoost
0_MFCC_9,25,0.0002231685320536,XGBoost
0_Spectral decrease,26,0.0001790698369344,XGBoost
0_LPCC_1,27,0.000147484143575,XGBoost
0_Median frequency,28,0.0001337297757466,XGBoost
0_Mean,29,0.0001317548751831,XGBoost
0_Negative turning points,30,0.000101154645284,XGBoost
0_LPCC_6,31,9.809652964274088e-05,XGBoost
0_Wavelet energy_125000000.0Hz,32,9.750843048095704e-05,XGBoost
0_Wavelet absolute mean_27777777.78Hz,33,5.60307502746582e-05,XGBoost
0_Median diff,34,3.516117731730143e-05,XGBoost
0_Zero crossing rate,35,1.883427302042644e-05,XGBoost
0_Neighbourhood peaks,36,7.311503092447917e-06,XGBoost
0_Spectral roll-on,37,0.0,XGBoost
0_Power bandwidth,38,0.0,XGBoost
0_ECDF Percentile_0,39,-6.811777750651041e-05,XGBoost
0_LPCC_5,40,-0.0001879056294759,XGBoost
0_MFCC_4,41,-0.0002390416463216,XGBoost
0_Spectral positive turning points,42,-0.0003656427065531,XGBoost
0_Spectral entropy,1,0.1314800278323526,SVR
0_LPCC_0,2,0.122484051140408,SVR
0_Peak to peak distance,3,0.1188988334073875,SVR
0_Spectral decrease,4,0.0902110027490682,SVR
0_Spectral variation,5,0.0878465462663439,SVR
0_ECDF Percentile_0,6,0.0802999902395565,SVR
0_Max,7,0.069335499742063,SVR
0_Median,8,0.0670522656827099,SVR
0_Interquartile range,9,0.0612870797328871,SVR
0_Mean diff,10,0.0566507685413478,SVR
0_Wavelet absolute mean_27777777.78Hz,11,0.039305055881835,SVR
0_Absolute energy,12,0.0386582178193869,SVR
0_Slope,13,0.0356303378312121,SVR
0_Wavelet absolute mean_125000000.0Hz,14,0.0302253503149154,SVR
0_MFCC_11,15,0.0197992906735532,SVR
0_Median diff,16,0.0151683192600725,SVR
0_Mean,17,0.0139250636658787,SVR
0_Autocorrelation,18,0.011907037600977,SVR
0_MFCC_9,19,0.0116722708588795,SVR
0_MFCC_5,20,0.0108753466520785,SVR
0_Wavelet energy_125000000.0Hz,21,0.0091318837375655,SVR
0_MFCC_10,22,0.0082123595651895,SVR
0_MFCC_4,23,0.0053629957788544,SVR
0_LPCC_1,24,0.0044419385275028,SVR
0_Wavelet entropy,25,0.0039013138968664,SVR
0_ECDF Percentile_1,26,0.0037991359334355,SVR
0_MFCC_8,27,0.0037691359989175,SVR
0_MFCC_0,28,0.003531309588912,SVR
0_Maximum frequency,29,0.0028767937995609,SVR
0_Power bandwidth,30,0.002655088107747,SVR
0_Entropy,31,0.0023746804837291,SVR
0_Zero crossing rate,32,0.0021518969897733,SVR
0_LPCC_6,33,0.0018297063069633,SVR
0_Negative turning points,34,0.0015434864552376,SVR
0_Fundamental frequency,35,0.0014031383071389,SVR
0_Histogram mode,36,0.0012714601867195,SVR
0_Spectral positive turning points,37,0.0008446599161851,SVR
0_Spectral roll-on,38,0.0004458957778057,SVR
0_LPCC_5,39,0.0004228634596345,SVR
0_Neighbourhood peaks,40,-0.0003112939271599,SVR
0_Median absolute diff,41,-0.0009636537288158,SVR
0_Median frequency,42,-0.0010263639393325,SVR
0_Peak to peak distance,1,0.1290580906274804,Random Forest
0_Spectral entropy,2,0.0768346173727963,Random Forest
0_Autocorrelation,3,0.0404578115982224,Random Forest
0_Spectral variation,4,0.0318234952456905,Random Forest
0_Absolute energy,5,0.0274403211868859,Random Forest
0_Wavelet energy_125000000.0Hz,6,0.010943962053936,Random Forest
0_MFCC_11,7,0.0096667259215225,Random Forest
0_Histogram mode,8,0.0084773219012642,Random Forest
0_Mean diff,9,0.0062280505986628,Random Forest
0_Wavelet absolute mean_125000000.0Hz,10,0.0055671299518684,Random Forest
0_Slope,11,0.0053364526647861,Random Forest
0_Entropy,12,0.0050941196447589,Random Forest
0_LPCC_0,13,0.004815497840418,Random Forest
0_Interquartile range,14,0.0033466232665702,Random Forest
0_MFCC_0,15,0.0029588138968055,Random Forest
0_MFCC_9,16,0.0029533492003773,Random Forest
0_MFCC_8,17,0.0028460619267843,Random Forest
0_Fundamental frequency,18,0.0021114876533769,Random Forest
0_Median frequency,19,0.0019047483249687,Random Forest
0_MFCC_10,20,0.001710306758763,Random Forest
0_Maximum frequency,21,0.0012976814145445,Random Forest
0_Zero crossing rate,22,0.0011384423333017,Random Forest
0_LPCC_1,23,0.000793519836523,Random Forest
0_Wavelet entropy,24,0.0006619830052655,Random Forest
0_LPCC_6,25,0.0006153694604641,Random Forest
0_LPCC_5,26,0.0004975300389122,Random Forest
0_MFCC_4,27,0.0004926074699592,Random Forest
0_ECDF Percentile_1,28,0.000445385509592,Random Forest
0_Median,29,0.0002913037835777,Random Forest
0_Mean,30,0.0002551969649771,Random Forest
0_Spectral positive turning points,31,0.0001628321941431,Random Forest
0_Wavelet absolute mean_27777777.78Hz,32,0.0001365245360562,Random Forest
0_Negative turning points,33,0.0001309800790309,Random Forest
0_Power bandwidth,34,9.60351483795252e-05,Random Forest
0_Neighbourhood peaks,35,8.200381810895921e-06,Random Forest
0_Median diff,36,-1.4802973661668754e-17,Random Forest
0_Spectral roll-on,37,-5.5471433579029984e-05,Random Forest
0_Spectral decrease,38,-0.0001051853645861,Random Forest
0_MFCC_5,39,-0.0005294030071903,Random Forest
0_Max,40,-0.0005532388039035,Random Forest
0_Median absolute diff,41,-0.0007772238757595,Random Forest
0_ECDF Percentile_0,42,-0.0020730817048852,Random Forest
0_Peak to peak distance,1,2.5380780465365937,Bayesian Ridge
0_MFCC_4,2,1.7420048718115149,Bayesian Ridge
0_ECDF Percentile_0,3,1.245219988637059,Bayesian Ridge
0_MFCC_5,4,0.83637105976515,Bayesian Ridge
0_Max,5,0.8138267380624117,Bayesian Ridge
0_Mean,6,0.8086785393877824,Bayesian Ridge
0_Slope,7,0.4696487171572354,Bayesian Ridge
0_MFCC_9,8,0.425460428125156,Bayesian Ridge
0_MFCC_11,9,0.283770769994457,Bayesian Ridge
0_MFCC_0,10,0.1346381517501259,Bayesian Ridge
0_Median,11,0.1108944385784359,Bayesian Ridge
0_ECDF Percentile_1,12,0.0684312824976123,Bayesian Ridge
0_Spectral entropy,13,0.0601310516033247,Bayesian Ridge
0_Spectral decrease,14,0.0589567761536224,Bayesian Ridge
0_MFCC_8,15,0.0516419210767224,Bayesian Ridge
0_Wavelet absolute mean_27777777.78Hz,16,0.0457071393993696,Bayesian Ridge
0_Absolute energy,17,0.0409447923839795,Bayesian Ridge
0_MFCC_10,18,0.0332735345985292,Bayesian Ridge
0_Autocorrelation,19,0.0272265745388388,Bayesian Ridge
0_Entropy,20,0.0252953008884092,Bayesian Ridge
0_Power bandwidth,21,0.0131329031386389,Bayesian Ridge
0_Interquartile range,22,0.0113767937067941,Bayesian Ridge
0_Wavelet energy_125000000.0Hz,23,0.0106017137013512,Bayesian Ridge
0_LPCC_0,24,0.0091891127380839,Bayesian Ridge
0_Wavelet absolute mean_125000000.0Hz,25,0.0048046614757332,Bayesian Ridge
0_Median diff,26,0.0048016146881205,Bayesian Ridge
0_Median frequency,27,0.0031233819416323,Bayesian Ridge
0_Spectral roll-on,28,0.0016648304731897,Bayesian Ridge
0_Mean diff,29,0.0012067373730599,Bayesian Ridge
0_Zero crossing rate,30,0.0010297510575697,Bayesian Ridge
0_LPCC_1,31,0.0007183321302347,Bayesian Ridge
0_LPCC_5,32,0.0006411081340074,Bayesian Ridge
0_Spectral positive turning points,33,0.0005891531390261,Bayesian Ridge
0_Negative turning points,34,0.0003480997426627,Bayesian Ridge
0_Spectral variation,35,0.0003318036810633,Bayesian Ridge
0_LPCC_6,36,3.2252664040091084e-05,Bayesian Ridge
0_Neighbourhood peaks,37,1.0937167890743282e-05,Bayesian Ridge
0_Median absolute diff,38,3.942691756693151e-06,Bayesian Ridge
0_Fundamental frequency,39,-1.1111913572895795e-06,Bayesian Ridge
0_Histogram mode,40,-0.000194030250248,Bayesian Ridge
0_Wavelet entropy,41,-0.0001945789867839,Bayesian Ridge
0_Maximum frequency,42,-0.0001993134811466,Bayesian Ridge
0_Peak to peak distance,1,0.6064168548583985,XGBoost
0_Spectral entropy,2,0.2724446654319763,XGBoost
0_Autocorrelation,3,0.1133400925000508,XGBoost
0_Spectral variation,4,0.010947188536326,XGBoost
0_Interquartile range,5,0.0082692805926005,XGBoost
0_Absolute energy,6,0.007540427049001,XGBoost
0_Max,7,0.006394768555959,XGBoost
0_Mean diff,8,0.002611543337504,XGBoost
0_Slope,9,0.0019191090265909,XGBoost
0_Histogram mode,10,0.0013916611671447,XGBoost
0_MFCC_9,11,0.0013000774383544,XGBoost
0_LPCC_0,12,0.0009751439094543,XGBoost
0_Mean,13,0.0007325410842895,XGBoost
0_Median absolute diff,14,0.0007261125246683,XGBoost
0_Fundamental frequency,15,0.0005815704663594,XGBoost
0_LPCC_6,16,0.0005033135414123,XGBoost
0_MFCC_0,17,0.0004818224906921,XGBoost
0_MFCC_8,18,0.0004629246393839,XGBoost
0_Wavelet absolute mean_125000000.0Hz,19,0.0004016550381978,XGBoost
0_Spectral decrease,20,0.0003607074419657,XGBoost
0_Zero crossing rate,21,0.0003598554929097,XGBoost
0_Median diff,22,0.0001709183057149,XGBoost
0_MFCC_4,23,0.0001642775535583,XGBoost
0_Median,24,0.0001618393262227,XGBoost
0_LPCC_5,25,0.0001362935702006,XGBoost
0_LPCC_1,26,9.80520248413086e-05,XGBoost
0_Spectral positive turning points,27,9.686708450317385e-05,XGBoost
0_Entropy,28,5.051612854003906e-05,XGBoost
0_Wavelet energy_125000000.0Hz,29,2.1124680836995444e-05,XGBoost
0_Spectral roll-on,30,1.903692881266276e-05,XGBoost
0_Power bandwidth,31,0.0,XGBoost
0_Neighbourhood peaks,32,0.0,XGBoost
0_Negative turning points,33,-1.0120868682861329e-05,XGBoost
0_Median frequency,34,-1.0498364766438802e-05,XGBoost
0_Wavelet entropy,35,-5.2863756815592446e-05,XGBoost
0_Maximum frequency,36,-9.39027468363444e-05,XGBoost
0_MFCC_10,37,-0.0002675223350524,XGBoost
0_MFCC_5,38,-0.0002972817420959,XGBoost
0_MFCC_11,39,-0.0008159017562866,XGBoost
0_Wavelet absolute mean_27777777.78Hz,40,-0.0015727512041727,XGBoost
0_ECDF Percentile_1,41,-0.0018609793980916,XGBoost
0_ECDF Percentile_0,42,-0.0021362368265787,XGBoost
0_Spectral decrease,1,0.1106517062786732,SVR
0_Spectral entropy,2,0.1035672227145122,SVR
0_Spectral variation,3,0.0939187459858195,SVR
0_Peak to peak distance,4,0.0863341145586188,SVR
0_LPCC_0,5,0.0831440294343722,SVR
0_ECDF Percentile_0,6,0.0791270986255852,SVR
0_Interquartile range,7,0.0748638128208643,SVR
0_Median,8,0.0709394293265574,SVR
0_Mean diff,9,0.0681048240088278,SVR
0_Wavelet absolute mean_27777777.78Hz,10,0.0603345689591615,SVR
0_Max,11,0.0535848589517336,SVR
0_Absolute energy,12,0.0484174150604125,SVR
0_MFCC_11,13,0.0310359614242659,SVR
0_Slope,14,0.0300301634339343,SVR
0_Wavelet absolute mean_125000000.0Hz,15,0.0276830124149001,SVR
0_MFCC_9,16,0.0172640999142599,SVR
0_Autocorrelation,17,0.0166966404041942,SVR
0_MFCC_5,18,0.0143130508034453,SVR
0_Median diff,19,0.0137884943587654,SVR
0_Mean,20,0.0118505437604205,SVR
0_Wavelet energy_125000000.0Hz,21,0.0081540741882059,SVR
0_MFCC_10,22,0.0080803855629331,SVR
0_ECDF Percentile_1,23,0.006213342427284,SVR
0_Wavelet entropy,24,0.005414328005828,SVR
0_Maximum frequency,25,0.0038638625369885,SVR
0_MFCC_8,26,0.0030105428198429,SVR
0_MFCC_0,27,0.0024208816994975,SVR
0_MFCC_4,28,0.0015880748569827,SVR
0_Median frequency,29,0.0015428602979159,SVR
0_Histogram mode,30,0.0013792851937031,SVR
0_Negative turning points,31,0.0012629802061911,SVR
0_Median absolute diff,32,0.0011842167214265,SVR
0_LPCC_5,33,0.0011580016378523,SVR
0_Zero crossing rate,34,0.0009922980664185,SVR
0_Spectral roll-on,35,0.000982166491001,SVR
0_Fundamental frequency,36,0.0009717408153723,SVR
0_LPCC_1,37,0.0008835549575062,SVR
0_LPCC_6,38,0.0006509501219394,SVR
0_Neighbourhood peaks,39,0.0004603482377478,SVR
0_Spectral positive turning points,40,0.0004453908784874,SVR
0_Entropy,41,0.0002810352392176,SVR
0_Power bandwidth,42,0.000147277799139,SVR
0_Peak to peak distance,1,0.1550832699429547,Random Forest
0_Spectral entropy,2,0.0809908365127273,Random Forest
0_Absolute energy,3,0.041960970903527,Random Forest
0_Autocorrelation,4,0.0416540563529831,Random Forest
0_Interquartile range,5,0.0374615038083322,Random Forest
0_Spectral variation,6,0.0324156098722847,Random Forest
0_Entropy,7,0.0321123378146799,Random Forest
0_Histogram mode,8,0.0164203004687598,Random Forest
0_Wavelet energy_125000000.0Hz,9,0.0161945829083648,Random Forest
0_ECDF Percentile_0,10,0.0144614409695273,Random Forest
0_MFCC_11,11,0.0116612155029495,Random Forest
0_Wavelet absolute mean_125000000.0Hz,12,0.0070324084847058,Random Forest
0_Slope,13,0.0055451636253566,Random Forest
0_Mean diff,14,0.0054668188204953,Random Forest
0_Wavelet absolute mean_27777777.78Hz,15,0.0051732755783818,Random Forest
0_Wavelet entropy,16,0.0046070965994203,Random Forest
0_LPCC_0,17,0.0043354972810801,Random Forest
0_MFCC_8,18,0.0036635277419636,Random Forest
0_MFCC_9,19,0.0034974726174311,Random Forest
0_ECDF Percentile_1,20,0.0031373318797361,Random Forest
0_MFCC_0,21,0.0026539519895224,Random Forest
0_Fundamental frequency,22,0.002575028939785,Random Forest
0_Median frequency,23,0.0019728818118566,Random Forest
0_MFCC_10,24,0.0017714180525446,Random Forest
0_Max,25,0.0016983589894276,Random Forest
0_MFCC_5,26,0.0014312618951177,Random Forest
0_Maximum frequency,27,0.0011098330349835,Random Forest
0_Spectral decrease,28,0.0009896816229,Random Forest
0_LPCC_1,29,0.0008604442392715,Random Forest
0_LPCC_5,30,0.0008121538485937,Random Forest
0_Median,31,0.0007396909272367,Random Forest
0_Zero crossing rate,32,0.0005117995243737,Random Forest
0_Spectral positive turning points,33,0.0004620765198026,Random Forest
0_LPCC_6,34,0.0003604618952543,Random Forest
0_Mean,35,0.0002942635325082,Random Forest
0_MFCC_4,36,0.0002073057728004,Random Forest
0_Power bandwidth,37,0.0001212595256272,Random Forest
0_Median absolute diff,38,8.351246802648907e-05,Random Forest
0_Spectral roll-on,39,3.5822814248699746e-05,Random Forest
0_Negative turning points,40,1.0970666178834835e-05,Random Forest
0_Median diff,41,-8.881784197001254e-18,Random Forest
0_Neighbourhood peaks,42,-1.3814719338869353e-05,Random Forest
0_MFCC_4,1,1.7793767718030546,Bayesian Ridge
0_ECDF Percentile_0,2,1.565930377392081,Bayesian Ridge
0_Peak to peak distance,3,1.40753839880166,Bayesian Ridge
0_MFCC_5,4,0.7119253986533455,Bayesian Ridge
0_Max,5,0.6825549601830913,Bayesian Ridge
0_MFCC_11,6,0.6154421379425891,Bayesian Ridge
0_Mean,7,0.4847568033105823,Bayesian Ridge
0_Median,8,0.4024126866682152,Bayesian Ridge
0_MFCC_9,9,0.3771232209589524,Bayesian Ridge
0_Slope,10,0.2941660864627503,Bayesian Ridge
0_MFCC_0,11,0.2424619518053074,Bayesian Ridge
0_Spectral decrease,12,0.2123434063653808,Bayesian Ridge
0_ECDF Percentile_1,13,0.1581004527688344,Bayesian Ridge
0_Wavelet absolute mean_27777777.78Hz,14,0.078429416453753,Bayesian Ridge
0_Interquartile range,15,0.0663004375085164,Bayesian Ridge
0_MFCC_8,16,0.0559920784494047,Bayesian Ridge
0_Absolute energy,17,0.040893664605519,Bayesian Ridge
0_Spectral entropy,18,0.0356154633706441,Bayesian Ridge
0_Wavelet energy_125000000.0Hz,19,0.0344664073505815,Bayesian Ridge
0_Wavelet entropy,20,0.032764215646894,Bayesian Ridge
0_LPCC_0,21,0.0199719305487475,Bayesian Ridge
0_Mean diff,22,0.0151727444030144,Bayesian Ridge
0_Autocorrelation,23,0.0140829216931338,Bayesian Ridge
0_Entropy,24,0.0108919748485035,Bayesian Ridge
0_MFCC_10,25,0.0097324066800735,Bayesian Ridge
0_Power bandwidth,26,0.0093692393046245,Bayesian Ridge
0_Median diff,27,0.004372732746968,Bayesian Ridge
0_Median frequency,28,0.0032025709288269,Bayesian Ridge
0_Wavelet absolute mean_125000000.0Hz,29,0.0028426496526726,Bayesian Ridge
0_Spectral positive turning points,30,0.0019699819509766,Bayesian Ridge
0_Maximum frequency,31,0.0014281838343011,Bayesian Ridge
0_Spectral roll-on,32,0.0013373480884215,Bayesian Ridge
0_LPCC_1,33,0.0011172469644337,Bayesian Ridge
0_Histogram mode,34,0.0001249628640431,Bayesian Ridge
0_LPCC_5,35,0.0001090662916369,Bayesian Ridge
0_Negative turning points,36,8.115554180261478e-05,Bayesian Ridge
0_LPCC_6,37,3.578522855451608e-05,Bayesian Ridge
0_Neighbourhood peaks,38,-7.484993697501736e-05,Bayesian Ridge
0_Fundamental frequency,39,-0.0002486463477819,Bayesian Ridge
0_Zero crossing rate,40,-0.0003474656984911,Bayesian Ridge
0_Median absolute diff,41,-0.000663785463237,Bayesian Ridge
0_Spectral variation,42,-0.001208361685982,Bayesian Ridge
0_Peak to peak distance,1,0.6769922629992167,XGBoost
0_Spectral entropy,2,0.2827178812026977,XGBoost
0_Autocorrelation,3,0.2722478993733724,XGBoost
0_Interquartile range,4,0.0229980770746866,XGBoost
0_Spectral variation,5,0.0087378859519958,XGBoost
0_Entropy,6,0.0071804213523864,XGBoost
0_Histogram mode,7,0.0064961910247802,XGBoost
0_Mean diff,8,0.0063495389620463,XGBoost
0_Max,9,0.0046242586771647,XGBoost
0_MFCC_9,10,0.0027310983339945,XGBoost
0_Wavelet energy_125000000.0Hz,11,0.0026916599273681,XGBoost
0_Absolute energy,12,0.0023726312319437,XGBoost
0_LPCC_6,13,0.0011109193166097,XGBoost
0_Fundamental frequency,14,0.0010183445612589,XGBoost
0_MFCC_8,15,0.0008823696772257,XGBoost
0_Spectral decrease,16,0.0008243894577026,XGBoost
0_Wavelet entropy,17,0.0006647102038065,XGBoost
0_ECDF Percentile_1,18,0.0006525429089864,XGBoost
0_ECDF Percentile_0,19,0.0006054147084554,XGBoost
0_MFCC_10,20,0.0005977288881937,XGBoost
0_MFCC_0,21,0.0005576705932617,XGBoost
0_Spectral positive turning points,22,0.0005298670132954,XGBoost
0_MFCC_11,23,0.0004702226320902,XGBoost
0_Median diff,24,0.000432698726654,XGBoost
0_LPCC_0,25,0.0004307540257771,XGBoost
0_Slope,26,0.0003760759035746,XGBoost
0_LPCC_5,27,0.0003505976994832,XGBoost
0_MFCC_5,28,0.0002902889251708,XGBoost
0_Wavelet absolute mean_125000000.0Hz,29,0.0001991979281107,XGBoost
0_Negative turning points,30,0.0001903915405273,XGBoost
0_Median,31,0.0001024667421976,XGBoost
0_MFCC_4,32,9.095986684163413e-05,XGBoost
0_Neighbourhood peaks,33,7.608413696289063e-05,XGBoost
0_Wavelet absolute mean_27777777.78Hz,34,3.16460927327474e-06,XGBoost
0_Median absolute diff,35,0.0,XGBoost
0_Spectral roll-on,36,0.0,XGBoost
0_Power bandwidth,37,0.0,XGBoost
0_Median frequency,38,-6.933212280273437e-06,XGBoost
0_Mean,39,-2.4844010670979818e-05,XGBoost
0_Zero crossing rate,40,-4.575173060099284e-05,XGBoost
0_Maximum frequency,41,-8.801142374674479e-05,XGBoost
0_LPCC_1,42,-0.0001093649864196,XGBoost
0_Spectral variation,1,0.1208725643945668,SVR
0_Spectral entropy,2,0.1121778871222612,SVR
0_Peak to peak distance,3,0.1070146489804393,SVR
0_LPCC_0,4,0.0972989704106835,SVR
0_Interquartile range,5,0.092221627996745,SVR
0_ECDF Percentile_0,6,0.0915208595166067,SVR
0_Spectral decrease,7,0.0704969429415091,SVR
0_Mean diff,8,0.068678041233452,SVR
0_Max,9,0.0581740434524854,SVR
0_Absolute energy,10,0.0560448862385527,SVR
0_Median,11,0.0526445497205353,SVR
0_Wavelet absolute mean_27777777.78Hz,12,0.0505165822556113,SVR
0_Wavelet absolute mean_125000000.0Hz,13,0.0301144406448892,SVR
0_MFCC_11,14,0.0277857079163038,SVR
0_Slope,15,0.0252227070114917,SVR
0_Autocorrelation,16,0.0151781713801367,SVR
0_MFCC_5,17,0.0119788071434143,SVR
0_Mean,18,0.0115904148851331,SVR
0_Wavelet entropy,19,0.0106812759698624,SVR
0_Wavelet energy_125000000.0Hz,20,0.0096876529401189,SVR
0_MFCC_9,21,0.0081173380250907,SVR
0_MFCC_0,22,0.0045738301350475,SVR
0_MFCC_10,23,0.0039828655494164,SVR
0_Maximum frequency,24,0.0039104255138571,SVR
0_ECDF Percentile_1,25,0.0038596090113017,SVR
0_Median absolute diff,26,0.0037710246229025,SVR
0_MFCC_8,27,0.0031361359080656,SVR
0_MFCC_4,28,0.0021624926518217,SVR
0_LPCC_1,29,0.0019727509303845,SVR
0_Spectral positive turning points,30,0.0017639724938397,SVR
0_LPCC_5,31,0.0016923257869472,SVR
0_Spectral roll-on,32,0.0010525936002435,SVR
0_Fundamental frequency,33,0.0007147240088501,SVR
0_Power bandwidth,34,0.0005817457469618,SVR
0_Neighbourhood peaks,35,0.0004746487213458,SVR
0_LPCC_6,36,0.0003920621134606,SVR
0_Median frequency,37,0.0003673320059864,SVR
0_Negative turning points,38,0.0003104760026025,SVR
0_Entropy,39,0.0002041815915937,SVR
0_Zero crossing rate,40,0.0001441067616875,SVR
0_Median diff,41,0.0,SVR
0_Histogram mode,42,-0.000377317881322,SVR
0_Peak to peak distance,1,0.1994259473737571,Random Forest
0_Spectral entropy,2,0.0660120783976497,Random Forest
0_Absolute energy,3,0.0620278404359487,Random Forest
0_Autocorrelation,4,0.0497965422622154,Random Forest
0_Spectral variation,5,0.0373102941487232,Random Forest
0_Entropy,6,0.0269524858434857,Random Forest
0_Interquartile range,7,0.0223885510917176,Random Forest
0_Histogram mode,8,0.0174068238213485,Random Forest
0_Wavelet energy_125000000.0Hz,9,0.0168252532673975,Random Forest
0_ECDF Percentile_0,10,0.0156697268988141,Random Forest
0_Wavelet absolute mean_125000000.0Hz,11,0.0107942681508586,Random Forest
0_MFCC_11,12,0.0088605090272836,Random Forest
0_Mean diff,13,0.0068828207967437,Random Forest
0_Slope,14,0.0068391214404529,Random Forest
0_LPCC_0,15,0.0051078792116982,Random Forest
0_MFCC_8,16,0.0039836345437278,Random Forest
0_MFCC_9,17,0.0037376312917771,Random Forest
0_ECDF Percentile_1,18,0.0036130117104373,Random Forest
0_Wavelet absolute mean_27777777.78Hz,19,0.0035906712015657,Random Forest
0_Fundamental frequency,20,0.0034705459374716,Random Forest
0_MFCC_0,21,0.0034121277247843,Random Forest
0_Wavelet entropy,22,0.003261725240421,Random Forest
0_MFCC_5,23,0.0022054328674537,Random Forest
0_MFCC_10,24,0.0021318193377887,Random Forest
0_Max,25,0.001910465691107,Random Forest
0_LPCC_1,26,0.0014363414066004,Random Forest
0_Zero crossing rate,27,0.001183361261397,Random Forest
0_Spectral decrease,28,0.001172286496477,Random Forest
0_Maximum frequency,29,0.0011119849026734,Random Forest
0_LPCC_6,30,0.0008712113637795,Random Forest
0_LPCC_5,31,0.0008631247754347,Random Forest
0_Median frequency,32,0.0007538711226365,Random Forest
0_Mean,33,0.0007444182067943,Random Forest
0_Median,34,0.0006600836509733,Random Forest
0_MFCC_4,35,0.0004682186709057,Random Forest
0_Median absolute diff,36,0.0001456152964696,Random Forest
0_Spectral positive turning points,37,9.81374890054676e-05,Random Forest
0_Neighbourhood peaks,38,3.941995687492205e-05,Random Forest
0_Power bandwidth,39,8.397611451324375e-06,Random Forest
0_Median diff,40,2.220446049250313e-17,Random Forest
0_Spectral roll-on,41,-6.4140258406375495e-06,Random Forest
0_Negative turning points,42,-1.4109642788513456e-05,Random Forest
0_MFCC_4,1,2.1955930287705816,Bayesian Ridge
0_ECDF Percentile_0,2,1.664645111746907,Bayesian Ridge
0_Peak to peak distance,3,1.4070060792251926,Bayesian Ridge
0_MFCC_5,4,0.934791187134346,Bayesian Ridge
0_MFCC_11,5,0.6697050651671713,Bayesian Ridge
0_Max,6,0.5950003795623766,Bayesian Ridge
0_Mean,7,0.4291554694694163,Bayesian Ridge
0_MFCC_0,8,0.3747430801764577,Bayesian Ridge
0_Slope,9,0.2255208440994857,Bayesian Ridge
0_Median,10,0.2220585647755999,Bayesian Ridge
0_MFCC_9,11,0.1875886543813774,Bayesian Ridge
0_ECDF Percentile_1,12,0.108770264401477,Bayesian Ridge
0_Spectral decrease,13,0.0886699724957638,Bayesian Ridge
0_Spectral entropy,14,0.0594117572200786,Bayesian Ridge
0_MFCC_8,15,0.0495005229232694,Bayesian Ridge
0_Mean diff,16,0.0380529200473262,Bayesian Ridge
0_Wavelet absolute mean_27777777.78Hz,17,0.0338304056355448,Bayesian Ridge
0_Absolute energy,18,0.0307404978298524,Bayesian Ridge
0_Interquartile range,19,0.0306256554928391,Bayesian Ridge
0_Wavelet entropy,20,0.0287865586305081,Bayesian Ridge
0_Autocorrelation,21,0.0267226994556206,Bayesian Ridge
0_Wavelet energy_125000000.0Hz,22,0.0186994487537096,Bayesian Ridge
0_LPCC_0,23,0.0108723460258738,Bayesian Ridge
0_Wavelet absolute mean_125000000.0Hz,24,0.0082187223331812,Bayesian Ridge
0_Entropy,25,0.0082062758169946,Bayesian Ridge
0_Power bandwidth,26,0.0068945043156288,Bayesian Ridge
0_Spectral roll-on,27,0.0040757179760567,Bayesian Ridge
0_LPCC_1,28,0.0035728834947965,Bayesian Ridge
0_Spectral variation,29,0.001310137510927,Bayesian Ridge
0_Zero crossing rate,30,0.0011643606324051,Bayesian Ridge
0_Spectral positive turning points,31,0.0009609914740592,Bayesian Ridge
0_Negative turning points,32,0.0007148662747471,Bayesian Ridge
0_LPCC_5,33,0.0003406901003961,Bayesian Ridge
0_Histogram mode,34,0.0001778915228928,Bayesian Ridge
0_Neighbourhood peaks,35,0.0001485638056696,Bayesian Ridge
0_MFCC_10,36,0.0001075325444108,Bayesian Ridge
0_Fundamental frequency,37,3.698467215374072e-05,Bayesian Ridge
0_Maximum frequency,38,1.6428249830681512e-05,Bayesian Ridge
0_Median diff,39,0.0,Bayesian Ridge
0_Median frequency,40,-0.0001906059582931,Bayesian Ridge
0_Median absolute diff,41,-0.0002277982824974,Bayesian Ridge
0_LPCC_6,42,-0.000986525867745,Bayesian Ridge
0_Peak to peak distance,1,0.8118212024370829,XGBoost
0_Spectral entropy,2,0.2599395521481832,XGBoost
0_Autocorrelation,3,0.2296691584587097,XGBoost
0_Interquartile range,4,0.0254595160484313,XGBoost
0_Entropy,5,0.0101249615351359,XGBoost
0_Mean diff,6,0.0066294542948404,XGBoost
0_Spectral variation,7,0.0058236447970072,XGBoost
0_Max,8,0.0044429326057434,XGBoost
0_Histogram mode,9,0.0022604036331176,XGBoost
0_Absolute energy,10,0.0019910184542338,XGBoost
0_MFCC_9,11,0.0013498854637145,XGBoost
0_LPCC_0,12,0.0010448789596557,XGBoost
0_Wavelet energy_125000000.0Hz,13,0.0009254193305969,XGBoost
0_Wavelet entropy,14,0.000888492266337,XGBoost
0_MFCC_0,15,0.0007980076471964,XGBoost
0_MFCC_8,16,0.0006125887235005,XGBoost
0_MFCC_10,17,0.0004112211863199,XGBoost
0_Wavelet absolute mean_125000000.0Hz,18,0.0003775962193806,XGBoost
0_Spectral positive turning points,19,0.0003437185287475,XGBoost
0_Fundamental frequency,20,0.0003084476788838,XGBoost
0_MFCC_11,21,0.0002941139539082,XGBoost
0_LPCC_6,22,0.0002242279052734,XGBoost
0_Wavelet absolute mean_27777777.78Hz,23,0.0002196590105692,XGBoost
0_Median frequency,24,0.0002130842208862,XGBoost
0_Slope,25,0.000160653591156,XGBoost
0_MFCC_5,26,0.0001365216573079,XGBoost
0_Median absolute diff,27,0.0001330955823262,XGBoost
0_LPCC_1,28,0.000128899415334,XGBoost
0_LPCC_5,29,0.0001042485237121,XGBoost
0_MFCC_4,30,9.444395701090496e-05,XGBoost
0_ECDF Percentile_1,31,6.626526514689128e-05,XGBoost
0_Negative turning points,32,5.1386356353759766e-05,XGBoost
0_Maximum frequency,33,2.873977025349935e-05,XGBoost
0_Neighbourhood peaks,34,2.2202332814534506e-05,XGBoost
0_Median,35,1.394033432006836e-05,XGBoost
0_Zero crossing rate,36,5.429585774739583e-06,XGBoost
0_Spectral roll-on,37,0.0,XGBoost
0_Median diff,38,0.0,XGBoost
0_Power bandwidth,39,0.0,XGBoost
0_Mean,40,-3.2230218251546225e-05,XGBoost
0_Spectral decrease,41,-8.149305979410807e-05,XGBoost
0_ECDF Percentile_0,42,-9.235143661499024e-05,XGBoost
0_Peak to peak distance,1,0.1201662878279702,SVR
0_Spectral variation,2,0.0869364235742083,SVR
0_ECDF Percentile_0,3,0.0861580520065074,SVR
0_Mean diff,4,0.0805206327072017,SVR
0_Interquartile range,5,0.07870890117913,SVR
0_Spectral entropy,6,0.0776015541358125,SVR
0_Absolute energy,7,0.0720559846288188,SVR
0_LPCC_0,8,0.0666306248356758,SVR
0_Spectral decrease,9,0.0616852406357717,SVR
0_Median,10,0.0553911232046977,SVR
0_Wavelet absolute mean_27777777.78Hz,11,0.0505788086286241,SVR
0_Max,12,0.0484825768599277,SVR
0_Slope,13,0.0421474135948696,SVR
0_Wavelet absolute mean_125000000.0Hz,14,0.0231364925036433,SVR
0_MFCC_11,15,0.0227341967694255,SVR
0_Autocorrelation,16,0.0163664098705589,SVR
0_Wavelet energy_125000000.0Hz,17,0.0154088400064722,SVR
0_MFCC_5,18,0.0118615515125807,SVR
0_Mean,19,0.0112370956167058,SVR
0_MFCC_9,20,0.0072235682816623,SVR
0_Wavelet entropy,21,0.0051512527576763,SVR
0_ECDF Percentile_1,22,0.0047570067740894,SVR
0_Median diff,23,0.0042808126816062,SVR
0_MFCC_10,24,0.0031823035435379,SVR
0_Maximum frequency,25,0.0026346204443058,SVR
0_MFCC_8,26,0.0021205260698604,SVR
0_LPCC_5,27,0.0020666465407676,SVR
0_MFCC_4,28,0.0017232295741643,SVR
0_Spectral positive turning points,29,0.0016343051343533,SVR
0_Spectral roll-on,30,0.0015834109018459,SVR
0_LPCC_1,31,0.0015166123393692,SVR
0_Median absolute diff,32,0.0014024584548288,SVR
0_MFCC_0,33,0.000892809699994,SVR
0_Entropy,34,0.000844188310933,SVR
0_Power bandwidth,35,0.0007680522603897,SVR
0_LPCC_6,36,0.0006546039475765,SVR
0_Fundamental frequency,37,0.000630821991474,SVR
0_Histogram mode,38,0.0004924472952391,SVR
0_Median frequency,39,0.0004716636110215,SVR
0_Neighbourhood peaks,40,4.966097581689718e-05,SVR
0_Negative turning points,41,-9.68743860413331e-05,SVR
0_Zero crossing rate,42,-0.0001272266673124,SVR
0_Peak to peak distance,1,0.1450219396906939,Random Forest
0_Spectral entropy,2,0.0761784457406422,Random Forest
0_Absolute energy,3,0.0500449948964896,Random Forest
0_Interquartile range,4,0.036132940415058,Random Forest
0_Autocorrelation,5,0.0357188140542584,Random Forest
0_Spectral variation,6,0.0347068614071818,Random Forest
0_Entropy,7,0.0259449406489437,Random Forest
0_Wavelet energy_125000000.0Hz,8,0.0194535750050714,Random Forest
0_MFCC_11,9,0.0189819531818811,Random Forest
0_Histogram mode,10,0.0144090193603783,Random Forest
0_ECDF Percentile_0,11,0.0121332276134166,Random Forest
0_Wavelet absolute mean_125000000.0Hz,12,0.0077670522920615,Random Forest
0_Mean diff,13,0.0067790911234595,Random Forest
0_Slope,14,0.004482646350309,Random Forest
0_MFCC_8,15,0.0040605120498376,Random Forest
0_Wavelet entropy,16,0.0036059719849934,Random Forest
0_Wavelet absolute mean_27777777.78Hz,17,0.0035851310044854,Random Forest
0_LPCC_0,18,0.0029493204474075,Random Forest
0_MFCC_0,19,0.0027787150050915,Random Forest
0_ECDF Percentile_1,20,0.0026737626552525,Random Forest
0_Median,21,0.0023890788116548,Random Forest
0_MFCC_10,22,0.0020188857181273,Random Forest
0_Fundamental frequency,23,0.0019830725519605,Random Forest
0_MFCC_9,24,0.0018817349238405,Random Forest
0_Max,25,0.0018003216719166,Random Forest
0_Median frequency,26,0.0015083909421656,Random Forest
0_Maximum frequency,27,0.0014370244506856,Random Forest
0_Zero crossing rate,28,0.0013090798224191,Random Forest
0_LPCC_1,29,0.0011765891931082,Random Forest
0_Spectral decrease,30,0.0010794077304266,Random Forest
0_MFCC_5,31,0.0010252945485378,Random Forest
0_LPCC_6,32,0.0004038422653884,Random Forest
0_MFCC_4,33,0.0004022974687228,Random Forest
0_Spectral positive turning points,34,0.0002044174366875,Random Forest
0_Power bandwidth,35,0.0001781017202408,Random Forest
0_Mean,36,0.0001622147417871,Random Forest
0_LPCC_5,37,0.0001519801383627,Random Forest
0_Median absolute diff,38,0.0001089668356695,Random Forest
0_Negative turning points,39,9.818842482026172e-05,Random Forest
0_Spectral roll-on,40,3.473876882056211e-05,Random Forest
0_Neighbourhood peaks,41,8.786197371080107e-06,Random Forest
0_Median diff,42,-1.0510111299784815e-16,Random Forest
0_Peak to peak distance,1,1.9579632048703568,Bayesian Ridge
0_ECDF Percentile_0,2,0.8631848558662187,Bayesian Ridge
0_MFCC_4,3,0.7159546067982938,Bayesian Ridge
0_Max,4,0.7042744430750454,Bayesian Ridge
0_MFCC_5,5,0.6962925333443589,Bayesian Ridge
0_Slope,6,0.4790795225937421,Bayesian Ridge
0_Mean,7,0.4703499517200361,Bayesian Ridge
0_MFCC_11,8,0.3528134066462174,Bayesian Ridge
0_MFCC_9,9,0.1072756645134769,Bayesian Ridge
0_MFCC_0,10,0.0750809426976266,Bayesian Ridge
0_Median,11,0.054371734855532,Bayesian Ridge
0_MFCC_8,12,0.0494694641959352,Bayesian Ridge
0_Wavelet absolute mean_27777777.78Hz,13,0.0461521925542543,Bayesian Ridge
0_Spectral decrease,14,0.0443962998661864,Bayesian Ridge
0_ECDF Percentile_1,15,0.0355997485701772,Bayesian Ridge
0_Entropy,16,0.0300480546208729,Bayesian Ridge
0_Autocorrelation,17,0.0291792635214108,Bayesian Ridge
0_Absolute energy,18,0.0233468888047419,Bayesian Ridge
0_Spectral entropy,19,0.0172459895908089,Bayesian Ridge
0_LPCC_0,20,0.014263949660566,Bayesian Ridge
0_Spectral variation,21,0.0131485627180583,Bayesian Ridge
0_Wavelet energy_125000000.0Hz,22,0.0129013630156603,Bayesian Ridge
0_Wavelet absolute mean_125000000.0Hz,23,0.0085529793215083,Bayesian Ridge
0_Power bandwidth,24,0.007478086566413,Bayesian Ridge
0_Median diff,25,0.0029959811006976,Bayesian Ridge
0_Median frequency,26,0.0025019241519503,Bayesian Ridge
0_Spectral positive turning points,27,0.0013877487403752,Bayesian Ridge
0_Spectral roll-on,28,0.0012877920916378,Bayesian Ridge
0_Maximum frequency,29,0.0010224882665049,Bayesian Ridge
0_Median absolute diff,30,0.0005758176684178,Bayesian Ridge
0_Zero crossing rate,31,0.0004955243961706,Bayesian Ridge
0_LPCC_1,32,0.0003154119685549,Bayesian Ridge
0_LPCC_5,33,0.0003128352221053,Bayesian Ridge
0_MFCC_10,34,0.0001482458111648,Bayesian Ridge
0_Neighbourhood peaks,35,0.0001034004572061,Bayesian Ridge
0_Mean diff,36,6.990685162914012e-05,Bayesian Ridge
0_Histogram mode,37,2.34077785046057e-05,Bayesian Ridge
0_Negative turning points,38,-0.0001127631433028,Bayesian Ridge
0_Interquartile range,39,-0.0001160076445902,Bayesian Ridge
0_Fundamental frequency,40,-0.000126288958697,Bayesian Ridge
0_LPCC_6,41,-0.0003176300223684,Bayesian Ridge
0_Wavelet entropy,42,-0.0015423812865142,Bayesian Ridge
0_Peak to peak distance,1,0.5772284730275472,XGBoost
0_Spectral entropy,2,0.2534526459376017,XGBoost
0_Autocorrelation,3,0.170846475760142,XGBoost
0_Entropy,4,0.0276700544357299,XGBoost
0_Interquartile range,5,0.0170741526285807,XGBoost
0_Absolute energy,6,0.0090252017974853,XGBoost
0_Spectral variation,7,0.0058073345820109,XGBoost
0_Mean diff,8,0.0051612671216328,XGBoost
0_Slope,9,0.0051458048820495,XGBoost
0_Max,10,0.0022104573249816,XGBoost
0_Histogram mode,11,0.002087824344635,XGBoost
0_Wavelet absolute mean_125000000.0Hz,12,0.0013120341300964,XGBoost
0_MFCC_11,13,0.0009730831782023,XGBoost
0_MFCC_5,14,0.0008718204498291,XGBoost
0_Fundamental frequency,15,0.0007508873939514,XGBoost
0_ECDF Percentile_0,16,0.0006403970718383,XGBoost
0_ECDF Percentile_1,17,0.0006295506159464,XGBoost
0_LPCC_6,18,0.0003824965159098,XGBoost
0_MFCC_0,19,0.0003630256652832,XGBoost
0_Median diff,20,0.0003341190020243,XGBoost
0_LPCC_0,21,0.0003325215975443,XGBoost
0_Wavelet entropy,22,0.0002905400594075,XGBoost
0_LPCC_5,23,0.0001673587163289,XGBoost
0_MFCC_8,24,0.0001637029647827,XGBoost
0_MFCC_9,25,0.0001343282063802,XGBoost
0_MFCC_4,26,0.0001254113515218,XGBoost
0_Median absolute diff,27,0.0001224366823832,XGBoost
0_Spectral positive turning points,28,0.0001214496294657,XGBoost
0_LPCC_1,29,8.424520492553711e-05,XGBoost
0_Zero crossing rate,30,6.205558776855468e-05,XGBoost
0_Neighbourhood peaks,31,4.970868428548177e-05,XGBoost
0_Negative turning points,32,3.0337969462076824e-05,XGBoost
0_Median frequency,33,9.438196818033854e-06,XGBoost
0_Power bandwidth,34,0.0,XGBoost
0_Spectral roll-on,35,0.0,XGBoost
0_Spectral decrease,36,-4.875580469767253e-05,XGBoost
0_Mean,37,-8.114337921142578e-05,XGBoost
0_Wavelet absolute mean_27777777.78Hz,38,-0.0001312104860941,XGBoost
0_Median,39,-0.0001943683624267,XGBoost
0_MFCC_10,40,-0.0002382477124532,XGBoost
0_Maximum frequency,41,-0.0003376952807108,XGBoost
0_Wavelet energy_125000000.0Hz,42,-0.0004477858543395,XGBoost
0_LPCC_0,1,0.1140990680967211,SVR
0_Spectral variation,2,0.1133861197134554,SVR
0_ECDF Percentile_0,3,0.1087349522357722,SVR
0_Peak to peak distance,4,0.0973049099191108,SVR
0_Spectral entropy,5,0.0942700686973991,SVR
0_Median,6,0.0877624040144889,SVR
0_Absolute energy,7,0.0720002922936875,SVR
0_Spectral decrease,8,0.0679226980771412,SVR
0_Mean diff,9,0.0608964903450427,SVR
0_Max,10,0.0544402850061601,SVR
0_Wavelet absolute mean_27777777.78Hz,11,0.0517426177064202,SVR
0_Interquartile range,12,0.0497364575052471,SVR
0_Slope,13,0.0201134572201786,SVR
0_MFCC_11,14,0.0196854266822579,SVR
0_Mean,15,0.0116226334246843,SVR
0_MFCC_9,16,0.011570201570471,SVR
0_Wavelet absolute mean_125000000.0Hz,17,0.0112780637540427,SVR
0_MFCC_5,18,0.0111467472709717,SVR
0_Autocorrelation,19,0.0108578015744034,SVR
0_MFCC_10,20,0.007960234444947,SVR
0_Maximum frequency,21,0.0059986470435472,SVR
0_MFCC_8,22,0.0051404040330007,SVR
0_ECDF Percentile_1,23,0.0051170198669175,SVR
0_MFCC_0,24,0.0041086636263001,SVR
0_LPCC_1,25,0.003982699318339,SVR
0_LPCC_5,26,0.0025428761250607,SVR
0_Wavelet energy_125000000.0Hz,27,0.002301300204698,SVR
0_Power bandwidth,28,0.002108505561024,SVR
0_MFCC_4,29,0.0017785473011021,SVR
0_Wavelet entropy,30,0.0016728781542683,SVR
0_Median absolute diff,31,0.0014214737893112,SVR
0_Histogram mode,32,0.0013928522135458,SVR
0_Spectral roll-on,33,0.0012968104278218,SVR
0_Zero crossing rate,34,0.0011139571216366,SVR
0_Neighbourhood peaks,35,0.0009889644538142,SVR
0_LPCC_6,36,0.0009453047634283,SVR
0_Median frequency,37,0.0002537599314676,SVR
0_Median diff,38,0.0,SVR
0_Spectral positive turning points,39,-0.0001345502790218,SVR
0_Entropy,40,-0.0002071761966907,SVR
0_Negative turning points,41,-0.0002515565356024,SVR
0_Fundamental frequency,42,-0.0003487230239923,SVR
0_Peak to peak distance,1,0.1402400009738771,Random Forest
0_Spectral entropy,2,0.0833373592179643,Random Forest
0_Absolute energy,3,0.0497700435781966,Random Forest
0_Autocorrelation,4,0.0359328113587075,Random Forest
0_Spectral variation,5,0.0342314193709887,Random Forest
0_Interquartile range,6,0.0193200960722531,Random Forest
0_ECDF Percentile_0,7,0.0162301809830421,Random Forest
0_Histogram mode,8,0.0130905592106103,Random Forest
0_Entropy,9,0.0111560030462822,Random Forest
0_Wavelet absolute mean_125000000.0Hz,10,0.0108813003849826,Random Forest
0_Wavelet energy_125000000.0Hz,11,0.0091513741101455,Random Forest
0_Slope,12,0.0078857928992932,Random Forest
0_MFCC_11,13,0.0066924927179791,Random Forest
0_Wavelet absolute mean_27777777.78Hz,14,0.0054201538376892,Random Forest
0_LPCC_0,15,0.0054106209329677,Random Forest
0_Mean diff,16,0.0052825050983429,Random Forest
0_MFCC_0,17,0.0038027301378632,Random Forest
0_Fundamental frequency,18,0.0037692949818274,Random Forest
0_MFCC_8,19,0.0036691628802747,Random Forest
0_Median frequency,20,0.0035131967187061,Random Forest
0_ECDF Percentile_1,21,0.0033395493392288,Random Forest
0_MFCC_9,22,0.0031155778663542,Random Forest
0_LPCC_1,23,0.0021250051797785,Random Forest
0_MFCC_10,24,0.0018880893987143,Random Forest
0_Maximum frequency,25,0.0018821758131656,Random Forest
0_MFCC_5,26,0.0014105556681954,Random Forest
0_Zero crossing rate,27,0.0007688765149473,Random Forest
0_Max,28,0.0005597858906569,Random Forest
0_Median,29,0.0005288545276135,Random Forest
0_Wavelet entropy,30,0.0004307368133599,Random Forest
0_LPCC_5,31,0.0003794572735972,Random Forest
0_LPCC_6,32,0.0003032638239889,Random Forest
0_MFCC_4,33,8.996691333988357e-05,Random Forest
0_Spectral roll-on,34,4.4794673932822e-05,Random Forest
0_Neighbourhood peaks,35,3.632803246596428e-05,Random Forest
0_Power bandwidth,36,-7.105427357601002e-17,Random Forest
0_Median diff,37,-7.549516567451065e-17,Random Forest
0_Spectral decrease,38,-0.000154649184742,Random Forest
0_Mean,39,-0.0002031706473396,Random Forest
0_Negative turning points,40,-0.0003799184198051,Random Forest
0_Median absolute diff,41,-0.0004789293708047,Random Forest
0_Spectral positive turning points,42,-0.0005001014968169,Random Forest
0_MFCC_4,1,2.1736122150902784,Bayesian Ridge
0_Peak to peak distance,2,1.574975267380796,Bayesian Ridge
0_ECDF Percentile_0,3,1.2906161366854658,Bayesian Ridge
0_MFCC_5,4,1.0767325233836718,Bayesian Ridge
0_Mean,5,0.9814308781253128,Bayesian Ridge
0_MFCC_9,6,0.882791429091359,Bayesian Ridge
0_Max,7,0.6896484466259432,Bayesian Ridge
0_Slope,8,0.296342925231186,Bayesian Ridge
0_Median,9,0.2705527369265329,Bayesian Ridge
0_MFCC_11,10,0.2695374954417678,Bayesian Ridge
0_Spectral decrease,11,0.1416228224728981,Bayesian Ridge
0_MFCC_8,12,0.1355269065527647,Bayesian Ridge
0_MFCC_0,13,0.0833814617196794,Bayesian Ridge
0_MFCC_10,14,0.0800572869354644,Bayesian Ridge
0_Wavelet absolute mean_27777777.78Hz,15,0.0592215383157695,Bayesian Ridge
0_ECDF Percentile_1,16,0.0423204646346896,Bayesian Ridge
0_Interquartile range,17,0.0339543328921692,Bayesian Ridge
0_Spectral entropy,18,0.0264703657722989,Bayesian Ridge
0_Power bandwidth,19,0.0189822093486429,Bayesian Ridge
0_Autocorrelation,20,0.0188493358935549,Bayesian Ridge
0_Spectral variation,21,0.0147399331183178,Bayesian Ridge
0_Absolute energy,22,0.014405842391281,Bayesian Ridge
0_Mean diff,23,0.0136101055703782,Bayesian Ridge
0_LPCC_0,24,0.0119611252199306,Bayesian Ridge
0_Entropy,25,0.0110917681897582,Bayesian Ridge
0_Wavelet entropy,26,0.0103359169977572,Bayesian Ridge
0_Median frequency,27,0.0052174026100117,Bayesian Ridge
0_Wavelet energy_125000000.0Hz,28,0.0039799409791639,Bayesian Ridge
0_LPCC_5,29,0.0039602186904821,Bayesian Ridge
0_Spectral roll-on,30,0.0038159647078483,Bayesian Ridge
0_Wavelet absolute mean_125000000.0Hz,31,0.0008112041429381,Bayesian Ridge
0_Fundamental frequency,32,0.0006856446678695,Bayesian Ridge
0_Spectral positive turning points,33,0.0004446598895484,Bayesian Ridge
0_Maximum frequency,34,0.000128208209412,Bayesian Ridge
0_Neighbourhood peaks,35,2.7945858396738467e-05,Bayesian Ridge
0_Median diff,36,0.0,Bayesian Ridge
0_Median absolute diff,37,-0.000204396757454,Bayesian Ridge
0_Histogram mode,38,-0.0002278971292637,Bayesian Ridge
0_Zero crossing rate,39,-0.0005358177003814,Bayesian Ridge
0_Negative turning points,40,-0.000645444319604,Bayesian Ridge
0_LPCC_1,41,-0.0014027882131258,Bayesian Ridge
0_LPCC_6,42,-0.0023717874265921,Bayesian Ridge
0_Peak to peak distance,1,1.0229448938369752,XGBoost
0_Spectral entropy,2,0.3421481124560038,XGBoost
0_Autocorrelation,3,0.222455952167511,XGBoost
0_Interquartile range,4,0.0428627220789591,XGBoost
0_Histogram mode,5,0.0109214949607849,XGBoost
0_MFCC_0,6,0.0093172717094421,XGBoost
0_Spectral variation,7,0.0062424365679423,XGBoost
0_Mean diff,8,0.0032564735412597,XGBoost
0_Slope,9,0.0018115409215291,XGBoost
0_ECDF Percentile_0,10,0.0015972320238749,XGBoost
0_LPCC_0,11,0.0011829360326131,XGBoost
0_Fundamental frequency,12,0.0011705978711446,XGBoost
0_Max,13,0.001164211432139,XGBoost
0_Wavelet absolute mean_125000000.0Hz,14,0.0008284934361775,XGBoost
0_Median,15,0.0007527709007263,XGBoost
0_LPCC_6,16,0.0007288718223571,XGBoost
0_Entropy,17,0.0005266340573628,XGBoost
0_Wavelet energy_125000000.0Hz,18,0.0004345146814982,XGBoost
0_Absolute energy,19,0.0003382571538289,XGBoost
0_LPCC_5,20,0.0002831315994262,XGBoost
0_Wavelet entropy,21,0.0002794814109802,XGBoost
0_MFCC_8,22,0.0002570780118306,XGBoost
0_Maximum frequency,23,0.0001940155029296,XGBoost
0_Median absolute diff,24,0.0001158754030863,XGBoost
0_Median frequency,25,9.083032608032229e-05,XGBoost
0_MFCC_11,26,7.890542348225911e-05,XGBoost
0_Neighbourhood peaks,27,6.575902303059896e-05,XGBoost
0_LPCC_1,28,3.862301508585612e-05,XGBoost
0_Power bandwidth,29,0.0,XGBoost
0_Spectral roll-on,30,0.0,XGBoost
0_Median diff,31,0.0,XGBoost
0_Zero crossing rate,32,-1.2749036153157553e-05,XGBoost
0_Spectral positive turning points,33,-1.4690558115641276e-05,XGBoost
0_MFCC_10,34,-4.003365834554036e-05,XGBoost
0_MFCC_9,35,-5.072673161824544e-05,XGBoost
0_Spectral decrease,36,-5.543788274129232e-05,XGBoost
0_MFCC_4,37,-6.16614023844401e-05,XGBoost
0_Mean,38,-6.288607915242513e-05,XGBoost
0_Negative turning points,39,-0.0001040816307067,XGBoost
0_MFCC_5,40,-0.0002665662765502,XGBoost
0_Wavelet absolute mean_27777777.78Hz,41,-0.0002768063545227,XGBoost
0_ECDF Percentile_1,42,-0.00110302845637,XGBoost
0_LPCC_0,1,0.1060643276977678,SVR
0_Spectral entropy,2,0.0964376424938324,SVR
0_Peak to peak distance,3,0.084186204718405,SVR
0_Spectral variation,4,0.07945961628177,SVR
0_Spectral decrease,5,0.0709278799010279,SVR
0_Interquartile range,6,0.0662991054763593,SVR
0_ECDF Percentile_0,7,0.0621658274898924,SVR
0_Wavelet absolute mean_27777777.78Hz,8,0.056279875579887,SVR
0_Mean diff,9,0.0511103857873553,SVR
0_Median,10,0.0483290100519802,SVR
0_Max,11,0.0445212043701507,SVR
0_MFCC_11,12,0.0354409531069894,SVR
0_Wavelet absolute mean_125000000.0Hz,13,0.0341486084575018,SVR
0_Absolute energy,14,0.0327003024766962,SVR
0_Slope,15,0.0310118880798546,SVR
0_Wavelet energy_125000000.0Hz,16,0.0135472685539011,SVR
0_Mean,17,0.013466916700299,SVR
0_Autocorrelation,18,0.0108355429714164,SVR
0_Wavelet entropy,19,0.0085058682236745,SVR
0_MFCC_5,20,0.0083518969619524,SVR
0_MFCC_0,21,0.007060839478836,SVR
0_Maximum frequency,22,0.0060720390528324,SVR
0_MFCC_9,23,0.005792700668084,SVR
0_MFCC_10,24,0.0040779538276677,SVR
0_MFCC_4,25,0.0039170531875159,SVR
0_LPCC_1,26,0.0036921143603178,SVR
0_LPCC_5,27,0.0025679579523723,SVR
0_ECDF Percentile_1,28,0.001635664314755,SVR
0_Histogram mode,29,0.0013635182496613,SVR
0_Median absolute diff,30,0.0012326454154481,SVR
0_Power bandwidth,31,0.0009293427928221,SVR
0_Fundamental frequency,32,0.0004667352935655,SVR
0_MFCC_8,33,0.0003872665002098,SVR
0_Zero crossing rate,34,0.0002172140464868,SVR
0_LPCC_6,35,0.0001224389563221,SVR
0_Median diff,36,0.0,SVR
0_Entropy,37,-9.153877120168613e-06,SVR
0_Spectral roll-on,38,-1.4453826103399218e-05,SVR
0_Median frequency,39,-5.459747210156222e-05,SVR
0_Neighbourhood peaks,40,-7.781609267185186e-05,SVR
0_Spectral positive turning points,41,-0.000275047123783,SVR
0_Negative turning points,42,-0.0003294886011635,SVR
0_Peak to peak distance,1,0.1588867482924228,Random Forest
0_Spectral entropy,2,0.0764641586315669,Random Forest
0_Absolute energy,3,0.0593716335072204,Random Forest
0_Spectral variation,4,0.0343254278962155,Random Forest
0_Interquartile range,5,0.0318746748380995,Random Forest
0_Entropy,6,0.0317025003391099,Random Forest
0_Autocorrelation,7,0.0262010692862943,Random Forest
0_Wavelet energy_125000000.0Hz,8,0.0164529096560266,Random Forest
0_Histogram mode,9,0.0130616692988777,Random Forest
0_MFCC_11,10,0.0114571384701462,Random Forest
0_Wavelet absolute mean_125000000.0Hz,11,0.0100477751885978,Random Forest
0_ECDF Percentile_0,12,0.0099171455318832,Random Forest
0_Mean diff,13,0.0076311813523613,Random Forest
0_Slope,14,0.0076071087729212,Random Forest
0_Wavelet absolute mean_27777777.78Hz,15,0.0048331972741517,Random Forest
0_LPCC_0,16,0.0045350074350727,Random Forest
0_MFCC_0,17,0.0040610605328328,Random Forest
0_MFCC_9,18,0.0034008567035478,Random Forest
0_Wavelet entropy,19,0.0031980445033087,Random Forest
0_ECDF Percentile_1,20,0.0025581456528472,Random Forest
0_MFCC_10,21,0.0024704575444663,Random Forest
0_MFCC_8,22,0.0020609312445729,Random Forest
0_Fundamental frequency,23,0.0018483377016817,Random Forest
0_Median frequency,24,0.0014005608016173,Random Forest
0_Maximum frequency,25,0.0013912558872458,Random Forest
0_Max,26,0.0011983353460589,Random Forest
0_MFCC_5,27,0.0010152512814362,Random Forest
0_LPCC_1,28,0.0007992586401722,Random Forest
0_Spectral decrease,29,0.0007427858001534,Random Forest
0_LPCC_5,30,0.0006801824506069,Random Forest
0_Zero crossing rate,31,0.0005953022411776,Random Forest
0_Median,32,0.0004615890320324,Random Forest
0_Median absolute diff,33,0.0003133257976255,Random Forest
0_MFCC_4,34,0.0002992929089626,Random Forest
0_LPCC_6,35,0.0002951943106244,Random Forest
0_Mean,36,0.0002438573858356,Random Forest
0_Spectral positive turning points,37,0.0001859812602179,Random Forest
0_Power bandwidth,38,0.0001190132484661,Random Forest
0_Neighbourhood peaks,39,4.149606659155462e-06,Random Forest
0_Spectral roll-on,40,1.3625323292417353e-06,Random Forest
0_Median diff,41,7.253457094217688e-17,Random Forest
0_Negative turning points,42,-5.108961450808932e-06,Random Forest
0_MFCC_4,1,1.813514521765324,Bayesian Ridge
0_Peak to peak distance,2,1.5140937385910451,Bayesian Ridge
0_ECDF Percentile_0,3,1.0477035122399585,Bayesian Ridge
0_MFCC_5,4,0.7578441667127842,Bayesian Ridge
0_MFCC_11,5,0.6702529576603496,Bayesian Ridge
0_Mean,6,0.5692388793026669,Bayesian Ridge
0_Max,7,0.4972511876638328,Bayesian Ridge
0_Slope,8,0.3805124064619488,Bayesian Ridge
0_MFCC_9,9,0.2601901683650601,Bayesian Ridge
0_MFCC_0,10,0.1651270829970839,Bayesian Ridge
0_Median,11,0.1311122847995996,Bayesian Ridge
0_ECDF Percentile_1,12,0.0825145653802534,Bayesian Ridge
0_MFCC_8,13,0.051968131480821,Bayesian Ridge
0_Wavelet absolute mean_125000000.0Hz,14,0.0508050287776338,Bayesian Ridge
0_Wavelet energy_125000000.0Hz,15,0.0485747615205872,Bayesian Ridge
0_Spectral decrease,16,0.0372517684506677,Bayesian Ridge
0_Autocorrelation,17,0.0337627738467556,Bayesian Ridge
0_Wavelet absolute mean_27777777.78Hz,18,0.0308648554887675,Bayesian Ridge
0_Spectral entropy,19,0.0232127970376967,Bayesian Ridge
0_Spectral variation,20,0.0155241516326141,Bayesian Ridge
0_Entropy,21,0.0147696957118225,Bayesian Ridge
0_Power bandwidth,22,0.0135336180035475,Bayesian Ridge
0_Interquartile range,23,0.0092044555401619,Bayesian Ridge
0_LPCC_1,24,0.0072427325165589,Bayesian Ridge
0_Wavelet entropy,25,0.0059591019371447,Bayesian Ridge
0_LPCC_0,26,0.0036776971906878,Bayesian Ridge
0_Spectral roll-on,27,0.0017130947371392,Bayesian Ridge
0_Median frequency,28,0.0016797174110464,Bayesian Ridge
0_Maximum frequency,29,0.0012541089217992,Bayesian Ridge
0_Zero crossing rate,30,0.0011693827278882,Bayesian Ridge
0_Absolute energy,31,0.0007966929752376,Bayesian Ridge
0_LPCC_5,32,0.0006151984887229,Bayesian Ridge
0_Median absolute diff,33,0.0004551970178389,Bayesian Ridge
0_Negative turning points,34,0.0001995309619164,Bayesian Ridge
0_Spectral positive turning points,35,0.000167580955012,Bayesian Ridge
0_Median diff,36,0.0,Bayesian Ridge
0_LPCC_6,37,-2.2164604964925634e-05,Bayesian Ridge
0_MFCC_10,38,-3.656256620421535e-05,Bayesian Ridge
0_Fundamental frequency,39,-0.0001367133401644,Bayesian Ridge
0_Mean diff,40,-0.0003283271821571,Bayesian Ridge
0_Neighbourhood peaks,41,-0.0005611982735378,Bayesian Ridge
0_Histogram mode,42,-0.0005626950383789,Bayesian Ridge
0_Peak to peak distance,1,0.6049470615386963,XGBoost
0_Spectral entropy,2,0.2207496213912964,XGBoost
0_Autocorrelation,3,0.094340701897939,XGBoost
0_Entropy,4,0.035169358253479,XGBoost
0_Mean diff,5,0.0163993326822916,XGBoost
0_Interquartile range,6,0.0160317961374918,XGBoost
0_Absolute energy,7,0.0136692905426025,XGBoost
0_Spectral variation,8,0.0097236680984497,XGBoost
0_Max,9,0.0038341705004374,XGBoost
0_MFCC_9,10,0.0022661431630452,XGBoost
0_Slope,11,0.002144911289215,XGBoost
0_ECDF Percentile_1,12,0.0017685159047444,XGBoost
0_Histogram mode,13,0.0012336365381876,XGBoost
0_Fundamental frequency,14,0.0009322126706441,XGBoost
0_LPCC_0,15,0.0008862630526224,XGBoost
0_Wavelet absolute mean_125000000.0Hz,16,0.0007894213994344,XGBoost
0_Spectral positive turning points,17,0.0006179857254028,XGBoost
0_MFCC_11,18,0.0005258854230244,XGBoost
0_MFCC_8,19,0.0004298400878906,XGBoost
0_MFCC_5,20,0.0004197144508361,XGBoost
0_LPCC_6,21,0.0004029901822408,XGBoost
0_Spectral decrease,22,0.000392792224884,XGBoost
0_Zero crossing rate,23,0.0003160500526428,XGBoost
0_Wavelet entropy,24,0.0002818385759989,XGBoost
0_MFCC_0,25,0.0002533920605977,XGBoost
0_Mean,26,0.000233465830485,XGBoost
0_Median frequency,27,0.0002176292737325,XGBoost
0_LPCC_5,28,0.0001410818099975,XGBoost
0_MFCC_4,29,3.491004308064779e-05,XGBoost
0_Median diff,30,0.0,XGBoost
0_Power bandwidth,31,0.0,XGBoost
0_Spectral roll-on,32,0.0,XGBoost
0_Wavelet absolute mean_27777777.78Hz,33,-2.9397010803222656e-06,XGBoost
0_Median absolute diff,34,-9.487469991048178e-06,XGBoost
0_MFCC_10,35,-5.298217137654622e-05,XGBoost
0_Neighbourhood peaks,36,-0.0001158452033996,XGBoost
0_Maximum frequency,37,-0.0001374252637227,XGBoost
0_Negative turning points,38,-0.0001830395062764,XGBoost
0_Median,39,-0.0001970783869425,XGBoost
0_ECDF Percentile_0,40,-0.0003083022435506,XGBoost
0_LPCC_1,41,-0.0004070544242858,XGBoost
0_Wavelet energy_125000000.0Hz,42,-0.0005687053998311,XGBoost
0_Peak to peak distance,1,0.1246937044097847,SVR
0_Spectral decrease,2,0.1154015611052011,SVR
0_Spectral entropy,3,0.1120830283335619,SVR
0_LPCC_0,4,0.1039395744186917,SVR
0_Interquartile range,5,0.1034202107878153,SVR
0_Spectral variation,6,0.0874396198614088,SVR
0_Mean diff,7,0.0825311781422186,SVR
0_ECDF Percentile_0,8,0.0617025908541622,SVR
0_Median,9,0.0582772465908196,SVR
0_Absolute energy,10,0.0563538615069052,SVR
0_Max,11,0.0553397563481199,SVR
0_Wavelet absolute mean_27777777.78Hz,12,0.0470439507352513,SVR
0_MFCC_11,13,0.0327172047932391,SVR
0_MFCC_9,14,0.0225996484670217,SVR
0_Wavelet absolute mean_125000000.0Hz,15,0.0223638038378789,SVR
0_Slope,16,0.0198851703109227,SVR
0_Autocorrelation,17,0.0169762938516075,SVR
0_Median diff,18,0.014209848277742,SVR
0_Mean,19,0.0110892710601887,SVR
0_MFCC_10,20,0.0095133672498958,SVR
0_Wavelet entropy,21,0.0094407501514794,SVR
0_MFCC_5,22,0.0092400658914839,SVR
0_Wavelet energy_125000000.0Hz,23,0.0069766239939521,SVR
0_LPCC_1,24,0.0053559000938562,SVR
0_ECDF Percentile_1,25,0.0052861128435921,SVR
0_Maximum frequency,26,0.0043365971803162,SVR
0_MFCC_8,27,0.0032282519306861,SVR
0_LPCC_5,28,0.0026488839962886,SVR
0_Power bandwidth,29,0.0024102607056384,SVR
0_Histogram mode,30,0.002374911151018,SVR
0_Spectral roll-on,31,0.002031139517079,SVR
0_Fundamental frequency,32,0.0019043288764028,SVR
0_Spectral positive turning points,33,0.0012909160012887,SVR
0_MFCC_0,34,0.0010140922799838,SVR
0_Entropy,35,0.000683888054495,SVR
0_Zero crossing rate,36,0.0006160404087,SVR
0_Median absolute diff,37,0.0005579943321788,SVR
0_Negative turning points,38,0.0005529474056963,SVR
0_MFCC_4,39,0.0004957695522628,SVR
0_Neighbourhood peaks,40,0.0004555629855953,SVR
0_Median frequency,41,-2.0597200363307403e-05,SVR
0_LPCC_6,42,-0.0008699526345756,SVR
0_Peak to peak distance,1,0.2023551334729159,Random Forest
0_Spectral entropy,2,0.0780019990112465,Random Forest
0_Absolute energy,3,0.0437648914415483,Random Forest
0_Spectral variation,4,0.0428384280338204,Random Forest
0_Interquartile range,5,0.0425026807842096,Random Forest
0_Autocorrelation,6,0.03817177409681,Random Forest
0_Entropy,7,0.0267315099066511,Random Forest
0_Histogram mode,8,0.0146076946235275,Random Forest
0_ECDF Percentile_0,9,0.0133318876772732,Random Forest
0_Wavelet energy_125000000.0Hz,10,0.0129745168358059,Random Forest
0_MFCC_11,11,0.0111685910295813,Random Forest
0_Wavelet absolute mean_125000000.0Hz,12,0.0096565949647598,Random Forest
0_Slope,13,0.005570054520332,Random Forest
0_Mean diff,14,0.0044678438084103,Random Forest
0_Wavelet entropy,15,0.0042643086002033,Random Forest
0_Wavelet absolute mean_27777777.78Hz,16,0.0040908493989068,Random Forest
0_LPCC_0,17,0.0040453020119141,Random Forest
0_ECDF Percentile_1,18,0.0033761727439547,Random Forest
0_MFCC_8,19,0.0032543887835837,Random Forest
0_MFCC_9,20,0.0030963477864054,Random Forest
0_MFCC_10,21,0.0029213167311704,Random Forest
0_MFCC_5,22,0.0022584397586948,Random Forest
0_Fundamental frequency,23,0.0019706224579281,Random Forest
0_Maximum frequency,24,0.0018606015404484,Random Forest
0_Spectral decrease,25,0.0015009041581903,Random Forest
0_Median frequency,26,0.0013178524628372,Random Forest
0_LPCC_1,27,0.0010339123981739,Random Forest
0_LPCC_5,28,0.0006505395115797,Random Forest
0_Max,29,0.0006467710245407,Random Forest
0_Median,30,0.0006274613545257,Random Forest
0_MFCC_0,31,0.0004774754098314,Random Forest
0_Spectral positive turning points,32,0.0004440559738254,Random Forest
0_Zero crossing rate,33,0.0003044673036698,Random Forest
0_Median absolute diff,34,0.0002892420043746,Random Forest
0_Power bandwidth,35,0.0001052244775968,Random Forest
0_LPCC_6,36,9.190905115719516e-05,Random Forest
0_Negative turning points,37,8.118439007728018e-05,Random Forest
0_Median diff,38,1.0362081563168128e-17,Random Forest
0_Neighbourhood peaks,39,-4.549569702715732e-06,Random Forest
0_Spectral roll-on,40,-6.66781671421172e-05,Random Forest
0_MFCC_4,41,-8.003712329353708e-05,Random Forest
0_Mean,42,-0.0001793377626816,Random Forest
0_MFCC_4,1,1.7406567467661327,Bayesian Ridge
0_Peak to peak distance,2,1.6242766924517082,Bayesian Ridge
0_ECDF Percentile_0,3,1.2490058327271014,Bayesian Ridge
0_Mean,4,0.901667182244152,Bayesian Ridge
0_MFCC_5,5,0.7771382968533536,Bayesian Ridge
0_Max,6,0.6422461930089017,Bayesian Ridge
0_MFCC_11,7,0.4034768857003723,Bayesian Ridge
0_MFCC_9,8,0.3789177143929743,Bayesian Ridge
0_Slope,9,0.2890239515973347,Bayesian Ridge
0_Spectral decrease,10,0.2398153117210171,Bayesian Ridge
0_ECDF Percentile_1,11,0.2283628972273725,Bayesian Ridge
0_MFCC_0,12,0.2214681427462169,Bayesian Ridge
0_Median,13,0.1748689555872261,Bayesian Ridge
0_Interquartile range,14,0.0963697998938419,Bayesian Ridge
0_LPCC_0,15,0.0834524358690545,Bayesian Ridge
0_Wavelet absolute mean_27777777.78Hz,16,0.0360094144695225,Bayesian Ridge
0_Wavelet energy_125000000.0Hz,17,0.0299269005257333,Bayesian Ridge
0_Wavelet absolute mean_125000000.0Hz,18,0.0293514763187369,Bayesian Ridge
0_MFCC_10,19,0.029076427388294,Bayesian Ridge
0_Autocorrelation,20,0.0266118032365353,Bayesian Ridge
0_Spectral variation,21,0.0254822633002889,Bayesian Ridge
0_Power bandwidth,22,0.012979878640894,Bayesian Ridge
0_Absolute energy,23,0.0126930791094157,Bayesian Ridge
0_Wavelet entropy,24,0.0093048029830222,Bayesian Ridge
0_Entropy,25,0.0089441099550532,Bayesian Ridge
0_Spectral entropy,26,0.0067832940423715,Bayesian Ridge
0_Median frequency,27,0.0053196518637276,Bayesian Ridge
0_Median diff,28,0.0041018025464577,Bayesian Ridge
0_MFCC_8,29,0.004096869901909,Bayesian Ridge
0_Spectral roll-on,30,0.0025320710307137,Bayesian Ridge
0_Maximum frequency,31,0.0015276560739597,Bayesian Ridge
0_Mean diff,32,0.0011753259307572,Bayesian Ridge
0_Spectral positive turning points,33,0.0009843793880757,Bayesian Ridge
0_LPCC_5,34,0.0009300960997163,Bayesian Ridge
0_LPCC_6,35,0.0004893380557996,Bayesian Ridge
0_Median absolute diff,36,0.0003419074915682,Bayesian Ridge
0_Fundamental frequency,37,-2.05115069264202e-05,Bayesian Ridge
0_Neighbourhood peaks,38,-5.040471415339661e-05,Bayesian Ridge
0_Zero crossing rate,39,-0.0005531124170714,Bayesian Ridge
0_Negative turning points,40,-0.0005903575846103,Bayesian Ridge
0_Histogram mode,41,-0.0006774839718194,Bayesian Ridge
0_LPCC_1,42,-0.0007173789039413,Bayesian Ridge
0_Peak to peak distance,1,0.6318374403317769,XGBoost
0_Spectral entropy,2,0.2514630262056986,XGBoost
0_Autocorrelation,3,0.1135013238588968,XGBoost
0_Interquartile range,4,0.0285577138264973,XGBoost
0_Spectral variation,5,0.0155738425254821,XGBoost
0_Entropy,6,0.0146101053555806,XGBoost
0_Absolute energy,7,0.010785919825236,XGBoost
0_Mean diff,8,0.0106348792711893,XGBoost
0_Wavelet entropy,9,0.0030069541931152,XGBoost
0_Histogram mode,10,0.0024991297721862,XGBoost
0_Max,11,0.0022997585932413,XGBoost
0_Slope,12,0.0017443839708964,XGBoost
0_Wavelet energy_125000000.0Hz,13,0.0016806014378865,XGBoost
0_MFCC_9,14,0.0013324832916259,XGBoost
0_MFCC_11,15,0.0012801877657572,XGBoost
0_MFCC_5,16,0.0010653185844421,XGBoost
0_MFCC_10,17,0.0010542035102844,XGBoost
0_Fundamental frequency,18,0.0009581899642944,XGBoost
0_Wavelet absolute mean_125000000.0Hz,19,0.0008691430091857,XGBoost
0_ECDF Percentile_1,20,0.0007361531257629,XGBoost
0_ECDF Percentile_0,21,0.0007340176900227,XGBoost
0_LPCC_0,22,0.0005332382520039,XGBoost
0_MFCC_0,23,0.0004315733909606,XGBoost
0_Zero crossing rate,24,0.0003780484199523,XGBoost
0_Spectral positive turning points,25,0.0003104527791341,XGBoost
0_Median,26,0.0002926031748453,XGBoost
0_Mean,27,0.0002753551801045,XGBoost
0_MFCC_8,28,0.0001959872245788,XGBoost
0_Wavelet absolute mean_27777777.78Hz,29,0.0001940027872721,XGBoost
0_LPCC_6,30,0.0001503586769104,XGBoost
0_LPCC_1,31,7.511138916015625e-05,XGBoost
0_Median diff,32,3.950834274291992e-05,XGBoost
0_Negative turning points,33,2.836386362711589e-05,XGBoost
0_Median frequency,34,2.1793842315673827e-05,XGBoost
0_Spectral decrease,35,1.994212468465169e-05,XGBoost
0_Median absolute diff,36,1.4084974924723308e-05,XGBoost
0_Neighbourhood peaks,37,1.291354497273763e-05,XGBoost
0_Power bandwidth,38,0.0,XGBoost
0_Spectral roll-on,39,0.0,XGBoost
0_LPCC_5,40,-3.5260518391927086e-05,XGBoost
0_MFCC_4,41,-0.000148057937622,XGBoost
0_Maximum frequency,42,-0.0003497982025146,XGBoost
0_ECDF Percentile_0,1,0.1033910590862423,SVR
0_Spectral entropy,2,0.1001175837528426,SVR
0_Peak to peak distance,3,0.093266483503423,SVR
0_LPCC_0,4,0.0895384150539421,SVR
0_Spectral variation,5,0.0828913217234027,SVR
0_Spectral decrease,6,0.0755337900165239,SVR
0_Median,7,0.0701870993005384,SVR
0_Interquartile range,8,0.0683801012771203,SVR
0_Wavelet absolute mean_27777777.78Hz,9,0.0594789028239398,SVR
0_Mean diff,10,0.055685619598218,SVR
0_Absolute energy,11,0.0555360742544088,SVR
0_Max,12,0.0389863278962661,SVR
0_Wavelet absolute mean_125000000.0Hz,13,0.0382091119815855,SVR
0_Autocorrelation,14,0.0314819795318894,SVR
0_MFCC_11,15,0.0264166845147105,SVR
0_Slope,16,0.020603156606783,SVR
0_MFCC_9,17,0.0147799824193736,SVR
0_Mean,18,0.0141533883789213,SVR
0_MFCC_5,19,0.0083151775275999,SVR
0_Wavelet energy_125000000.0Hz,20,0.0071979422251472,SVR
0_MFCC_4,21,0.0071743253136923,SVR
0_MFCC_10,22,0.006728290894992,SVR
0_LPCC_1,23,0.005307859244458,SVR
0_Wavelet entropy,24,0.0047829312267542,SVR
0_Maximum frequency,25,0.0042055132349176,SVR
0_MFCC_8,26,0.0032252005932184,SVR
0_ECDF Percentile_1,27,0.002339113260344,SVR
0_MFCC_0,28,0.0017713821666885,SVR
0_Spectral positive turning points,29,0.0011984072766414,SVR
0_Median frequency,30,0.0009221498261526,SVR
0_LPCC_5,31,0.0007919820733894,SVR
0_LPCC_6,32,0.0006099411745161,SVR
0_Fundamental frequency,33,0.0005808884687943,SVR
0_Power bandwidth,34,0.000454349286447,SVR
0_Median absolute diff,35,0.0004119903930195,SVR
0_Entropy,36,0.0003754066451787,SVR
0_Neighbourhood peaks,37,0.0002266735053292,SVR
0_Spectral roll-on,38,0.0001603859326549,SVR
0_Histogram mode,39,0.0001127424261921,SVR
0_Zero crossing rate,40,8.380123594838491e-05,SVR
0_Negative turning points,41,2.471425826708007e-05,SVR
0_Median diff,42,0.0,SVR
0_Peak to peak distance,1,0.1619810044760373,Random Forest
0_Spectral entropy,2,0.0799857419261045,Random Forest
0_Autocorrelation,3,0.0466885582881283,Random Forest
0_Absolute energy,4,0.0432679175684729,Random Forest
0_Spectral variation,5,0.0379246210093217,Random Forest
0_Interquartile range,6,0.0231164063927413,Random Forest
0_Entropy,7,0.0213536583584514,Random Forest
0_Wavelet energy_125000000.0Hz,8,0.0145346342539011,Random Forest
0_Histogram mode,9,0.0111065276057945,Random Forest
0_Wavelet absolute mean_125000000.0Hz,10,0.0086955091012436,Random Forest
0_ECDF Percentile_0,11,0.0072092438939619,Random Forest
0_MFCC_11,12,0.0068919902943536,Random Forest
0_LPCC_0,13,0.0058158392752173,Random Forest
0_Slope,14,0.0054561244214546,Random Forest
0_MFCC_0,15,0.0043177612667721,Random Forest
0_Mean diff,16,0.0042900953542955,Random Forest
0_Wavelet absolute mean_27777777.78Hz,17,0.0040047606519417,Random Forest
0_MFCC_9,18,0.0037400466177045,Random Forest
0_MFCC_8,19,0.0034115257305735,Random Forest
0_Fundamental frequency,20,0.0024140508955759,Random Forest
0_Max,21,0.0021249270494733,Random Forest
0_ECDF Percentile_1,22,0.0020089386874702,Random Forest
0_Median frequency,23,0.0019235665236768,Random Forest
0_Wavelet entropy,24,0.00189527561731,Random Forest
0_Maximum frequency,25,0.0016457883593436,Random Forest
0_LPCC_5,26,0.0014011622960813,Random Forest
0_MFCC_10,27,0.0013729563981192,Random Forest
0_MFCC_5,28,0.0012254259446526,Random Forest
0_Spectral decrease,29,0.0011428836383373,Random Forest
0_LPCC_1,30,0.0009469185384919,Random Forest
0_LPCC_6,31,0.0007669972304837,Random Forest
0_Zero crossing rate,32,0.0004261961361764,Random Forest
0_Mean,33,0.000392427029294,Random Forest
0_Median,34,0.0002107945212802,Random Forest
0_Median absolute diff,35,0.0001668715070379,Random Forest
0_MFCC_4,36,0.0001135396604563,Random Forest
0_Spectral positive turning points,37,6.192606507389175e-05,Random Forest
0_Negative turning points,38,1.6563156564998552e-05,Random Forest
0_Power bandwidth,39,1.4932820724307128e-05,Random Forest
0_Median diff,40,1.628327102783563e-17,Random Forest
0_Neighbourhood peaks,41,-1.9275856584396087e-06,Random Forest
0_Spectral roll-on,42,-2.458495116761217e-05,Random Forest
0_MFCC_4,1,3.066079779281473,Bayesian Ridge
0_Peak to peak distance,2,1.6076891564120217,Bayesian Ridge
0_ECDF Percentile_0,3,1.4809209204282248,Bayesian Ridge
0_MFCC_5,4,0.9962143269731458,Bayesian Ridge
0_Mean,5,0.7892658963804591,Bayesian Ridge
0_MFCC_9,6,0.7757033512154993,Bayesian Ridge
0_MFCC_11,7,0.7157657638865907,Bayesian Ridge
0_Max,8,0.6251144147979324,Bayesian Ridge
0_Slope,9,0.2669404134934465,Bayesian Ridge
0_Median,10,0.222425256747985,Bayesian Ridge
0_MFCC_8,11,0.1755833285443041,Bayesian Ridge
0_MFCC_0,12,0.1220938441868411,Bayesian Ridge
0_ECDF Percentile_1,13,0.1046767002502063,Bayesian Ridge
0_Wavelet absolute mean_27777777.78Hz,14,0.0619899750532829,Bayesian Ridge
0_Spectral entropy,15,0.046071468685911,Bayesian Ridge
0_Autocorrelation,16,0.0439697994712974,Bayesian Ridge
0_Wavelet energy_125000000.0Hz,17,0.0316974824501735,Bayesian Ridge
0_Spectral decrease,18,0.0262920894910568,Bayesian Ridge
0_Wavelet absolute mean_125000000.0Hz,19,0.016237453690254,Bayesian Ridge
0_MFCC_10,20,0.0153608122283963,Bayesian Ridge
0_Entropy,21,0.0143367448026174,Bayesian Ridge
0_Spectral variation,22,0.0139712611311647,Bayesian Ridge
0_LPCC_1,23,0.0137402827135099,Bayesian Ridge
0_Power bandwidth,24,0.0085085268126053,Bayesian Ridge
0_Absolute energy,25,0.0077484843343575,Bayesian Ridge
0_LPCC_0,26,0.0075779103882998,Bayesian Ridge
0_Wavelet entropy,27,0.0063364024907087,Bayesian Ridge
0_Mean diff,28,0.0055142645741052,Bayesian Ridge
0_Interquartile range,29,0.0049054750636285,Bayesian Ridge
0_Spectral roll-on,30,0.0048204166094518,Bayesian Ridge
0_Maximum frequency,31,0.0016397861402561,Bayesian Ridge
0_Median frequency,32,0.0011402530242324,Bayesian Ridge
0_LPCC_5,33,0.000928959035062,Bayesian Ridge
0_Zero crossing rate,34,0.0005288735224249,Bayesian Ridge
0_Median absolute diff,35,0.0002776517767736,Bayesian Ridge
0_Fundamental frequency,36,0.0002720413108952,Bayesian Ridge
0_Spectral positive turning points,37,0.0001380497838309,Bayesian Ridge
0_Histogram mode,38,9.598156343477716e-05,Bayesian Ridge
0_Negative turning points,39,5.229786503149647e-05,Bayesian Ridge
0_Neighbourhood peaks,40,7.439137399585978e-07,Bayesian Ridge
0_Median diff,41,0.0,Bayesian Ridge
0_LPCC_6,42,-0.0005226483625039,Bayesian Ridge
0_Peak to peak distance,1,0.5640646338462829,XGBoost
0_Spectral entropy,2,0.2229929184913635,XGBoost
0_Autocorrelation,3,0.1562892524401347,XGBoost
0_Entropy,4,0.0103943514823913,XGBoost
0_Spectral variation,5,0.0103544227282206,XGBoost
0_Interquartile range,6,0.0069048023223876,XGBoost
0_Mean diff,7,0.0061442804336547,XGBoost
0_Absolute energy,8,0.0055571055412292,XGBoost
0_Fundamental frequency,9,0.0009421960512797,XGBoost
0_Max,10,0.0007533764839172,XGBoost
0_LPCC_6,11,0.0007002751032511,XGBoost
0_Histogram mode,12,0.0006346638997395,XGBoost
0_MFCC_11,13,0.0006199121475219,XGBoost
0_LPCC_0,14,0.0005731693903605,XGBoost
0_LPCC_5,15,0.0004308875401814,XGBoost
0_ECDF Percentile_0,16,0.0003055755297342,XGBoost
0_Wavelet absolute mean_27777777.78Hz,17,0.0002566488583882,XGBoost
0_Neighbourhood peaks,18,9.083350499471028e-05,XGBoost
0_MFCC_0,19,7.787227630615234e-05,XGBoost
0_Slope,20,5.678415298461914e-05,XGBoost
0_Maximum frequency,21,3.1944115956624346e-05,XGBoost
0_Power bandwidth,22,0.0,XGBoost
0_Spectral roll-on,23,0.0,XGBoost
0_Median diff,24,0.0,XGBoost
0_Spectral decrease,25,-1.6506512959798177e-05,XGBoost
0_Zero crossing rate,26,-2.354939778645833e-05,XGBoost
0_Median frequency,27,-2.593358357747396e-05,XGBoost
0_Spectral positive turning points,28,-4.18543815612793e-05,XGBoost
0_ECDF Percentile_1,29,-4.9415429433186846e-05,XGBoost
0_Mean,30,-6.927172342936198e-05,XGBoost
0_Median,31,-7.933775583902994e-05,XGBoost
0_MFCC_10,32,-0.0001179560025533,XGBoost
0_Wavelet absolute mean_125000000.0Hz,33,-0.00012788772583,XGBoost
0_MFCC_4,34,-0.0001373187700907,XGBoost
0_MFCC_5,35,-0.0001817981402079,XGBoost
0_MFCC_9,36,-0.0002013500531514,XGBoost
0_Median absolute diff,37,-0.0002087457974751,XGBoost
0_MFCC_8,38,-0.0002125859260559,XGBoost
0_LPCC_1,39,-0.0003319064776102,XGBoost
0_Negative turning points,40,-0.0004678209622701,XGBoost
0_Wavelet entropy,41,-0.000722484588623,XGBoost
0_Wavelet energy_125000000.0Hz,42,-0.0009896485010782,XGBoost
0_Peak to peak distance,1,0.1192597208683305,SVR
0_Spectral entropy,2,0.101109307728259,SVR
0_Spectral variation,3,0.0862987779681535,SVR
0_ECDF Percentile_0,4,0.0846543453668744,SVR
0_Spectral decrease,5,0.084447900236562,SVR
0_Interquartile range,6,0.0702134758375564,SVR
0_Mean diff,7,0.0683362443828933,SVR
0_Median,8,0.0673694319096174,SVR
0_Max,9,0.0544258033167419,SVR
0_LPCC_0,10,0.0537098241376705,SVR
0_Absolute energy,11,0.048190173202109,SVR
0_Wavelet absolute mean_27777777.78Hz,12,0.0444001482973787,SVR
0_MFCC_11,13,0.0248718692194739,SVR
0_Autocorrelation,14,0.0193556098796447,SVR
0_Slope,15,0.0160982764916254,SVR
0_Median diff,16,0.0157768228921294,SVR
0_MFCC_9,17,0.0152454455685596,SVR
0_Mean,18,0.0133375159853272,SVR
0_Wavelet absolute mean_125000000.0Hz,19,0.0116469752008269,SVR
0_Wavelet entropy,20,0.0090853655381334,SVR
0_Wavelet energy_125000000.0Hz,21,0.008154721015684,SVR
0_MFCC_5,22,0.0069063994900846,SVR
0_Maximum frequency,23,0.0066911815681915,SVR
0_MFCC_10,24,0.006340530672871,SVR
0_Median absolute diff,25,0.0037443473110693,SVR
0_MFCC_8,26,0.0036354735013152,SVR
0_Histogram mode,27,0.002865624862339,SVR
0_ECDF Percentile_1,28,0.0027708838915276,SVR
0_MFCC_4,29,0.0023372314046609,SVR
0_LPCC_1,30,0.001897387607832,SVR
0_LPCC_5,31,0.0010936087754714,SVR
0_Spectral roll-on,32,0.0008713125382574,SVR
0_LPCC_6,33,0.0007733718465314,SVR
0_Spectral positive turning points,34,0.0006834870488469,SVR
0_Entropy,35,0.0006615925106309,SVR
0_Power bandwidth,36,0.0006518742033725,SVR
0_Zero crossing rate,37,0.0006443540747865,SVR
0_Fundamental frequency,38,0.0004696825122942,SVR
0_Median frequency,39,0.0003499117972463,SVR
0_Neighbourhood peaks,40,0.0002605627346721,SVR
0_Negative turning points,41,0.0001937367158935,SVR
0_MFCC_0,42,2.202760389721448e-05,SVR
0_Peak to peak distance,1,0.1575948691734558,Random Forest
0_Spectral entropy,2,0.0725843512417723,Random Forest
0_Absolute energy,3,0.0462485245639659,Random Forest
0_Autocorrelation,4,0.0362131564712404,Random Forest
0_Spectral variation,5,0.032037573048273,Random Forest
0_Interquartile range,6,0.0318380801939699,Random Forest
0_Entropy,7,0.0278904142257014,Random Forest
0_Histogram mode,8,0.0161649216016684,Random Forest
0_ECDF Percentile_0,9,0.0150119767021031,Random Forest
0_Wavelet energy_125000000.0Hz,10,0.0141136074617862,Random Forest
0_MFCC_11,11,0.0098251442280864,Random Forest
0_Wavelet absolute mean_125000000.0Hz,12,0.0075546396343468,Random Forest
0_Mean diff,13,0.0061741956460714,Random Forest
0_MFCC_8,14,0.0044493487463785,Random Forest
0_Slope,15,0.0044275698644528,Random Forest
0_Wavelet absolute mean_27777777.78Hz,16,0.0040050616448742,Random Forest
0_ECDF Percentile_1,17,0.003914130739159,Random Forest
0_Wavelet entropy,18,0.0038466292294135,Random Forest
0_LPCC_0,19,0.003754952411564,Random Forest
0_Fundamental frequency,20,0.0035443317416949,Random Forest
0_MFCC_9,21,0.0035323936178849,Random Forest
0_MFCC_0,22,0.0026051524013875,Random Forest
0_Median frequency,23,0.0018417257454167,Random Forest
0_MFCC_5,24,0.0017706266118595,Random Forest
0_Maximum frequency,25,0.0017115847169985,Random Forest
0_Max,26,0.0016081955418167,Random Forest
0_Spectral decrease,27,0.0014182458922838,Random Forest
0_Median,28,0.0012869243451047,Random Forest
0_MFCC_10,29,0.0010178741296596,Random Forest
0_LPCC_1,30,0.0009874533545921,Random Forest
0_LPCC_5,31,0.0005464064058742,Random Forest
0_LPCC_6,32,0.0005149569001239,Random Forest
0_Zero crossing rate,33,0.0004079877377426,Random Forest
0_Spectral positive turning points,34,0.0001917758155288,Random Forest
0_Median absolute diff,35,0.0001779405455771,Random Forest
0_Mean,36,8.618829955946576e-05,Random Forest
0_Negative turning points,37,6.651289718883439e-05,Random Forest
0_Spectral roll-on,38,6.377230860771466e-05,Random Forest
0_Median diff,39,-2.220446049250313e-17,Random Forest
0_Neighbourhood peaks,40,-5.01400583254578e-06,Random Forest
0_Power bandwidth,41,-5.96926158116388e-06,Random Forest
0_MFCC_4,42,-0.0003261805437368,Random Forest
0_MFCC_4,1,1.4080073711004306,Bayesian Ridge
0_Peak to peak distance,2,1.3248056437328102,Bayesian Ridge
0_ECDF Percentile_0,3,1.2145913930091297,Bayesian Ridge
0_MFCC_5,4,0.8853066932973058,Bayesian Ridge
0_Mean,5,0.5218815734670341,Bayesian Ridge
0_MFCC_11,6,0.5134859674303264,Bayesian Ridge
0_Max,7,0.476588617404064,Bayesian Ridge
0_MFCC_9,8,0.3325450353341563,Bayesian Ridge
0_Slope,9,0.2996333226644317,Bayesian Ridge
0_ECDF Percentile_1,10,0.2753802562543675,Bayesian Ridge
0_Median,11,0.2244036163203279,Bayesian Ridge
0_MFCC_0,12,0.1448211894461974,Bayesian Ridge
0_Spectral decrease,13,0.0965947595941388,Bayesian Ridge
0_Interquartile range,14,0.0869438585498737,Bayesian Ridge
0_MFCC_8,15,0.0694314219165483,Bayesian Ridge
0_Wavelet absolute mean_27777777.78Hz,16,0.067905521532498,Bayesian Ridge
0_Spectral variation,17,0.0326667644080709,Bayesian Ridge
0_Autocorrelation,18,0.0288625188890724,Bayesian Ridge
0_Mean diff,19,0.019805637657141,Bayesian Ridge
0_Wavelet energy_125000000.0Hz,20,0.0192558739988807,Bayesian Ridge
0_LPCC_0,21,0.0192391751067054,Bayesian Ridge
0_Entropy,22,0.016292349909344,Bayesian Ridge
0_Maximum frequency,23,0.0122282152667303,Bayesian Ridge
0_Spectral entropy,24,0.0110824508777591,Bayesian Ridge
0_Wavelet entropy,25,0.0107058566748082,Bayesian Ridge
0_MFCC_10,26,0.0096996886777172,Bayesian Ridge
0_Power bandwidth,27,0.0093473480512019,Bayesian Ridge
0_Median frequency,28,0.0060973430295404,Bayesian Ridge
0_Median diff,29,0.0059870355448236,Bayesian Ridge
0_Absolute energy,30,0.0045779701099522,Bayesian Ridge
0_LPCC_1,31,0.0035369548831519,Bayesian Ridge
0_Histogram mode,32,0.0018833312806086,Bayesian Ridge
0_Zero crossing rate,33,0.0017932142105879,Bayesian Ridge
0_Spectral roll-on,34,0.0016685354644171,Bayesian Ridge
0_Spectral positive turning points,35,0.0009900402527314,Bayesian Ridge
0_LPCC_5,36,0.0008742585476098,Bayesian Ridge
0_Negative turning points,37,0.0004348215442805,Bayesian Ridge
0_Fundamental frequency,38,0.0001412478401567,Bayesian Ridge
0_Neighbourhood peaks,39,5.6580241006084125e-05,Bayesian Ridge
0_LPCC_6,40,4.891360059781006e-05,Bayesian Ridge
0_Median absolute diff,41,-0.0001634133174901,Bayesian Ridge
0_Wavelet absolute mean_125000000.0Hz,42,-0.0003577554873203,Bayesian Ridge
0_Peak to peak distance,1,0.8818547519048056,XGBoost
0_Spectral entropy,2,0.3292057911554972,XGBoost
0_Autocorrelation,3,0.2170625400543213,XGBoost
0_Interquartile range,4,0.0226559464136759,XGBoost
0_Mean diff,5,0.0065346026420593,XGBoost
0_Spectral variation,6,0.005425374507904,XGBoost
0_Entropy,7,0.0043639047940572,XGBoost
0_Histogram mode,8,0.0026104585329691,XGBoost
0_Wavelet entropy,9,0.0020673521359761,XGBoost
0_Absolute energy,10,0.001874234676361,XGBoost
0_Max,11,0.0015662217140197,XGBoost
0_Median absolute diff,12,0.0008843882878621,XGBoost
0_Fundamental frequency,13,0.0007229415575663,XGBoost
0_Slope,14,0.0006862020492553,XGBoost
0_ECDF Percentile_1,15,0.0006360483169555,XGBoost
0_MFCC_9,16,0.0006152081489562,XGBoost
0_MFCC_8,17,0.0005762235323588,XGBoost
0_Wavelet energy_125000000.0Hz,18,0.0005489993095397,XGBoost
0_LPCC_0,19,0.0005220421155293,XGBoost
0_Wavelet absolute mean_125000000.0Hz,20,0.0004081765810648,XGBoost
0_MFCC_5,21,0.0003437264760335,XGBoost
0_MFCC_0,22,0.0003159085909525,XGBoost
0_Mean,23,0.0002488072713216,XGBoost
0_LPCC_1,24,0.0002363721529642,XGBoost
0_ECDF Percentile_0,25,0.0001874136924743,XGBoost
0_Spectral positive turning points,26,0.0001861063639322,XGBoost
0_MFCC_11,27,0.0001572346687316,XGBoost
0_Median diff,28,0.0001545524597167,XGBoost
0_LPCC_6,29,0.0001465733846028,XGBoost
0_MFCC_10,30,9.080727895100911e-05,XGBoost
0_Spectral decrease,31,5.413452784220378e-05,XGBoost
0_Maximum frequency,32,3.636916478474935e-05,XGBoost
0_Negative turning points,33,3.305435180664062e-05,XGBoost
0_Median frequency,34,1.826922098795573e-05,XGBoost
0_Wavelet absolute mean_27777777.78Hz,35,4.116694132486979e-07,XGBoost
0_Spectral roll-on,36,0.0,XGBoost
0_Power bandwidth,37,0.0,XGBoost
0_Median,38,-9.777545928955078e-06,XGBoost
0_Zero crossing rate,39,-2.1736621856689454e-05,XGBoost
0_LPCC_5,40,-0.0002118913332621,XGBoost
0_Neighbourhood peaks,41,-0.0002295525868733,XGBoost
0_MFCC_4,42,-0.0002802228927612,XGBoost
0_Peak to peak distance,1,0.1405142690129742,SVR
0_Spectral entropy,2,0.1096400535262578,SVR
0_Interquartile range,3,0.1016000549549333,SVR
0_ECDF Percentile_0,4,0.09998697800506,SVR
0_Spectral variation,5,0.0930725607249887,SVR
0_Mean diff,6,0.0803613756427033,SVR
0_Median,7,0.0688914934596797,SVR
0_Wavelet absolute mean_27777777.78Hz,8,0.0646259585101827,SVR
0_Max,9,0.0615263852658182,SVR
0_Absolute energy,10,0.0546427233708994,SVR
0_LPCC_0,11,0.0523823476730084,SVR
0_Spectral decrease,12,0.0507105547715593,SVR
0_MFCC_11,13,0.0392462655990529,SVR
0_Slope,14,0.0370153798494852,SVR
0_Wavelet energy_125000000.0Hz,15,0.0298909088893221,SVR
0_Autocorrelation,16,0.0204663815371367,SVR
0_MFCC_9,17,0.0203321830678437,SVR
0_Mean,18,0.0192675442418028,SVR
0_Wavelet absolute mean_125000000.0Hz,19,0.0149432829297218,SVR
0_MFCC_4,20,0.0130892179362411,SVR
0_MFCC_5,21,0.0108150542561987,SVR
0_MFCC_10,22,0.0102783690446207,SVR
0_Wavelet entropy,23,0.0073730139013116,SVR
0_ECDF Percentile_1,24,0.0045437426174148,SVR
0_LPCC_5,25,0.0044558853407727,SVR
0_MFCC_8,26,0.0036952557485614,SVR
0_Spectral roll-on,27,0.0036034259775115,SVR
0_Maximum frequency,28,0.0028099929544501,SVR
0_LPCC_1,29,0.0019449241258633,SVR
0_LPCC_6,30,0.0018410541127121,SVR
0_Power bandwidth,31,0.0015146723905421,SVR
0_Entropy,32,0.0014342322246196,SVR
0_Median frequency,33,0.001378499499862,SVR
0_Histogram mode,34,0.0009937998468751,SVR
0_Median absolute diff,35,0.0009744193887629,SVR
0_Spectral positive turning points,36,0.0006019189827968,SVR
0_MFCC_0,37,0.00049901064866,SVR
0_Neighbourhood peaks,38,0.0003704716392838,SVR
0_Median diff,39,0.0,SVR
0_Zero crossing rate,40,-0.0003048448949583,SVR
0_Fundamental frequency,41,-0.0003844151597956,SVR
0_Negative turning points,42,-0.0014080197435712,SVR
0_Peak to peak distance,1,0.1603039599107334,Random Forest
0_Spectral entropy,2,0.0692131790410973,Random Forest
0_Autocorrelation,3,0.0476558174274071,Random Forest
0_Spectral variation,4,0.0401434805735004,Random Forest
0_Absolute energy,5,0.0293985706789211,Random Forest
0_Interquartile range,6,0.0256330850645728,Random Forest
0_Entropy,7,0.0182608082213391,Random Forest
0_Histogram mode,8,0.0149539653965248,Random Forest
0_Wavelet energy_125000000.0Hz,9,0.0107309344903572,Random Forest
0_Wavelet absolute mean_125000000.0Hz,10,0.0088877440820813,Random Forest
0_MFCC_11,11,0.0079797644386027,Random Forest
0_LPCC_0,12,0.0071462285484919,Random Forest
0_Slope,13,0.0061944079587275,Random Forest
0_MFCC_8,14,0.0053032240363381,Random Forest
0_Wavelet absolute mean_27777777.78Hz,15,0.0046691608139514,Random Forest
0_ECDF Percentile_1,16,0.0041428616862159,Random Forest
0_Mean diff,17,0.0040512629750918,Random Forest
0_Wavelet entropy,18,0.0036048329031508,Random Forest
0_ECDF Percentile_0,19,0.0034727713580735,Random Forest
0_Fundamental frequency,20,0.0033284081587564,Random Forest
0_MFCC_9,21,0.0032827875925619,Random Forest
0_MFCC_5,22,0.002683494832415,Random Forest
0_LPCC_1,23,0.002638021779791,Random Forest
0_Mean,24,0.0023038917852365,Random Forest
0_Spectral decrease,25,0.0022001379767242,Random Forest
0_Maximum frequency,26,0.0021243691930855,Random Forest
0_Median frequency,27,0.002116836258078,Random Forest
0_Max,28,0.0018887344570128,Random Forest
0_MFCC_10,29,0.0011337920480655,Random Forest
0_Zero crossing rate,30,0.0009637105351938,Random Forest
0_MFCC_0,31,0.0008741664888402,Random Forest
0_Median,32,0.0005680360090356,Random Forest
0_Spectral positive turning points,33,0.0004020194836262,Random Forest
0_Negative turning points,34,0.0003128140097111,Random Forest
0_Power bandwidth,35,0.0002578433249903,Random Forest
0_LPCC_6,36,0.0002484804882293,Random Forest
0_MFCC_4,37,0.0002004827947412,Random Forest
0_Neighbourhood peaks,38,3.162364438608881e-05,Random Forest
0_Median diff,39,4.884981308350689e-17,Random Forest
0_Spectral roll-on,40,-0.0001527986430032,Random Forest
0_LPCC_5,41,-0.00042861340799,Random Forest
0_Median absolute diff,42,-0.0008895245705573,Random Forest
0_MFCC_4,1,2.234119622785375,Bayesian Ridge
0_Peak to peak distance,2,1.6161536084146522,Bayesian Ridge
0_ECDF Percentile_0,3,1.115030728527045,Bayesian Ridge
0_Mean,4,0.967486511801792,Bayesian Ridge
0_MFCC_5,5,0.8312980569577018,Bayesian Ridge
0_Max,6,0.7413476438328862,Bayesian Ridge
0_MFCC_11,7,0.5169976988862294,Bayesian Ridge
0_Slope,8,0.4959997874645427,Bayesian Ridge
0_MFCC_9,9,0.2601281464786124,Bayesian Ridge
0_Wavelet absolute mean_27777777.78Hz,10,0.1160974927522178,Bayesian Ridge
0_Median,11,0.0897449625992211,Bayesian Ridge
0_ECDF Percentile_1,12,0.0855318234621691,Bayesian Ridge
0_MFCC_0,13,0.0702770238668189,Bayesian Ridge
0_Spectral variation,14,0.0483063011121451,Bayesian Ridge
0_MFCC_8,15,0.0331287599751349,Bayesian Ridge
0_LPCC_0,16,0.0262824154845536,Bayesian Ridge
0_Absolute energy,17,0.0244953708867543,Bayesian Ridge
0_Entropy,18,0.0227850261965933,Bayesian Ridge
0_Wavelet energy_125000000.0Hz,19,0.0199675105565587,Bayesian Ridge
0_Spectral decrease,20,0.0185830405128275,Bayesian Ridge
0_Autocorrelation,21,0.0155876852186076,Bayesian Ridge
0_Interquartile range,22,0.0145662712233929,Bayesian Ridge
0_MFCC_10,23,0.0094936790973454,Bayesian Ridge
0_Power bandwidth,24,0.0091415486551358,Bayesian Ridge
0_LPCC_1,25,0.0072674196408459,Bayesian Ridge
0_Median frequency,26,0.0042967806821888,Bayesian Ridge
0_Spectral roll-on,27,0.0036317386236952,Bayesian Ridge
0_Spectral entropy,28,0.0032339476972068,Bayesian Ridge
0_Median absolute diff,29,0.0014729240850669,Bayesian Ridge
0_Mean diff,30,0.0012848596241524,Bayesian Ridge
0_LPCC_5,31,0.0005937739994636,Bayesian Ridge
0_Zero crossing rate,32,0.0003251630719272,Bayesian Ridge
0_Wavelet absolute mean_125000000.0Hz,33,0.0002897848792758,Bayesian Ridge
0_Maximum frequency,34,0.00025832430574,Bayesian Ridge
0_Spectral positive turning points,35,6.48883951178103e-05,Bayesian Ridge
0_Fundamental frequency,36,1.430807483215002e-05,Bayesian Ridge
0_Median diff,37,0.0,Bayesian Ridge
0_Histogram mode,38,-4.438353200745778e-05,Bayesian Ridge
0_Neighbourhood peaks,39,-0.0001437054576928,Bayesian Ridge
0_Wavelet entropy,40,-0.0001917919494015,Bayesian Ridge
0_LPCC_6,41,-0.0002103457453895,Bayesian Ridge
0_Negative turning points,42,-0.0004109821849123,Bayesian Ridge
0_Peak to peak distance,1,0.6697997132937114,XGBoost
0_Spectral entropy,2,0.2188678153355916,XGBoost
0_Autocorrelation,3,0.0713590494791666,XGBoost
0_Spectral variation,4,0.0361455297470092,XGBoost
0_Mean diff,5,0.0265708494186401,XGBoost
0_Interquartile range,6,0.0245121423403422,XGBoost
0_Absolute energy,7,0.0110273464520772,XGBoost
0_Entropy,8,0.007802623907725,XGBoost
0_MFCC_11,9,0.0040690541267395,XGBoost
0_Slope,10,0.0035508735974629,XGBoost
0_MFCC_9,11,0.0027201072374979,XGBoost
0_Median absolute diff,12,0.0022706445058186,XGBoost
0_Zero crossing rate,13,0.0019790991147359,XGBoost
0_Max,14,0.0016706760724385,XGBoost
0_Wavelet entropy,15,0.0012525987625122,XGBoost
0_LPCC_1,16,0.0011772910753885,XGBoost
0_MFCC_8,17,0.0010734581947326,XGBoost
0_MFCC_0,18,0.0009548155466715,XGBoost
0_LPCC_6,19,0.0009094595909118,XGBoost
0_Wavelet absolute mean_27777777.78Hz,20,0.0008162983258565,XGBoost
0_Wavelet absolute mean_125000000.0Hz,21,0.0006620025634765,XGBoost
0_Negative turning points,22,0.0006501078605651,XGBoost
0_MFCC_10,23,0.000492562452952,XGBoost
0_Fundamental frequency,24,0.0004243540763854,XGBoost
0_Median frequency,25,0.0003876034418741,XGBoost
0_Spectral decrease,26,0.000299961566925,XGBoost
0_Mean,27,0.0002317786216735,XGBoost
0_MFCC_5,28,0.0002174933751424,XGBoost
0_Neighbourhood peaks,29,0.000210576057434,XGBoost
0_Median diff,30,0.0,XGBoost
0_Power bandwidth,31,0.0,XGBoost
0_Spectral roll-on,32,0.0,XGBoost
0_Median,33,-2.0445982615153e-05,XGBoost
0_Maximum frequency,34,-4.842122395833333e-05,XGBoost
0_LPCC_0,35,-6.001075108846029e-05,XGBoost
0_ECDF Percentile_1,36,-6.288607915242513e-05,XGBoost
0_LPCC_5,37,-6.997982660929362e-05,XGBoost
0_Spectral positive turning points,38,-0.0001570129394531,XGBoost
0_ECDF Percentile_0,39,-0.0002293268839518,XGBoost
0_Wavelet energy_125000000.0Hz,40,-0.0002556800842285,XGBoost
0_MFCC_4,41,-0.000269718170166,XGBoost
0_Histogram mode,42,-0.0009917783737182,XGBoost
0_LPCC_0,1,0.1563781348472764,SVR
0_Spectral entropy,2,0.1541071997219111,SVR
0_Peak to peak distance,3,0.1287084710906706,SVR
0_ECDF Percentile_0,4,0.1066637825966798,SVR
0_Spectral decrease,5,0.0882782180366169,SVR
0_Spectral variation,6,0.085383296514571,SVR
0_Mean diff,7,0.0758414662755668,SVR
0_Wavelet absolute mean_27777777.78Hz,8,0.0563214962074864,SVR
0_Interquartile range,9,0.0544245547359162,SVR
0_Max,10,0.0517737275222434,SVR
0_Median,11,0.0477889207029771,SVR
0_Absolute energy,12,0.0473341834673813,SVR
0_Slope,13,0.0346779223035862,SVR
0_Wavelet absolute mean_125000000.0Hz,14,0.0329197134033525,SVR
0_MFCC_11,15,0.0317003150987943,SVR
0_Autocorrelation,16,0.0165273910338571,SVR
0_Mean,17,0.0159844484362029,SVR
0_MFCC_5,18,0.01469787251791,SVR
0_MFCC_9,19,0.0129125648459645,SVR
0_Wavelet entropy,20,0.011999999507242,SVR
0_Wavelet energy_125000000.0Hz,21,0.0108637983148232,SVR
0_Median diff,22,0.0100025357440845,SVR
0_ECDF Percentile_1,23,0.0079505055904926,SVR
0_MFCC_10,24,0.006982948948835,SVR
0_MFCC_0,25,0.0057273361484488,SVR
0_LPCC_5,26,0.0051862344950703,SVR
0_Maximum frequency,27,0.0047606744149469,SVR
0_MFCC_4,28,0.0033834509524422,SVR
0_Histogram mode,29,0.0028577144765854,SVR
0_MFCC_8,30,0.0028427415540844,SVR
0_LPCC_1,31,0.0021184501308509,SVR
0_Zero crossing rate,32,0.0017317055235873,SVR
0_Power bandwidth,33,0.0012568029940053,SVR
0_Median absolute diff,34,0.0010011825386302,SVR
0_Entropy,35,0.0008364763062619,SVR
0_Fundamental frequency,36,0.0005501225379953,SVR
0_Spectral positive turning points,37,0.0004493691752109,SVR
0_Spectral roll-on,38,0.0004080197296124,SVR
0_LPCC_6,39,0.0003216560842057,SVR
0_Neighbourhood peaks,40,0.0002911967768641,SVR
0_Median frequency,41,0.000265147311014,SVR
0_Negative turning points,42,-0.0002595857619935,SVR
0_Peak to peak distance,1,0.1255891347989875,Random Forest
0_Spectral entropy,2,0.0776935917429861,Random Forest
0_Autocorrelation,3,0.0381120610590215,Random Forest
0_Spectral variation,4,0.0325639699056544,Random Forest
0_Absolute energy,5,0.0301918422074011,Random Forest
0_Interquartile range,6,0.0163785580400611,Random Forest
0_Entropy,7,0.0143124585151206,Random Forest
0_Wavelet energy_125000000.0Hz,8,0.0091449309022182,Random Forest
0_MFCC_11,9,0.0088509588106298,Random Forest
0_Histogram mode,10,0.0067803946386917,Random Forest
0_Mean diff,11,0.0058574910394305,Random Forest
0_MFCC_8,12,0.0050784535939543,Random Forest
0_LPCC_0,13,0.0042037992205671,Random Forest
0_Wavelet absolute mean_125000000.0Hz,14,0.0035628814899443,Random Forest
0_MFCC_9,15,0.0033548763929934,Random Forest
0_MFCC_0,16,0.003115511140917,Random Forest
0_Wavelet absolute mean_27777777.78Hz,17,0.0029830895882739,Random Forest
0_ECDF Percentile_1,18,0.0020760395747819,Random Forest
0_Slope,19,0.0018442802535101,Random Forest
0_ECDF Percentile_0,20,0.0017002957928998,Random Forest
0_LPCC_1,21,0.0016279133813966,Random Forest
0_Zero crossing rate,22,0.0015894448530435,Random Forest
0_Maximum frequency,23,0.0014784786999021,Random Forest
0_Mean,24,0.0014729638324145,Random Forest
0_MFCC_5,25,0.0014699373775077,Random Forest
0_Wavelet entropy,26,0.0012794850777883,Random Forest
0_Spectral decrease,27,0.0010367069953886,Random Forest
0_Fundamental frequency,28,0.0010326169496705,Random Forest
0_Median,29,0.0007785957975657,Random Forest
0_Max,30,0.0006798730690501,Random Forest
0_MFCC_4,31,0.000594741360261,Random Forest
0_LPCC_6,32,0.0003912963321572,Random Forest
0_LPCC_5,33,0.0003818184737354,Random Forest
0_Power bandwidth,34,1.946005114038308e-05,Random Forest
0_Median frequency,35,1.7031209149115748e-05,Random Forest
0_Neighbourhood peaks,36,1.4850592286919097e-05,Random Forest
0_Negative turning points,37,8.478195101382369e-06,Random Forest
0_Spectral roll-on,38,2.844428401380661e-06,Random Forest
0_Median diff,39,2.0724163126336256e-17,Random Forest
0_Spectral positive turning points,40,-0.00040494485297,Random Forest
0_MFCC_10,41,-0.0009016706956955,Random Forest
0_Median absolute diff,42,-0.0013231118051829,Random Forest
0_Peak to peak distance,1,1.4853578396583669,Bayesian Ridge
0_MFCC_4,2,1.0144318272305557,Bayesian Ridge
0_ECDF Percentile_0,3,0.9360487770175916,Bayesian Ridge
0_Mean,4,0.870446311014183,Bayesian Ridge
0_MFCC_5,5,0.856020466680218,Bayesian Ridge
0_Max,6,0.8072048476333827,Bayesian Ridge
0_Slope,7,0.4388330173997835,Bayesian Ridge
0_MFCC_11,8,0.3624103404054165,Bayesian Ridge
0_MFCC_9,9,0.2500747665396374,Bayesian Ridge
0_Wavelet absolute mean_27777777.78Hz,10,0.1006324219802111,Bayesian Ridge
0_Median,11,0.0953793449676485,Bayesian Ridge
0_MFCC_0,12,0.0773027842905415,Bayesian Ridge
0_MFCC_8,13,0.0728482282568099,Bayesian Ridge
0_Spectral decrease,14,0.056693075953079,Bayesian Ridge
0_Spectral entropy,15,0.0429056754699944,Bayesian Ridge
0_Autocorrelation,16,0.029687306307926,Bayesian Ridge
0_LPCC_0,17,0.0206518014478566,Bayesian Ridge
0_Spectral variation,18,0.0186250050952484,Bayesian Ridge
0_Wavelet energy_125000000.0Hz,19,0.0127173241306817,Bayesian Ridge
0_Power bandwidth,20,0.0120817773245034,Bayesian Ridge
0_ECDF Percentile_1,21,0.0089608832892811,Bayesian Ridge
0_Entropy,22,0.0071999546695909,Bayesian Ridge
0_Maximum frequency,23,0.0040883569136641,Bayesian Ridge
0_LPCC_5,24,0.0028081797414663,Bayesian Ridge
0_Spectral roll-on,25,0.0027937684560525,Bayesian Ridge
0_Interquartile range,26,0.0020903834449474,Bayesian Ridge
0_Median diff,27,0.0020886999985595,Bayesian Ridge
0_Wavelet absolute mean_125000000.0Hz,28,0.0018185625501391,Bayesian Ridge
0_Median frequency,29,0.0017437403485102,Bayesian Ridge
0_LPCC_6,30,0.0014630074185044,Bayesian Ridge
0_LPCC_1,31,4.9728136681800686e-05,Bayesian Ridge
0_Fundamental frequency,32,-3.398291609573464e-05,Bayesian Ridge
0_Neighbourhood peaks,33,-6.060544354900888e-05,Bayesian Ridge
0_Spectral positive turning points,34,-0.0002210454829426,Bayesian Ridge
0_Mean diff,35,-0.0003197535656953,Bayesian Ridge
0_Absolute energy,36,-0.0003209143491009,Bayesian Ridge
0_Histogram mode,37,-0.0003325754840862,Bayesian Ridge
0_Median absolute diff,38,-0.0008285511696537,Bayesian Ridge
0_MFCC_10,39,-0.0012340500500395,Bayesian Ridge
0_Zero crossing rate,40,-0.0013596588832367,Bayesian Ridge
0_Negative turning points,41,-0.0015183465085638,Bayesian Ridge
0_Wavelet entropy,42,-0.0030581341562548,Bayesian Ridge
0_Peak to peak distance,1,0.8378998939196268,XGBoost
0_Spectral entropy,2,0.2767044146855672,XGBoost
0_Autocorrelation,3,0.1445306396484375,XGBoost
0_Mean diff,4,0.0226490314801534,XGBoost
0_Spectral variation,5,0.0063157232602437,XGBoost
0_Interquartile range,6,0.003542251586914,XGBoost
0_Slope,7,0.0028638259569803,XGBoost
0_MFCC_8,8,0.0028129156430562,XGBoost
0_MFCC_9,9,0.001296067237854,XGBoost
0_LPCC_0,10,0.000736695130666,XGBoost
0_Max,11,0.0007147049903869,XGBoost
0_Maximum frequency,12,0.0004819321632385,XGBoost
0_Fundamental frequency,13,0.0004296962420145,XGBoost
0_Histogram mode,14,0.0003557427724202,XGBoost
0_LPCC_1,15,0.0003286631902058,XGBoost
0_LPCC_6,16,0.0002681390444437,XGBoost
0_MFCC_11,17,0.000257023970286,XGBoost
0_Spectral decrease,18,0.0002343845367431,XGBoost
0_Negative turning points,19,0.0002247850100199,XGBoost
0_Spectral positive turning points,20,0.0002216219902038,XGBoost
0_Entropy,21,0.0001073757807413,XGBoost
0_Zero crossing rate,22,7.092316945393881e-05,XGBoost
0_MFCC_4,23,6.728649139404298e-05,XGBoost
0_Neighbourhood peaks,24,5.402247111002604e-05,XGBoost
0_MFCC_0,25,3.476540247599284e-05,XGBoost
0_Power bandwidth,26,0.0,XGBoost
0_Median diff,27,0.0,XGBoost
0_Median absolute diff,28,0.0,XGBoost
0_Spectral roll-on,29,0.0,XGBoost
0_Median frequency,30,0.0,XGBoost
0_Median,31,-2.1580060323079428e-05,XGBoost
0_ECDF Percentile_1,32,-2.385775248209636e-05,XGBoost
0_Mean,33,-2.769788106282552e-05,XGBoost
0_Wavelet absolute mean_27777777.78Hz,34,-0.0001459884643554,XGBoost
0_MFCC_10,35,-0.0002037986119588,XGBoost
0_LPCC_5,36,-0.0002205681800842,XGBoost
0_Wavelet energy_125000000.0Hz,37,-0.0002262330055236,XGBoost
0_MFCC_5,38,-0.0002724798520406,XGBoost
0_Wavelet entropy,39,-0.000397183895111,XGBoost
0_Wavelet absolute mean_125000000.0Hz,40,-0.0004941685994466,XGBoost
0_Absolute energy,41,-0.0005333717664082,XGBoost
0_ECDF Percentile_0,42,-0.0011498522758483,XGBoost
0_Peak to peak distance,1,0.114612590504194,SVR
0_Spectral entropy,2,0.1092148458617475,SVR
0_Mean diff,3,0.0908915208800392,SVR
0_ECDF Percentile_0,4,0.0848840218363747,SVR
0_Interquartile range,5,0.0813196831738978,SVR
0_Spectral decrease,6,0.0794641760628018,SVR
0_LPCC_0,7,0.0767651626059152,SVR
0_Spectral variation,8,0.0666570845381459,SVR
0_Absolute energy,9,0.0660428798852961,SVR
0_Median,10,0.065825441889155,SVR
0_Wavelet absolute mean_27777777.78Hz,11,0.0516112418762202,SVR
0_Max,12,0.042369147332482,SVR
0_Slope,13,0.0235965618007341,SVR
0_Wavelet absolute mean_125000000.0Hz,14,0.0230030789182992,SVR
0_MFCC_11,15,0.0192843768373732,SVR
0_MFCC_5,16,0.0175005842283895,SVR
0_Median diff,17,0.0121150574291197,SVR
0_Wavelet energy_125000000.0Hz,18,0.011785093988143,SVR
0_Autocorrelation,19,0.0102903164022255,SVR
0_Maximum frequency,20,0.0079918806057824,SVR
0_MFCC_9,21,0.0067531347098361,SVR
0_Wavelet entropy,22,0.0061417685782133,SVR
0_MFCC_10,23,0.0055010232596761,SVR
0_MFCC_4,24,0.0039621573566477,SVR
0_Mean,25,0.0037651743300252,SVR
0_MFCC_0,26,0.0027931386412352,SVR
0_ECDF Percentile_1,27,0.002766057016422,SVR
0_MFCC_8,28,0.0023858957292245,SVR
0_Zero crossing rate,29,0.0013237906685798,SVR
0_LPCC_1,30,0.001172400467532,SVR
0_Spectral positive turning points,31,0.0011565150007399,SVR
0_Entropy,32,0.000714936549233,SVR
0_Fundamental frequency,33,0.00067892726558,SVR
0_Median absolute diff,34,0.0005996611126654,SVR
0_Spectral roll-on,35,0.0005748816072943,SVR
0_Histogram mode,36,0.0004250890096666,SVR
0_LPCC_5,37,0.0003540018823637,SVR
0_Power bandwidth,38,0.0003489077971904,SVR
0_Neighbourhood peaks,39,0.0003273467301001,SVR
0_Median frequency,40,-7.595689255306107e-05,SVR
0_Negative turning points,41,-0.0002427536950103,SVR
0_LPCC_6,42,-0.0002803489613961,SVR
0_Peak to peak distance,1,0.1565263353999322,Random Forest
0_Spectral entropy,2,0.0815937795944764,Random Forest
0_Absolute energy,3,0.0483590708796454,Random Forest
0_Autocorrelation,4,0.034246747203068,Random Forest
0_Spectral variation,5,0.0291784517080945,Random Forest
0_Entropy,6,0.0282741984074826,Random Forest
0_Interquartile range,7,0.025808918115108,Random Forest
0_Wavelet energy_125000000.0Hz,8,0.0206615007243237,Random Forest
0_Histogram mode,9,0.0138087765360272,Random Forest
0_ECDF Percentile_0,10,0.0096992829127423,Random Forest
0_MFCC_11,11,0.0083231632595813,Random Forest
0_Mean diff,12,0.0072901561115497,Random Forest
0_Wavelet absolute mean_125000000.0Hz,13,0.007215111479928,Random Forest
0_Slope,14,0.0050844481144809,Random Forest
0_Wavelet absolute mean_27777777.78Hz,15,0.0049581838729973,Random Forest
0_LPCC_0,16,0.0041327080070227,Random Forest
0_MFCC_0,17,0.0034353058219237,Random Forest
0_MFCC_8,18,0.0033720718975576,Random Forest
0_MFCC_9,19,0.0030561652242792,Random Forest
0_Wavelet entropy,20,0.0025251499130347,Random Forest
0_ECDF Percentile_1,21,0.00248091655028,Random Forest
0_Median frequency,22,0.0023953478198143,Random Forest
0_Fundamental frequency,23,0.0018374763194624,Random Forest
0_MFCC_5,24,0.0018296045749069,Random Forest
0_MFCC_10,25,0.0016737167077,Random Forest
0_Maximum frequency,26,0.0013929310613048,Random Forest
0_Median,27,0.0010274814879955,Random Forest
0_Spectral decrease,28,0.001023325003086,Random Forest
0_Max,29,0.0009949407489604,Random Forest
0_LPCC_1,30,0.0007734359920302,Random Forest
0_Zero crossing rate,31,0.0007190214440044,Random Forest
0_MFCC_4,32,0.0006748718960205,Random Forest
0_LPCC_5,33,0.0005661807584305,Random Forest
0_LPCC_6,34,0.0005661595014206,Random Forest
0_Mean,35,0.0001558237952888,Random Forest
0_Spectral positive turning points,36,0.0001304265594788,Random Forest
0_Median absolute diff,37,0.0001214083367529,Random Forest
0_Spectral roll-on,38,2.9626799582912848e-05,Random Forest
0_Neighbourhood peaks,39,7.443489958792367e-06,Random Forest
0_Median diff,40,8.141635513917814e-17,Random Forest
0_Power bandwidth,41,-2.80004169925796e-07,Random Forest
0_Negative turning points,42,-1.680650901863275e-05,Random Forest
0_MFCC_4,1,2.0063376921846547,Bayesian Ridge
0_Peak to peak distance,2,1.491296519808471,Bayesian Ridge
0_ECDF Percentile_0,3,1.4516447126770815,Bayesian Ridge
0_MFCC_5,4,0.8935021088580436,Bayesian Ridge
0_Mean,5,0.738468797429733,Bayesian Ridge
0_Max,6,0.4727081307271364,Bayesian Ridge
0_MFCC_11,7,0.4472172683938603,Bayesian Ridge
0_MFCC_9,8,0.3254156241631228,Bayesian Ridge
0_Slope,9,0.2660742778769132,Bayesian Ridge
0_MFCC_0,10,0.230001818692231,Bayesian Ridge
0_Median,11,0.155655835353567,Bayesian Ridge
0_Spectral decrease,12,0.1013444811674099,Bayesian Ridge
0_MFCC_8,13,0.0732673891474899,Bayesian Ridge
0_ECDF Percentile_1,14,0.0700550849949524,Bayesian Ridge
0_Wavelet absolute mean_27777777.78Hz,15,0.0521035037052642,Bayesian Ridge
0_Spectral entropy,16,0.0327467896563811,Bayesian Ridge
0_Interquartile range,17,0.02526762675362,Bayesian Ridge
0_Mean diff,18,0.0246031570215063,Bayesian Ridge
0_Autocorrelation,19,0.0203154201386087,Bayesian Ridge
0_Entropy,20,0.0194819725472219,Bayesian Ridge
0_Wavelet energy_125000000.0Hz,21,0.016277794589446,Bayesian Ridge
0_Spectral variation,22,0.0135735457650491,Bayesian Ridge
0_Power bandwidth,23,0.0108183285492331,Bayesian Ridge
0_LPCC_0,24,0.0087250691391717,Bayesian Ridge
0_MFCC_10,25,0.0085257371478873,Bayesian Ridge
0_Wavelet entropy,26,0.0078026083085927,Bayesian Ridge
0_Spectral roll-on,27,0.0054970479711454,Bayesian Ridge
0_Wavelet absolute mean_125000000.0Hz,28,0.0038969752124512,Bayesian Ridge
0_Absolute energy,29,0.0033662558564169,Bayesian Ridge
0_Median frequency,30,0.0027854751266293,Bayesian Ridge
0_Median diff,31,0.0015795400076686,Bayesian Ridge
0_Spectral positive turning points,32,0.0011473601582569,Bayesian Ridge
0_Zero crossing rate,33,0.0004823978605097,Bayesian Ridge
0_LPCC_1,34,0.0004185694428402,Bayesian Ridge
0_Negative turning points,35,0.0003223634493521,Bayesian Ridge
0_Histogram mode,36,0.0002238480962888,Bayesian Ridge
0_Maximum frequency,37,0.0001543403839839,Bayesian Ridge
0_Median absolute diff,38,0.000148088145659,Bayesian Ridge
0_Fundamental frequency,39,0.0001389686552731,Bayesian Ridge
0_LPCC_5,40,0.0001069351824378,Bayesian Ridge
0_LPCC_6,41,-5.900039240917346e-07,Bayesian Ridge
0_Neighbourhood peaks,42,-0.0003039932549825,Bayesian Ridge
0_Peak to peak distance,1,0.8686645118395487,XGBoost
0_Spectral entropy,2,0.2706151032447815,XGBoost
0_Autocorrelation,3,0.16955783923467,XGBoost
0_Interquartile range,4,0.0252104536692301,XGBoost
0_Mean diff,5,0.0063464323679606,XGBoost
0_Entropy,6,0.0063115914662679,XGBoost
0_Spectral variation,7,0.0054776088396708,XGBoost
0_Max,8,0.0035878833134969,XGBoost
0_Histogram mode,9,0.0027385695775349,XGBoost
0_Slope,10,0.0012579337755839,XGBoost
0_Absolute energy,11,0.0011392927169799,XGBoost
0_Fundamental frequency,12,0.0009218867619832,XGBoost
0_MFCC_10,13,0.0008157380421956,XGBoost
0_Wavelet energy_125000000.0Hz,14,0.0007088104883829,XGBoost
0_Maximum frequency,15,0.0004557959238688,XGBoost
0_MFCC_8,16,0.0004069487253824,XGBoost
0_Spectral positive turning points,17,0.0003869636853535,XGBoost
0_LPCC_0,18,0.000324961344401,XGBoost
0_Wavelet entropy,19,0.0001793797810872,XGBoost
0_MFCC_9,20,0.0001781900723775,XGBoost
0_MFCC_4,21,0.0001266304651896,XGBoost
0_LPCC_1,22,0.0001226925849914,XGBoost
0_LPCC_6,23,0.0001105252901713,XGBoost
0_MFCC_11,24,0.0001042135556538,XGBoost
0_Mean,25,5.010525385538737e-05,XGBoost
0_Median,26,3.6702950795491535e-05,XGBoost
0_Median absolute diff,27,2.9683907826741536e-05,XGBoost
0_Wavelet absolute mean_27777777.78Hz,28,2.654552459716797e-05,XGBoost
0_Median frequency,29,2.493540445963541e-05,XGBoost
0_MFCC_0,30,2.041498819986979e-05,XGBoost
0_LPCC_5,31,2.03847885131836e-05,XGBoost
0_Zero crossing rate,32,6.88314437866211e-06,XGBoost
0_Wavelet absolute mean_125000000.0Hz,33,6.296634674072266e-06,XGBoost
0_Neighbourhood peaks,34,9.163220723470052e-07,XGBoost
0_Spectral roll-on,35,0.0,XGBoost
0_Median diff,36,0.0,XGBoost
0_Power bandwidth,37,0.0,XGBoost
0_Negative turning points,38,-5.590279897054037e-05,XGBoost
0_Spectral decrease,39,-6.5306027730306e-05,XGBoost
0_ECDF Percentile_1,40,-8.228699366251627e-05,XGBoost
0_MFCC_5,41,-0.0001930356025695,XGBoost
0_ECDF Percentile_0,42,-0.0001941609382629,XGBoost
0_Peak to peak distance,1,0.1317862081771796,SVR
0_ECDF Percentile_0,2,0.1208296236434207,SVR
0_Spectral entropy,3,0.0959162825874012,SVR
0_Mean diff,4,0.0895593488273766,SVR
0_LPCC_0,5,0.0803761479180955,SVR
0_Spectral decrease,6,0.0720058080036087,SVR
0_Max,7,0.0681253579101321,SVR
0_Median,8,0.0663337085684198,SVR
0_Absolute energy,9,0.0650556567924639,SVR
0_Wavelet absolute mean_27777777.78Hz,10,0.06244067094815,SVR
0_Spectral variation,11,0.0564216723192063,SVR
0_Interquartile range,12,0.0492649911986702,SVR
0_MFCC_11,13,0.0445173856042913,SVR
0_Wavelet absolute mean_125000000.0Hz,14,0.0320414832276452,SVR
0_Slope,15,0.0260899355686272,SVR
0_Wavelet energy_125000000.0Hz,16,0.0198377415624046,SVR
0_Autocorrelation,17,0.0143999391524594,SVR
0_Mean,18,0.012953420449632,SVR
0_MFCC_9,19,0.0106315328030414,SVR
0_MFCC_5,20,0.0089174892112789,SVR
0_MFCC_4,21,0.0043592500544781,SVR
0_Wavelet entropy,22,0.0043447438897265,SVR
0_MFCC_0,23,0.0039730535735607,SVR
0_MFCC_10,24,0.0037869108129309,SVR
0_LPCC_1,25,0.0037718163324031,SVR
0_ECDF Percentile_1,26,0.0029790757403872,SVR
0_Maximum frequency,27,0.0029602841480662,SVR
0_MFCC_8,28,0.0026621311099935,SVR
0_Histogram mode,29,0.0018953737338453,SVR
0_LPCC_5,30,0.0017076546040378,SVR
0_LPCC_6,31,0.001427648222058,SVR
0_Neighbourhood peaks,32,0.0010600878396321,SVR
0_Spectral positive turning points,33,0.0009194393002108,SVR
0_Power bandwidth,34,0.0008099632613419,SVR
0_Median absolute diff,35,0.0007508192046203,SVR
0_Zero crossing rate,36,0.0007476244196881,SVR
0_Spectral roll-on,37,0.0004708892181076,SVR
0_Entropy,38,0.0002832447330306,SVR
0_Fundamental frequency,39,0.0001972496994473,SVR
0_Median frequency,40,0.0001041940363827,SVR
0_Median diff,41,0.0,SVR
0_Negative turning points,42,-0.0002815111409544,SVR
0_Peak to peak distance,1,0.1505537370839915,Random Forest
0_Spectral entropy,2,0.097904792327475,Random Forest
0_Absolute energy,3,0.0605995193982173,Random Forest
0_Spectral variation,4,0.0310307058757597,Random Forest
0_Interquartile range,5,0.0291355047217027,Random Forest
0_Entropy,6,0.0188703862535058,Random Forest
0_Autocorrelation,7,0.017827276222916,Random Forest
0_ECDF Percentile_0,8,0.0151994522418409,Random Forest
0_Wavelet energy_125000000.0Hz,9,0.0139850846883704,Random Forest
0_Histogram mode,10,0.0116743243479558,Random Forest
0_MFCC_11,11,0.0091462620352408,Random Forest
0_Wavelet absolute mean_27777777.78Hz,12,0.0078740627154486,Random Forest
0_Mean diff,13,0.006440345035721,Random Forest
0_Wavelet absolute mean_125000000.0Hz,14,0.0054404501307249,Random Forest
0_MFCC_8,15,0.0047827996950685,Random Forest
0_Fundamental frequency,16,0.0045547664995993,Random Forest
0_MFCC_9,17,0.0043938278026459,Random Forest
0_MFCC_0,18,0.0038068112784849,Random Forest
0_LPCC_0,19,0.0037090682464975,Random Forest
0_ECDF Percentile_1,20,0.0032390723166146,Random Forest
0_Slope,21,0.0031046195540915,Random Forest
0_Wavelet entropy,22,0.002948183978817,Random Forest
0_Maximum frequency,23,0.0022241917126745,Random Forest
0_MFCC_10,24,0.0021706227760539,Random Forest
0_Max,25,0.0017226695029123,Random Forest
0_MFCC_5,26,0.0015103058443632,Random Forest
0_LPCC_6,27,0.0009054483929991,Random Forest
0_Median frequency,28,0.0006433541874615,Random Forest
0_LPCC_5,29,0.000596549312084,Random Forest
0_Spectral decrease,30,0.0005146957717663,Random Forest
0_Median,31,0.0003756110827644,Random Forest
0_LPCC_1,32,0.0003284962990816,Random Forest
0_Zero crossing rate,33,0.0002676290798595,Random Forest
0_Power bandwidth,34,0.0002186908261131,Random Forest
0_Mean,35,0.0001881540701467,Random Forest
0_Neighbourhood peaks,36,1.4687953303022344e-05,Random Forest
0_Spectral roll-on,37,5.975702018066187e-06,Random Forest
0_Median diff,38,-8.881784197001253e-17,Random Forest
0_Spectral positive turning points,39,-4.987657664616544e-05,Random Forest
0_MFCC_4,40,-0.0001555289125342,Random Forest
0_Negative turning points,41,-0.0002430060103837,Random Forest
0_Median absolute diff,42,-0.0002813780198543,Random Forest
0_MFCC_4,1,1.997757111948821,Bayesian Ridge
0_Peak to peak distance,2,1.2124193489908506,Bayesian Ridge
0_ECDF Percentile_0,3,1.1513484276083463,Bayesian Ridge
0_MFCC_11,4,0.8677665859778045,Bayesian Ridge
0_MFCC_5,5,0.8248601147828913,Bayesian Ridge
0_Max,6,0.4036949857383419,Bayesian Ridge
0_Median,7,0.3279439728883602,Bayesian Ridge
0_MFCC_0,8,0.261553843572983,Bayesian Ridge
0_MFCC_9,9,0.2550170317640611,Bayesian Ridge
0_Slope,10,0.2468578915174958,Bayesian Ridge
0_ECDF Percentile_1,11,0.1691296792908657,Bayesian Ridge
0_MFCC_8,12,0.1230038048551622,Bayesian Ridge
0_Spectral decrease,13,0.0578563276592283,Bayesian Ridge
0_Mean diff,14,0.0569600898288699,Bayesian Ridge
0_Spectral entropy,15,0.055198377595585,Bayesian Ridge
0_Mean,16,0.0471288348991735,Bayesian Ridge
0_Wavelet absolute mean_27777777.78Hz,17,0.0371070059797743,Bayesian Ridge
0_Absolute energy,18,0.0293584259359164,Bayesian Ridge
0_Wavelet entropy,19,0.0268195177481892,Bayesian Ridge
0_Entropy,20,0.0229074003520273,Bayesian Ridge
0_Wavelet absolute mean_125000000.0Hz,21,0.0193375033238972,Bayesian Ridge
0_Autocorrelation,22,0.018065133158187,Bayesian Ridge
0_Wavelet energy_125000000.0Hz,23,0.0161145501789195,Bayesian Ridge
0_Interquartile range,24,0.0153133581059382,Bayesian Ridge
0_LPCC_1,25,0.0098233531297004,Bayesian Ridge
0_Power bandwidth,26,0.0088138137965242,Bayesian Ridge
0_LPCC_0,27,0.0076536601843137,Bayesian Ridge
0_MFCC_10,28,0.0034488317465184,Bayesian Ridge
0_Spectral roll-on,29,0.0029060579781194,Bayesian Ridge
0_Zero crossing rate,30,0.001052199483018,Bayesian Ridge
0_Negative turning points,31,0.0009220020039427,Bayesian Ridge
0_Maximum frequency,32,0.0006425697493125,Bayesian Ridge
0_Spectral variation,33,0.000614463625275,Bayesian Ridge
0_Median frequency,34,0.0002677171300891,Bayesian Ridge
0_Neighbourhood peaks,35,0.0001621747265004,Bayesian Ridge
0_Spectral positive turning points,36,9.904101080503063e-06,Bayesian Ridge
0_Median diff,37,0.0,Bayesian Ridge
0_Fundamental frequency,38,-0.0003934009788224,Bayesian Ridge
0_LPCC_5,39,-0.0006895424920863,Bayesian Ridge
0_LPCC_6,40,-0.0007481425590701,Bayesian Ridge
0_Histogram mode,41,-0.0013432036027611,Bayesian Ridge
0_Median absolute diff,42,-0.0015201746293427,Bayesian Ridge
0_Peak to peak distance,1,0.5688575053215027,XGBoost
0_Spectral entropy,2,0.2531813716888427,XGBoost
0_Autocorrelation,3,0.1143161805470784,XGBoost
0_Interquartile range,4,0.0116205279032389,XGBoost
0_Absolute energy,5,0.0088555932044982,XGBoost
0_Mean diff,6,0.0086886652310689,XGBoost
0_Entropy,7,0.0070898326237996,XGBoost
0_Spectral variation,8,0.0066209085782368,XGBoost
0_Max,9,0.0021857945124308,XGBoost
0_Slope,10,0.0014885743459065,XGBoost
0_Wavelet absolute mean_125000000.0Hz,11,0.001241066455841,XGBoost
0_LPCC_0,12,0.000959358215332,XGBoost
0_Histogram mode,13,0.0006864523887634,XGBoost
0_Fundamental frequency,14,0.0006574670473734,XGBoost
0_MFCC_5,15,0.0004617555936177,XGBoost
0_MFCC_9,16,0.0003010431925455,XGBoost
0_MFCC_4,17,0.0002530399958292,XGBoost
0_MFCC_11,18,0.0001890484491984,XGBoost
0_MFCC_8,19,0.0001806775728861,XGBoost
0_Spectral decrease,20,0.0001754665374755,XGBoost
0_LPCC_6,21,0.0001600718498229,XGBoost
0_MFCC_0,22,0.00011892080307,XGBoost
0_Wavelet absolute mean_27777777.78Hz,23,0.00010072072347,XGBoost
0_Median,24,9.113470713297526e-05,XGBoost
0_Wavelet energy_125000000.0Hz,25,7.6140562693278e-05,XGBoost
0_Median absolute diff,26,4.245360692342122e-05,XGBoost
0_Mean,27,4.054625829060872e-05,XGBoost
0_Zero crossing rate,28,2.584377924601237e-05,XGBoost
0_LPCC_5,29,2.3638407389322915e-05,XGBoost
0_Neighbourhood peaks,30,1.2279351552327472e-05,XGBoost
0_Spectral roll-on,31,0.0,XGBoost
0_Power bandwidth,32,0.0,XGBoost
0_Median frequency,33,0.0,XGBoost
0_Median diff,34,0.0,XGBoost
0_Spectral positive turning points,35,-1.8363793690999347e-05,XGBoost
0_ECDF Percentile_1,36,-2.659877141316732e-05,XGBoost
0_Maximum frequency,37,-6.007273991902669e-05,XGBoost
0_LPCC_1,38,-7.674137751261393e-05,XGBoost
0_MFCC_10,39,-0.0001697961489359,XGBoost
0_ECDF Percentile_0,40,-0.0002644983927408,XGBoost
0_Negative turning points,41,-0.0003102970123291,XGBoost
0_Wavelet entropy,42,-0.0003817677497863,XGBoost
0_Peak to peak distance,1,0.1301732628198124,SVR
0_ECDF Percentile_0,2,0.1048924965292345,SVR
0_Interquartile range,3,0.0846707154340041,SVR
0_Median,4,0.0821032897480148,SVR
0_Spectral variation,5,0.0810925023480195,SVR
0_Spectral entropy,6,0.0801224039710595,SVR
0_Mean diff,7,0.0770299994000312,SVR
0_Absolute energy,8,0.0653310018044945,SVR
0_LPCC_0,9,0.0641607544534127,SVR
0_Spectral decrease,10,0.0633002248942229,SVR
0_Wavelet absolute mean_27777777.78Hz,11,0.0612846512999697,SVR
0_Max,12,0.0554779659484046,SVR
0_MFCC_11,13,0.053716442022781,SVR
0_Wavelet absolute mean_125000000.0Hz,14,0.0288570905495472,SVR
0_Slope,15,0.0238137838233804,SVR
0_Autocorrelation,16,0.0161898550446082,SVR
0_MFCC_5,17,0.0142439843630984,SVR
0_Wavelet energy_125000000.0Hz,18,0.0128353652949033,SVR
0_MFCC_9,19,0.0123382338745839,SVR
0_Mean,20,0.010743362544211,SVR
0_Spectral roll-on,21,0.0063239369676349,SVR
0_MFCC_10,22,0.0053076976071601,SVR
0_Median diff,23,0.0049076168488171,SVR
0_MFCC_4,24,0.0043881742041291,SVR
0_ECDF Percentile_1,25,0.0037355640582863,SVR
0_LPCC_1,26,0.0030652480281094,SVR
0_Wavelet entropy,27,0.0030298591627963,SVR
0_MFCC_8,28,0.0029232748785448,SVR
0_Maximum frequency,29,0.0026759126399071,SVR
0_MFCC_0,30,0.0020339678129268,SVR
0_Spectral positive turning points,31,0.0020291925187699,SVR
0_Power bandwidth,32,0.0015409645797232,SVR
0_Median frequency,33,0.0012583044895369,SVR
0_LPCC_5,34,0.0011230574260804,SVR
0_Entropy,35,0.0009815648940954,SVR
0_Histogram mode,36,0.0009294650264807,SVR
0_Neighbourhood peaks,37,0.0005485271460793,SVR
0_LPCC_6,38,0.0005121677614082,SVR
0_Median absolute diff,39,0.0003952839140401,SVR
0_Fundamental frequency,40,0.0003257368040295,SVR
0_Negative turning points,41,0.00016055561596,SVR
0_Zero crossing rate,42,3.273195127453536e-05,SVR
0_Peak to peak distance,1,0.1448013474959125,Random Forest
0_Spectral entropy,2,0.0741832950350633,Random Forest
0_Absolute energy,3,0.0505443793801319,Random Forest
0_Autocorrelation,4,0.0361335906316116,Random Forest
0_Spectral variation,5,0.0345879884953659,Random Forest
0_Interquartile range,6,0.0309758914860051,Random Forest
0_Entropy,7,0.0175850136746845,Random Forest
0_Wavelet energy_125000000.0Hz,8,0.011542640271292,Random Forest
0_Histogram mode,9,0.0108788010332174,Random Forest
0_MFCC_11,10,0.0103040939715099,Random Forest
0_Wavelet absolute mean_125000000.0Hz,11,0.0050262129559372,Random Forest
0_ECDF Percentile_0,12,0.0040229170983145,Random Forest
0_LPCC_0,13,0.0037044346946588,Random Forest
0_ECDF Percentile_1,14,0.0035321741345302,Random Forest
0_Fundamental frequency,15,0.0032092255489259,Random Forest
0_Wavelet absolute mean_27777777.78Hz,16,0.002757472206733,Random Forest
0_Wavelet entropy,17,0.0026361300522485,Random Forest
0_MFCC_8,18,0.0025619396429117,Random Forest
0_MFCC_9,19,0.0022614479298771,Random Forest
0_MFCC_5,20,0.0022289542662906,Random Forest
0_Mean diff,21,0.0022185208078904,Random Forest
0_Slope,22,0.0020294949802483,Random Forest
0_Median,23,0.0018196470641463,Random Forest
0_Spectral decrease,24,0.0013368045468016,Random Forest
0_Max,25,0.0013186541576108,Random Forest
0_LPCC_1,26,0.0012928562641147,Random Forest
0_Maximum frequency,27,0.0012830167734519,Random Forest
0_Mean,28,0.001132204582557,Random Forest
0_MFCC_4,29,0.0009450272199291,Random Forest
0_MFCC_0,30,0.0008017170158463,Random Forest
0_Zero crossing rate,31,0.0005724274563387,Random Forest
0_MFCC_10,32,0.0005292672475349,Random Forest
0_LPCC_5,33,0.0005035147381464,Random Forest
0_LPCC_6,34,0.0002783909101341,Random Forest
0_Negative turning points,35,0.0002071155932301,Random Forest
0_Median frequency,36,0.0001761269907522,Random Forest
0_Power bandwidth,37,0.0001511354143913,Random Forest
0_Spectral roll-on,38,4.4249428707128224e-05,Random Forest
0_Neighbourhood peaks,39,4.292540703927372e-06,Random Forest
0_Median diff,40,-5.921189464667504e-18,Random Forest
0_Median absolute diff,41,-9.995966690882134e-05,Random Forest
0_Spectral positive turning points,42,-0.0001132250080928,Random Forest
0_MFCC_4,1,3.127743280834193,Bayesian Ridge
0_ECDF Percentile_0,2,1.7052776608095874,Bayesian Ridge
0_MFCC_11,3,1.6270816630631064,Bayesian Ridge
0_Peak to peak distance,4,1.5463097066412572,Bayesian Ridge
0_MFCC_5,5,1.2059158999531092,Bayesian Ridge
0_MFCC_0,6,0.5864198620091414,Bayesian Ridge
0_Max,7,0.468739714919016,Bayesian Ridge
0_Median,8,0.3052916308224376,Bayesian Ridge
0_Slope,9,0.2910813085066955,Bayesian Ridge
0_Mean,10,0.2529362280862177,Bayesian Ridge
0_MFCC_9,11,0.2437126693228872,Bayesian Ridge
0_ECDF Percentile_1,12,0.1862028428508139,Bayesian Ridge
0_Spectral decrease,13,0.1123686086330839,Bayesian Ridge
0_MFCC_8,14,0.0928175959352225,Bayesian Ridge
0_Absolute energy,15,0.0701103269012894,Bayesian Ridge
0_Wavelet entropy,16,0.0372863543375963,Bayesian Ridge
0_Wavelet absolute mean_27777777.78Hz,17,0.0348257292279243,Bayesian Ridge
0_Spectral entropy,18,0.0267894904102264,Bayesian Ridge
0_MFCC_10,19,0.0241705068613832,Bayesian Ridge
0_Mean diff,20,0.0193038544613222,Bayesian Ridge
0_Interquartile range,21,0.0178025377259796,Bayesian Ridge
0_Wavelet energy_125000000.0Hz,22,0.017430689176061,Bayesian Ridge
0_Wavelet absolute mean_125000000.0Hz,23,0.0156975806979778,Bayesian Ridge
0_Autocorrelation,24,0.0141664936661749,Bayesian Ridge
0_Entropy,25,0.0138600210175106,Bayesian Ridge
0_LPCC_0,26,0.0088012086598013,Bayesian Ridge
0_LPCC_1,27,0.0072217352065445,Bayesian Ridge
0_Power bandwidth,28,0.0056578912986555,Bayesian Ridge
0_Spectral roll-on,29,0.0033790492865122,Bayesian Ridge
0_Maximum frequency,30,0.0021641418055566,Bayesian Ridge
0_Median diff,31,0.0020011116293517,Bayesian Ridge
0_Spectral positive turning points,32,0.0013440235784691,Bayesian Ridge
0_Median frequency,33,0.0006097020644561,Bayesian Ridge
0_Negative turning points,34,0.0005116870785358,Bayesian Ridge
0_LPCC_6,35,0.0002831121248874,Bayesian Ridge
0_LPCC_5,36,0.0001468028006897,Bayesian Ridge
0_Histogram mode,37,0.0001463618536787,Bayesian Ridge
0_Neighbourhood peaks,38,0.0001251049963994,Bayesian Ridge
0_Fundamental frequency,39,-2.908201659567696e-05,Bayesian Ridge
0_Zero crossing rate,40,-0.0003700630394319,Bayesian Ridge
0_Median absolute diff,41,-0.0005199895278729,Bayesian Ridge
0_Spectral variation,42,-0.0009015042564286,Bayesian Ridge
0_Peak to peak distance,1,0.6662708910306295,XGBoost
0_Spectral entropy,2,0.2424687496821085,XGBoost
0_Autocorrelation,3,0.0630871589978536,XGBoost
0_Interquartile range,4,0.0497163820266723,XGBoost
0_Spectral variation,5,0.0264492996533711,XGBoost
0_Mean diff,6,0.0224905745188395,XGBoost
0_Entropy,7,0.0069781271616617,XGBoost
0_Absolute energy,8,0.0057695897420247,XGBoost
0_Slope,9,0.0048448014259338,XGBoost
0_MFCC_0,10,0.0033649730682373,XGBoost
0_MFCC_9,11,0.0031690351168314,XGBoost
0_MFCC_11,12,0.0027194277445475,XGBoost
0_MFCC_8,13,0.0013797974586486,XGBoost
0_LPCC_0,14,0.0012860290209452,XGBoost
0_Fundamental frequency,15,0.0009671783447265,XGBoost
0_MFCC_4,16,0.0009584752718607,XGBoost
0_Max,17,0.0009482463200887,XGBoost
0_Median frequency,18,0.0008445231119791,XGBoost
0_Histogram mode,19,0.0003858224550882,XGBoost
0_LPCC_6,20,0.000367567539215,XGBoost
0_LPCC_5,21,0.000341986020406,XGBoost
0_Negative turning points,22,0.000322721004486,XGBoost
0_ECDF Percentile_0,23,0.0002838706970214,XGBoost
0_LPCC_1,24,0.0001891620953877,XGBoost
0_Wavelet entropy,25,0.0001495814323425,XGBoost
0_Spectral positive turning points,26,9.790897369384766e-05,XGBoost
0_Wavelet energy_125000000.0Hz,27,9.61454709370931e-05,XGBoost
0_Median diff,28,8.792320887247721e-05,XGBoost
0_MFCC_10,29,6.282567977905273e-05,XGBoost
0_Neighbourhood peaks,30,5.697727203369141e-05,XGBoost
0_Mean,31,3.09149424235026e-05,XGBoost
0_Median absolute diff,32,2.384185791015625e-07,XGBoost
0_Spectral roll-on,33,0.0,XGBoost
0_Zero crossing rate,34,0.0,XGBoost
0_Power bandwidth,35,0.0,XGBoost
0_Maximum frequency,36,-3.717501958211263e-05,XGBoost
0_Median,37,-0.0001150608062744,XGBoost
0_Wavelet absolute mean_125000000.0Hz,38,-0.0001710319519042,XGBoost
0_Spectral decrease,39,-0.0003008190790812,XGBoost
0_Wavelet absolute mean_27777777.78Hz,40,-0.0004437359174092,XGBoost
0_ECDF Percentile_1,41,-0.0005040121078491,XGBoost
0_MFCC_5,42,-0.0006675632794698,XGBoost
0_Spectral entropy,1,0.1408191562592928,SVR
0_Peak to peak distance,2,0.0935141652482769,SVR
0_LPCC_0,3,0.0802665873109246,SVR
0_Spectral variation,4,0.0764943857407538,SVR
0_Spectral decrease,5,0.0744227437275596,SVR
0_Interquartile range,6,0.0675750166177908,SVR
0_Mean diff,7,0.0654149536047092,SVR
0_ECDF Percentile_0,8,0.0515690711162967,SVR
0_Median,9,0.0502917774554467,SVR
0_Absolute energy,10,0.0424532356654849,SVR
0_Wavelet absolute mean_27777777.78Hz,11,0.0356535730788996,SVR
0_Max,12,0.0346248174016395,SVR
0_MFCC_11,13,0.0272784292369804,SVR
0_Slope,14,0.0238292339715864,SVR
0_MFCC_9,15,0.0167341789717923,SVR
0_Autocorrelation,16,0.0147746710888798,SVR
0_Wavelet absolute mean_125000000.0Hz,17,0.0145037517376777,SVR
0_Mean,18,0.0141142243225626,SVR
0_MFCC_10,19,0.0102171604903002,SVR
0_ECDF Percentile_1,20,0.0101245318233901,SVR
0_Wavelet entropy,21,0.0095131361130726,SVR
0_MFCC_5,22,0.0088110936648298,SVR
0_LPCC_5,23,0.0053232929650052,SVR
0_Maximum frequency,24,0.0026765830339315,SVR
0_LPCC_1,25,0.0024935924839085,SVR
0_MFCC_8,26,0.0021422255778555,SVR
0_Wavelet energy_125000000.0Hz,27,0.0020158928096914,SVR
0_Zero crossing rate,28,0.0018273753821993,SVR
0_Median absolute diff,29,0.0014053638864133,SVR
0_Histogram mode,30,0.0012544952142318,SVR
0_Power bandwidth,31,0.0012381714228581,SVR
0_Spectral roll-on,32,0.0012258409680674,SVR
0_Spectral positive turning points,33,0.0008046826845575,SVR
0_MFCC_0,34,0.0006979429902306,SVR
0_Median frequency,35,0.0006692595833086,SVR
0_Neighbourhood peaks,36,0.0004941270074124,SVR
0_Entropy,37,0.0003859369349547,SVR
0_Negative turning points,38,0.0001759498114935,SVR
0_Fundamental frequency,39,0.0001262485205841,SVR
0_LPCC_6,40,1.3452885546357447e-05,SVR
0_Median diff,41,0.0,SVR
0_MFCC_4,42,-0.0001558936464832,SVR
0_Peak to peak distance,1,0.177500862587185,Random Forest
0_Spectral entropy,2,0.0804461477149074,Random Forest
0_Absolute energy,3,0.0417123963534035,Random Forest
0_Interquartile range,4,0.0335910816810215,Random Forest
0_Spectral variation,5,0.0301957603253101,Random Forest
0_Autocorrelation,6,0.0254864501936508,Random Forest
0_Entropy,7,0.0182621247011232,Random Forest
0_Wavelet energy_125000000.0Hz,8,0.0157753017243027,Random Forest
0_MFCC_11,9,0.0117643635043448,Random Forest
0_Histogram mode,10,0.0105262202511615,Random Forest
0_Wavelet absolute mean_125000000.0Hz,11,0.0090218829262181,Random Forest
0_ECDF Percentile_0,12,0.0074917290991693,Random Forest
0_Mean diff,13,0.0061022336565463,Random Forest
0_Slope,14,0.0051136738093453,Random Forest
0_MFCC_8,15,0.004172555329669,Random Forest
0_MFCC_9,16,0.0041645942462943,Random Forest
0_MFCC_0,17,0.0039332859693058,Random Forest
0_Wavelet absolute mean_27777777.78Hz,18,0.00329425814322,Random Forest
0_LPCC_0,19,0.0031461651909486,Random Forest
0_ECDF Percentile_1,20,0.0029708354797063,Random Forest
0_Wavelet entropy,21,0.0023697470587059,Random Forest
0_MFCC_10,22,0.0018964350296721,Random Forest
0_Spectral decrease,23,0.0016343556895951,Random Forest
0_Fundamental frequency,24,0.001630736988223,Random Forest
0_Median,25,0.0013205287018186,Random Forest
0_MFCC_5,26,0.0012256536404196,Random Forest
0_Max,27,0.0010964270192766,Random Forest
0_Maximum frequency,28,0.0010934060033737,Random Forest
0_LPCC_1,29,0.0009722064950892,Random Forest
0_Zero crossing rate,30,0.0009516834756488,Random Forest
0_Median frequency,31,0.0008634498402502,Random Forest
0_Mean,32,0.0006068611934573,Random Forest
0_LPCC_6,33,0.0005787898835249,Random Forest
0_Spectral positive turning points,34,0.0002087858711842,Random Forest
0_MFCC_4,35,9.178013716373427e-05,Random Forest
0_Power bandwidth,36,4.490040012212611e-05,Random Forest
0_Negative turning points,37,3.408726137361354e-05,Random Forest
0_LPCC_5,38,2.3995764266688072e-05,Random Forest
0_Neighbourhood peaks,39,6.066237874404005e-06,Random Forest
0_Spectral roll-on,40,2.065835009055957e-06,Random Forest
0_Median diff,41,2.960594732333752e-18,Random Forest
0_Median absolute diff,42,-0.0001862884449732,Random Forest
0_Peak to peak distance,1,1.523321602200405,Bayesian Ridge
0_MFCC_4,2,1.360287468867298,Bayesian Ridge
0_ECDF Percentile_0,3,1.0029088001824191,Bayesian Ridge
0_MFCC_5,4,0.5912107511557652,Bayesian Ridge
0_Max,5,0.489777656704183,Bayesian Ridge
0_Slope,6,0.4862132982074122,Bayesian Ridge
0_Mean,7,0.459498476841458,Bayesian Ridge
0_ECDF Percentile_1,8,0.2929453026903994,Bayesian Ridge
0_MFCC_9,9,0.2882641583346534,Bayesian Ridge
0_MFCC_11,10,0.2790472516232037,Bayesian Ridge
0_Median,11,0.1842491082938704,Bayesian Ridge
0_Spectral decrease,12,0.1627901142019397,Bayesian Ridge
0_MFCC_0,13,0.142348848968463,Bayesian Ridge
0_Interquartile range,14,0.1122644658133165,Bayesian Ridge
0_Spectral variation,15,0.0548044420758414,Bayesian Ridge
0_LPCC_0,16,0.0450914923510208,Bayesian Ridge
0_MFCC_10,17,0.0371304973633198,Bayesian Ridge
0_Wavelet absolute mean_27777777.78Hz,18,0.0361788907542426,Bayesian Ridge
0_Absolute energy,19,0.0303330549592352,Bayesian Ridge
0_Autocorrelation,20,0.027550209979612,Bayesian Ridge
0_Wavelet energy_125000000.0Hz,21,0.0152541044989427,Bayesian Ridge
0_Wavelet entropy,22,0.014773342780997,Bayesian Ridge
0_MFCC_8,23,0.0135091923729829,Bayesian Ridge
0_Entropy,24,0.0094498037502849,Bayesian Ridge
0_Power bandwidth,25,0.0088325729819994,Bayesian Ridge
0_Wavelet absolute mean_125000000.0Hz,26,0.0066781184526153,Bayesian Ridge
0_Median frequency,27,0.0066671916804524,Bayesian Ridge
0_Maximum frequency,28,0.0044598213823331,Bayesian Ridge
0_LPCC_5,29,0.0014039024344259,Bayesian Ridge
0_Spectral positive turning points,30,0.0012852364936823,Bayesian Ridge
0_Spectral roll-on,31,0.0011133753862355,Bayesian Ridge
0_Mean diff,32,0.0010249717601207,Bayesian Ridge
0_LPCC_1,33,0.0009537502665493,Bayesian Ridge
0_LPCC_6,34,0.0005126062122035,Bayesian Ridge
0_Negative turning points,35,0.0004723296123847,Bayesian Ridge
0_Zero crossing rate,36,0.0003450409909739,Bayesian Ridge
0_Fundamental frequency,37,0.0002334550037794,Bayesian Ridge
0_Neighbourhood peaks,38,0.000194787640053,Bayesian Ridge
0_Median diff,39,0.0,Bayesian Ridge
0_Median absolute diff,40,-0.0001548999320548,Bayesian Ridge
0_Histogram mode,41,-0.0004142632253316,Bayesian Ridge
0_Spectral entropy,42,-0.0007087795742526,Bayesian Ridge
0_Peak to peak distance,1,0.6088787523905436,XGBoost
0_Spectral entropy,2,0.2633170358339946,XGBoost
0_Autocorrelation,3,0.1027680818239847,XGBoost
0_Mean diff,4,0.0108753832181294,XGBoost
0_Interquartile range,5,0.0074946983655293,XGBoost
0_Slope,6,0.0059218446413675,XGBoost
0_Spectral variation,7,0.0050305994351704,XGBoost
0_Absolute energy,8,0.0038602916399637,XGBoost
0_Entropy,9,0.0036497322718302,XGBoost
0_MFCC_5,10,0.0024079791704813,XGBoost
0_MFCC_11,11,0.0020877035458882,XGBoost
0_Histogram mode,12,0.0017102551460266,XGBoost
0_MFCC_0,13,0.0012865606943766,XGBoost
0_MFCC_8,14,0.0011599516868591,XGBoost
0_LPCC_1,15,0.0011363156636555,XGBoost
0_MFCC_9,16,0.0009363937377929,XGBoost
0_MFCC_10,17,0.0007033904393513,XGBoost
0_LPCC_5,18,0.000661875406901,XGBoost
0_LPCC_0,19,0.0005924749374389,XGBoost
0_Max,20,0.0003795305887858,XGBoost
0_Spectral decrease,21,0.0002800408999125,XGBoost
0_ECDF Percentile_0,22,0.0002143216133117,XGBoost
0_Median,23,0.0001437083880106,XGBoost
0_Fundamental frequency,24,0.0001078176498413,XGBoost
0_Neighbourhood peaks,25,6.018479665120443e-05,XGBoost
0_Wavelet energy_125000000.0Hz,26,5.8629512786865234e-05,XGBoost
0_Maximum frequency,27,4.5412381490071614e-05,XGBoost
0_Zero crossing rate,28,3.564278284708659e-05,XGBoost
0_Negative turning points,29,9.74575678507487e-06,XGBoost
0_Median absolute diff,30,0.0,XGBoost
0_Spectral roll-on,31,0.0,XGBoost
0_Power bandwidth,32,0.0,XGBoost
0_Median diff,33,0.0,XGBoost
0_Wavelet absolute mean_27777777.78Hz,34,-3.977060317993164e-05,XGBoost
0_Wavelet absolute mean_125000000.0Hz,35,-8.388121922810872e-05,XGBoost
0_LPCC_6,36,-8.76156489054362e-05,XGBoost
0_Spectral positive turning points,37,-0.0001279973983764,XGBoost
0_ECDF Percentile_1,38,-0.0001432196299235,XGBoost
0_Median frequency,39,-0.0002249177296956,XGBoost
0_MFCC_4,40,-0.0006399742762247,XGBoost
0_Wavelet entropy,41,-0.0006661542256673,XGBoost
0_Mean,42,-0.0008243989944458,XGBoost
0_Peak to peak distance,1,0.1230104656837059,SVR
0_Spectral entropy,2,0.1158797382912507,SVR
0_Interquartile range,3,0.1129394317241105,SVR
0_ECDF Percentile_0,4,0.0943105324026364,SVR
0_Mean diff,5,0.0788602201798081,SVR
0_Absolute energy,6,0.0755918761243277,SVR
0_Spectral decrease,7,0.0653970446749364,SVR
0_Spectral variation,8,0.0618584230228782,SVR
0_Wavelet absolute mean_27777777.78Hz,9,0.0532740136440641,SVR
0_Median,10,0.0526753971569336,SVR
0_LPCC_0,11,0.0489757390085394,SVR
0_Max,12,0.0480166833078304,SVR
0_Slope,13,0.0424628419095178,SVR
0_MFCC_11,14,0.0222078602840567,SVR
0_Wavelet absolute mean_125000000.0Hz,15,0.0188557588585179,SVR
0_MFCC_5,16,0.018078426178355,SVR
0_Autocorrelation,17,0.016517387665974,SVR
0_MFCC_9,18,0.0115723239861738,SVR
0_Mean,19,0.008087926891921,SVR
0_Wavelet energy_125000000.0Hz,20,0.0069592206039824,SVR
0_Maximum frequency,21,0.0060639205223351,SVR
0_MFCC_10,22,0.0051004533705434,SVR
0_ECDF Percentile_1,23,0.0049477280324906,SVR
0_Median diff,24,0.0046974729161899,SVR
0_Wavelet entropy,25,0.004613171043555,SVR
0_MFCC_8,26,0.004267393975449,SVR
0_MFCC_4,27,0.0024722666721796,SVR
0_LPCC_5,28,0.0024249088230481,SVR
0_LPCC_1,29,0.0020068779544564,SVR
0_MFCC_0,30,0.0016305960287949,SVR
0_Median absolute diff,31,0.0015581418992325,SVR
0_Zero crossing rate,32,0.0014890569594252,SVR
0_Spectral positive turning points,33,0.0012924361120096,SVR
0_Power bandwidth,34,0.0012579334646401,SVR
0_Neighbourhood peaks,35,0.0010892260569054,SVR
0_LPCC_6,36,0.0009643145544857,SVR
0_Entropy,37,0.000869088062135,SVR
0_Histogram mode,38,0.0008476192885381,SVR
0_Median frequency,39,0.0003502012969743,SVR
0_Spectral roll-on,40,0.0003169626367077,SVR
0_Negative turning points,41,7.965742055569732e-05,SVR
0_Fundamental frequency,42,3.7901634567313696e-05,SVR
0_Peak to peak distance,1,0.1794109843041901,Random Forest
0_Spectral entropy,2,0.075811374795866,Random Forest
0_Autocorrelation,3,0.0438229028728194,Random Forest
0_Absolute energy,4,0.0435813232637837,Random Forest
0_Interquartile range,5,0.0303430183773482,Random Forest
0_Spectral variation,6,0.0275708110520326,Random Forest
0_Entropy,7,0.0271859687598518,Random Forest
0_Histogram mode,8,0.0208491496191715,Random Forest
0_Wavelet energy_125000000.0Hz,9,0.0172087988898016,Random Forest
0_ECDF Percentile_0,10,0.0137587638469514,Random Forest
0_MFCC_11,11,0.0108062923331052,Random Forest
0_Wavelet absolute mean_125000000.0Hz,12,0.0090928423218352,Random Forest
0_Mean diff,13,0.0069231945520365,Random Forest
0_Slope,14,0.0061334041081354,Random Forest
0_MFCC_8,15,0.005207933061107,Random Forest
0_LPCC_0,16,0.0044960798526446,Random Forest
0_MFCC_0,17,0.0037992173337977,Random Forest
0_ECDF Percentile_1,18,0.0036705717435065,Random Forest
0_Wavelet entropy,19,0.002997397373532,Random Forest
0_Fundamental frequency,20,0.0025936069298523,Random Forest
0_MFCC_9,21,0.002557009718765,Random Forest
0_Wavelet absolute mean_27777777.78Hz,22,0.0023368398905829,Random Forest
0_MFCC_5,23,0.0021055178447003,Random Forest
0_Maximum frequency,24,0.0016694701864531,Random Forest
0_Median frequency,25,0.001661777917581,Random Forest
0_MFCC_10,26,0.0016008127079137,Random Forest
0_Max,27,0.0015404406089975,Random Forest
0_LPCC_1,28,0.0014596095936712,Random Forest
0_Zero crossing rate,29,0.0013062380636556,Random Forest
0_Median,30,0.0007006112604683,Random Forest
0_LPCC_6,31,0.0005777983243218,Random Forest
0_Spectral decrease,32,0.0005698166255826,Random Forest
0_LPCC_5,33,0.0004587951226127,Random Forest
0_Spectral positive turning points,34,0.0002915597252656,Random Forest
0_MFCC_4,35,0.0002530968193627,Random Forest
0_Median absolute diff,36,0.0001166846387422,Random Forest
0_Mean,37,4.4886419499882514e-05,Random Forest
0_Power bandwidth,38,4.268810515903443e-05,Random Forest
0_Spectral roll-on,39,3.148494400715407e-06,Random Forest
0_Neighbourhood peaks,40,6.131269250294243e-07,Random Forest
0_Median diff,41,0.0,Random Forest
0_Negative turning points,42,-9.671836346538676e-06,Random Forest
0_ECDF Percentile_0,1,1.4352356461109017,Bayesian Ridge
0_Peak to peak distance,2,1.3453989445190493,Bayesian Ridge
0_MFCC_4,3,1.2966672172569635,Bayesian Ridge
0_MFCC_5,4,0.6846208833054745,Bayesian Ridge
0_MFCC_11,5,0.5255119750100805,Bayesian Ridge
0_Max,6,0.3947268496044611,Bayesian Ridge
0_Slope,7,0.3753206427836432,Bayesian Ridge
0_MFCC_0,8,0.2545771022165234,Bayesian Ridge
0_Median,9,0.215487876959723,Bayesian Ridge
0_MFCC_9,10,0.1818396761800869,Bayesian Ridge
0_Mean,11,0.161782027046334,Bayesian Ridge
0_Spectral decrease,12,0.1084153975537203,Bayesian Ridge
0_ECDF Percentile_1,13,0.0767928449555999,Bayesian Ridge
0_Wavelet absolute mean_27777777.78Hz,14,0.0634103159760461,Bayesian Ridge
0_Mean diff,15,0.035203998560759,Bayesian Ridge
0_MFCC_8,16,0.0313899415181401,Bayesian Ridge
0_Wavelet entropy,17,0.0303297625897723,Bayesian Ridge
0_Absolute energy,18,0.0302701160203583,Bayesian Ridge
0_Autocorrelation,19,0.0275213751602018,Bayesian Ridge
0_Spectral entropy,20,0.0227545692934286,Bayesian Ridge
0_Entropy,21,0.0148693609984571,Bayesian Ridge
0_LPCC_0,22,0.0121400803186614,Bayesian Ridge
0_Power bandwidth,23,0.0117494043374549,Bayesian Ridge
0_Interquartile range,24,0.0053827384053188,Bayesian Ridge
0_Wavelet energy_125000000.0Hz,25,0.0051744448886646,Bayesian Ridge
0_Maximum frequency,26,0.0027910858633654,Bayesian Ridge
0_LPCC_1,27,0.0020110599570426,Bayesian Ridge
0_Median diff,28,0.0019787875622355,Bayesian Ridge
0_MFCC_10,29,0.0011516869008406,Bayesian Ridge
0_Zero crossing rate,30,0.0010292927296363,Bayesian Ridge
0_Spectral variation,31,0.0009082900509832,Bayesian Ridge
0_Spectral positive turning points,32,0.0008697372618814,Bayesian Ridge
0_Negative turning points,33,0.0008604395502401,Bayesian Ridge
0_Spectral roll-on,34,0.0008040799929542,Bayesian Ridge
0_Median frequency,35,0.0003315226701464,Bayesian Ridge
0_Wavelet absolute mean_125000000.0Hz,36,0.0002689216196043,Bayesian Ridge
0_Histogram mode,37,0.0001598240602492,Bayesian Ridge
0_Neighbourhood peaks,38,8.975655850757214e-05,Bayesian Ridge
0_LPCC_5,39,7.849376474527177e-05,Bayesian Ridge
0_Median absolute diff,40,-9.178677461936237e-05,Bayesian Ridge
0_Fundamental frequency,41,-0.0001659052115211,Bayesian Ridge
0_LPCC_6,42,-0.0002310633813925,Bayesian Ridge
0_Peak to peak distance,1,0.5637745436032613,XGBoost
0_Spectral entropy,2,0.2748921759923299,XGBoost
0_Autocorrelation,3,0.1568098163604736,XGBoost
0_Interquartile range,4,0.0273395307858785,XGBoost
0_Entropy,5,0.0171408653259277,XGBoost
0_Spectral variation,6,0.0121279454231262,XGBoost
0_Absolute energy,7,0.0100589148203531,XGBoost
0_Mean diff,8,0.0059994482994079,XGBoost
0_Slope,9,0.003525165716807,XGBoost
0_Histogram mode,10,0.0030327216784159,XGBoost
0_Wavelet absolute mean_125000000.0Hz,11,0.0028673394521077,XGBoost
0_Wavelet energy_125000000.0Hz,12,0.0023118257522583,XGBoost
0_Max,13,0.002280527750651,XGBoost
0_Fundamental frequency,14,0.0017439460754394,XGBoost
0_MFCC_9,15,0.0013539703687032,XGBoost
0_MFCC_11,16,0.0010778395334879,XGBoost
0_LPCC_1,17,0.0009966818491617,XGBoost
0_MFCC_5,18,0.0009850891431172,XGBoost
0_LPCC_0,19,0.00079620997111,XGBoost
0_ECDF Percentile_1,20,0.0004280106226603,XGBoost
0_ECDF Percentile_0,21,0.0004180820782979,XGBoost
0_Median frequency,22,0.0003079040845235,XGBoost
0_Wavelet entropy,23,0.0002834788958231,XGBoost
0_Spectral decrease,24,0.0002633563677469,XGBoost
0_Median diff,25,0.000254913965861,XGBoost
0_Negative turning points,26,0.0002459486325581,XGBoost
0_Spectral positive turning points,27,0.0002150138219197,XGBoost
0_MFCC_4,28,0.0001628494262695,XGBoost
0_MFCC_10,29,0.0001550698280334,XGBoost
0_Mean,30,0.0001502641042073,XGBoost
0_Median absolute diff,31,0.0001175212860107,XGBoost
0_Maximum frequency,32,0.0001138488451639,XGBoost
0_Wavelet absolute mean_27777777.78Hz,33,9.747823079427084e-05,XGBoost
0_MFCC_8,34,7.61556625366211e-05,XGBoost
0_MFCC_0,35,4.095792770385742e-05,XGBoost
0_Median,36,1.1089642842610678e-05,XGBoost
0_LPCC_6,37,2.883275349934896e-06,XGBoost
0_Spectral roll-on,38,0.0,XGBoost
0_Power bandwidth,39,0.0,XGBoost
0_Zero crossing rate,40,-1.6530354817708334e-06,XGBoost
0_Neighbourhood peaks,41,-3.844499588012695e-05,XGBoost
0_LPCC_5,42,-0.0003212237358093,XGBoost
0_Spectral entropy,1,0.1133331225024016,SVR
0_Peak to peak distance,2,0.1131795629506891,SVR
0_Interquartile range,3,0.0996723870376945,SVR
0_Wavelet absolute mean_27777777.78Hz,4,0.0875997624740092,SVR
0_LPCC_0,5,0.081135111483513,SVR
0_Spectral variation,6,0.0747705881453689,SVR
0_Mean diff,7,0.071971614226783,SVR
0_Spectral decrease,8,0.0710922391113395,SVR
0_ECDF Percentile_0,9,0.0706699771231648,SVR
0_Median,10,0.0659387489192475,SVR
0_Slope,11,0.0459080215052374,SVR
0_Max,12,0.0452130990829549,SVR
0_Absolute energy,13,0.0404511299134759,SVR
0_Wavelet absolute mean_125000000.0Hz,14,0.0347555168694873,SVR
0_MFCC_11,15,0.0284366210810946,SVR
0_MFCC_5,16,0.0179972185936061,SVR
0_Autocorrelation,17,0.0133731949970042,SVR
0_Wavelet energy_125000000.0Hz,18,0.0121733698767226,SVR
0_MFCC_9,19,0.0073565821159686,SVR
0_Mean,20,0.0066621872743115,SVR
0_MFCC_0,21,0.0062464434284831,SVR
0_MFCC_4,22,0.0054512168183217,SVR
0_Median diff,23,0.004620659052623,SVR
0_Maximum frequency,24,0.0045332863831116,SVR
0_Wavelet entropy,25,0.0038002930541108,SVR
0_MFCC_10,26,0.0023129298204707,SVR
0_LPCC_5,27,0.0018378883262044,SVR
0_Histogram mode,28,0.0018197492031178,SVR
0_Median absolute diff,29,0.00135994522716,SVR
0_Entropy,30,0.0012129646007917,SVR
0_MFCC_8,31,0.0011140213444296,SVR
0_LPCC_1,32,0.000991366582597,SVR
0_Power bandwidth,33,0.000840223846466,SVR
0_Median frequency,34,0.0007360959468849,SVR
0_Zero crossing rate,35,0.000483185788049,SVR
0_ECDF Percentile_1,36,0.0004612550278575,SVR
0_LPCC_6,37,0.0003003880829506,SVR
0_Spectral positive turning points,38,0.0001612241033709,SVR
0_Spectral roll-on,39,6.880450535625322e-05,SVR
0_Fundamental frequency,40,-0.0001981831160701,SVR
0_Negative turning points,41,-0.000412279196335,SVR
0_Neighbourhood peaks,42,-0.0009978907076518,SVR
0_Peak to peak distance,1,0.1618785562179144,Random Forest
0_Spectral entropy,2,0.0764351401738815,Random Forest
0_Absolute energy,3,0.0448514484376036,Random Forest
0_Autocorrelation,4,0.0439341909654294,Random Forest
0_Spectral variation,5,0.0404723216102691,Random Forest
0_Interquartile range,6,0.026837942017181,Random Forest
0_Entropy,7,0.0245189836355244,Random Forest
0_Wavelet energy_125000000.0Hz,8,0.0131639343597737,Random Forest
0_ECDF Percentile_0,9,0.009716594793615,Random Forest
0_Histogram mode,10,0.0094619652720409,Random Forest
0_Wavelet absolute mean_125000000.0Hz,11,0.0074070920229436,Random Forest
0_Slope,12,0.0069782808250438,Random Forest
0_Mean diff,13,0.0069015612970612,Random Forest
0_MFCC_11,14,0.0067208060088429,Random Forest
0_Wavelet absolute mean_27777777.78Hz,15,0.004990421740143,Random Forest
0_LPCC_0,16,0.0033503964467387,Random Forest
0_MFCC_0,17,0.0030791392727865,Random Forest
0_MFCC_8,18,0.0030700567005862,Random Forest
0_ECDF Percentile_1,19,0.0028240812813269,Random Forest
0_Fundamental frequency,20,0.0026640052087702,Random Forest
0_MFCC_9,21,0.002546162807676,Random Forest
0_MFCC_10,22,0.0021545875518486,Random Forest
0_Maximum frequency,23,0.002122907004663,Random Forest
0_Wavelet entropy,24,0.0017585324390967,Random Forest
0_LPCC_1,25,0.0016960253139848,Random Forest
0_Median frequency,26,0.0014677290722257,Random Forest
0_MFCC_5,27,0.0014153245627603,Random Forest
0_Max,28,0.0012696672912033,Random Forest
0_Median,29,0.0005204009101826,Random Forest
0_Spectral decrease,30,0.000480669519329,Random Forest
0_LPCC_6,31,0.000344651309298,Random Forest
0_Spectral positive turning points,32,0.0003345392185078,Random Forest
0_LPCC_5,33,0.0003073990567534,Random Forest
0_Zero crossing rate,34,0.0003019663790782,Random Forest
0_MFCC_4,35,0.0002979906658794,Random Forest
0_Mean,36,0.0001383379423894,Random Forest
0_Power bandwidth,37,0.0001263587290049,Random Forest
0_Spectral roll-on,38,2.280625477728856e-05,Random Forest
0_Neighbourhood peaks,39,1.9418427287710334e-05,Random Forest
0_Median diff,40,1.0362081563168128e-17,Random Forest
0_Negative turning points,41,-2.481594897651688e-05,Random Forest
0_Median absolute diff,42,-0.0001197835822904,Random Forest
0_Peak to peak distance,1,2.282401878299938,Bayesian Ridge
0_MFCC_4,2,2.0778403533089045,Bayesian Ridge
0_MFCC_5,3,1.06212444132215,Bayesian Ridge
0_ECDF Percentile_0,4,0.9021478432284976,Bayesian Ridge
0_MFCC_9,5,0.6990192992495458,Bayesian Ridge
0_Max,6,0.5473477620845149,Bayesian Ridge
0_MFCC_11,7,0.3394145590684811,Bayesian Ridge
0_Slope,8,0.3268871274083552,Bayesian Ridge
0_Mean,9,0.30201972479754,Bayesian Ridge
0_MFCC_8,10,0.1012520264105213,Bayesian Ridge
0_Median,11,0.0954200928763587,Bayesian Ridge
0_MFCC_0,12,0.0875621251774727,Bayesian Ridge
0_ECDF Percentile_1,13,0.0834110138859556,Bayesian Ridge
0_MFCC_10,14,0.0722556294731495,Bayesian Ridge
0_Spectral decrease,15,0.0606239358620967,Bayesian Ridge
0_Wavelet absolute mean_27777777.78Hz,16,0.0571858110374058,Bayesian Ridge
0_Spectral entropy,17,0.0532385644549056,Bayesian Ridge
0_Autocorrelation,18,0.0300155541748648,Bayesian Ridge
0_Wavelet energy_125000000.0Hz,19,0.0241769344465435,Bayesian Ridge
0_Wavelet absolute mean_125000000.0Hz,20,0.0214337365589035,Bayesian Ridge
0_Mean diff,21,0.0178631523136116,Bayesian Ridge
0_Entropy,22,0.0147918496077183,Bayesian Ridge
0_Power bandwidth,23,0.0106116015936032,Bayesian Ridge
0_Wavelet entropy,24,0.0104966504117296,Bayesian Ridge
0_LPCC_1,25,0.0071854721556114,Bayesian Ridge
0_Spectral variation,26,0.007053576127913,Bayesian Ridge
0_Absolute energy,27,0.0033066770195442,Bayesian Ridge
0_Interquartile range,28,0.00287018780183,Bayesian Ridge
0_Median diff,29,0.002520262058634,Bayesian Ridge
0_LPCC_0,30,0.002426610048646,Bayesian Ridge
0_Median absolute diff,31,0.0023650287930459,Bayesian Ridge
0_Spectral roll-on,32,0.0016320090629216,Bayesian Ridge
0_Median frequency,33,0.0011910679695673,Bayesian Ridge
0_Zero crossing rate,34,0.0005369263365721,Bayesian Ridge
0_Negative turning points,35,0.0004586576156145,Bayesian Ridge
0_LPCC_5,36,0.0004100250984687,Bayesian Ridge
0_Histogram mode,37,9.601498446657104e-05,Bayesian Ridge
0_Neighbourhood peaks,38,9.046064266560184e-05,Bayesian Ridge
0_Maximum frequency,39,7.805626017249435e-05,Bayesian Ridge
0_Spectral positive turning points,40,-0.0003827192878226,Bayesian Ridge
0_LPCC_6,41,-0.0006604122617576,Bayesian Ridge
0_Fundamental frequency,42,-0.0006620526331712,Bayesian Ridge
0_Peak to peak distance,1,1.126886457602183,XGBoost
0_Spectral entropy,2,0.316399606068929,XGBoost
0_Autocorrelation,3,0.2453235681851704,XGBoost
0_Interquartile range,4,0.0650370868047078,XGBoost
0_Histogram mode,5,0.0132873996098836,XGBoost
0_Spectral variation,6,0.0046717715263366,XGBoost
0_Slope,7,0.0034448560078938,XGBoost
0_Mean diff,8,0.0031531127293904,XGBoost
0_ECDF Percentile_0,9,0.0020396478970845,XGBoost
0_MFCC_0,10,0.0017864259084065,XGBoost
0_Max,11,0.001352961063385,XGBoost
0_Absolute energy,12,0.0012507756551106,XGBoost
0_Wavelet energy_125000000.0Hz,13,0.0008828115463256,XGBoost
0_Fundamental frequency,14,0.0008104546864827,XGBoost
0_Entropy,15,0.0007492049535115,XGBoost
0_LPCC_6,16,0.0005159672101338,XGBoost
0_LPCC_0,17,0.0004175051053365,XGBoost
0_ECDF Percentile_1,18,0.0003845183054606,XGBoost
0_Spectral positive turning points,19,0.000374858379364,XGBoost
0_Median diff,20,0.0001897009213765,XGBoost
0_Median,21,0.0001818291346232,XGBoost
0_LPCC_1,22,0.0001694464683532,XGBoost
0_MFCC_9,23,0.0001684276262919,XGBoost
0_Wavelet entropy,24,0.0001607338587443,XGBoost
0_MFCC_8,25,0.0001475079854329,XGBoost
0_MFCC_5,26,0.0001395853360493,XGBoost
0_Wavelet absolute mean_125000000.0Hz,27,8.169968922932943e-05,XGBoost
0_Wavelet absolute mean_27777777.78Hz,28,8.060773213704426e-05,XGBoost
0_Neighbourhood peaks,29,5.374908447265625e-05,XGBoost
0_Spectral roll-on,30,0.0,XGBoost
0_Power bandwidth,31,0.0,XGBoost
0_Median absolute diff,32,-2.2220611572265626e-06,XGBoost
0_Zero crossing rate,33,-1.0918776194254556e-05,XGBoost
0_MFCC_11,34,-1.600027084350586e-05,XGBoost
0_MFCC_10,35,-2.055644989013672e-05,XGBoost
0_Mean,36,-2.925713857014974e-05,XGBoost
0_Spectral decrease,37,-3.326177597045898e-05,XGBoost
0_Negative turning points,38,-4.184643427530925e-05,XGBoost
0_Median frequency,39,-7.458766301472981e-05,XGBoost
0_MFCC_4,40,-0.0001021726926167,XGBoost
0_LPCC_5,41,-0.0001572728157043,XGBoost
0_Maximum frequency,42,-0.0011908253033955,XGBoost
0_LPCC_0,1,0.12050863321974208,SVR
0_Spectral decrease,2,0.09178823079858817,SVR
0_ECDF Percentile_0,3,0.08777878719137393,SVR
0_Spectral entropy,4,0.08700579517702273,SVR
0_Mean diff,5,0.08637577677112228,SVR
0_Median,6,0.08264747293948776,SVR
0_Peak to peak distance,7,0.07631584687572047,SVR
0_Interquartile range,8,0.07140815445378564,SVR
0_Wavelet absolute mean_27777777.78Hz,9,0.06616067685623127,SVR
0_Absolute energy,10,0.06614656719538962,SVR
0_Spectral variation,11,0.0629421834411145,SVR
0_Max,12,0.06148148638417414,SVR
0_MFCC_11,13,0.03248572019072619,SVR
0_Slope,14,0.032479354652417275,SVR
0_Autocorrelation,15,0.02018938580289084,SVR
0_Wavelet absolute mean_125000000.0Hz,16,0.019278416743176006,SVR
0_Mean,17,0.017611548039002483,SVR
0_MFCC_5,18,0.016833960605890173,SVR
0_Wavelet entropy,19,0.009981640147215174,SVR
0_MFCC_9,20,0.009288492245467178,SVR
0_MFCC_4,21,0.006989346472537266,SVR
0_ECDF Percentile_1,22,0.005092363088296238,SVR
0_MFCC_8,23,0.004287268363359183,SVR
0_MFCC_0,24,0.0029744810514911314,SVR
0_Median absolute diff,25,0.002889934320535734,SVR
0_Maximum frequency,26,0.0023879660011252185,SVR
0_Spectral positive turning points,27,0.002244734004596654,SVR
0_Zero crossing rate,28,0.002045612069544145,SVR
0_MFCC_10,29,0.001393185852780805,SVR
0_Wavelet energy_125000000.0Hz,30,0.0006207775507540747,SVR
0_Neighbourhood peaks,31,0.0005816421233618015,SVR
0_Fundamental frequency,32,0.00036006699658537757,SVR
0_Histogram mode,33,0.00033330814868461604,SVR
0_LPCC_5,34,0.00031885994819499903,SVR
0_Median frequency,35,0.0002508550640366843,SVR
0_Spectral roll-on,36,0.00020028420503440003,SVR
0_LPCC_1,37,0.0001312047949578199,SVR
0_Negative turning points,38,0.00011415952641872895,SVR
0_Median diff,39,0.0,SVR
0_Power bandwidth,40,-0.00037360264575274344,SVR
0_Entropy,41,-0.0003839092843287058,SVR
0_LPCC_6,42,-0.00038846246905368533,SVR
0_Peak to peak distance,1,0.15600277477058846,Random Forest
0_Spectral entropy,2,0.07877443604629254,Random Forest
0_Autocorrelation,3,0.04737990984823183,Random Forest
0_Absolute energy,4,0.047048680919835266,Random Forest
0_Spectral variation,5,0.034603022521881556,Random Forest
0_Entropy,6,0.027807525992616818,Random Forest
0_Interquartile range,7,0.026836412110632212,Random Forest
0_Wavelet energy_125000000.0Hz,8,0.018535031701722614,Random Forest
0_Histogram mode,9,0.01686505318604101,Random Forest
0_ECDF Percentile_0,10,0.01669542434848472,Random Forest
0_MFCC_11,11,0.009942200911466206,Random Forest
0_Wavelet absolute mean_125000000.0Hz,12,0.009635951235565642,Random Forest
0_Slope,13,0.007806229444797732,Random Forest
0_Mean diff,14,0.007732127002463252,Random Forest
0_LPCC_0,15,0.00533968121775484,Random Forest
0_Wavelet entropy,16,0.003959253812413189,Random Forest
0_MFCC_0,17,0.0038810275505960293,Random Forest
0_Wavelet absolute mean_27777777.78Hz,18,0.003501551129756022,Random Forest
0_ECDF Percentile_1,19,0.0034569506882044586,Random Forest
0_MFCC_8,20,0.00337561494239137,Random Forest
0_Fundamental frequency,21,0.0026881247158797627,Random Forest
0_Median frequency,22,0.0020927990556172914,Random Forest
0_MFCC_9,23,0.002056155164544157,Random Forest
0_MFCC_5,24,0.0016845451220751178,Random Forest
0_LPCC_1,25,0.0015036169579508692,Random Forest
0_Zero crossing rate,26,0.001338288550390141,Random Forest
0_Maximum frequency,27,0.0011078910562776834,Random Forest
0_LPCC_5,28,0.0009385546056114791,Random Forest
0_MFCC_10,29,0.0009306802129514521,Random Forest
0_Median,30,0.0008818833374805602,Random Forest
0_LPCC_6,31,0.000858224932675878,Random Forest
0_Max,32,0.0008357074017144864,Random Forest
0_Mean,33,0.0007236594811305904,Random Forest
0_Spectral decrease,34,0.0005111810501859152,Random Forest
0_Median absolute diff,35,0.00018030144631361544,Random Forest
0_Spectral positive turning points,36,9.874063746242889e-05,Random Forest
0_MFCC_4,37,5.4354842516916396e-05,Random Forest
0_Negative turning points,38,4.345557891736037e-05,Random Forest
0_Spectral roll-on,39,1.8433473065944857e-06,Random Forest
0_Neighbourhood peaks,40,4.823999912758244e-07,Random Forest
0_Median diff,41,0.0,Random Forest
0_Power bandwidth,42,-0.00010523445299875404,Random Forest
0_MFCC_4,1,2.2799474665703574,Bayesian Ridge
0_Peak to peak distance,2,1.2377344205862306,Bayesian Ridge
0_ECDF Percentile_0,3,1.2265632119713743,Bayesian Ridge
0_Mean,4,0.8193313555787505,Bayesian Ridge
0_MFCC_5,5,0.6496709152378541,Bayesian Ridge
0_Max,6,0.5402237151191236,Bayesian Ridge
0_MFCC_9,7,0.4772825603608691,Bayesian Ridge
0_MFCC_11,8,0.40846376752019337,Bayesian Ridge
0_Slope,9,0.38120186724686644,Bayesian Ridge
0_Median,10,0.216798697310513,Bayesian Ridge
0_MFCC_0,11,0.10259321480610144,Bayesian Ridge
0_Wavelet absolute mean_27777777.78Hz,12,0.06762903469876173,Bayesian Ridge
0_Spectral decrease,13,0.06316391431159216,Bayesian Ridge
0_Mean diff,14,0.05732844150409119,Bayesian Ridge
0_ECDF Percentile_1,15,0.04551236225346414,Bayesian Ridge
0_MFCC_8,16,0.04253283392032923,Bayesian Ridge
0_Autocorrelation,17,0.03224649320586623,Bayesian Ridge
0_Spectral entropy,18,0.027422973364569926,Bayesian Ridge
0_Wavelet energy_125000000.0Hz,19,0.027377416281755884,Bayesian Ridge
0_Absolute energy,20,0.01770851831893945,Bayesian Ridge
0_MFCC_10,21,0.016660263911468298,Bayesian Ridge
0_Wavelet entropy,22,0.01640979627106053,Bayesian Ridge
0_Spectral variation,23,0.014846076095263623,Bayesian Ridge
0_Entropy,24,0.011825765143199335,Bayesian Ridge
0_LPCC_1,25,0.004606646601773828,Bayesian Ridge
0_Spectral roll-on,26,0.0034403321997231845,Bayesian Ridge
0_Interquartile range,27,0.003146699696914923,Bayesian Ridge
0_Zero crossing rate,28,0.0029331210869264625,Bayesian Ridge
0_Power bandwidth,29,0.0028451461119105305,Bayesian Ridge
0_Wavelet absolute mean_125000000.0Hz,30,0.0025900695418561467,Bayesian Ridge
0_LPCC_0,31,0.00225015445302131,Bayesian Ridge
0_Maximum frequency,32,0.0022356424062348257,Bayesian Ridge
0_Median frequency,33,0.002132966663587954,Bayesian Ridge
0_Median absolute diff,34,0.0011218864945206238,Bayesian Ridge
0_Negative turning points,35,0.00015347388661101006,Bayesian Ridge
0_Fundamental frequency,36,9.461934727990654e-05,Bayesian Ridge
0_Median diff,37,0.0,Bayesian Ridge
0_Neighbourhood peaks,38,-1.2585479476654448e-05,Bayesian Ridge
0_LPCC_5,39,-0.000157461955893717,Bayesian Ridge
0_Histogram mode,40,-0.00018816083670522527,Bayesian Ridge
0_LPCC_6,41,-0.0003267969043940037,Bayesian Ridge
0_Spectral positive turning points,42,-0.00038346808238638155,Bayesian Ridge
0_Peak to peak distance,1,0.5537092487017313,XGBoost
0_Spectral entropy,2,0.22989275614420573,XGBoost
0_Autocorrelation,3,0.15978739500045777,XGBoost
0_Interquartile range,4,0.02472819487253825,XGBoost
0_Absolute energy,5,0.015460139115651448,XGBoost
0_Spectral variation,6,0.011553370157877604,XGBoost
0_Mean diff,7,0.010360894997914632,XGBoost
0_Entropy,8,0.009916656812032064,XGBoost
0_Histogram mode,9,0.004448614915211996,XGBoost
0_Slope,10,0.003140855630238851,XGBoost
0_Max,11,0.0022315843900044758,XGBoost
0_MFCC_5,12,0.0018543346722920736,XGBoost
0_Wavelet energy_125000000.0Hz,13,0.0015313402811686198,XGBoost
0_ECDF Percentile_1,14,0.0014289426803588867,XGBoost
0_Fundamental frequency,15,0.0014068921407063802,XGBoost
0_LPCC_0,16,0.0013881667455037435,XGBoost
0_Wavelet entropy,17,0.0010864663124084473,XGBoost
0_MFCC_9,18,0.00101241668065389,XGBoost
0_Wavelet absolute mean_125000000.0Hz,19,0.0007688156763712565,XGBoost
0_MFCC_0,20,0.0006604170799255371,XGBoost
0_LPCC_6,21,0.0004163082440694173,XGBoost
0_MFCC_8,22,0.00034070332845052083,XGBoost
0_Spectral decrease,23,0.0003179152806599935,XGBoost
0_LPCC_5,24,0.0002252817153930664,XGBoost
0_MFCC_11,25,0.0002248549461364746,XGBoost
0_LPCC_1,26,0.00021633307139078776,XGBoost
0_Median,27,0.00016341209411621093,XGBoost
0_Maximum frequency,28,0.00014804919560750326,XGBoost
0_Neighbourhood peaks,29,0.00014211257298787436,XGBoost
0_Mean,30,8.380572001139323e-05,XGBoost
0_Median absolute diff,31,4.059871037801107e-05,XGBoost
0_Median frequency,32,7.933775583902994e-06,XGBoost
0_Spectral roll-on,33,0.0,XGBoost
0_Median diff,34,0.0,XGBoost
0_Power bandwidth,35,0.0,XGBoost
0_Zero crossing rate,36,-7.327397664388021e-07,XGBoost
0_MFCC_4,37,-7.183472315470378e-05,XGBoost
0_Wavelet absolute mean_27777777.78Hz,38,-8.066018422444661e-05,XGBoost
0_Negative turning points,39,-0.0001082007090250651,XGBoost
0_Spectral positive turning points,40,-0.00024008353551228842,XGBoost
0_MFCC_10,41,-0.0002666171391805013,XGBoost
0_ECDF Percentile_0,42,-0.0002902460098266602,XGBoost
