feature,rank_shap,shap_importance,model
0_Peak to peak distance,1,11.136740713069198,SVR
0_Spectral variation,2,9.78881920327225,SVR
0_Spectral decrease,3,9.050995701584853,SVR
0_ECDF Percentile_0,4,8.090522992760949,SVR
0_Spectral entropy,5,8.084898437126613,SVR
0_Mean diff,6,7.944410041595182,SVR
0_LPCC_0,7,7.667690227331158,SVR
0_Interquartile range,8,7.117197819393153,SVR
0_Absolute energy,9,6.318510359696678,SVR
0_Wavelet absolute mean_27777777.78Hz,10,6.283557184202247,SVR
0_Median,11,6.00208054810941,SVR
0_Max,12,4.357105826605868,SVR
0_Wavelet absolute mean_125000000.0Hz,13,4.1766644732745,SVR
0_Slope,14,4.077738339799866,SVR
0_MFCC_11,15,2.949022818364192,SVR
0_Autocorrelation,16,1.090312400850989,SVR
0_MFCC_9,17,0.9289180001756911,SVR
0_MFCC_5,18,0.8775332180212518,SVR
0_Wavelet energy_125000000.0Hz,19,0.7280401343046458,SVR
0_Median diff,20,0.6467693763109307,SVR
0_Mean,21,0.5901180113026215,SVR
0_MFCC_4,22,0.5645616138306373,SVR
0_Wavelet entropy,23,0.4125706759969105,SVR
0_MFCC_10,24,0.3713608466988494,SVR
0_MFCC_0,25,0.1000110276226051,SVR
0_LPCC_1,26,0.0689565087157946,SVR
0_MFCC_8,27,0.0490586314474442,SVR
0_Maximum frequency,28,0.0480145521969218,SVR
0_ECDF Percentile_1,29,0.0259076923473759,SVR
0_Entropy,30,0.0,SVR
0_Histogram mode,31,0.0,SVR
0_Fundamental frequency,32,0.0,SVR
0_LPCC_5,33,0.0,SVR
0_LPCC_6,34,0.0,SVR
0_Median absolute diff,35,0.0,SVR
0_Median frequency,36,0.0,SVR
0_Negative turning points,37,0.0,SVR
0_Neighbourhood peaks,38,0.0,SVR
0_Power bandwidth,39,0.0,SVR
0_Spectral roll-on,40,0.0,SVR
0_Spectral positive turning points,41,0.0,SVR
0_Zero crossing rate,42,0.0,SVR
0_Peak to peak distance,1,15.817780760877913,Random Forest
0_Spectral entropy,2,8.953769255039596,Random Forest
0_Absolute energy,3,6.667682883493138,Random Forest
0_Autocorrelation,4,5.539316563075533,Random Forest
0_Entropy,5,5.339106353340422,Random Forest
0_Spectral variation,6,4.802679778326381,Random Forest
0_Interquartile range,7,4.12227786175125,Random Forest
0_Wavelet energy_125000000.0Hz,8,2.92665272694602,Random Forest
0_Histogram mode,9,2.645181094728411,Random Forest
0_ECDF Percentile_0,10,2.1860302426849256,Random Forest
0_MFCC_11,11,2.1103610342521844,Random Forest
0_Wavelet absolute mean_125000000.0Hz,12,1.9628230051191284,Random Forest
0_LPCC_0,13,1.3929626845620575,Random Forest
0_Fundamental frequency,14,1.0616030162320935,Random Forest
0_Wavelet absolute mean_27777777.78Hz,15,1.059743257917898,Random Forest
0_Mean diff,16,0.9968411778546558,Random Forest
0_Slope,17,0.9859288588388044,Random Forest
0_ECDF Percentile_1,18,0.8068536246550583,Random Forest
0_Wavelet entropy,19,0.7978407832669406,Random Forest
0_MFCC_0,20,0.6768653038923006,Random Forest
0_MFCC_8,21,0.6691222630395087,Random Forest
0_Median,22,0.6260085047217705,Random Forest
0_MFCC_9,23,0.5955327344372089,Random Forest
0_Spectral decrease,24,0.580935729221891,Random Forest
0_Median frequency,25,0.5774558309806664,Random Forest
0_MFCC_10,26,0.4991130775625197,Random Forest
0_Max,27,0.4001965747200882,Random Forest
0_MFCC_5,28,0.3868222445743313,Random Forest
0_Maximum frequency,29,0.3386585874459397,Random Forest
0_LPCC_1,30,0.2850680607957144,Random Forest
0_Mean,31,0.2574054107293641,Random Forest
0_LPCC_6,32,0.2501677585450079,Random Forest
0_LPCC_5,33,0.2478818751334523,Random Forest
0_Zero crossing rate,34,0.2341471828565001,Random Forest
0_MFCC_4,35,0.1516019205679341,Random Forest
0_Spectral positive turning points,36,0.1296083340177156,Random Forest
0_Power bandwidth,37,0.0965395946187277,Random Forest
0_Negative turning points,38,0.0803696664061397,Random Forest
0_Median absolute diff,39,0.069658882838115,Random Forest
0_Spectral roll-on,40,0.0345339636626342,Random Forest
0_Neighbourhood peaks,41,0.0071824945438032,Random Forest
0_Median diff,42,0.0,Random Forest
0_Maximum frequency,1,62571740.26663381,Bayesian Ridge
0_Median frequency,2,4287600.504485991,Bayesian Ridge
0_Power bandwidth,3,1890287.2601631144,Bayesian Ridge
0_Fundamental frequency,4,1503632.4481554602,Bayesian Ridge
0_Spectral roll-on,5,1356561.6010608645,Bayesian Ridge
0_MFCC_11,6,1353.8591169388037,Bayesian Ridge
0_MFCC_4,7,1201.989988042743,Bayesian Ridge
0_MFCC_5,8,911.5734147953724,Bayesian Ridge
0_MFCC_9,9,826.9098437971522,Bayesian Ridge
0_MFCC_0,10,260.0392317730326,Bayesian Ridge
0_MFCC_8,11,215.9320483980373,Bayesian Ridge
0_Absolute energy,12,61.805493116387005,Bayesian Ridge
0_MFCC_10,13,54.87621291500099,Bayesian Ridge
0_Peak to peak distance,14,7.350758466792052,Bayesian Ridge
0_Autocorrelation,15,6.6211324960419,Bayesian Ridge
0_Spectral decrease,16,6.58492178688839,Bayesian Ridge
0_ECDF Percentile_0,17,2.9277434242500218,Bayesian Ridge
0_Max,18,2.1965790763761017,Bayesian Ridge
0_Mean,19,2.0306008637271726,Bayesian Ridge
0_ECDF Percentile_1,20,1.978922699708006,Bayesian Ridge
0_Spectral positive turning points,21,1.96009360582602,Bayesian Ridge
0_Zero crossing rate,22,0.6904259985224952,Bayesian Ridge
0_Median,23,0.5883627821788828,Bayesian Ridge
0_Interquartile range,24,0.5450349278693124,Bayesian Ridge
0_Negative turning points,25,0.5158692307339954,Bayesian Ridge
0_Spectral variation,26,0.4713757743999112,Bayesian Ridge
0_Histogram mode,27,0.2382302632522664,Bayesian Ridge
0_Wavelet absolute mean_27777777.78Hz,28,0.1463146386598885,Bayesian Ridge
0_LPCC_0,29,0.1379032035624668,Bayesian Ridge
0_Spectral entropy,30,0.1165846520227611,Bayesian Ridge
0_Neighbourhood peaks,31,0.1036745305131632,Bayesian Ridge
0_Entropy,32,0.0941054005890976,Bayesian Ridge
0_LPCC_1,33,0.0279815207716842,Bayesian Ridge
0_Wavelet energy_125000000.0Hz,34,0.0170804356966347,Bayesian Ridge
0_LPCC_6,35,0.0101445361083843,Bayesian Ridge
0_Wavelet entropy,36,0.00967970238773,Bayesian Ridge
0_Mean diff,37,0.0093456195465163,Bayesian Ridge
0_Slope,38,0.0085215591809569,Bayesian Ridge
0_LPCC_5,39,0.0044685346238722,Bayesian Ridge
0_Wavelet absolute mean_125000000.0Hz,40,0.0039175014493916,Bayesian Ridge
0_Median absolute diff,41,0.0001938303235607,Bayesian Ridge
0_Median diff,42,9.087862067885814e-05,Bayesian Ridge
0_Peak to peak distance,1,33.660813730673055,XGBoost
0_Spectral entropy,2,19.1302530639315,XGBoost
0_Autocorrelation,3,12.745655359613895,XGBoost
0_Entropy,4,4.227293890376111,XGBoost
0_Absolute energy,5,3.491873681001488,XGBoost
0_Spectral variation,6,2.563148929053855,XGBoost
0_Mean diff,7,2.0026765792179244,XGBoost
0_LPCC_0,8,1.4861591834347072,XGBoost
0_Interquartile range,9,1.4675874171960166,XGBoost
0_Slope,10,1.3451225427508355,XGBoost
0_MFCC_11,11,0.8244379655212164,XGBoost
0_Fundamental frequency,12,0.7930001838155093,XGBoost
0_Max,13,0.7905835852477389,XGBoost
0_Histogram mode,14,0.7038530605924627,XGBoost
0_MFCC_5,15,0.6402057410813867,XGBoost
0_MFCC_8,16,0.5670456878803671,XGBoost
0_ECDF Percentile_0,17,0.5341299840650211,XGBoost
0_Wavelet energy_125000000.0Hz,18,0.5072659733949847,XGBoost
0_MFCC_9,19,0.5008498539957529,XGBoost
0_MFCC_10,20,0.4842289279967235,XGBoost
0_Wavelet absolute mean_125000000.0Hz,21,0.474413933236276,XGBoost
0_Wavelet entropy,22,0.3808516526855839,XGBoost
0_Spectral positive turning points,23,0.3729858011143903,XGBoost
0_Spectral decrease,24,0.3373810914202903,XGBoost
0_MFCC_4,25,0.3235431272286922,XGBoost
0_Median,26,0.2457782579510783,XGBoost
0_LPCC_6,27,0.24094049318855,XGBoost
0_MFCC_0,28,0.2405780731227248,XGBoost
0_LPCC_1,29,0.2375088906391213,XGBoost
0_Zero crossing rate,30,0.2295666285030544,XGBoost
0_Maximum frequency,31,0.2209150226632133,XGBoost
0_Wavelet absolute mean_27777777.78Hz,32,0.2032213298128917,XGBoost
0_Negative turning points,33,0.1876071156541816,XGBoost
0_LPCC_5,34,0.1851037681538301,XGBoost
0_Mean,35,0.1189615407114848,XGBoost
0_ECDF Percentile_1,36,0.0809481069898853,XGBoost
0_Median frequency,37,0.0658593043645222,XGBoost
0_Median absolute diff,38,0.0541555273850759,XGBoost
0_Neighbourhood peaks,39,0.02491378551883,XGBoost
0_Median diff,40,0.0,XGBoost
0_Power bandwidth,41,0.0,XGBoost
0_Spectral roll-on,42,0.0,XGBoost
0_Peak to peak distance,1,10.027715865300443,SVR
0_Interquartile range,2,9.438401422321824,SVR
0_Spectral variation,3,9.428567083004731,SVR
0_Spectral entropy,4,9.264947779555742,SVR
0_Spectral decrease,5,9.013601433534616,SVR
0_ECDF Percentile_0,6,8.190295823619358,SVR
0_Wavelet absolute mean_27777777.78Hz,7,7.946461815269684,SVR
0_Absolute energy,8,7.684844998132086,SVR
0_Mean diff,9,6.725394426289594,SVR
0_LPCC_0,10,6.596971409969407,SVR
0_Median,11,5.596515769617716,SVR
0_Slope,12,5.051290781163856,SVR
0_MFCC_11,13,4.720745582008407,SVR
0_Max,14,2.8877707206370684,SVR
0_Wavelet absolute mean_125000000.0Hz,15,1.877893132443616,SVR
0_Mean,16,1.7620828704733331,SVR
0_MFCC_5,17,1.4666588023682996,SVR
0_Autocorrelation,18,0.933105750747794,SVR
0_Maximum frequency,19,0.594545985874918,SVR
0_Wavelet energy_125000000.0Hz,20,0.5267182808000436,SVR
0_MFCC_9,21,0.5041798875670326,SVR
0_Wavelet entropy,22,0.4624265742522322,SVR
0_MFCC_10,23,0.2716108106093841,SVR
0_LPCC_5,24,0.16412504726065,SVR
0_MFCC_4,25,0.1475627471207884,SVR
0_ECDF Percentile_1,26,0.0401089786938308,SVR
0_LPCC_1,27,0.0331578340737578,SVR
0_Fundamental frequency,28,0.0268702745323995,SVR
0_MFCC_8,29,0.0113957215544246,SVR
0_MFCC_0,30,0.008925728355855,SVR
0_Histogram mode,31,0.0,SVR
0_Entropy,32,0.0,SVR
0_LPCC_6,33,0.0,SVR
0_Median absolute diff,34,0.0,SVR
0_Median diff,35,0.0,SVR
0_Median frequency,36,0.0,SVR
0_Negative turning points,37,0.0,SVR
0_Neighbourhood peaks,38,0.0,SVR
0_Power bandwidth,39,0.0,SVR
0_Spectral roll-on,40,0.0,SVR
0_Spectral positive turning points,41,0.0,SVR
0_Zero crossing rate,42,0.0,SVR
0_Peak to peak distance,1,15.914253115763849,Random Forest
0_Spectral entropy,2,7.926439444531126,Random Forest
0_Absolute energy,3,7.005505010600318,Random Forest
0_Spectral variation,4,5.437737081168514,Random Forest
0_Autocorrelation,5,5.225716389910037,Random Forest
0_Interquartile range,6,4.797909163779174,Random Forest
0_Entropy,7,4.684278765356898,Random Forest
0_Wavelet energy_125000000.0Hz,8,2.42763060672554,Random Forest
0_Histogram mode,9,2.372942107200049,Random Forest
0_MFCC_11,10,2.321948200062561,Random Forest
0_ECDF Percentile_0,11,1.7545586025021196,Random Forest
0_LPCC_0,12,1.3801900560983769,Random Forest
0_Wavelet absolute mean_125000000.0Hz,13,1.3318077630729337,Random Forest
0_Mean diff,14,1.1353838316447258,Random Forest
0_Slope,15,1.0940848533133354,Random Forest
0_Wavelet absolute mean_27777777.78Hz,16,1.0846600283159566,Random Forest
0_MFCC_0,17,0.9240262164303804,Random Forest
0_Fundamental frequency,18,0.9004323913094434,Random Forest
0_ECDF Percentile_1,19,0.8476471955774311,Random Forest
0_MFCC_9,20,0.8394284634436947,Random Forest
0_MFCC_8,21,0.6754488338805966,Random Forest
0_Wavelet entropy,22,0.6622629715893262,Random Forest
0_MFCC_5,23,0.5694121453451614,Random Forest
0_MFCC_10,24,0.494971388905616,Random Forest
0_Maximum frequency,25,0.4683464994251886,Random Forest
0_Median frequency,26,0.3995949835685081,Random Forest
0_Max,27,0.3980490413785525,Random Forest
0_Spectral decrease,28,0.3308406297007963,Random Forest
0_Median,29,0.2991445676289887,Random Forest
0_LPCC_5,30,0.2234075378612615,Random Forest
0_Zero crossing rate,31,0.2219247960210467,Random Forest
0_LPCC_6,32,0.2046862451822341,Random Forest
0_LPCC_1,33,0.1877689512997555,Random Forest
0_MFCC_4,34,0.1772354388383528,Random Forest
0_Spectral positive turning points,35,0.1228904707689536,Random Forest
0_Mean,36,0.1159604951455646,Random Forest
0_Negative turning points,37,0.0516603122662752,Random Forest
0_Power bandwidth,38,0.0305273741604139,Random Forest
0_Median absolute diff,39,0.0146806940332055,Random Forest
0_Spectral roll-on,40,0.00809235022335,Random Forest
0_Neighbourhood peaks,41,0.0037558137276209,Random Forest
0_Median diff,42,0.0,Random Forest
0_Maximum frequency,1,82051656.98465753,Bayesian Ridge
0_Median frequency,2,2918905.795479924,Bayesian Ridge
0_Spectral roll-on,3,1162232.5849777528,Bayesian Ridge
0_Power bandwidth,4,923951.1337005198,Bayesian Ridge
0_Fundamental frequency,5,220456.48650845647,Bayesian Ridge
0_MFCC_11,6,1422.8193577253887,Bayesian Ridge
0_MFCC_4,7,1409.5814521342352,Bayesian Ridge
0_MFCC_9,8,1280.5310527252273,Bayesian Ridge
0_MFCC_5,9,1229.4150640228252,Bayesian Ridge
0_MFCC_8,10,448.5646709459208,Bayesian Ridge
0_MFCC_10,11,261.35391896016506,Bayesian Ridge
0_MFCC_0,12,202.06663095509296,Bayesian Ridge
0_Absolute energy,13,14.514049333281267,Bayesian Ridge
0_Spectral decrease,14,6.764585945017068,Bayesian Ridge
0_Peak to peak distance,15,6.497560495429265,Bayesian Ridge
0_Autocorrelation,16,5.796082067288856,Bayesian Ridge
0_Spectral positive turning points,17,4.3590868634424895,Bayesian Ridge
0_ECDF Percentile_0,18,3.2339940495025945,Bayesian Ridge
0_ECDF Percentile_1,19,2.142580649040947,Bayesian Ridge
0_Max,20,1.856096160684756,Bayesian Ridge
0_Mean,21,1.7500052958376258,Bayesian Ridge
0_Zero crossing rate,22,0.8850305136768515,Bayesian Ridge
0_Median,23,0.8441500694513867,Bayesian Ridge
0_Histogram mode,24,0.6278368967061229,Bayesian Ridge
0_Interquartile range,25,0.4928471907776278,Bayesian Ridge
0_Negative turning points,26,0.2613725817845674,Bayesian Ridge
0_Spectral variation,27,0.2477708708281589,Bayesian Ridge
0_Wavelet absolute mean_27777777.78Hz,28,0.2156928077442914,Bayesian Ridge
0_Spectral entropy,29,0.1443844450372077,Bayesian Ridge
0_Neighbourhood peaks,30,0.1384191451717274,Bayesian Ridge
0_LPCC_0,31,0.0929509883788692,Bayesian Ridge
0_Entropy,32,0.0778712736469363,Bayesian Ridge
0_Wavelet energy_125000000.0Hz,33,0.040849212315352,Bayesian Ridge
0_Wavelet entropy,34,0.038763540328415,Bayesian Ridge
0_LPCC_5,35,0.0360615609151825,Bayesian Ridge
0_LPCC_1,36,0.0348112162292111,Bayesian Ridge
0_Slope,37,0.0104015887849856,Bayesian Ridge
0_Mean diff,38,0.0073869259159721,Bayesian Ridge
0_LPCC_6,39,0.0030197460125579,Bayesian Ridge
0_Wavelet absolute mean_125000000.0Hz,40,0.0016848519866449,Bayesian Ridge
0_Median absolute diff,41,0.0004434160583097,Bayesian Ridge
0_Median diff,42,0.000179000299635,Bayesian Ridge
0_Peak to peak distance,1,37.579210875397024,XGBoost
0_Spectral entropy,2,19.37625331662881,XGBoost
0_Autocorrelation,3,10.606350583782673,XGBoost
0_Interquartile range,4,3.6147765952013446,XGBoost
0_Spectral variation,5,3.394699630307219,XGBoost
0_Mean diff,6,2.106441700218057,XGBoost
0_Entropy,7,1.9164886097752167,XGBoost
0_Wavelet energy_125000000.0Hz,8,1.351710435955723,XGBoost
0_Max,9,1.2749849649672709,XGBoost
0_Histogram mode,10,1.1684040374773863,XGBoost
0_MFCC_11,11,0.9452173576221488,XGBoost
0_LPCC_0,12,0.9325452942427248,XGBoost
0_LPCC_6,13,0.9313882231605548,XGBoost
0_Wavelet entropy,14,0.8761213191251583,XGBoost
0_Absolute energy,15,0.852757172772785,XGBoost
0_Slope,16,0.8361945851491761,XGBoost
0_MFCC_9,17,0.807081522900425,XGBoost
0_MFCC_0,18,0.6575566961448948,XGBoost
0_MFCC_5,19,0.5181095958142231,XGBoost
0_MFCC_8,20,0.4890201007320234,XGBoost
0_Spectral positive turning points,21,0.4507579470465115,XGBoost
0_MFCC_10,22,0.387336355589206,XGBoost
0_Maximum frequency,23,0.3840268295669307,XGBoost
0_Wavelet absolute mean_125000000.0Hz,24,0.3638138714169462,XGBoost
0_Median absolute diff,25,0.3465069710512955,XGBoost
0_Median,26,0.343101932503966,XGBoost
0_ECDF Percentile_1,27,0.3114467630886161,XGBoost
0_Fundamental frequency,28,0.3108315393209456,XGBoost
0_LPCC_1,29,0.3018281979794925,XGBoost
0_Mean,30,0.2950002964992075,XGBoost
0_Wavelet absolute mean_27777777.78Hz,31,0.2702056219727733,XGBoost
0_LPCC_5,32,0.2479525103534262,XGBoost
0_Negative turning points,33,0.2418351793817555,XGBoost
0_MFCC_4,34,0.231246791504696,XGBoost
0_Spectral decrease,35,0.2141147677463789,XGBoost
0_ECDF Percentile_0,36,0.2003134551397214,XGBoost
0_Median frequency,37,0.1644267051160335,XGBoost
0_Neighbourhood peaks,38,0.0918765735708487,XGBoost
0_Median diff,39,0.0916789778769016,XGBoost
0_Zero crossing rate,40,0.0714396585638324,XGBoost
0_Power bandwidth,41,0.0,XGBoost
0_Spectral roll-on,42,0.0,XGBoost
0_Spectral entropy,1,9.430205836398075,SVR
0_ECDF Percentile_0,2,9.024270186146513,SVR
0_LPCC_0,3,9.012161033753287,SVR
0_Peak to peak distance,4,8.808541132449943,SVR
0_Median,5,7.911480418546425,SVR
0_Interquartile range,6,7.905480755169593,SVR
0_Spectral decrease,7,7.516445040691151,SVR
0_Spectral variation,8,7.418368873867586,SVR
0_Mean diff,9,6.766633372131014,SVR
0_Absolute energy,10,6.450475299858277,SVR
0_Wavelet absolute mean_27777777.78Hz,11,5.714037224761608,SVR
0_MFCC_11,12,4.619889766681679,SVR
0_Slope,13,4.396191539446727,SVR
0_Wavelet absolute mean_125000000.0Hz,14,4.298722288148021,SVR
0_Max,15,2.0800265645127185,SVR
0_Autocorrelation,16,1.3490410963191624,SVR
0_Wavelet entropy,17,0.8547355747403721,SVR
0_Maximum frequency,18,0.729619801236462,SVR
0_MFCC_5,19,0.6324576033362849,SVR
0_Mean,20,0.6017121426758298,SVR
0_MFCC_0,21,0.5955476580901051,SVR
0_MFCC_9,22,0.5629042467778334,SVR
0_MFCC_10,23,0.2521004690505061,SVR
0_Spectral roll-on,24,0.163527235131474,SVR
0_MFCC_4,25,0.1113454977916826,SVR
0_Median absolute diff,26,0.0964793852098447,SVR
0_MFCC_8,27,0.0627190571884475,SVR
0_LPCC_1,28,0.0,SVR
0_Entropy,29,0.0,SVR
0_Fundamental frequency,30,0.0,SVR
0_ECDF Percentile_1,31,0.0,SVR
0_Histogram mode,32,0.0,SVR
0_LPCC_5,33,0.0,SVR
0_LPCC_6,34,0.0,SVR
0_Median diff,35,0.0,SVR
0_Median frequency,36,0.0,SVR
0_Negative turning points,37,0.0,SVR
0_Neighbourhood peaks,38,0.0,SVR
0_Power bandwidth,39,0.0,SVR
0_Spectral positive turning points,40,0.0,SVR
0_Wavelet energy_125000000.0Hz,41,0.0,SVR
0_Zero crossing rate,42,0.0,SVR
0_Peak to peak distance,1,16.804761875420123,Random Forest
0_Spectral entropy,2,8.304306733191616,Random Forest
0_Absolute energy,3,8.076860787247854,Random Forest
0_Autocorrelation,4,5.387460479287496,Random Forest
0_Spectral variation,5,5.358741617728731,Random Forest
0_Entropy,6,5.255462070263947,Random Forest
0_Interquartile range,7,4.020969323403746,Random Forest
0_Wavelet energy_125000000.0Hz,8,3.1641774413589308,Random Forest
0_ECDF Percentile_0,9,2.86161506350971,Random Forest
0_Histogram mode,10,2.501596146466093,Random Forest
0_Wavelet absolute mean_125000000.0Hz,11,2.140154990182677,Random Forest
0_MFCC_11,12,1.973996648085195,Random Forest
0_LPCC_0,13,1.2344060690344898,Random Forest
0_Slope,14,1.050689365596751,Random Forest
0_Fundamental frequency,15,0.9354838190622318,Random Forest
0_Mean diff,16,0.9170312725147196,Random Forest
0_Wavelet absolute mean_27777777.78Hz,17,0.7961267164828081,Random Forest
0_MFCC_0,18,0.7858613651671834,Random Forest
0_ECDF Percentile_1,19,0.6960692409325779,Random Forest
0_Median frequency,20,0.6876049682999262,Random Forest
0_MFCC_9,21,0.685986611172262,Random Forest
0_Wavelet entropy,22,0.6682195894102275,Random Forest
0_MFCC_8,23,0.588912018947893,Random Forest
0_MFCC_10,24,0.5445723013045849,Random Forest
0_MFCC_5,25,0.4884309920710938,Random Forest
0_Max,26,0.4679159698846324,Random Forest
0_Maximum frequency,27,0.3868909930224842,Random Forest
0_Zero crossing rate,28,0.3480347206155887,Random Forest
0_Spectral decrease,29,0.3370062389258683,Random Forest
0_Median,30,0.3266082019974476,Random Forest
0_LPCC_5,31,0.2869369757772384,Random Forest
0_LPCC_1,32,0.281306908161975,Random Forest
0_LPCC_6,33,0.2283107772263581,Random Forest
0_Mean,34,0.19488820519899,Random Forest
0_MFCC_4,35,0.172718873837008,Random Forest
0_Power bandwidth,36,0.0957899131392439,Random Forest
0_Spectral positive turning points,37,0.0817265968299276,Random Forest
0_Median absolute diff,38,0.0625376371630778,Random Forest
0_Negative turning points,39,0.0483901287343042,Random Forest
0_Spectral roll-on,40,0.0154949403073017,Random Forest
0_Neighbourhood peaks,41,0.0096382964311167,Random Forest
0_Median diff,42,0.0,Random Forest
0_Maximum frequency,1,10227034.46292401,Bayesian Ridge
0_Median frequency,2,2997725.382986876,Bayesian Ridge
0_Fundamental frequency,3,2597629.616146108,Bayesian Ridge
0_Spectral roll-on,4,1643215.157701196,Bayesian Ridge
0_Power bandwidth,5,1412419.7882796652,Bayesian Ridge
0_MFCC_11,6,1479.6016598379188,Bayesian Ridge
0_MFCC_4,7,1431.7052517567245,Bayesian Ridge
0_MFCC_5,8,1158.5795208991428,Bayesian Ridge
0_MFCC_9,9,1114.8579760375749,Bayesian Ridge
0_MFCC_8,10,439.0942983332282,Bayesian Ridge
0_MFCC_10,11,227.76600946673963,Bayesian Ridge
0_MFCC_0,12,190.4182839931608,Bayesian Ridge
0_Absolute energy,13,18.60833442733948,Bayesian Ridge
0_Spectral decrease,14,7.133108982882243,Bayesian Ridge
0_Peak to peak distance,15,5.864028518093466,Bayesian Ridge
0_Autocorrelation,16,5.802685429344477,Bayesian Ridge
0_Spectral positive turning points,17,4.4018318131261305,Bayesian Ridge
0_ECDF Percentile_0,18,3.682176862414179,Bayesian Ridge
0_Max,19,2.001939401536133,Bayesian Ridge
0_ECDF Percentile_1,20,1.8941515204009869,Bayesian Ridge
0_Mean,21,1.868101639679252,Bayesian Ridge
0_Interquartile range,22,1.0425522477536422,Bayesian Ridge
0_Median,23,0.961178114709008,Bayesian Ridge
0_Zero crossing rate,24,0.7631843735679854,Bayesian Ridge
0_Spectral variation,25,0.3286593186238263,Bayesian Ridge
0_Histogram mode,26,0.2790842252941496,Bayesian Ridge
0_Negative turning points,27,0.2659272074097844,Bayesian Ridge
0_Neighbourhood peaks,28,0.1820163039316523,Bayesian Ridge
0_Wavelet absolute mean_27777777.78Hz,29,0.1579973506986161,Bayesian Ridge
0_LPCC_0,30,0.1215889580407024,Bayesian Ridge
0_Spectral entropy,31,0.0982583995351092,Bayesian Ridge
0_LPCC_1,32,0.0810750761704411,Bayesian Ridge
0_Entropy,33,0.0713751999290834,Bayesian Ridge
0_Wavelet energy_125000000.0Hz,34,0.0365929002191999,Bayesian Ridge
0_LPCC_5,35,0.028502626659937,Bayesian Ridge
0_Wavelet entropy,36,0.0241570230273957,Bayesian Ridge
0_Wavelet absolute mean_125000000.0Hz,37,0.0118572642477805,Bayesian Ridge
0_Slope,38,0.0116436502734049,Bayesian Ridge
0_LPCC_6,39,0.0066995144735907,Bayesian Ridge
0_Mean diff,40,0.0015750825902991,Bayesian Ridge
0_Median absolute diff,41,0.0009445092572924,Bayesian Ridge
0_Median diff,42,0.0001707668197961,Bayesian Ridge
0_Peak to peak distance,1,33.228362541664346,XGBoost
0_Spectral entropy,2,18.82817532815256,XGBoost
0_Autocorrelation,3,11.532590403859029,XGBoost
0_Absolute energy,4,4.987545093788706,XGBoost
0_Entropy,5,3.85705327652339,XGBoost
0_Spectral variation,6,3.4271728365331584,XGBoost
0_Interquartile range,7,2.489231707803905,XGBoost
0_Histogram mode,8,1.2869405278563495,XGBoost
0_Wavelet absolute mean_125000000.0Hz,9,1.1537677747468156,XGBoost
0_MFCC_5,10,0.9883584806678812,XGBoost
0_Mean diff,11,0.9100675142764426,XGBoost
0_Max,12,0.8071377278943235,XGBoost
0_LPCC_0,13,0.7712676777355995,XGBoost
0_MFCC_11,14,0.769089592285206,XGBoost
0_Fundamental frequency,15,0.710530881230036,XGBoost
0_MFCC_8,16,0.7050615086443721,XGBoost
0_MFCC_0,17,0.5373149978826445,XGBoost
0_MFCC_10,18,0.5275221710339191,XGBoost
0_Wavelet energy_125000000.0Hz,19,0.4852907740987838,XGBoost
0_Wavelet entropy,20,0.4578088272580878,XGBoost
0_Slope,21,0.4268017799240848,XGBoost
0_LPCC_1,22,0.4093626663500443,XGBoost
0_Mean,23,0.2792978524409235,XGBoost
0_Spectral decrease,24,0.2719859153012434,XGBoost
0_ECDF Percentile_0,25,0.2640644271170099,XGBoost
0_MFCC_4,26,0.2561748385193447,XGBoost
0_Wavelet absolute mean_27777777.78Hz,27,0.2244057785362005,XGBoost
0_Median,28,0.2068013936675464,XGBoost
0_MFCC_9,29,0.1608439679529518,XGBoost
0_LPCC_6,30,0.1593832432295195,XGBoost
0_Spectral positive turning points,31,0.1545755752696345,XGBoost
0_LPCC_5,32,0.1341409318201243,XGBoost
0_Median frequency,33,0.1121880379224816,XGBoost
0_ECDF Percentile_1,34,0.0919673462574059,XGBoost
0_Maximum frequency,35,0.0741640563622117,XGBoost
0_Neighbourhood peaks,36,0.0741238289463954,XGBoost
0_Median diff,37,0.0727251902068654,XGBoost
0_Median absolute diff,38,0.0705306057552496,XGBoost
0_Zero crossing rate,39,0.0441594851796825,XGBoost
0_Negative turning points,40,0.0161651556819677,XGBoost
0_Power bandwidth,41,0.0,XGBoost
0_Spectral roll-on,42,0.0,XGBoost
0_Spectral entropy,1,9.729780016564217,SVR
0_Peak to peak distance,2,9.474776629585646,SVR
0_Spectral decrease,3,8.658217967159834,SVR
0_Mean diff,4,8.582303628328697,SVR
0_ECDF Percentile_0,5,8.338931896248157,SVR
0_LPCC_0,6,7.743655273809762,SVR
0_Interquartile range,7,7.308077116782,SVR
0_Spectral variation,8,7.119174164998091,SVR
0_Absolute energy,9,7.010003992237501,SVR
0_Median,10,6.933322523569059,SVR
0_Wavelet absolute mean_27777777.78Hz,11,6.248705213946589,SVR
0_Slope,12,4.663200672622073,SVR
0_MFCC_11,13,2.455102207759031,SVR
0_Max,14,2.0603716937377303,SVR
0_Autocorrelation,15,2.03978163568211,SVR
0_Wavelet absolute mean_125000000.0Hz,16,1.9313018646510447,SVR
0_MFCC_5,17,1.406303615594641,SVR
0_Mean,18,1.203878045480457,SVR
0_Wavelet energy_125000000.0Hz,19,0.7225058052525195,SVR
0_MFCC_10,20,0.5068089434007389,SVR
0_MFCC_9,21,0.4277695971885484,SVR
0_Wavelet entropy,22,0.2496932020084672,SVR
0_MFCC_0,23,0.187930787118133,SVR
0_Median diff,24,0.1199592535108848,SVR
0_ECDF Percentile_1,25,0.0426289558099365,SVR
0_MFCC_8,26,0.0386351731159726,SVR
0_LPCC_5,27,0.037343556481445,SVR
0_Fundamental frequency,28,0.0259151284873471,SVR
0_Entropy,29,0.0,SVR
0_Histogram mode,30,0.0,SVR
0_LPCC_1,31,0.0,SVR
0_Maximum frequency,32,0.0,SVR
0_LPCC_6,33,0.0,SVR
0_MFCC_4,34,0.0,SVR
0_Median absolute diff,35,0.0,SVR
0_Median frequency,36,0.0,SVR
0_Negative turning points,37,0.0,SVR
0_Neighbourhood peaks,38,0.0,SVR
0_Power bandwidth,39,0.0,SVR
0_Spectral roll-on,40,0.0,SVR
0_Spectral positive turning points,41,0.0,SVR
0_Zero crossing rate,42,0.0,SVR
0_Peak to peak distance,1,14.924570208101068,Random Forest
0_Spectral entropy,2,8.047889125567485,Random Forest
0_Absolute energy,3,6.634982529042008,Random Forest
0_Autocorrelation,4,5.744260758235244,Random Forest
0_Spectral variation,5,4.7245550738929145,Random Forest
0_Histogram mode,6,3.771504067615111,Random Forest
0_Entropy,7,3.76239063054466,Random Forest
0_Interquartile range,8,3.662616682095516,Random Forest
0_Wavelet energy_125000000.0Hz,9,3.647043495867278,Random Forest
0_MFCC_11,10,2.4509721396510185,Random Forest
0_Wavelet absolute mean_125000000.0Hz,11,2.2585979693380804,Random Forest
0_ECDF Percentile_0,12,2.056869926913331,Random Forest
0_Slope,13,1.5332361048084373,Random Forest
0_Mean diff,14,1.0380198632949342,Random Forest
0_MFCC_0,15,0.9849679244159412,Random Forest
0_Median frequency,16,0.9817817439573508,Random Forest
0_LPCC_0,17,0.9780736644751704,Random Forest
0_Wavelet entropy,18,0.9668672242404424,Random Forest
0_MFCC_9,19,0.9295597747465284,Random Forest
0_Wavelet absolute mean_27777777.78Hz,20,0.6829545273013724,Random Forest
0_MFCC_8,21,0.6096393766188064,Random Forest
0_Fundamental frequency,22,0.5929924563231567,Random Forest
0_MFCC_10,23,0.4473402934317941,Random Forest
0_Max,24,0.4224481518292489,Random Forest
0_ECDF Percentile_1,25,0.4012967504380116,Random Forest
0_Spectral decrease,26,0.3702972454252342,Random Forest
0_Median,27,0.3528280387540037,Random Forest
0_LPCC_5,28,0.3508035060232505,Random Forest
0_MFCC_5,29,0.3189767128646374,Random Forest
0_LPCC_6,30,0.3085665282508358,Random Forest
0_LPCC_1,31,0.2966181176631089,Random Forest
0_Maximum frequency,32,0.2798299852104237,Random Forest
0_Zero crossing rate,33,0.2346174092363565,Random Forest
0_Mean,34,0.2252236212342977,Random Forest
0_Spectral positive turning points,35,0.1312465310650566,Random Forest
0_MFCC_4,36,0.1276178432745238,Random Forest
0_Spectral roll-on,37,0.0707786306162675,Random Forest
0_Median absolute diff,38,0.0569505104340613,Random Forest
0_Negative turning points,39,0.0493640675147064,Random Forest
0_Power bandwidth,40,0.0088773093839486,Random Forest
0_Neighbourhood peaks,41,0.0013244901066025,Random Forest
0_Median diff,42,0.0,Random Forest
0_Maximum frequency,1,27785375.0546687,Bayesian Ridge
0_Median frequency,2,3408159.566771495,Bayesian Ridge
0_Fundamental frequency,3,3267162.24193168,Bayesian Ridge
0_Power bandwidth,4,1603399.9312407682,Bayesian Ridge
0_Spectral roll-on,5,1571401.839825201,Bayesian Ridge
0_MFCC_4,6,1412.440326440348,Bayesian Ridge
0_MFCC_11,7,1297.728526033955,Bayesian Ridge
0_MFCC_5,8,1177.7715407572375,Bayesian Ridge
0_MFCC_9,9,1129.028818333284,Bayesian Ridge
0_MFCC_8,10,322.95716659174195,Bayesian Ridge
0_MFCC_10,11,254.48076618542927,Bayesian Ridge
0_MFCC_0,12,244.91906103061967,Bayesian Ridge
0_Autocorrelation,13,6.69643165454832,Bayesian Ridge
0_Peak to peak distance,14,6.385836345351924,Bayesian Ridge
0_Spectral decrease,15,5.369619602753968,Bayesian Ridge
0_Spectral positive turning points,16,4.925032863006376,Bayesian Ridge
0_ECDF Percentile_0,17,3.178665991877661,Bayesian Ridge
0_ECDF Percentile_1,18,2.7869782322350987,Bayesian Ridge
0_Max,19,1.8417184012081569,Bayesian Ridge
0_Mean,20,1.6165171702021808,Bayesian Ridge
0_Interquartile range,21,1.176347947723879,Bayesian Ridge
0_Median,22,0.9394451780209324,Bayesian Ridge
0_Zero crossing rate,23,0.611258347102337,Bayesian Ridge
0_Negative turning points,24,0.3359643440821864,Bayesian Ridge
0_Wavelet absolute mean_27777777.78Hz,25,0.2090293912929417,Bayesian Ridge
0_Absolute energy,26,0.1935996459254888,Bayesian Ridge
0_Spectral entropy,27,0.1685557700645768,Bayesian Ridge
0_Histogram mode,28,0.1408058818701434,Bayesian Ridge
0_Spectral variation,29,0.1276010067702513,Bayesian Ridge
0_Entropy,30,0.0969305197956683,Bayesian Ridge
0_Wavelet energy_125000000.0Hz,31,0.0497760614395735,Bayesian Ridge
0_LPCC_0,32,0.0472643714240906,Bayesian Ridge
0_Wavelet entropy,33,0.0215271013029495,Bayesian Ridge
0_Neighbourhood peaks,34,0.0162843458221544,Bayesian Ridge
0_LPCC_6,35,0.0130944327665227,Bayesian Ridge
0_Slope,36,0.0102934125565978,Bayesian Ridge
0_Mean diff,37,0.010191779967271,Bayesian Ridge
0_LPCC_5,38,0.0072858471890829,Bayesian Ridge
0_Wavelet absolute mean_125000000.0Hz,39,0.0048744545274868,Bayesian Ridge
0_LPCC_1,40,0.0014289316193899,Bayesian Ridge
0_Median absolute diff,41,0.0003528414620745,Bayesian Ridge
0_Median diff,42,0.0001736451723999,Bayesian Ridge
0_Peak to peak distance,1,30.337245378188182,XGBoost
0_Spectral entropy,2,17.92067859923455,XGBoost
0_Autocorrelation,3,12.288972437641211,XGBoost
0_Absolute energy,4,4.025031615805469,XGBoost
0_Entropy,5,3.43276997111148,XGBoost
0_Spectral variation,6,2.553946385764774,XGBoost
0_Mean diff,7,2.0330255058823155,XGBoost
0_Interquartile range,8,1.8770277904708552,XGBoost
0_Slope,9,1.312829310919655,XGBoost
0_LPCC_0,10,1.136367006425062,XGBoost
0_Fundamental frequency,11,1.1318952881286537,XGBoost
0_Histogram mode,12,0.936454584712846,XGBoost
0_Wavelet absolute mean_125000000.0Hz,13,0.9216911149568388,XGBoost
0_MFCC_11,14,0.7092883201375605,XGBoost
0_MFCC_5,15,0.6743231749820212,XGBoost
0_ECDF Percentile_0,16,0.6561277655279883,XGBoost
0_MFCC_4,17,0.488283576423054,XGBoost
0_Wavelet entropy,18,0.4172036992738021,XGBoost
0_Spectral positive turning points,19,0.4012898498553782,XGBoost
0_MFCC_10,20,0.355806367525893,XGBoost
0_LPCC_1,21,0.3453592604247232,XGBoost
0_Wavelet energy_125000000.0Hz,22,0.3441469790356853,XGBoost
0_Median,23,0.335571195571373,XGBoost
0_Max,24,0.3304183241263031,XGBoost
0_LPCC_6,25,0.30088329559428,XGBoost
0_Median frequency,26,0.2736491409391166,XGBoost
0_MFCC_8,27,0.2577776211563498,XGBoost
0_MFCC_9,28,0.2287926582818229,XGBoost
0_MFCC_0,29,0.2197055094108606,XGBoost
0_Spectral decrease,30,0.2166217461708312,XGBoost
0_Mean,31,0.2024328549650186,XGBoost
0_Negative turning points,32,0.1975081832253219,XGBoost
0_ECDF Percentile_1,33,0.1745168335000674,XGBoost
0_Neighbourhood peaks,34,0.1397396934344743,XGBoost
0_Wavelet absolute mean_27777777.78Hz,35,0.1377151308252166,XGBoost
0_Maximum frequency,36,0.1158034227165703,XGBoost
0_LPCC_5,37,0.0936641461184248,XGBoost
0_Median diff,38,0.0330410615940888,XGBoost
0_Median absolute diff,39,0.0311848769769072,XGBoost
0_Zero crossing rate,40,0.0231628039973477,XGBoost
0_Power bandwidth,41,0.0,XGBoost
0_Spectral roll-on,42,0.0,XGBoost
0_Spectral decrease,1,11.295412982590577,SVR
0_LPCC_0,2,9.395306109017064,SVR
0_Peak to peak distance,3,9.334406850125363,SVR
0_Spectral variation,4,8.517862507527783,SVR
0_Interquartile range,5,8.449754488864592,SVR
0_Spectral entropy,6,7.606204671828269,SVR
0_Wavelet absolute mean_27777777.78Hz,7,7.521929775712119,SVR
0_ECDF Percentile_0,8,7.334058147618307,SVR
0_Mean diff,9,6.92358469265999,SVR
0_Median,10,6.731390836938365,SVR
0_Absolute energy,11,6.51968244749112,SVR
0_MFCC_11,12,4.209908215111236,SVR
0_Slope,13,3.630216141066291,SVR
0_Wavelet absolute mean_125000000.0Hz,14,3.0397707161473733,SVR
0_Max,15,2.9164510079630355,SVR
0_Mean,16,2.393222563986548,SVR
0_Autocorrelation,17,2.382670900585185,SVR
0_MFCC_5,18,1.977438842701284,SVR
0_Wavelet energy_125000000.0Hz,19,0.7407664276243069,SVR
0_MFCC_9,20,0.7290262865626699,SVR
0_Wavelet entropy,21,0.1884429277379272,SVR
0_Maximum frequency,22,0.1728294581465813,SVR
0_LPCC_5,23,0.1672312199879084,SVR
0_MFCC_10,24,0.159124948069137,SVR
0_ECDF Percentile_1,25,0.1355492056851989,SVR
0_MFCC_0,26,0.0969013784058721,SVR
0_LPCC_1,27,0.0,SVR
0_Histogram mode,28,0.0,SVR
0_Entropy,29,0.0,SVR
0_Fundamental frequency,30,0.0,SVR
0_LPCC_6,31,0.0,SVR
0_Median absolute diff,32,0.0,SVR
0_MFCC_4,33,0.0,SVR
0_MFCC_8,34,0.0,SVR
0_Median diff,35,0.0,SVR
0_Median frequency,36,0.0,SVR
0_Negative turning points,37,0.0,SVR
0_Neighbourhood peaks,38,0.0,SVR
0_Power bandwidth,39,0.0,SVR
0_Spectral roll-on,40,0.0,SVR
0_Spectral positive turning points,41,0.0,SVR
0_Zero crossing rate,42,0.0,SVR
0_Peak to peak distance,1,15.13746656235378,Random Forest
0_Spectral entropy,2,7.899385742918968,Random Forest
0_Absolute energy,3,6.101819799079963,Random Forest
0_Spectral variation,4,5.411833342931039,Random Forest
0_Autocorrelation,5,5.187932754368026,Random Forest
0_Interquartile range,6,4.41183784837868,Random Forest
0_Entropy,7,4.328169586469254,Random Forest
0_Wavelet energy_125000000.0Hz,8,3.413009868919749,Random Forest
0_Histogram mode,9,3.0644238443071403,Random Forest
0_ECDF Percentile_0,10,3.0095683306823844,Random Forest
0_Wavelet absolute mean_125000000.0Hz,11,2.6548651139304784,Random Forest
0_MFCC_11,12,1.686390147787021,Random Forest
0_Mean diff,13,1.1656863891375635,Random Forest
0_Wavelet absolute mean_27777777.78Hz,14,1.15012790750113,Random Forest
0_Fundamental frequency,15,1.1186187522033229,Random Forest
0_LPCC_0,16,1.1066302216046917,Random Forest
0_Slope,17,1.048785995775776,Random Forest
0_MFCC_9,18,0.8258583009191519,Random Forest
0_ECDF Percentile_1,19,0.8136038980327585,Random Forest
0_MFCC_0,20,0.7392573418952915,Random Forest
0_Wavelet entropy,21,0.6780903158335017,Random Forest
0_Median frequency,22,0.6744376357641382,Random Forest
0_MFCC_8,23,0.5588714783049268,Random Forest
0_MFCC_10,24,0.5410522686937806,Random Forest
0_MFCC_5,25,0.5363685316857726,Random Forest
0_Max,26,0.4721977812312233,Random Forest
0_Median,27,0.432178151179815,Random Forest
0_Maximum frequency,28,0.3516416023742718,Random Forest
0_Spectral decrease,29,0.3465479191424983,Random Forest
0_Zero crossing rate,30,0.3254520658363471,Random Forest
0_LPCC_6,31,0.2740629677780322,Random Forest
0_Mean,32,0.2587740719288101,Random Forest
0_LPCC_1,33,0.2377011722601834,Random Forest
0_LPCC_5,34,0.2221527353616082,Random Forest
0_MFCC_4,35,0.1134980708186339,Random Forest
0_Spectral positive turning points,36,0.0798849423222205,Random Forest
0_Negative turning points,37,0.0561057915661949,Random Forest
0_Power bandwidth,38,0.0237739887092262,Random Forest
0_Spectral roll-on,39,0.0237221259271105,Random Forest
0_Median absolute diff,40,0.0162865709276559,Random Forest
0_Neighbourhood peaks,41,0.004087709037587,Random Forest
0_Median diff,42,0.0,Random Forest
0_Maximum frequency,1,208190778.9957987,Bayesian Ridge
0_Median frequency,2,4117410.87117418,Bayesian Ridge
0_Power bandwidth,3,1439277.652250877,Bayesian Ridge
0_Fundamental frequency,4,1388633.7232700991,Bayesian Ridge
0_Spectral roll-on,5,906123.083733597,Bayesian Ridge
0_MFCC_11,6,1548.6479408503883,Bayesian Ridge
0_MFCC_4,7,1058.567863349985,Bayesian Ridge
0_MFCC_5,8,910.293530089506,Bayesian Ridge
0_MFCC_9,9,801.5652115671675,Bayesian Ridge
0_MFCC_8,10,359.6299353810503,Bayesian Ridge
0_MFCC_0,11,209.14344251877824,Bayesian Ridge
0_MFCC_10,12,37.412192538503135,Bayesian Ridge
0_Absolute energy,13,24.022613324201544,Bayesian Ridge
0_Spectral decrease,14,7.394498844383952,Bayesian Ridge
0_Peak to peak distance,15,6.659166336413276,Bayesian Ridge
0_Autocorrelation,16,6.454342519650181,Bayesian Ridge
0_Spectral positive turning points,17,4.4266534358683165,Bayesian Ridge
0_ECDF Percentile_0,18,2.87549367318047,Bayesian Ridge
0_Max,19,2.333210816345641,Bayesian Ridge
0_Mean,20,2.1241633196743632,Bayesian Ridge
0_ECDF Percentile_1,21,1.614287583243721,Bayesian Ridge
0_Zero crossing rate,22,0.829281891725169,Bayesian Ridge
0_Median,23,0.6923840615982674,Bayesian Ridge
0_Spectral variation,24,0.4450812582232465,Bayesian Ridge
0_Negative turning points,25,0.4009218800134587,Bayesian Ridge
0_Wavelet absolute mean_27777777.78Hz,26,0.2308114208437483,Bayesian Ridge
0_Neighbourhood peaks,27,0.1635947305272938,Bayesian Ridge
0_LPCC_0,28,0.1492937188855903,Bayesian Ridge
0_Spectral entropy,29,0.1220488817833505,Bayesian Ridge
0_Entropy,30,0.0994509818607139,Bayesian Ridge
0_Histogram mode,31,0.0886229558753014,Bayesian Ridge
0_LPCC_5,32,0.0594984820146869,Bayesian Ridge
0_Wavelet energy_125000000.0Hz,33,0.0410316804753034,Bayesian Ridge
0_Interquartile range,34,0.0250332366871305,Bayesian Ridge
0_Wavelet entropy,35,0.0155600918962695,Bayesian Ridge
0_Mean diff,36,0.0128463396336426,Bayesian Ridge
0_LPCC_1,37,0.0105440303317025,Bayesian Ridge
0_LPCC_6,38,0.0104652457916855,Bayesian Ridge
0_Slope,39,0.0096769953656438,Bayesian Ridge
0_Wavelet absolute mean_125000000.0Hz,40,0.0004514017887742,Bayesian Ridge
0_Median absolute diff,41,0.0003562697076728,Bayesian Ridge
0_Median diff,42,0.0,Bayesian Ridge
0_Peak to peak distance,1,30.07804993186667,XGBoost
0_Spectral entropy,2,19.23235768699838,XGBoost
0_Autocorrelation,3,12.618295721007636,XGBoost
0_Spectral variation,4,4.509098535687973,XGBoost
0_Entropy,5,4.011417769639878,XGBoost
0_Interquartile range,6,2.8952968695952235,XGBoost
0_Absolute energy,7,2.521695452147287,XGBoost
0_Mean diff,8,1.396442743015041,XGBoost
0_MFCC_8,9,1.0845552991189062,XGBoost
0_Fundamental frequency,10,1.060096959551175,XGBoost
0_Histogram mode,11,1.0293058760081104,XGBoost
0_Wavelet energy_125000000.0Hz,12,1.0202985344798616,XGBoost
0_Slope,13,0.9990312640197416,XGBoost
0_LPCC_0,14,0.8990925564820879,XGBoost
0_MFCC_11,15,0.8776919506716232,XGBoost
0_MFCC_10,16,0.7625830728617805,XGBoost
0_Max,17,0.7490648868971193,XGBoost
0_MFCC_4,18,0.7424423067131858,XGBoost
0_Wavelet absolute mean_125000000.0Hz,19,0.7229998073959104,XGBoost
0_MFCC_5,20,0.6633014079239141,XGBoost
0_LPCC_6,21,0.606538182967063,XGBoost
0_Median,22,0.538031685625203,XGBoost
0_Wavelet entropy,23,0.5172377404908339,XGBoost
0_ECDF Percentile_0,24,0.4587636359963567,XGBoost
0_MFCC_9,25,0.4282641252217891,XGBoost
0_LPCC_5,26,0.4279693490845462,XGBoost
0_Maximum frequency,27,0.3043535558423027,XGBoost
0_ECDF Percentile_1,28,0.2847592790274569,XGBoost
0_Spectral decrease,29,0.2786330963733294,XGBoost
0_Median frequency,30,0.2675704566895961,XGBoost
0_Mean,31,0.2632317925835959,XGBoost
0_LPCC_1,32,0.2526702613327031,XGBoost
0_Spectral positive turning points,33,0.2128609984020392,XGBoost
0_MFCC_0,34,0.1955283380128443,XGBoost
0_Wavelet absolute mean_27777777.78Hz,35,0.1663045496191829,XGBoost
0_Negative turning points,36,0.124098369395857,XGBoost
0_Neighbourhood peaks,37,0.1110548665865634,XGBoost
0_Median absolute diff,38,0.0809534084210792,XGBoost
0_Zero crossing rate,39,0.0484840814795344,XGBoost
0_Median diff,40,0.0,XGBoost
0_Power bandwidth,41,0.0,XGBoost
0_Spectral roll-on,42,0.0,XGBoost
0_Peak to peak distance,1,12.473436725791863,SVR
0_ECDF Percentile_0,2,10.307924525360704,SVR
0_Absolute energy,3,10.21814084839311,SVR
0_Interquartile range,4,9.855195929645712,SVR
0_Spectral entropy,5,9.484967016693483,SVR
0_Spectral decrease,6,9.16860222922025,SVR
0_Spectral variation,7,8.16555881218972,SVR
0_Median,8,7.916961919386038,SVR
0_Mean diff,9,7.784582274809878,SVR
0_Wavelet absolute mean_27777777.78Hz,10,7.635090442564606,SVR
0_LPCC_0,11,6.722399549115036,SVR
0_Slope,12,4.459681026851868,SVR
0_MFCC_11,13,4.122653459168041,SVR
0_Max,14,3.51090431130718,SVR
0_MFCC_5,15,3.304279298988906,SVR
0_Autocorrelation,16,2.138783549025204,SVR
0_Maximum frequency,17,1.74607628424964,SVR
0_Wavelet absolute mean_125000000.0Hz,18,1.4192990449805647,SVR
0_Mean,19,0.829255783571615,SVR
0_MFCC_9,20,0.574062656776571,SVR
0_Wavelet energy_125000000.0Hz,21,0.234060063649299,SVR
0_MFCC_8,22,0.2247974880476619,SVR
0_Wavelet entropy,23,0.0990269666396275,SVR
0_LPCC_5,24,0.0425108648590048,SVR
0_MFCC_0,25,0.0373584009661355,SVR
0_LPCC_6,26,0.0275626523023736,SVR
0_Fundamental frequency,27,0.0270851116618835,SVR
0_ECDF Percentile_1,28,0.0132644509551715,SVR
0_Entropy,29,0.0,SVR
0_Histogram mode,30,0.0,SVR
0_LPCC_1,31,0.0,SVR
0_Median absolute diff,32,0.0,SVR
0_MFCC_10,33,0.0,SVR
0_MFCC_4,34,0.0,SVR
0_Median diff,35,0.0,SVR
0_Median frequency,36,0.0,SVR
0_Negative turning points,37,0.0,SVR
0_Neighbourhood peaks,38,0.0,SVR
0_Power bandwidth,39,0.0,SVR
0_Spectral roll-on,40,0.0,SVR
0_Spectral positive turning points,41,0.0,SVR
0_Zero crossing rate,42,0.0,SVR
0_Peak to peak distance,1,18.08182870420085,Random Forest
0_Spectral entropy,2,7.577791414891183,Random Forest
0_Absolute energy,3,7.058353178335836,Random Forest
0_Interquartile range,4,5.9643957872814495,Random Forest
0_Autocorrelation,5,5.743103476063202,Random Forest
0_Spectral variation,6,4.985969546242741,Random Forest
0_Entropy,7,4.088262700249846,Random Forest
0_ECDF Percentile_0,8,2.9876207872484493,Random Forest
0_Wavelet absolute mean_125000000.0Hz,9,2.9783079791829934,Random Forest
0_Histogram mode,10,2.960957665413991,Random Forest
0_Wavelet energy_125000000.0Hz,11,2.756518376289495,Random Forest
0_Wavelet absolute mean_27777777.78Hz,12,1.7196631754291245,Random Forest
0_MFCC_11,13,1.7137555480965565,Random Forest
0_MFCC_9,14,1.1897644560888718,Random Forest
0_Fundamental frequency,15,1.102719764180544,Random Forest
0_Mean diff,16,1.005418650019526,Random Forest
0_LPCC_0,17,0.9192280706418676,Random Forest
0_Slope,18,0.9181865735061157,Random Forest
0_MFCC_0,19,0.8156119160323253,Random Forest
0_Wavelet entropy,20,0.7789409537625501,Random Forest
0_ECDF Percentile_1,21,0.7498743765084541,Random Forest
0_MFCC_8,22,0.7444943928401763,Random Forest
0_MFCC_5,23,0.5397114391126516,Random Forest
0_Spectral decrease,24,0.4342308334525053,Random Forest
0_Median frequency,25,0.3910858942626044,Random Forest
0_MFCC_10,26,0.3661311343236515,Random Forest
0_Median,27,0.335706224771263,Random Forest
0_Max,28,0.3285523754053361,Random Forest
0_Maximum frequency,29,0.2750823361017586,Random Forest
0_LPCC_1,30,0.2454299630879036,Random Forest
0_Zero crossing rate,31,0.1893421763167794,Random Forest
0_Mean,32,0.1890461931094061,Random Forest
0_LPCC_5,33,0.1850035242080534,Random Forest
0_LPCC_6,34,0.1255854407796014,Random Forest
0_MFCC_4,35,0.0973545523412913,Random Forest
0_Spectral positive turning points,36,0.0937536442271899,Random Forest
0_Power bandwidth,37,0.0878692347772419,Random Forest
0_Negative turning points,38,0.0348920436633129,Random Forest
0_Median absolute diff,39,0.0261995700892681,Random Forest
0_Neighbourhood peaks,40,0.0051610369183123,Random Forest
0_Spectral roll-on,41,0.0030194050482163,Random Forest
0_Median diff,42,0.0,Random Forest
0_Maximum frequency,1,145994790.06208208,Bayesian Ridge
0_Median frequency,2,4030959.686404804,Bayesian Ridge
0_Fundamental frequency,3,3633704.395429434,Bayesian Ridge
0_Power bandwidth,4,2132549.50455094,Bayesian Ridge
0_Spectral roll-on,5,1055115.1804442776,Bayesian Ridge
0_MFCC_11,6,1641.6410017791668,Bayesian Ridge
0_MFCC_5,7,1295.5340806355268,Bayesian Ridge
0_MFCC_9,8,1264.482988624791,Bayesian Ridge
0_MFCC_4,9,1172.1381973329578,Bayesian Ridge
0_MFCC_8,10,638.1309714625387,Bayesian Ridge
0_MFCC_0,11,191.81527632346817,Bayesian Ridge
0_MFCC_10,12,109.56126336092942,Bayesian Ridge
0_Absolute energy,13,107.14068478180712,Bayesian Ridge
0_Peak to peak distance,14,8.276523701890106,Bayesian Ridge
0_Autocorrelation,15,6.446992156442664,Bayesian Ridge
0_Spectral decrease,16,6.166806210969145,Bayesian Ridge
0_ECDF Percentile_0,17,3.95545325721443,Bayesian Ridge
0_Spectral positive turning points,18,3.324932493017572,Bayesian Ridge
0_ECDF Percentile_1,19,2.784936323704559,Bayesian Ridge
0_Max,20,2.0542712948632893,Bayesian Ridge
0_Mean,21,1.821465291023838,Bayesian Ridge
0_Zero crossing rate,22,1.51027032848147,Bayesian Ridge
0_Interquartile range,23,1.0653492909521003,Bayesian Ridge
0_Median,24,0.9299750974952942,Bayesian Ridge
0_Negative turning points,25,0.2804170772700732,Bayesian Ridge
0_Spectral variation,26,0.26014289385897,Bayesian Ridge
0_Wavelet absolute mean_27777777.78Hz,27,0.1382377394860015,Bayesian Ridge
0_Entropy,28,0.1244640302264562,Bayesian Ridge
0_Spectral entropy,29,0.1187121147742542,Bayesian Ridge
0_LPCC_0,30,0.1153586482843325,Bayesian Ridge
0_Histogram mode,31,0.0958854492597403,Bayesian Ridge
0_LPCC_1,32,0.0482020324036687,Bayesian Ridge
0_LPCC_5,33,0.0464241024821335,Bayesian Ridge
0_Wavelet energy_125000000.0Hz,34,0.0356290583764186,Bayesian Ridge
0_Wavelet entropy,35,0.0305378064419612,Bayesian Ridge
0_Neighbourhood peaks,36,0.0174479417552412,Bayesian Ridge
0_Slope,37,0.0111123948435153,Bayesian Ridge
0_Wavelet absolute mean_125000000.0Hz,38,0.0099566907389103,Bayesian Ridge
0_LPCC_6,39,0.0059613848331638,Bayesian Ridge
0_Mean diff,40,0.001049872308878,Bayesian Ridge
0_Median absolute diff,41,0.0007205347466473,Bayesian Ridge
0_Median diff,42,0.0,Bayesian Ridge
0_Peak to peak distance,1,32.40252055946216,XGBoost
0_Spectral entropy,2,17.363269884108067,XGBoost
0_Autocorrelation,3,12.845967569205294,XGBoost
0_Interquartile range,4,6.3426918474128495,XGBoost
0_Spectral variation,5,5.823873581733353,XGBoost
0_Absolute energy,6,3.667836847956232,XGBoost
0_Entropy,7,3.367878375799363,XGBoost
0_Mean diff,8,2.25639395864432,XGBoost
0_ECDF Percentile_1,9,1.3380941699123634,XGBoost
0_Max,10,1.2528496711631611,XGBoost
0_MFCC_5,11,1.1265693407558837,XGBoost
0_Fundamental frequency,12,1.0097587296927963,XGBoost
0_Wavelet entropy,13,1.0048770573208727,XGBoost
0_Slope,14,0.9335430265240524,XGBoost
0_MFCC_9,15,0.891226709016102,XGBoost
0_Histogram mode,16,0.753453647948802,XGBoost
0_MFCC_10,17,0.7119513061468802,XGBoost
0_MFCC_11,18,0.711890605868958,XGBoost
0_Wavelet absolute mean_125000000.0Hz,19,0.6907329830601189,XGBoost
0_MFCC_0,20,0.6482411734084595,XGBoost
0_Wavelet absolute mean_27777777.78Hz,21,0.6399547756991657,XGBoost
0_MFCC_8,22,0.5727111288240336,XGBoost
0_MFCC_4,23,0.5559627862884972,XGBoost
0_ECDF Percentile_0,24,0.5461720313698676,XGBoost
0_Spectral positive turning points,25,0.5422311759108679,XGBoost
0_Spectral decrease,26,0.4954458277267091,XGBoost
0_LPCC_0,27,0.4730339343034971,XGBoost
0_Wavelet energy_125000000.0Hz,28,0.401326087031172,XGBoost
0_Mean,29,0.3273229331820582,XGBoost
0_LPCC_5,30,0.2540735414028012,XGBoost
0_LPCC_1,31,0.2491289476359574,XGBoost
0_LPCC_6,32,0.2282412097420542,XGBoost
0_Median,33,0.196924983560418,XGBoost
0_Negative turning points,34,0.1846617227338254,XGBoost
0_Zero crossing rate,35,0.1846318210955709,XGBoost
0_Maximum frequency,36,0.1670509595545629,XGBoost
0_Neighbourhood peaks,37,0.0735720440023889,XGBoost
0_Median absolute diff,38,0.0020039177616437,XGBoost
0_Median diff,39,0.0,XGBoost
0_Median frequency,40,0.0,XGBoost
0_Power bandwidth,41,0.0,XGBoost
0_Spectral roll-on,42,0.0,XGBoost
0_Peak to peak distance,1,12.930108466228369,SVR
0_Spectral entropy,2,12.304470850236353,SVR
0_LPCC_0,3,10.25749412994709,SVR
0_Spectral decrease,4,9.290886804429435,SVR
0_Interquartile range,5,9.250728224266863,SVR
0_ECDF Percentile_0,6,9.238556397584118,SVR
0_Median,7,8.695700014938911,SVR
0_Absolute energy,8,7.920681540834528,SVR
0_MFCC_11,9,5.578460294546131,SVR
0_Mean diff,10,5.571989495577807,SVR
0_Spectral variation,11,5.000278062391769,SVR
0_Wavelet absolute mean_27777777.78Hz,12,3.9460461448947446,SVR
0_Slope,13,3.5408208057315944,SVR
0_Max,14,3.5151924901644658,SVR
0_Wavelet absolute mean_125000000.0Hz,15,2.362508796385161,SVR
0_Wavelet entropy,16,1.6458420499184303,SVR
0_Mean,17,1.517829214621662,SVR
0_Maximum frequency,18,1.153639658932874,SVR
0_Autocorrelation,19,1.0910233047074065,SVR
0_MFCC_5,20,0.7307425995873087,SVR
0_MFCC_9,21,0.360939251773319,SVR
0_LPCC_5,22,0.3030662208629744,SVR
0_MFCC_0,23,0.2458469237868197,SVR
0_Wavelet energy_125000000.0Hz,24,0.2421319789034315,SVR
0_MFCC_10,25,0.1857482049838934,SVR
0_Median diff,26,0.1842559175956734,SVR
0_MFCC_4,27,0.1832865043162293,SVR
0_Spectral roll-on,28,0.059918076507753,SVR
0_LPCC_1,29,0.0546032669408991,SVR
0_Fundamental frequency,30,0.0,SVR
0_Histogram mode,31,0.0,SVR
0_ECDF Percentile_1,32,0.0,SVR
0_Entropy,33,0.0,SVR
0_LPCC_6,34,0.0,SVR
0_Median absolute diff,35,0.0,SVR
0_MFCC_8,36,0.0,SVR
0_Negative turning points,37,0.0,SVR
0_Neighbourhood peaks,38,0.0,SVR
0_Power bandwidth,39,0.0,SVR
0_Median frequency,40,0.0,SVR
0_Spectral positive turning points,41,0.0,SVR
0_Zero crossing rate,42,0.0,SVR
0_Peak to peak distance,1,15.139168174872175,Random Forest
0_Spectral entropy,2,8.078343230995284,Random Forest
0_Absolute energy,3,7.664638135651407,Random Forest
0_Spectral variation,4,4.788298017765922,Random Forest
0_Interquartile range,5,4.779575970055006,Random Forest
0_Entropy,6,4.758301314239485,Random Forest
0_Autocorrelation,7,4.706225241159461,Random Forest
0_Wavelet energy_125000000.0Hz,8,3.0855761610236243,Random Forest
0_MFCC_11,9,2.46973466002803,Random Forest
0_Wavelet absolute mean_125000000.0Hz,10,2.352764250882032,Random Forest
0_ECDF Percentile_0,11,2.279619827183444,Random Forest
0_Histogram mode,12,2.208376511700482,Random Forest
0_LPCC_0,13,1.3538712708720009,Random Forest
0_Wavelet absolute mean_27777777.78Hz,14,1.3052066726626363,Random Forest
0_Wavelet entropy,15,1.1171282977376131,Random Forest
0_Mean diff,16,1.033480854677052,Random Forest
0_Fundamental frequency,17,1.0045645578212103,Random Forest
0_Slope,18,0.924433680702156,Random Forest
0_MFCC_0,19,0.8638432493053378,Random Forest
0_MFCC_8,20,0.8234945822132751,Random Forest
0_MFCC_9,21,0.7794306126359696,Random Forest
0_Max,22,0.665425267893821,Random Forest
0_ECDF Percentile_1,23,0.6622561334836762,Random Forest
0_Median frequency,24,0.5737205756988067,Random Forest
0_MFCC_5,25,0.3913193671918939,Random Forest
0_MFCC_10,26,0.3861569527834964,Random Forest
0_Median,27,0.3451373294356434,Random Forest
0_Spectral decrease,28,0.3376625833222951,Random Forest
0_LPCC_5,29,0.296496661316712,Random Forest
0_Maximum frequency,30,0.2757251282986098,Random Forest
0_Zero crossing rate,31,0.2706921458329695,Random Forest
0_Mean,32,0.2612376431866238,Random Forest
0_LPCC_1,33,0.1782706667115291,Random Forest
0_MFCC_4,34,0.132727805764197,Random Forest
0_LPCC_6,35,0.1226452799873892,Random Forest
0_Spectral positive turning points,36,0.0985548171527838,Random Forest
0_Median absolute diff,37,0.0836853349608679,Random Forest
0_Negative turning points,38,0.0819244805158426,Random Forest
0_Power bandwidth,39,0.0278444064831982,Random Forest
0_Spectral roll-on,40,0.0149177646294236,Random Forest
0_Neighbourhood peaks,41,0.0073890264937188,Random Forest
0_Median diff,42,0.0,Random Forest
0_Maximum frequency,1,175049505.43585092,Bayesian Ridge
0_Median frequency,2,4453912.091295027,Bayesian Ridge
0_Fundamental frequency,3,2229558.107730883,Bayesian Ridge
0_Power bandwidth,4,1603252.0019114527,Bayesian Ridge
0_Spectral roll-on,5,1170803.6853108197,Bayesian Ridge
0_MFCC_4,6,1479.4415093214952,Bayesian Ridge
0_MFCC_9,7,1386.7508208120237,Bayesian Ridge
0_MFCC_5,8,1268.385007219953,Bayesian Ridge
0_MFCC_11,9,787.9118472829349,Bayesian Ridge
0_MFCC_10,10,513.0891062890872,Bayesian Ridge
0_MFCC_0,11,235.66167209077747,Bayesian Ridge
0_MFCC_8,12,192.9561565990679,Bayesian Ridge
0_Absolute energy,13,14.893574188176578,Bayesian Ridge
0_Spectral decrease,14,8.111236901443226,Bayesian Ridge
0_Peak to peak distance,15,8.048871847648808,Bayesian Ridge
0_Autocorrelation,16,4.680328783784021,Bayesian Ridge
0_Spectral positive turning points,17,3.268334879084174,Bayesian Ridge
0_ECDF Percentile_0,18,2.9159546093506856,Bayesian Ridge
0_Max,19,2.200334124005156,Bayesian Ridge
0_Mean,20,1.6576797777221777,Bayesian Ridge
0_ECDF Percentile_1,21,1.082435082088814,Bayesian Ridge
0_Median,22,0.831758553285807,Bayesian Ridge
0_Zero crossing rate,23,0.5731628152393679,Bayesian Ridge
0_Negative turning points,24,0.3648006624809182,Bayesian Ridge
0_Spectral variation,25,0.3026427309612796,Bayesian Ridge
0_LPCC_0,26,0.18472258711745,Bayesian Ridge
0_Histogram mode,27,0.1496026128891644,Bayesian Ridge
0_Wavelet absolute mean_27777777.78Hz,28,0.1391670753855068,Bayesian Ridge
0_Interquartile range,29,0.1023992675473887,Bayesian Ridge
0_Entropy,30,0.1008924247055753,Bayesian Ridge
0_Spectral entropy,31,0.0951637936412612,Bayesian Ridge
0_LPCC_5,32,0.0665600360320925,Bayesian Ridge
0_LPCC_1,33,0.0648825080876476,Bayesian Ridge
0_Wavelet entropy,34,0.0588539037479064,Bayesian Ridge
0_Wavelet energy_125000000.0Hz,35,0.0374101897502169,Bayesian Ridge
0_LPCC_6,36,0.0201914239585609,Bayesian Ridge
0_Slope,37,0.0112667448124622,Bayesian Ridge
0_Neighbourhood peaks,38,0.0092915824911229,Bayesian Ridge
0_Mean diff,39,0.0047173220419561,Bayesian Ridge
0_Wavelet absolute mean_125000000.0Hz,40,0.0045368765575441,Bayesian Ridge
0_Median absolute diff,41,0.0019758175048876,Bayesian Ridge
0_Median diff,42,0.0002441369513841,Bayesian Ridge
0_Peak to peak distance,1,32.79525450521317,XGBoost
0_Spectral entropy,2,18.118874456506443,XGBoost
0_Autocorrelation,3,10.87543556045753,XGBoost
0_Absolute energy,4,4.866517003824812,XGBoost
0_Spectral variation,5,3.855494271556661,XGBoost
0_Entropy,6,3.1823056964583687,XGBoost
0_Interquartile range,7,2.2216620863653103,XGBoost
0_Mean diff,8,1.2529368210964529,XGBoost
0_Wavelet energy_125000000.0Hz,9,1.1663427344035355,XGBoost
0_MFCC_5,10,1.050271815827613,XGBoost
0_Slope,11,0.977758272852128,XGBoost
0_Histogram mode,12,0.9774588413381328,XGBoost
0_Fundamental frequency,13,0.8701324323043226,XGBoost
0_LPCC_0,14,0.7434878041510158,XGBoost
0_Wavelet absolute mean_125000000.0Hz,15,0.632508625414036,XGBoost
0_ECDF Percentile_0,16,0.5716981063937148,XGBoost
0_Wavelet entropy,17,0.5346585790668925,XGBoost
0_MFCC_8,18,0.5319695704517267,XGBoost
0_MFCC_9,19,0.4769187907338452,XGBoost
0_Max,20,0.4488948780606811,XGBoost
0_MFCC_4,21,0.3114472225750486,XGBoost
0_MFCC_10,22,0.2894330776629348,XGBoost
0_Spectral positive turning points,23,0.2788939675224324,XGBoost
0_Wavelet absolute mean_27777777.78Hz,24,0.2567849202778811,XGBoost
0_LPCC_1,25,0.2539989009266719,XGBoost
0_Spectral decrease,26,0.2307374416602774,XGBoost
0_MFCC_11,27,0.2107461346776535,XGBoost
0_LPCC_6,28,0.2061214313066874,XGBoost
0_Median,29,0.1978283172889302,XGBoost
0_Maximum frequency,30,0.1885161268564252,XGBoost
0_Negative turning points,31,0.1869280487623221,XGBoost
0_MFCC_0,32,0.144187050294814,XGBoost
0_Zero crossing rate,33,0.1338369194085399,XGBoost
0_Mean,34,0.1074039962760483,XGBoost
0_LPCC_5,35,0.1043746464778358,XGBoost
0_Median diff,36,0.0651760712032516,XGBoost
0_ECDF Percentile_1,37,0.063723100566864,XGBoost
0_Neighbourhood peaks,38,0.0570403403033812,XGBoost
0_Median frequency,39,0.0492479584525029,XGBoost
0_Median absolute diff,40,0.0,XGBoost
0_Power bandwidth,41,0.0,XGBoost
0_Spectral roll-on,42,0.0,XGBoost
0_Spectral entropy,1,10.29276428645601,SVR
0_Peak to peak distance,2,10.16330900415388,SVR
0_Interquartile range,3,9.736631035726797,SVR
0_Spectral variation,4,9.659882851510291,SVR
0_Spectral decrease,5,9.580630010976645,SVR
0_ECDF Percentile_0,6,9.418042144454958,SVR
0_Median,7,8.826514937976752,SVR
0_LPCC_0,8,7.807680908886851,SVR
0_Wavelet absolute mean_27777777.78Hz,9,7.096161169463383,SVR
0_Mean diff,10,7.03922384496034,SVR
0_Max,11,5.167588841460053,SVR
0_Absolute energy,12,4.77922979420276,SVR
0_MFCC_11,13,3.5318454014541043,SVR
0_Wavelet absolute mean_125000000.0Hz,14,3.289059585794626,SVR
0_Slope,15,2.7715398468083348,SVR
0_Autocorrelation,16,1.9524899523804595,SVR
0_MFCC_5,17,1.6787919857247628,SVR
0_MFCC_9,18,0.9485684218196688,SVR
0_Wavelet energy_125000000.0Hz,19,0.7787104006325126,SVR
0_Mean,20,0.730633652520905,SVR
0_MFCC_4,21,0.3770980488634884,SVR
0_Maximum frequency,22,0.3713185310823853,SVR
0_Wavelet entropy,23,0.1655843789011505,SVR
0_MFCC_0,24,0.1399133934602853,SVR
0_MFCC_10,25,0.1381725519836841,SVR
0_Histogram mode,26,0.1073521785749496,SVR
0_Negative turning points,27,0.0587551656943435,SVR
0_ECDF Percentile_1,28,0.0246507500217086,SVR
0_Spectral positive turning points,29,0.019264538966824,SVR
0_Entropy,30,0.0,SVR
0_LPCC_1,31,0.0,SVR
0_Fundamental frequency,32,0.0,SVR
0_LPCC_6,33,0.0,SVR
0_MFCC_8,34,0.0,SVR
0_Median diff,35,0.0,SVR
0_Median absolute diff,36,0.0,SVR
0_LPCC_5,37,0.0,SVR
0_Median frequency,38,0.0,SVR
0_Power bandwidth,39,0.0,SVR
0_Neighbourhood peaks,40,0.0,SVR
0_Spectral roll-on,41,0.0,SVR
0_Zero crossing rate,42,0.0,SVR
0_Peak to peak distance,1,15.661982001154044,Random Forest
0_Spectral entropy,2,7.897256929434067,Random Forest
0_Absolute energy,3,6.516498625526175,Random Forest
0_Spectral variation,4,5.874968194827577,Random Forest
0_Autocorrelation,5,5.017382086200266,Random Forest
0_Entropy,6,4.621704562674354,Random Forest
0_Interquartile range,7,3.953330639659816,Random Forest
0_Wavelet energy_125000000.0Hz,8,2.9868050956432075,Random Forest
0_ECDF Percentile_0,9,2.2661012939806326,Random Forest
0_Histogram mode,10,2.0657707598611514,Random Forest
0_MFCC_11,11,1.9458193020187968,Random Forest
0_Wavelet absolute mean_125000000.0Hz,12,1.7413690015067886,Random Forest
0_LPCC_0,13,1.441450681993606,Random Forest
0_Fundamental frequency,14,1.0731148152292551,Random Forest
0_Wavelet absolute mean_27777777.78Hz,15,1.0517324212343078,Random Forest
0_Mean diff,16,0.8773204328726595,Random Forest
0_Wavelet entropy,17,0.8651586969903553,Random Forest
0_Slope,18,0.7734960001171953,Random Forest
0_Median frequency,19,0.751613394782467,Random Forest
0_MFCC_0,20,0.7112740384944753,Random Forest
0_ECDF Percentile_1,21,0.7076943973490424,Random Forest
0_MFCC_8,22,0.6396579947043677,Random Forest
0_MFCC_9,23,0.6334731893350911,Random Forest
0_Spectral decrease,24,0.5048554962156533,Random Forest
0_Median,25,0.5047276051975942,Random Forest
0_Max,26,0.4909914780666743,Random Forest
0_MFCC_10,27,0.4626318407297289,Random Forest
0_MFCC_5,28,0.3670994570195947,Random Forest
0_Maximum frequency,29,0.3535462071785101,Random Forest
0_Mean,30,0.3195030498393811,Random Forest
0_LPCC_5,31,0.267374597127239,Random Forest
0_Zero crossing rate,32,0.2583536017701185,Random Forest
0_LPCC_6,33,0.2368802547639235,Random Forest
0_LPCC_1,34,0.2298624726528943,Random Forest
0_MFCC_4,35,0.1442993308227897,Random Forest
0_Median absolute diff,36,0.1000729421709353,Random Forest
0_Spectral positive turning points,37,0.0944312805642684,Random Forest
0_Negative turning points,38,0.0729297752264731,Random Forest
0_Power bandwidth,39,0.0188732668586075,Random Forest
0_Spectral roll-on,40,0.0135906121864604,Random Forest
0_Neighbourhood peaks,41,0.0072666860245323,Random Forest
0_Median diff,42,0.0,Random Forest
0_Maximum frequency,1,77000773.20212904,Bayesian Ridge
0_Median frequency,2,3520376.399257865,Bayesian Ridge
0_Fundamental frequency,3,2993539.30295951,Bayesian Ridge
0_Spectral roll-on,4,1220879.6703242238,Bayesian Ridge
0_Power bandwidth,5,1040765.2863751764,Bayesian Ridge
0_MFCC_11,6,1608.6438483966838,Bayesian Ridge
0_MFCC_4,7,1569.9103833799024,Bayesian Ridge
0_MFCC_5,8,1130.031804828369,Bayesian Ridge
0_MFCC_9,9,1095.8586839139018,Bayesian Ridge
0_MFCC_8,10,347.9323082953412,Bayesian Ridge
0_MFCC_10,11,274.158315506358,Bayesian Ridge
0_MFCC_0,12,241.6204691532877,Bayesian Ridge
0_Absolute energy,13,57.83463934742537,Bayesian Ridge
0_Peak to peak distance,14,7.388404144558655,Bayesian Ridge
0_Autocorrelation,15,5.816543460657542,Bayesian Ridge
0_Spectral decrease,16,5.298514624533874,Bayesian Ridge
0_Spectral positive turning points,17,3.504358701508609,Bayesian Ridge
0_ECDF Percentile_0,18,3.213579609648836,Bayesian Ridge
0_Max,19,2.282671283986562,Bayesian Ridge
0_Mean,20,1.9863546369018923,Bayesian Ridge
0_Zero crossing rate,21,1.937123801878774,Bayesian Ridge
0_ECDF Percentile_1,22,1.7347184438843528,Bayesian Ridge
0_Median,23,0.868710459572294,Bayesian Ridge
0_Interquartile range,24,0.5661918520737139,Bayesian Ridge
0_Negative turning points,25,0.4079058576049368,Bayesian Ridge
0_Spectral variation,26,0.3085938868010356,Bayesian Ridge
0_Wavelet absolute mean_27777777.78Hz,27,0.1686576463410224,Bayesian Ridge
0_Spectral entropy,28,0.1184064192022169,Bayesian Ridge
0_Entropy,29,0.1125380186669072,Bayesian Ridge
0_Neighbourhood peaks,30,0.0931566018914166,Bayesian Ridge
0_LPCC_1,31,0.0819892102756578,Bayesian Ridge
0_Wavelet energy_125000000.0Hz,32,0.0439686289875774,Bayesian Ridge
0_LPCC_5,33,0.0428082468226495,Bayesian Ridge
0_LPCC_0,34,0.0426157107742965,Bayesian Ridge
0_Wavelet entropy,35,0.0304127153117043,Bayesian Ridge
0_Histogram mode,36,0.0135504659095918,Bayesian Ridge
0_Mean diff,37,0.0110844946618371,Bayesian Ridge
0_Slope,38,0.0087538512335634,Bayesian Ridge
0_Wavelet absolute mean_125000000.0Hz,39,0.0069486305952463,Bayesian Ridge
0_LPCC_6,40,0.0040282480579136,Bayesian Ridge
0_Median absolute diff,41,0.0013773779824199,Bayesian Ridge
0_Median diff,42,0.0003020799564964,Bayesian Ridge
0_Peak to peak distance,1,28.67779839569381,XGBoost
0_Spectral entropy,2,16.008723770996262,XGBoost
0_Autocorrelation,3,8.201408271201768,XGBoost
0_Spectral variation,4,4.270717229896976,XGBoost
0_Interquartile range,5,3.3718782751531435,XGBoost
0_Absolute energy,6,3.0035640347485293,XGBoost
0_Entropy,7,2.9887204238115275,XGBoost
0_Histogram mode,8,1.6446035380473194,XGBoost
0_MFCC_0,9,1.5981057780030616,XGBoost
0_ECDF Percentile_1,10,1.3827080426389942,XGBoost
0_Mean diff,11,1.3742773979527636,XGBoost
0_MFCC_5,12,1.0300245056956074,XGBoost
0_Fundamental frequency,13,0.9666211408696266,XGBoost
0_Slope,14,0.7240989032827222,XGBoost
0_LPCC_0,15,0.6959408377240481,XGBoost
0_Median,16,0.6035798597802255,XGBoost
0_ECDF Percentile_0,17,0.4721527368306951,XGBoost
0_Wavelet energy_125000000.0Hz,18,0.467085449134049,XGBoost
0_Wavelet absolute mean_125000000.0Hz,19,0.4496853466813579,XGBoost
0_LPCC_6,20,0.4424423785125335,XGBoost
0_MFCC_10,21,0.4081194350483749,XGBoost
0_Max,22,0.3812113263096737,XGBoost
0_MFCC_11,23,0.3662948848236578,XGBoost
0_LPCC_5,24,0.3635101594849208,XGBoost
0_LPCC_1,25,0.2931702914022239,XGBoost
0_Wavelet absolute mean_27777777.78Hz,26,0.2840688743982391,XGBoost
0_Wavelet entropy,27,0.2546824548878135,XGBoost
0_Spectral positive turning points,28,0.2509887664750596,XGBoost
0_MFCC_8,29,0.2278455080109396,XGBoost
0_Spectral decrease,30,0.1689650519089101,XGBoost
0_MFCC_9,31,0.1562839616845905,XGBoost
0_MFCC_4,32,0.1487913636181545,XGBoost
0_Maximum frequency,33,0.1066301255408869,XGBoost
0_Mean,34,0.1009091893110501,XGBoost
0_Zero crossing rate,35,0.0839092871231376,XGBoost
0_Negative turning points,36,0.0710942991328872,XGBoost
0_Neighbourhood peaks,37,0.0584045294083848,XGBoost
0_Median absolute diff,38,0.0328787274360656,XGBoost
0_Median frequency,39,0.0323342637781597,XGBoost
0_Median diff,40,0.0284527905563513,XGBoost
0_Power bandwidth,41,0.0,XGBoost
0_Spectral roll-on,42,0.0,XGBoost
0_Spectral decrease,1,11.252881681952436,SVR
0_Peak to peak distance,2,10.158255725642643,SVR
0_Spectral variation,3,9.200482979459602,SVR
0_ECDF Percentile_0,4,9.170228701471776,SVR
0_Interquartile range,5,8.719151438077713,SVR
0_LPCC_0,6,8.668437134832871,SVR
0_Mean diff,7,8.47842650508317,SVR
0_Spectral entropy,8,8.016023939911909,SVR
0_Wavelet absolute mean_27777777.78Hz,9,7.574891228213604,SVR
0_Absolute energy,10,7.536000058163037,SVR
0_Median,11,7.039240377125461,SVR
0_MFCC_11,12,5.091673865382359,SVR
0_Max,13,5.074075331489922,SVR
0_Slope,14,3.751144500171669,SVR
0_Wavelet absolute mean_125000000.0Hz,15,2.571435529195067,SVR
0_Mean,16,2.0313048602489783,SVR
0_Wavelet energy_125000000.0Hz,17,1.6428801574579142,SVR
0_MFCC_5,18,1.1828527181080808,SVR
0_Autocorrelation,19,1.1335503157443227,SVR
0_Maximum frequency,20,1.1273866314748813,SVR
0_MFCC_9,21,0.464340319098055,SVR
0_MFCC_0,22,0.3867280905895129,SVR
0_MFCC_4,23,0.3737962289306713,SVR
0_Wavelet entropy,24,0.3239132660663992,SVR
0_Median absolute diff,25,0.1973941670417305,SVR
0_ECDF Percentile_1,26,0.1313344064057606,SVR
0_MFCC_8,27,0.087540028910745,SVR
0_Histogram mode,28,0.0,SVR
0_Entropy,29,0.0,SVR
0_Fundamental frequency,30,0.0,SVR
0_LPCC_1,31,0.0,SVR
0_MFCC_10,32,0.0,SVR
0_LPCC_5,33,0.0,SVR
0_LPCC_6,34,0.0,SVR
0_Median diff,35,0.0,SVR
0_Median frequency,36,0.0,SVR
0_Negative turning points,37,0.0,SVR
0_Neighbourhood peaks,38,0.0,SVR
0_Power bandwidth,39,0.0,SVR
0_Spectral roll-on,40,0.0,SVR
0_Spectral positive turning points,41,0.0,SVR
0_Zero crossing rate,42,0.0,SVR
0_Peak to peak distance,1,14.024632629205913,Random Forest
0_Spectral entropy,2,9.291411223740504,Random Forest
0_Absolute energy,3,7.190230853701182,Random Forest
0_Autocorrelation,4,5.921984951348806,Random Forest
0_Spectral variation,5,5.220904199929535,Random Forest
0_Interquartile range,6,4.474907846587456,Random Forest
0_Entropy,7,3.720325858870135,Random Forest
0_Wavelet energy_125000000.0Hz,8,3.180514098846742,Random Forest
0_Wavelet absolute mean_125000000.0Hz,9,2.2752343534524857,Random Forest
0_MFCC_11,10,2.168908550958056,Random Forest
0_Histogram mode,11,2.123338549102121,Random Forest
0_ECDF Percentile_0,12,1.8364958384918448,Random Forest
0_Wavelet absolute mean_27777777.78Hz,13,1.4384205169689497,Random Forest
0_LPCC_0,14,1.3452957585334628,Random Forest
0_Fundamental frequency,15,1.2849372833825805,Random Forest
0_Mean diff,16,1.126540510406849,Random Forest
0_Slope,17,0.9784178581779512,Random Forest
0_Wavelet entropy,18,0.9593215408227562,Random Forest
0_Median frequency,19,0.8612650400252698,Random Forest
0_MFCC_0,20,0.7654945775387808,Random Forest
0_ECDF Percentile_1,21,0.7469978135913377,Random Forest
0_MFCC_9,22,0.7206362710827184,Random Forest
0_MFCC_5,23,0.6528909476336402,Random Forest
0_MFCC_8,24,0.6250754151331418,Random Forest
0_MFCC_10,25,0.5924767848264272,Random Forest
0_Median,26,0.4251872492407295,Random Forest
0_Spectral decrease,27,0.4190906974079864,Random Forest
0_Max,28,0.390336532767276,Random Forest
0_Maximum frequency,29,0.3423733243138219,Random Forest
0_LPCC_1,30,0.3306384207066072,Random Forest
0_Zero crossing rate,31,0.3240976116460127,Random Forest
0_LPCC_5,32,0.2914186557372877,Random Forest
0_LPCC_6,33,0.2466142286682967,Random Forest
0_Mean,34,0.2063595663792376,Random Forest
0_MFCC_4,35,0.1922026073669666,Random Forest
0_Median absolute diff,36,0.1492823529090731,Random Forest
0_Spectral positive turning points,37,0.0937388206769712,Random Forest
0_Negative turning points,38,0.0294901722369094,Random Forest
0_Power bandwidth,39,0.026010242007176,Random Forest
0_Spectral roll-on,40,0.0138924134892722,Random Forest
0_Neighbourhood peaks,41,0.0066347357830032,Random Forest
0_Median diff,42,0.0,Random Forest
0_Maximum frequency,1,33870400.464302406,Bayesian Ridge
0_Median frequency,2,3598079.2229084307,Bayesian Ridge
0_Fundamental frequency,3,1527200.9797469757,Bayesian Ridge
0_Spectral roll-on,4,1223457.6301845445,Bayesian Ridge
0_Power bandwidth,5,688506.6358653388,Bayesian Ridge
0_MFCC_11,6,1565.2132791996892,Bayesian Ridge
0_MFCC_4,7,1475.0323400616007,Bayesian Ridge
0_MFCC_5,8,1102.1652607435165,Bayesian Ridge
0_MFCC_9,9,1031.9923809250638,Bayesian Ridge
0_MFCC_8,10,298.92150549751256,Bayesian Ridge
0_MFCC_0,11,256.3915892040748,Bayesian Ridge
0_MFCC_10,12,174.06718094030242,Bayesian Ridge
0_Absolute energy,13,62.315428223432285,Bayesian Ridge
0_Spectral decrease,14,7.392921781556272,Bayesian Ridge
0_Peak to peak distance,15,6.590944707545322,Bayesian Ridge
0_Autocorrelation,16,5.967377211440331,Bayesian Ridge
0_ECDF Percentile_0,17,3.302899954848355,Bayesian Ridge
0_ECDF Percentile_1,18,3.051308779434703,Bayesian Ridge
0_Max,19,2.128268877993206,Bayesian Ridge
0_Spectral positive turning points,20,2.11276476660313,Bayesian Ridge
0_Mean,21,1.8486391120994643,Bayesian Ridge
0_Median,22,0.8801667406683098,Bayesian Ridge
0_Zero crossing rate,23,0.823511527170806,Bayesian Ridge
0_Interquartile range,24,0.490934709441442,Bayesian Ridge
0_Histogram mode,25,0.3354204457874143,Bayesian Ridge
0_Negative turning points,26,0.2895707548186378,Bayesian Ridge
0_Spectral variation,27,0.2118493957214523,Bayesian Ridge
0_Neighbourhood peaks,28,0.1904358378120806,Bayesian Ridge
0_Wavelet absolute mean_27777777.78Hz,29,0.1855901471589846,Bayesian Ridge
0_Entropy,30,0.1322630725454165,Bayesian Ridge
0_Spectral entropy,31,0.1294326117436731,Bayesian Ridge
0_LPCC_0,32,0.0953363598495668,Bayesian Ridge
0_LPCC_1,33,0.0772575338258868,Bayesian Ridge
0_Wavelet energy_125000000.0Hz,34,0.0603466010906555,Bayesian Ridge
0_LPCC_5,35,0.0354367594373604,Bayesian Ridge
0_Wavelet entropy,36,0.02615222008577,Bayesian Ridge
0_Wavelet absolute mean_125000000.0Hz,37,0.0148008454802796,Bayesian Ridge
0_LPCC_6,38,0.0100172566320152,Bayesian Ridge
0_Slope,39,0.0091402328537487,Bayesian Ridge
0_Mean diff,40,0.008850397026561,Bayesian Ridge
0_Median absolute diff,41,0.0010127712944021,Bayesian Ridge
0_Median diff,42,0.0,Bayesian Ridge
0_Peak to peak distance,1,29.971767275889047,XGBoost
0_Spectral entropy,2,18.91674880993447,XGBoost
0_Autocorrelation,3,12.58918356651068,XGBoost
0_Interquartile range,4,4.065323376549159,XGBoost
0_Spectral variation,5,3.2548073417183008,XGBoost
0_Absolute energy,6,3.1663631522936115,XGBoost
0_Mean diff,7,2.237816550607732,XGBoost
0_Entropy,8,2.0109641101275564,XGBoost
0_Max,9,1.476892565873079,XGBoost
0_Histogram mode,10,1.4602694530123848,XGBoost
0_Fundamental frequency,11,1.1472544794755677,XGBoost
0_Wavelet energy_125000000.0Hz,12,1.0378874575124124,XGBoost
0_Wavelet absolute mean_125000000.0Hz,13,0.7836767122752962,XGBoost
0_MFCC_10,14,0.730203730649408,XGBoost
0_LPCC_0,15,0.7212012586033594,XGBoost
0_MFCC_9,16,0.6796965788008646,XGBoost
0_MFCC_0,17,0.6620001350459023,XGBoost
0_Wavelet absolute mean_27777777.78Hz,18,0.6360362153018824,XGBoost
0_Wavelet entropy,19,0.613517279187714,XGBoost
0_Slope,20,0.6106927494755017,XGBoost
0_MFCC_11,21,0.6071438347837579,XGBoost
0_LPCC_1,22,0.5823491325112371,XGBoost
0_Spectral decrease,23,0.5434328422349567,XGBoost
0_Spectral positive turning points,24,0.5257548184118543,XGBoost
0_Median,25,0.5072234269813943,XGBoost
0_MFCC_4,26,0.4101484670477609,XGBoost
0_MFCC_8,27,0.3994718766894191,XGBoost
0_Maximum frequency,28,0.3690317516616235,XGBoost
0_MFCC_5,29,0.3611947988168026,XGBoost
0_LPCC_6,30,0.308751372344854,XGBoost
0_LPCC_5,31,0.284284988586915,XGBoost
0_Mean,32,0.2704664825881521,XGBoost
0_Zero crossing rate,33,0.264427536419034,XGBoost
0_ECDF Percentile_1,34,0.2637637500169377,XGBoost
0_ECDF Percentile_0,35,0.2598809211418031,XGBoost
0_Negative turning points,36,0.116575657634375,XGBoost
0_Median frequency,37,0.1086826723794142,XGBoost
0_Median absolute diff,38,0.008777088826398,XGBoost
0_Neighbourhood peaks,39,0.0040552669942379,XGBoost
0_Median diff,40,0.0,XGBoost
0_Power bandwidth,41,0.0,XGBoost
0_Spectral roll-on,42,0.0,XGBoost
0_Peak to peak distance,1,11.91542980677204,SVR
0_Interquartile range,2,10.57006409264465,SVR
0_Spectral variation,3,10.370789651687948,SVR
0_Spectral entropy,4,9.635377651703465,SVR
0_Spectral decrease,5,8.265700462905219,SVR
0_Mean diff,6,7.872882683476885,SVR
0_Absolute energy,7,7.693818219900987,SVR
0_ECDF Percentile_0,8,7.106804916782811,SVR
0_LPCC_0,9,6.191817978931849,SVR
0_Wavelet absolute mean_27777777.78Hz,10,5.636534468559874,SVR
0_Median,11,5.543875839772607,SVR
0_Slope,12,3.88426171667589,SVR
0_Max,13,3.341967427218086,SVR
0_Wavelet absolute mean_125000000.0Hz,14,3.038258040733475,SVR
0_MFCC_11,15,2.5625418587793067,SVR
0_MFCC_5,16,1.8480820377139453,SVR
0_Autocorrelation,17,1.4433997903856428,SVR
0_Mean,18,1.128017541822824,SVR
0_MFCC_9,19,0.7170104847233316,SVR
0_Wavelet entropy,20,0.3612599460216685,SVR
0_Maximum frequency,21,0.3326094189310808,SVR
0_MFCC_10,22,0.3116393917225366,SVR
0_ECDF Percentile_1,23,0.2274703818877958,SVR
0_Wavelet energy_125000000.0Hz,24,0.1843155150541458,SVR
0_MFCC_0,25,0.0671215327544886,SVR
0_MFCC_4,26,0.0458819418678644,SVR
0_Spectral roll-on,27,0.0457627976486115,SVR
0_Histogram mode,28,0.0,SVR
0_Entropy,29,0.0,SVR
0_Fundamental frequency,30,0.0,SVR
0_LPCC_1,31,0.0,SVR
0_LPCC_6,32,0.0,SVR
0_LPCC_5,33,0.0,SVR
0_MFCC_8,34,0.0,SVR
0_Median diff,35,0.0,SVR
0_Median absolute diff,36,0.0,SVR
0_Negative turning points,37,0.0,SVR
0_Neighbourhood peaks,38,0.0,SVR
0_Power bandwidth,39,0.0,SVR
0_Median frequency,40,0.0,SVR
0_Spectral positive turning points,41,0.0,SVR
0_Zero crossing rate,42,0.0,SVR
0_Peak to peak distance,1,16.095623481401105,Random Forest
0_Spectral entropy,2,9.271684052098824,Random Forest
0_Absolute energy,3,7.771995965766163,Random Forest
0_Autocorrelation,4,4.816097965942077,Random Forest
0_Interquartile range,5,4.778169329740666,Random Forest
0_Spectral variation,6,4.715834314053178,Random Forest
0_Entropy,7,4.491915108015976,Random Forest
0_Histogram mode,8,3.1198040621835346,Random Forest
0_ECDF Percentile_0,9,3.0921254822680884,Random Forest
0_Wavelet energy_125000000.0Hz,10,2.60948418403846,Random Forest
0_Wavelet absolute mean_125000000.0Hz,11,2.122589700695251,Random Forest
0_MFCC_11,12,1.8640293224575315,Random Forest
0_LPCC_0,13,1.2251068293889056,Random Forest
0_Wavelet absolute mean_27777777.78Hz,14,1.105836838304764,Random Forest
0_Slope,15,0.9471205461667072,Random Forest
0_Wavelet entropy,16,0.7455300882042851,Random Forest
0_Fundamental frequency,17,0.6720450314093539,Random Forest
0_MFCC_9,18,0.6701930791362655,Random Forest
0_MFCC_0,19,0.650473770527542,Random Forest
0_ECDF Percentile_1,20,0.6374466683784499,Random Forest
0_Mean diff,21,0.6343171113803051,Random Forest
0_Max,22,0.5431199118841438,Random Forest
0_MFCC_10,23,0.5020931279822564,Random Forest
0_MFCC_8,24,0.4679708352549001,Random Forest
0_Median,25,0.3972243486221258,Random Forest
0_Spectral decrease,26,0.3514228592831949,Random Forest
0_MFCC_5,27,0.3078805924552027,Random Forest
0_Mean,28,0.3077853925805695,Random Forest
0_Maximum frequency,29,0.3054471607257148,Random Forest
0_Median frequency,30,0.299945473251585,Random Forest
0_LPCC_5,31,0.2574982938541255,Random Forest
0_LPCC_1,32,0.232312545361851,Random Forest
0_LPCC_6,33,0.2088493050703778,Random Forest
0_Zero crossing rate,34,0.208782223864831,Random Forest
0_MFCC_4,35,0.142059176846811,Random Forest
0_Spectral positive turning points,36,0.1110514465859703,Random Forest
0_Power bandwidth,37,0.0923605747406681,Random Forest
0_Negative turning points,38,0.065734456252555,Random Forest
0_Median absolute diff,39,0.0355707970485091,Random Forest
0_Neighbourhood peaks,40,0.0137273465825865,Random Forest
0_Spectral roll-on,41,0.0090130927329572,Random Forest
0_Median diff,42,0.0,Random Forest
0_Maximum frequency,1,104696508.86429948,Bayesian Ridge
0_Median frequency,2,4402659.873742956,Bayesian Ridge
0_Power bandwidth,3,1406607.1097160554,Bayesian Ridge
0_Spectral roll-on,4,1246180.5171815043,Bayesian Ridge
0_Fundamental frequency,5,506524.2737551344,Bayesian Ridge
0_MFCC_9,6,1353.382541471975,Bayesian Ridge
0_MFCC_4,7,1296.6149183380487,Bayesian Ridge
0_MFCC_5,8,1283.0208913003132,Bayesian Ridge
0_MFCC_11,9,1159.5360183093462,Bayesian Ridge
0_MFCC_8,10,425.6861131555364,Bayesian Ridge
0_MFCC_10,11,396.0309330103239,Bayesian Ridge
0_MFCC_0,12,192.81832322874976,Bayesian Ridge
0_Absolute energy,13,117.94433881335064,Bayesian Ridge
0_Peak to peak distance,14,8.21899086159218,Bayesian Ridge
0_Spectral decrease,15,5.772320509269616,Bayesian Ridge
0_Autocorrelation,16,5.60464853551212,Bayesian Ridge
0_Spectral positive turning points,17,3.5601766868733096,Bayesian Ridge
0_ECDF Percentile_0,18,3.064818677440081,Bayesian Ridge
0_ECDF Percentile_1,19,2.693979270216456,Bayesian Ridge
0_Max,20,2.050394329542672,Bayesian Ridge
0_Mean,21,1.7406339749524649,Bayesian Ridge
0_Zero crossing rate,22,0.9548914622908496,Bayesian Ridge
0_Median,23,0.6953561650646812,Bayesian Ridge
0_Interquartile range,24,0.4220426282866644,Bayesian Ridge
0_Spectral variation,25,0.3008554895333296,Bayesian Ridge
0_Negative turning points,26,0.2342076085125833,Bayesian Ridge
0_Histogram mode,27,0.1656347882456106,Bayesian Ridge
0_Wavelet absolute mean_27777777.78Hz,28,0.1318927017821548,Bayesian Ridge
0_Neighbourhood peaks,29,0.1147469692438216,Bayesian Ridge
0_Entropy,30,0.109525919903667,Bayesian Ridge
0_Spectral entropy,31,0.1079445283535711,Bayesian Ridge
0_LPCC_0,32,0.0967367602603776,Bayesian Ridge
0_LPCC_1,33,0.0495133401870374,Bayesian Ridge
0_Wavelet entropy,34,0.0391165789820175,Bayesian Ridge
0_Wavelet energy_125000000.0Hz,35,0.0210837096636155,Bayesian Ridge
0_Slope,36,0.0098443676627518,Bayesian Ridge
0_Mean diff,37,0.0090370671749831,Bayesian Ridge
0_LPCC_6,38,0.0063343417214137,Bayesian Ridge
0_Wavelet absolute mean_125000000.0Hz,39,0.0060970756666756,Bayesian Ridge
0_LPCC_5,40,0.0012932228184421,Bayesian Ridge
0_Median absolute diff,41,0.0005285013862386,Bayesian Ridge
0_Median diff,42,0.0001710546250536,Bayesian Ridge
0_Peak to peak distance,1,36.367442772238086,XGBoost
0_Spectral entropy,2,18.393259741534667,XGBoost
0_Autocorrelation,3,13.656109958516309,XGBoost
0_Interquartile range,4,4.179806261799004,XGBoost
0_Spectral variation,5,2.256279171549902,XGBoost
0_Entropy,6,2.173319431632075,XGBoost
0_Histogram mode,7,1.9671244908273835,XGBoost
0_Mean diff,8,1.8865808563016349,XGBoost
0_Max,9,1.2711776542346926,XGBoost
0_MFCC_0,10,1.0873431240630027,XGBoost
0_MFCC_9,11,0.9540174840687464,XGBoost
0_LPCC_0,12,0.847196539251196,XGBoost
0_ECDF Percentile_1,13,0.8009325714843971,XGBoost
0_Slope,14,0.7364081403403855,XGBoost
0_MFCC_8,15,0.6805894421070192,XGBoost
0_MFCC_11,16,0.6782052863207957,XGBoost
0_Spectral positive turning points,17,0.6622650586226336,XGBoost
0_Absolute energy,18,0.6441619576247718,XGBoost
0_MFCC_10,19,0.5718765851685776,XGBoost
0_Wavelet entropy,20,0.5702007603009541,XGBoost
0_Fundamental frequency,21,0.5419317020773888,XGBoost
0_Median,22,0.5077279478065669,XGBoost
0_MFCC_4,23,0.463701321964711,XGBoost
0_Wavelet energy_125000000.0Hz,24,0.4632325650354226,XGBoost
0_LPCC_6,25,0.4332001059746371,XGBoost
0_Wavelet absolute mean_125000000.0Hz,26,0.4176066590629517,XGBoost
0_LPCC_5,27,0.4093800268874503,XGBoost
0_MFCC_5,28,0.4078518666119003,XGBoost
0_LPCC_1,29,0.3427942357562482,XGBoost
0_Wavelet absolute mean_27777777.78Hz,30,0.3416100112535679,XGBoost
0_Maximum frequency,31,0.3348487880785019,XGBoost
0_Spectral decrease,32,0.2730342704936241,XGBoost
0_ECDF Percentile_0,33,0.2307910527043044,XGBoost
0_Median absolute diff,34,0.1532039951890706,XGBoost
0_Mean,35,0.1468317709192634,XGBoost
0_Zero crossing rate,36,0.0971647530963024,XGBoost
0_Negative turning points,37,0.0575284664432207,XGBoost
0_Median frequency,38,0.0440538019080957,XGBoost
0_Median diff,39,0.0433070937901735,XGBoost
0_Neighbourhood peaks,40,0.041614366022249,XGBoost
0_Power bandwidth,41,0.0,XGBoost
0_Spectral roll-on,42,0.0,XGBoost
0_Peak to peak distance,1,11.01028253781686,SVR
0_ECDF Percentile_0,2,9.982448549825415,SVR
0_Spectral entropy,3,9.16442593029304,SVR
0_Spectral variation,4,8.88814835731164,SVR
0_Absolute energy,5,8.628763948273212,SVR
0_Interquartile range,6,8.42187783252646,SVR
0_Median,7,6.977005187050897,SVR
0_Mean diff,8,6.7402927683115,SVR
0_Wavelet absolute mean_27777777.78Hz,9,6.416393809280058,SVR
0_Spectral decrease,10,6.006999034234968,SVR
0_LPCC_0,11,6.003895772110905,SVR
0_Slope,12,5.533534755693457,SVR
0_Max,13,3.9717282431616097,SVR
0_MFCC_11,14,3.067802902406109,SVR
0_Autocorrelation,15,2.9210786123013004,SVR
0_Wavelet absolute mean_125000000.0Hz,16,2.651045571288526,SVR
0_MFCC_5,17,1.712599756596273,SVR
0_Mean,18,1.2196049542640994,SVR
0_MFCC_10,19,0.8800261108819482,SVR
0_MFCC_9,20,0.6054688181491534,SVR
0_Maximum frequency,21,0.4009274025245018,SVR
0_Wavelet entropy,22,0.2720878471414544,SVR
0_MFCC_4,23,0.1243147178325471,SVR
0_LPCC_1,24,0.1232452041481494,SVR
0_MFCC_8,25,0.0827918513472993,SVR
0_ECDF Percentile_1,26,0.073343919025784,SVR
0_Wavelet energy_125000000.0Hz,27,0.0483301636654867,SVR
0_Fundamental frequency,28,0.0343571695332688,SVR
0_Negative turning points,29,0.0274417089031239,SVR
0_Neighbourhood peaks,30,0.0236046523106995,SVR
0_Histogram mode,31,0.0,SVR
0_Entropy,32,0.0,SVR
0_MFCC_0,33,0.0,SVR
0_LPCC_6,34,0.0,SVR
0_Median diff,35,0.0,SVR
0_Median absolute diff,36,0.0,SVR
0_LPCC_5,37,0.0,SVR
0_Median frequency,38,0.0,SVR
0_Power bandwidth,39,0.0,SVR
0_Spectral roll-on,40,0.0,SVR
0_Spectral positive turning points,41,0.0,SVR
0_Zero crossing rate,42,0.0,SVR
0_Peak to peak distance,1,16.48307698592804,Random Forest
0_Spectral entropy,2,8.520991108313082,Random Forest
0_Absolute energy,3,7.25864891691266,Random Forest
0_Interquartile range,4,6.753188829254164,Random Forest
0_Autocorrelation,5,5.644424326758644,Random Forest
0_Entropy,6,5.306133566207122,Random Forest
0_Spectral variation,7,4.5867017897801245,Random Forest
0_Wavelet energy_125000000.0Hz,8,3.299887954254797,Random Forest
0_Wavelet absolute mean_125000000.0Hz,9,2.869788927777188,Random Forest
0_ECDF Percentile_0,10,2.803789689758295,Random Forest
0_Histogram mode,11,2.1364409160068885,Random Forest
0_MFCC_11,12,1.7440301236906088,Random Forest
0_LPCC_0,13,1.1419859558193173,Random Forest
0_ECDF Percentile_1,14,1.1007233082113477,Random Forest
0_Slope,15,1.000400720179298,Random Forest
0_Wavelet absolute mean_27777777.78Hz,16,0.9674944182292564,Random Forest
0_Fundamental frequency,17,0.9286618746563168,Random Forest
0_Mean diff,18,0.7599155128301431,Random Forest
0_MFCC_0,19,0.7016848491834866,Random Forest
0_MFCC_9,20,0.6876598911076007,Random Forest
0_Wavelet entropy,21,0.6123910906848264,Random Forest
0_Max,22,0.6005529457439049,Random Forest
0_Median frequency,23,0.5950626058514387,Random Forest
0_MFCC_8,24,0.5433067753823162,Random Forest
0_Spectral decrease,25,0.4940270484716011,Random Forest
0_MFCC_10,26,0.4341439966953904,Random Forest
0_Maximum frequency,27,0.4022824492945956,Random Forest
0_Median,28,0.3920525061897779,Random Forest
0_LPCC_5,29,0.2868962506996235,Random Forest
0_MFCC_5,30,0.2824299268926804,Random Forest
0_LPCC_1,31,0.2334153626801679,Random Forest
0_LPCC_6,32,0.2102166439920043,Random Forest
0_MFCC_4,33,0.2029219449751855,Random Forest
0_Mean,34,0.1467636954341549,Random Forest
0_Zero crossing rate,35,0.1214060163701573,Random Forest
0_Power bandwidth,36,0.0836147610614697,Random Forest
0_Median absolute diff,37,0.0691569238503774,Random Forest
0_Spectral positive turning points,38,0.0644267414463839,Random Forest
0_Negative turning points,39,0.0152856232563654,Random Forest
0_Neighbourhood peaks,40,0.0078803824073945,Random Forest
0_Spectral roll-on,41,0.0062938326717664,Random Forest
0_Median diff,42,0.0,Random Forest
0_Maximum frequency,1,84386627.4913336,Bayesian Ridge
0_Median frequency,2,3377986.3310150453,Bayesian Ridge
0_Power bandwidth,3,2285684.686134684,Bayesian Ridge
0_Spectral roll-on,4,1794657.8618866222,Bayesian Ridge
0_Fundamental frequency,5,864664.8089997172,Bayesian Ridge
0_MFCC_4,6,1376.5776830059117,Bayesian Ridge
0_MFCC_11,7,1325.595190808833,Bayesian Ridge
0_MFCC_5,8,1299.5480105790764,Bayesian Ridge
0_MFCC_9,9,1190.9695030794142,Bayesian Ridge
0_MFCC_8,10,360.2441545726005,Bayesian Ridge
0_MFCC_10,11,282.5095006624683,Bayesian Ridge
0_MFCC_0,12,224.66624137712944,Bayesian Ridge
0_Absolute energy,13,96.33285987328912,Bayesian Ridge
0_Peak to peak distance,14,7.151723979678931,Bayesian Ridge
0_Spectral positive turning points,15,6.357186740330687,Bayesian Ridge
0_Autocorrelation,16,6.293703767836268,Bayesian Ridge
0_Spectral decrease,17,5.082917363664594,Bayesian Ridge
0_ECDF Percentile_0,18,3.356564268077949,Bayesian Ridge
0_Max,19,2.1766181905781834,Bayesian Ridge
0_Mean,20,1.82388825883328,Bayesian Ridge
0_ECDF Percentile_1,21,1.2995745022822387,Bayesian Ridge
0_Median,22,0.7818352342810506,Bayesian Ridge
0_Zero crossing rate,23,0.689217310991771,Bayesian Ridge
0_Interquartile range,24,0.3171185210459153,Bayesian Ridge
0_Negative turning points,25,0.2973058804020968,Bayesian Ridge
0_Neighbourhood peaks,26,0.2723888109156071,Bayesian Ridge
0_Spectral variation,27,0.2152037266184733,Bayesian Ridge
0_Spectral entropy,28,0.1844397441030779,Bayesian Ridge
0_Wavelet absolute mean_27777777.78Hz,29,0.1727253481220891,Bayesian Ridge
0_Entropy,30,0.1072933890326818,Bayesian Ridge
0_Wavelet energy_125000000.0Hz,31,0.0582451935106476,Bayesian Ridge
0_Histogram mode,32,0.0519788500092145,Bayesian Ridge
0_LPCC_1,33,0.0418329798471336,Bayesian Ridge
0_LPCC_0,34,0.0267073836655805,Bayesian Ridge
0_Wavelet entropy,35,0.0264998008324826,Bayesian Ridge
0_LPCC_5,36,0.0155926917657036,Bayesian Ridge
0_Mean diff,37,0.013151204983341,Bayesian Ridge
0_Slope,38,0.0101773281415593,Bayesian Ridge
0_Wavelet absolute mean_125000000.0Hz,39,0.0064995000602261,Bayesian Ridge
0_Median absolute diff,40,0.00150258889197,Bayesian Ridge
0_LPCC_6,41,0.0002951703155217,Bayesian Ridge
0_Median diff,42,0.0,Bayesian Ridge
0_Peak to peak distance,1,35.68150337094153,XGBoost
0_Spectral entropy,2,16.949952594504033,XGBoost
0_Autocorrelation,3,10.001053320382162,XGBoost
0_Entropy,4,4.457748141182896,XGBoost
0_Interquartile range,5,4.080659155394012,XGBoost
0_Absolute energy,6,3.613657966972361,XGBoost
0_Spectral variation,7,3.0398369403737293,XGBoost
0_Mean diff,8,1.811298741879718,XGBoost
0_Histogram mode,9,1.3495490531992786,XGBoost
0_Max,10,1.204629492314098,XGBoost
0_MFCC_5,11,1.0719995715446768,XGBoost
0_Fundamental frequency,12,0.9253384415407978,XGBoost
0_Wavelet absolute mean_125000000.0Hz,13,0.7443091300728419,XGBoost
0_Wavelet energy_125000000.0Hz,14,0.7393070648280284,XGBoost
0_MFCC_9,15,0.7268983591534198,XGBoost
0_LPCC_0,16,0.7002781159944832,XGBoost
0_MFCC_10,17,0.6027273577510066,XGBoost
0_MFCC_0,18,0.4863606494175889,XGBoost
0_LPCC_6,19,0.4537189482551068,XGBoost
0_MFCC_4,20,0.4300295932618279,XGBoost
0_MFCC_11,21,0.4217884282356748,XGBoost
0_Wavelet entropy,22,0.3897335843322177,XGBoost
0_ECDF Percentile_1,23,0.3843608148207268,XGBoost
0_Slope,24,0.3745187085561455,XGBoost
0_MFCC_8,25,0.2954912364777177,XGBoost
0_Spectral positive turning points,26,0.2814480608798719,XGBoost
0_Median,27,0.2606027491519848,XGBoost
0_LPCC_5,28,0.2464458114724606,XGBoost
0_Mean,29,0.2397558547345301,XGBoost
0_LPCC_1,30,0.2175136073422928,XGBoost
0_ECDF Percentile_0,31,0.1947563880873223,XGBoost
0_Maximum frequency,32,0.1528527967600151,XGBoost
0_Spectral decrease,33,0.1378309801974644,XGBoost
0_Negative turning points,34,0.1334035858588914,XGBoost
0_Median absolute diff,35,0.1168421256865064,XGBoost
0_Zero crossing rate,36,0.1057981188933054,XGBoost
0_Wavelet absolute mean_27777777.78Hz,37,0.0819657315644745,XGBoost
0_Median frequency,38,0.0201541173537572,XGBoost
0_Neighbourhood peaks,39,0.0072686322838068,XGBoost
0_Median diff,40,0.0,XGBoost
0_Power bandwidth,41,0.0,XGBoost
0_Spectral roll-on,42,0.0,XGBoost
0_Spectral variation,1,10.67019210472854,SVR
0_ECDF Percentile_0,2,10.55061292001459,SVR
0_Interquartile range,3,9.082920216727278,SVR
0_Median,4,8.067613879889636,SVR
0_Peak to peak distance,5,8.05237852685149,SVR
0_Mean diff,6,8.025374819619893,SVR
0_Spectral decrease,7,7.398355404657616,SVR
0_Spectral entropy,8,6.995113150256299,SVR
0_Absolute energy,9,6.977031238681563,SVR
0_LPCC_0,10,6.4486094764689454,SVR
0_Wavelet absolute mean_27777777.78Hz,11,6.1498283015273,SVR
0_MFCC_11,12,5.965170917422393,SVR
0_Max,13,4.629331131743668,SVR
0_Wavelet absolute mean_125000000.0Hz,14,4.241747580301002,SVR
0_Slope,15,2.643959574253227,SVR
0_Autocorrelation,16,1.4984931214474606,SVR
0_MFCC_4,17,0.885319373069032,SVR
0_MFCC_9,18,0.7683711503946404,SVR
0_MFCC_5,19,0.4794470915350098,SVR
0_Mean,20,0.3905720808791743,SVR
0_Wavelet energy_125000000.0Hz,21,0.2596402043814734,SVR
0_ECDF Percentile_1,22,0.1679767573986952,SVR
0_MFCC_0,23,0.162332107027799,SVR
0_Median diff,24,0.1380346819687757,SVR
0_Spectral roll-on,25,0.0906582740656789,SVR
0_MFCC_10,26,0.0849446260033663,SVR
0_Negative turning points,27,0.0674374226437078,SVR
0_LPCC_5,28,0.0367602097227566,SVR
0_Entropy,29,0.0,SVR
0_Fundamental frequency,30,0.0,SVR
0_LPCC_1,31,0.0,SVR
0_Histogram mode,32,0.0,SVR
0_LPCC_6,33,0.0,SVR
0_MFCC_8,34,0.0,SVR
0_Median absolute diff,35,0.0,SVR
0_Maximum frequency,36,0.0,SVR
0_Median frequency,37,0.0,SVR
0_Neighbourhood peaks,38,0.0,SVR
0_Power bandwidth,39,0.0,SVR
0_Spectral positive turning points,40,0.0,SVR
0_Wavelet entropy,41,0.0,SVR
0_Zero crossing rate,42,0.0,SVR
0_Peak to peak distance,1,13.624232342526682,Random Forest
0_Spectral entropy,2,8.673313894687483,Random Forest
0_Absolute energy,3,6.847457354686466,Random Forest
0_Autocorrelation,4,5.727231020656755,Random Forest
0_Spectral variation,5,5.429888128184462,Random Forest
0_Entropy,6,4.622350421728317,Random Forest
0_Interquartile range,7,3.758191507863536,Random Forest
0_MFCC_11,8,2.4688633986101136,Random Forest
0_Histogram mode,9,2.3102764530582625,Random Forest
0_Wavelet energy_125000000.0Hz,10,2.3056493840499863,Random Forest
0_Wavelet absolute mean_125000000.0Hz,11,2.048698850455794,Random Forest
0_ECDF Percentile_0,12,2.043273970126438,Random Forest
0_LPCC_0,13,1.5544015553026505,Random Forest
0_Slope,14,1.0466328521372754,Random Forest
0_Wavelet absolute mean_27777777.78Hz,15,0.9543643301746652,Random Forest
0_Mean diff,16,0.952736199115271,Random Forest
0_Fundamental frequency,17,0.7915893804746681,Random Forest
0_MFCC_9,18,0.6499844073969018,Random Forest
0_MFCC_10,19,0.640720637975109,Random Forest
0_MFCC_8,20,0.6282943773630465,Random Forest
0_ECDF Percentile_1,21,0.6235025530668904,Random Forest
0_MFCC_0,22,0.5755404825437428,Random Forest
0_Wavelet entropy,23,0.5510487675248682,Random Forest
0_Median,24,0.5125195373105933,Random Forest
0_Spectral decrease,25,0.4972350485125789,Random Forest
0_MFCC_5,26,0.4390849011958188,Random Forest
0_Median frequency,27,0.388051423281602,Random Forest
0_Maximum frequency,28,0.3104560693274251,Random Forest
0_LPCC_5,29,0.3073917867239097,Random Forest
0_Mean,30,0.3027093201469319,Random Forest
0_Max,31,0.2857461205565487,Random Forest
0_LPCC_1,32,0.1865062183440895,Random Forest
0_MFCC_4,33,0.1797739858195534,Random Forest
0_LPCC_6,34,0.1561492388858809,Random Forest
0_Zero crossing rate,35,0.1306573169094354,Random Forest
0_Spectral positive turning points,36,0.0857792637479375,Random Forest
0_Median absolute diff,37,0.0653419503655905,Random Forest
0_Negative turning points,38,0.0623574968441699,Random Forest
0_Power bandwidth,39,0.0242252577047174,Random Forest
0_Spectral roll-on,40,0.0069363329237637,Random Forest
0_Neighbourhood peaks,41,0.0018608089544034,Random Forest
0_Median diff,42,0.0,Random Forest
0_Maximum frequency,1,22690469.25108438,Bayesian Ridge
0_Median frequency,2,1900911.928444124,Bayesian Ridge
0_Fundamental frequency,3,1282435.2365741937,Bayesian Ridge
0_Spectral roll-on,4,1191932.3926197153,Bayesian Ridge
0_Power bandwidth,5,786466.1058780114,Bayesian Ridge
0_MFCC_11,6,2077.710623522497,Bayesian Ridge
0_MFCC_4,7,1548.4930092489567,Bayesian Ridge
0_MFCC_5,8,1103.1871241138456,Bayesian Ridge
0_MFCC_9,9,883.0143354998467,Bayesian Ridge
0_MFCC_0,10,310.64384098898614,Bayesian Ridge
0_MFCC_8,11,201.72247263670903,Bayesian Ridge
0_Absolute energy,12,118.50040141257124,Bayesian Ridge
0_MFCC_10,13,22.501957423904404,Bayesian Ridge
0_Spectral decrease,14,6.958897055134612,Bayesian Ridge
0_Peak to peak distance,15,5.588208333432212,Bayesian Ridge
0_Autocorrelation,16,5.036592395630393,Bayesian Ridge
0_Spectral positive turning points,17,4.6392220040528445,Bayesian Ridge
0_ECDF Percentile_1,18,4.414276903716568,Bayesian Ridge
0_ECDF Percentile_0,19,4.093388059668756,Bayesian Ridge
0_Max,20,1.5482153348273036,Bayesian Ridge
0_Interquartile range,21,1.3919894916197946,Bayesian Ridge
0_Median,22,1.3646309615067842,Bayesian Ridge
0_Mean,23,1.0932551618670616,Bayesian Ridge
0_Zero crossing rate,24,0.3943285188099782,Bayesian Ridge
0_Histogram mode,25,0.2549976706092554,Bayesian Ridge
0_Spectral variation,26,0.2526574263988383,Bayesian Ridge
0_Neighbourhood peaks,27,0.175104479489476,Bayesian Ridge
0_Wavelet absolute mean_27777777.78Hz,28,0.1749855577875476,Bayesian Ridge
0_Spectral entropy,29,0.1535839520853816,Bayesian Ridge
0_LPCC_0,30,0.091905144999839,Bayesian Ridge
0_Entropy,31,0.0818642975122868,Bayesian Ridge
0_Negative turning points,32,0.0584376596434615,Bayesian Ridge
0_LPCC_1,33,0.0524128490001436,Bayesian Ridge
0_Wavelet entropy,34,0.0465353386418864,Bayesian Ridge
0_Wavelet energy_125000000.0Hz,35,0.0417400874002574,Bayesian Ridge
0_LPCC_5,36,0.03209503240394,Bayesian Ridge
0_Mean diff,37,0.0186997049334788,Bayesian Ridge
0_Wavelet absolute mean_125000000.0Hz,38,0.0109389011643405,Bayesian Ridge
0_Slope,39,0.0078757812440469,Bayesian Ridge
0_LPCC_6,40,0.0020306139334956,Bayesian Ridge
0_Median absolute diff,41,0.0002993633864494,Bayesian Ridge
0_Median diff,42,0.0002539546115426,Bayesian Ridge
0_Peak to peak distance,1,35.17225014024694,XGBoost
0_Spectral entropy,2,19.96820548763532,XGBoost
0_Autocorrelation,3,12.760159022306649,XGBoost
0_Interquartile range,4,3.657060184062148,XGBoost
0_Spectral variation,5,2.195158105545242,XGBoost
0_Mean diff,6,1.395583564600737,XGBoost
0_Max,7,1.2548163827275851,XGBoost
0_Entropy,8,0.9977587998087828,XGBoost
0_Histogram mode,9,0.9170445553999396,XGBoost
0_MFCC_10,10,0.8478615925761563,XGBoost
0_Fundamental frequency,11,0.7931166767299171,XGBoost
0_Absolute energy,12,0.6217019530955081,XGBoost
0_MFCC_11,13,0.5598468290572365,XGBoost
0_Wavelet absolute mean_125000000.0Hz,14,0.5399211662020301,XGBoost
0_MFCC_9,15,0.5003791709564007,XGBoost
0_Wavelet energy_125000000.0Hz,16,0.4875783959994713,XGBoost
0_MFCC_4,17,0.4863391856150083,XGBoost
0_Slope,18,0.4799828455970933,XGBoost
0_Spectral positive turning points,19,0.4632074823453635,XGBoost
0_MFCC_8,20,0.4550411686415474,XGBoost
0_LPCC_6,21,0.4370544229504031,XGBoost
0_MFCC_5,22,0.4247414327661196,XGBoost
0_Median frequency,23,0.421341419379413,XGBoost
0_ECDF Percentile_0,24,0.4134725128718962,XGBoost
0_Wavelet entropy,25,0.3388752043370157,XGBoost
0_Median,26,0.3287034305576854,XGBoost
0_Maximum frequency,27,0.2831801370401556,XGBoost
0_ECDF Percentile_1,28,0.2728267703535657,XGBoost
0_MFCC_0,29,0.2546808910836155,XGBoost
0_LPCC_0,30,0.230168154791991,XGBoost
0_Mean,31,0.217238026412887,XGBoost
0_Wavelet absolute mean_27777777.78Hz,32,0.1679789781061001,XGBoost
0_LPCC_5,33,0.149693258830905,XGBoost
0_LPCC_1,34,0.1442618167630086,XGBoost
0_Spectral decrease,35,0.1436746387531361,XGBoost
0_Median diff,36,0.111622161356608,XGBoost
0_Neighbourhood peaks,37,0.0996548866759327,XGBoost
0_Median absolute diff,38,0.0559259649932384,XGBoost
0_Negative turning points,39,0.0558191417753696,XGBoost
0_Power bandwidth,40,0.0,XGBoost
0_Spectral roll-on,41,0.0,XGBoost
0_Zero crossing rate,42,0.0,XGBoost
0_Peak to peak distance,1,12.182921135680136,SVR
0_ECDF Percentile_0,2,10.78459327917531,SVR
0_Spectral variation,3,9.850461987397605,SVR
0_Spectral decrease,4,8.873700755111713,SVR
0_Median,5,8.403403133168949,SVR
0_LPCC_0,6,7.704281804757702,SVR
0_Wavelet absolute mean_27777777.78Hz,7,7.637973325891977,SVR
0_Absolute energy,8,7.562645000925442,SVR
0_Mean diff,9,7.5323448944317795,SVR
0_Interquartile range,10,7.477143132187132,SVR
0_Spectral entropy,11,7.331587425777334,SVR
0_Max,12,4.338464029929499,SVR
0_MFCC_11,13,3.628066688055772,SVR
0_Wavelet absolute mean_125000000.0Hz,14,3.2624522344604663,SVR
0_Slope,15,2.28318793795695,SVR
0_MFCC_5,16,2.2028524429316083,SVR
0_Mean,17,1.514786826726939,SVR
0_Autocorrelation,18,1.224982143869162,SVR
0_MFCC_9,19,0.2827208565266602,SVR
0_Maximum frequency,20,0.229110404435042,SVR
0_Median diff,21,0.1801573199063409,SVR
0_LPCC_5,22,0.1291073763861253,SVR
0_MFCC_10,23,0.1258346279480214,SVR
0_Negative turning points,24,0.1222089862908594,SVR
0_MFCC_0,25,0.1212601050940926,SVR
0_Wavelet energy_125000000.0Hz,26,0.0916177638843967,SVR
0_Power bandwidth,27,0.0585109507474207,SVR
0_Wavelet entropy,28,0.0223479418208747,SVR
0_Entropy,29,0.0218317248601298,SVR
0_Fundamental frequency,30,0.0,SVR
0_LPCC_1,31,0.0,SVR
0_Histogram mode,32,0.0,SVR
0_ECDF Percentile_1,33,0.0,SVR
0_MFCC_8,34,0.0,SVR
0_Median absolute diff,35,0.0,SVR
0_LPCC_6,36,0.0,SVR
0_MFCC_4,37,0.0,SVR
0_Neighbourhood peaks,38,0.0,SVR
0_Median frequency,39,0.0,SVR
0_Spectral roll-on,40,0.0,SVR
0_Spectral positive turning points,41,0.0,SVR
0_Zero crossing rate,42,0.0,SVR
0_Peak to peak distance,1,15.99556430543364,Random Forest
0_Spectral entropy,2,7.803314122820337,Random Forest
0_Absolute energy,3,6.317042574296536,Random Forest
0_Spectral variation,4,5.986718031745527,Random Forest
0_Entropy,5,5.534350582858518,Random Forest
0_Interquartile range,6,4.899016922392356,Random Forest
0_Autocorrelation,7,4.71957311417254,Random Forest
0_ECDF Percentile_0,8,2.839648283331484,Random Forest
0_Wavelet energy_125000000.0Hz,9,2.786536404396433,Random Forest
0_Histogram mode,10,2.571649021905866,Random Forest
0_MFCC_11,11,2.4268034135797607,Random Forest
0_Wavelet absolute mean_125000000.0Hz,12,2.3097039694283934,Random Forest
0_Wavelet absolute mean_27777777.78Hz,13,1.3280331790804396,Random Forest
0_Mean diff,14,1.244821098250127,Random Forest
0_LPCC_0,15,1.1883495523702237,Random Forest
0_Slope,16,1.1692632187874528,Random Forest
0_Fundamental frequency,17,1.029771728139014,Random Forest
0_Wavelet entropy,18,0.8532329621394248,Random Forest
0_ECDF Percentile_1,19,0.7551094550512032,Random Forest
0_MFCC_8,20,0.6981311909506484,Random Forest
0_MFCC_9,21,0.678057016009496,Random Forest
0_MFCC_0,22,0.6469651224187574,Random Forest
0_Spectral decrease,23,0.615374736844205,Random Forest
0_MFCC_5,24,0.5337166596203343,Random Forest
0_Median,25,0.50486840278833,Random Forest
0_MFCC_10,26,0.3986305567565062,Random Forest
0_Median frequency,27,0.3796009469146839,Random Forest
0_Max,28,0.3646360251575474,Random Forest
0_Mean,29,0.3567566553956635,Random Forest
0_LPCC_5,30,0.3142347394305824,Random Forest
0_Zero crossing rate,31,0.313399223481755,Random Forest
0_Maximum frequency,32,0.3074799427247373,Random Forest
0_LPCC_1,33,0.2656557887510318,Random Forest
0_MFCC_4,34,0.1976640446757898,Random Forest
0_LPCC_6,35,0.1712148898716996,Random Forest
0_Spectral positive turning points,36,0.0948468873579908,Random Forest
0_Negative turning points,37,0.0844117721479075,Random Forest
0_Power bandwidth,38,0.0743701034039259,Random Forest
0_Median absolute diff,39,0.0716559697631746,Random Forest
0_Spectral roll-on,40,0.0152881981241827,Random Forest
0_Neighbourhood peaks,41,0.0051556329112034,Random Forest
0_Median diff,42,0.0,Random Forest
0_Maximum frequency,1,98935239.43443508,Bayesian Ridge
0_Median frequency,2,4309908.760581216,Bayesian Ridge
0_Power bandwidth,3,2547126.6849453324,Bayesian Ridge
0_Fundamental frequency,4,2156804.656213734,Bayesian Ridge
0_Spectral roll-on,5,2058502.8399424893,Bayesian Ridge
0_MFCC_4,6,1490.5942803107523,Bayesian Ridge
0_MFCC_9,7,1464.1585675774595,Bayesian Ridge
0_MFCC_5,8,1248.7685144824993,Bayesian Ridge
0_MFCC_11,9,1174.4289620880882,Bayesian Ridge
0_MFCC_10,10,510.82942536861947,Bayesian Ridge
0_MFCC_8,11,484.57901911391946,Bayesian Ridge
0_MFCC_0,12,171.609107055145,Bayesian Ridge
0_Absolute energy,13,25.37077668750045,Bayesian Ridge
0_Peak to peak distance,14,8.33242751081925,Bayesian Ridge
0_Spectral positive turning points,15,5.339882271831193,Bayesian Ridge
0_Autocorrelation,16,3.981213888199892,Bayesian Ridge
0_Spectral decrease,17,3.281478164494748,Bayesian Ridge
0_ECDF Percentile_0,18,3.2397324257263223,Bayesian Ridge
0_Max,19,2.021353578750864,Bayesian Ridge
0_ECDF Percentile_1,20,1.995888793670444,Bayesian Ridge
0_Mean,21,1.908463806180404,Bayesian Ridge
0_Zero crossing rate,22,1.4560236792394858,Bayesian Ridge
0_Median,23,0.867795875083688,Bayesian Ridge
0_Interquartile range,24,0.4188616459811032,Bayesian Ridge
0_Negative turning points,25,0.3250604539343549,Bayesian Ridge
0_Spectral variation,26,0.2632497464559943,Bayesian Ridge
0_Histogram mode,27,0.2609000930091162,Bayesian Ridge
0_Wavelet absolute mean_27777777.78Hz,28,0.2539039900219768,Bayesian Ridge
0_Spectral entropy,29,0.1476763473587437,Bayesian Ridge
0_Entropy,30,0.0994088464030896,Bayesian Ridge
0_Neighbourhood peaks,31,0.0834135826004922,Bayesian Ridge
0_LPCC_1,32,0.0690941989508199,Bayesian Ridge
0_LPCC_0,33,0.0465655759687853,Bayesian Ridge
0_Wavelet energy_125000000.0Hz,34,0.0378254798671834,Bayesian Ridge
0_LPCC_5,35,0.0347996760400056,Bayesian Ridge
0_Wavelet entropy,36,0.0309700592669987,Bayesian Ridge
0_LPCC_6,37,0.0117699433371925,Bayesian Ridge
0_Mean diff,38,0.0110676461055452,Bayesian Ridge
0_Slope,39,0.0092839134134542,Bayesian Ridge
0_Median absolute diff,40,0.0010954869658232,Bayesian Ridge
0_Wavelet absolute mean_125000000.0Hz,41,0.0007879882392857,Bayesian Ridge
0_Median diff,42,0.000263310058659,Bayesian Ridge
0_Peak to peak distance,1,34.31356625630557,XGBoost
0_Spectral entropy,2,17.891426903822335,XGBoost
0_Autocorrelation,3,9.652333369362973,XGBoost
0_Interquartile range,4,5.207339285712346,XGBoost
0_Entropy,5,3.801148236869586,XGBoost
0_Spectral variation,6,3.390586502860115,XGBoost
0_Absolute energy,7,3.035258569343637,XGBoost
0_Mean diff,8,1.227191562472843,XGBoost
0_Histogram mode,9,1.1612318719070407,XGBoost
0_Wavelet energy_125000000.0Hz,10,1.0998630748057427,XGBoost
0_MFCC_10,11,1.0812721013080946,XGBoost
0_ECDF Percentile_0,12,0.9414593821488942,XGBoost
0_Slope,13,0.9018091671512768,XGBoost
0_Fundamental frequency,14,0.8935610791305701,XGBoost
0_LPCC_0,15,0.8516124427677444,XGBoost
0_Wavelet absolute mean_125000000.0Hz,16,0.7837313912936796,XGBoost
0_Spectral positive turning points,17,0.7745861679741491,XGBoost
0_Max,18,0.7249403473188482,XGBoost
0_MFCC_0,19,0.6372789427702005,XGBoost
0_LPCC_1,20,0.6140183025004962,XGBoost
0_LPCC_6,21,0.6050008471888177,XGBoost
0_MFCC_8,22,0.6025269740812478,XGBoost
0_MFCC_9,23,0.5338635503907376,XGBoost
0_MFCC_11,24,0.498638389517491,XGBoost
0_LPCC_5,25,0.4744900784072776,XGBoost
0_MFCC_5,26,0.4734017560363436,XGBoost
0_Wavelet entropy,27,0.4516046420291997,XGBoost
0_Wavelet absolute mean_27777777.78Hz,28,0.3498784689211907,XGBoost
0_Maximum frequency,29,0.3221317209172995,XGBoost
0_ECDF Percentile_1,30,0.3170256379989285,XGBoost
0_Median,31,0.3012449563932916,XGBoost
0_Spectral decrease,32,0.2791875966393389,XGBoost
0_Neighbourhood peaks,33,0.2641499838401874,XGBoost
0_MFCC_4,34,0.2439671958645185,XGBoost
0_Mean,35,0.1758367033367355,XGBoost
0_Negative turning points,36,0.1542911518543958,XGBoost
0_Median frequency,37,0.0648860504404951,XGBoost
0_Median diff,38,0.0559801630298296,XGBoost
0_Median absolute diff,39,0.0144700361410776,XGBoost
0_Power bandwidth,40,0.0,XGBoost
0_Spectral roll-on,41,0.0,XGBoost
0_Zero crossing rate,42,0.0,XGBoost
0_Peak to peak distance,1,11.528189286645812,SVR
0_Mean diff,2,10.142341317703774,SVR
0_Spectral entropy,3,9.186452617775984,SVR
0_Spectral variation,4,8.623898097891551,SVR
0_Wavelet absolute mean_27777777.78Hz,5,8.586405434998932,SVR
0_ECDF Percentile_0,6,8.34188161114168,SVR
0_Median,7,8.11886279606883,SVR
0_Interquartile range,8,7.1776108001566765,SVR
0_Absolute energy,9,7.157529099896827,SVR
0_Spectral decrease,10,6.57973066649244,SVR
0_LPCC_0,11,4.9704474363357685,SVR
0_MFCC_11,12,4.363923678263205,SVR
0_Wavelet absolute mean_125000000.0Hz,13,4.178559708411914,SVR
0_MFCC_5,14,3.555205325793501,SVR
0_Slope,15,3.5459755573218263,SVR
0_Max,16,3.4377639825735016,SVR
0_Autocorrelation,17,1.299668190235577,SVR
0_Wavelet energy_125000000.0Hz,18,1.059718718826897,SVR
0_Maximum frequency,19,0.6609534819646354,SVR
0_MFCC_4,20,0.5506677105812061,SVR
0_MFCC_9,21,0.3807394834284471,SVR
0_MFCC_0,22,0.1700724207252827,SVR
0_MFCC_8,23,0.1640375940374026,SVR
0_Histogram mode,24,0.1356929881972178,SVR
0_Spectral roll-on,25,0.1174319279941033,SVR
0_Wavelet entropy,26,0.1167646245580359,SVR
0_LPCC_1,27,0.0773781148744441,SVR
0_Neighbourhood peaks,28,0.0650693110111644,SVR
0_Mean,29,0.0539633577914217,SVR
0_Power bandwidth,30,0.0452086207799236,SVR
0_LPCC_5,31,0.0380240406545362,SVR
0_Median absolute diff,32,0.0361480961150682,SVR
0_MFCC_10,33,0.0190693679120856,SVR
0_Fundamental frequency,34,0.0,SVR
0_Entropy,35,0.0,SVR
0_ECDF Percentile_1,36,0.0,SVR
0_Median diff,37,0.0,SVR
0_LPCC_6,38,0.0,SVR
0_Negative turning points,39,0.0,SVR
0_Median frequency,40,0.0,SVR
0_Spectral positive turning points,41,0.0,SVR
0_Zero crossing rate,42,0.0,SVR
0_Peak to peak distance,1,17.394545681767667,Random Forest
0_Spectral entropy,2,7.5287258043339325,Random Forest
0_Absolute energy,3,7.117188143606701,Random Forest
0_Spectral variation,4,5.686715284036322,Random Forest
0_Autocorrelation,5,5.297860980039619,Random Forest
0_Entropy,6,4.588251066401463,Random Forest
0_Interquartile range,7,3.671693179374778,Random Forest
0_Wavelet energy_125000000.0Hz,8,3.31600245282723,Random Forest
0_ECDF Percentile_0,9,2.908212969372622,Random Forest
0_Histogram mode,10,2.8131960935499207,Random Forest
0_MFCC_11,11,1.9328375488630336,Random Forest
0_Wavelet absolute mean_125000000.0Hz,12,1.8316154560829507,Random Forest
0_LPCC_0,13,1.248236213513495,Random Forest
0_Slope,14,1.2173558586136126,Random Forest
0_Fundamental frequency,15,1.019830329886824,Random Forest
0_Mean diff,16,1.0147883336337598,Random Forest
0_Wavelet absolute mean_27777777.78Hz,17,0.855443864258363,Random Forest
0_MFCC_0,18,0.8367819163497225,Random Forest
0_MFCC_8,19,0.7401426312384507,Random Forest
0_Wavelet entropy,20,0.7389672272814748,Random Forest
0_MFCC_9,21,0.6482202115238179,Random Forest
0_ECDF Percentile_1,22,0.5565243850943167,Random Forest
0_MFCC_10,23,0.4543438741388109,Random Forest
0_Max,24,0.4375013119242153,Random Forest
0_Median,25,0.415141564973304,Random Forest
0_MFCC_5,26,0.3441209047951736,Random Forest
0_Spectral decrease,27,0.3268195714759019,Random Forest
0_Median frequency,28,0.310756978912186,Random Forest
0_Maximum frequency,29,0.3057903398316199,Random Forest
0_LPCC_6,30,0.2965676105898494,Random Forest
0_Zero crossing rate,31,0.2657626973829231,Random Forest
0_LPCC_5,32,0.261555587858955,Random Forest
0_LPCC_1,33,0.2272802989742253,Random Forest
0_MFCC_4,34,0.2048738637052476,Random Forest
0_Mean,35,0.133894312759675,Random Forest
0_Median absolute diff,36,0.0980155849372347,Random Forest
0_Power bandwidth,37,0.09565512487938,Random Forest
0_Spectral positive turning points,38,0.0592096605317977,Random Forest
0_Negative turning points,39,0.0366376893885433,Random Forest
0_Spectral roll-on,40,0.0219143930124739,Random Forest
0_Neighbourhood peaks,41,0.0098424439092787,Random Forest
0_Median diff,42,0.0,Random Forest
0_Maximum frequency,1,132254020.581549,Bayesian Ridge
0_Median frequency,2,3968284.944607028,Bayesian Ridge
0_Fundamental frequency,3,2079982.2442215064,Bayesian Ridge
0_Power bandwidth,4,1492136.2341847294,Bayesian Ridge
0_Spectral roll-on,5,747195.7796317291,Bayesian Ridge
0_MFCC_4,6,1774.5005691380857,Bayesian Ridge
0_MFCC_9,7,1577.644992175686,Bayesian Ridge
0_MFCC_11,8,1566.2639413519478,Bayesian Ridge
0_MFCC_5,9,1294.4838042948918,Bayesian Ridge
0_MFCC_8,10,576.5908672530002,Bayesian Ridge
0_MFCC_10,11,292.0731125834999,Bayesian Ridge
0_MFCC_0,12,263.4858950725357,Bayesian Ridge
0_Absolute energy,13,107.50299990517506,Bayesian Ridge
0_Peak to peak distance,14,8.322387577171707,Bayesian Ridge
0_Autocorrelation,15,5.75349714552032,Bayesian Ridge
0_Spectral decrease,16,4.674470019087337,Bayesian Ridge
0_ECDF Percentile_0,17,3.8981254190535166,Bayesian Ridge
0_ECDF Percentile_1,18,2.351803677677799,Bayesian Ridge
0_Spectral positive turning points,19,2.299367649332176,Bayesian Ridge
0_Max,20,2.275868124847628,Bayesian Ridge
0_Mean,21,1.8143668779552005,Bayesian Ridge
0_Zero crossing rate,22,1.4287751838778948,Bayesian Ridge
0_Median,23,0.9607267725311732,Bayesian Ridge
0_Interquartile range,24,0.7243227098506346,Bayesian Ridge
0_Negative turning points,25,0.187023114561914,Bayesian Ridge
0_Wavelet absolute mean_27777777.78Hz,26,0.1815848021669839,Bayesian Ridge
0_Spectral entropy,27,0.1733883967458358,Bayesian Ridge
0_Histogram mode,28,0.1513973225235279,Bayesian Ridge
0_Spectral variation,29,0.1304868209654306,Bayesian Ridge
0_Entropy,30,0.1085456239930487,Bayesian Ridge
0_LPCC_1,31,0.087464018748659,Bayesian Ridge
0_Neighbourhood peaks,32,0.0575008358113331,Bayesian Ridge
0_LPCC_0,33,0.036964678836082,Bayesian Ridge
0_Wavelet entropy,34,0.0368686615977356,Bayesian Ridge
0_LPCC_6,35,0.0361285984988694,Bayesian Ridge
0_Wavelet energy_125000000.0Hz,36,0.031167190034507,Bayesian Ridge
0_LPCC_5,37,0.0259898392313237,Bayesian Ridge
0_Wavelet absolute mean_125000000.0Hz,38,0.0095268714214103,Bayesian Ridge
0_Slope,39,0.0095188385035236,Bayesian Ridge
0_Mean diff,40,0.0080599699001173,Bayesian Ridge
0_Median absolute diff,41,0.0003274195490692,Bayesian Ridge
0_Median diff,42,0.0,Bayesian Ridge
0_Peak to peak distance,1,35.17357322497493,XGBoost
0_Spectral entropy,2,16.030567913639057,XGBoost
0_Autocorrelation,3,7.813368818894528,XGBoost
0_Spectral variation,4,5.305934599744281,XGBoost
0_Interquartile range,5,4.5914217910110935,XGBoost
0_Absolute energy,6,3.9811250034621306,XGBoost
0_Mean diff,7,3.446337603573998,XGBoost
0_Entropy,8,2.2950228025806445,XGBoost
0_Histogram mode,9,1.309289103349608,XGBoost
0_MFCC_10,10,1.1081099310482854,XGBoost
0_Max,11,0.9617806697682786,XGBoost
0_Fundamental frequency,12,0.7447237245668968,XGBoost
0_Wavelet entropy,13,0.7037507508218445,XGBoost
0_MFCC_9,14,0.7019554973166438,XGBoost
0_Wavelet absolute mean_125000000.0Hz,15,0.6915606497935329,XGBoost
0_LPCC_0,16,0.6728733483637993,XGBoost
0_MFCC_0,17,0.6471874593781618,XGBoost
0_MFCC_11,18,0.6273481736533346,XGBoost
0_LPCC_5,19,0.6162308254659797,XGBoost
0_MFCC_8,20,0.5177087008518165,XGBoost
0_MFCC_5,21,0.4986581574926775,XGBoost
0_Wavelet energy_125000000.0Hz,22,0.4720879057710372,XGBoost
0_LPCC_1,23,0.4629103819353196,XGBoost
0_LPCC_6,24,0.4598822439507271,XGBoost
0_ECDF Percentile_1,25,0.4424291444391012,XGBoost
0_ECDF Percentile_0,26,0.4121038658861069,XGBoost
0_Spectral positive turning points,27,0.4068903902811309,XGBoost
0_Spectral decrease,28,0.396305280410995,XGBoost
0_Wavelet absolute mean_27777777.78Hz,29,0.3677661852667108,XGBoost
0_MFCC_4,30,0.3307412624822308,XGBoost
0_Slope,31,0.3094920616332439,XGBoost
0_Median,32,0.2342880258696153,XGBoost
0_Zero crossing rate,33,0.2130265269140403,XGBoost
0_Mean,34,0.2002447841307768,XGBoost
0_Maximum frequency,35,0.193847764453416,XGBoost
0_Median absolute diff,36,0.1099209984838961,XGBoost
0_Negative turning points,37,0.0698180919052412,XGBoost
0_Neighbourhood peaks,38,0.0127462197418014,XGBoost
0_Median frequency,39,0.0118550026794274,XGBoost
0_Median diff,40,0.0,XGBoost
0_Power bandwidth,41,0.0,XGBoost
0_Spectral roll-on,42,0.0,XGBoost
0_Peak to peak distance,1,12.937516174661054,SVR
0_LPCC_0,2,10.551645088387843,SVR
0_Spectral variation,3,9.767905936462828,SVR
0_Spectral entropy,4,9.68518673794822,SVR
0_Absolute energy,5,8.791173887361296,SVR
0_Interquartile range,6,8.434033480310442,SVR
0_ECDF Percentile_0,7,7.318350366249116,SVR
0_Spectral decrease,8,6.881001453614976,SVR
0_Median,9,6.782795066853141,SVR
0_Mean diff,10,6.168148001629793,SVR
0_Wavelet absolute mean_27777777.78Hz,11,5.834317619478743,SVR
0_MFCC_11,12,4.973580712900758,SVR
0_Slope,13,2.687887591557365,SVR
0_Autocorrelation,14,2.596919790290257,SVR
0_Wavelet absolute mean_125000000.0Hz,15,2.4482994405468115,SVR
0_Max,16,2.297825610796508,SVR
0_Wavelet entropy,17,1.043165254395722,SVR
0_MFCC_0,18,0.9789629950366092,SVR
0_Mean,19,0.808702341410654,SVR
0_MFCC_9,20,0.6206917810451352,SVR
0_LPCC_5,21,0.5287071491337083,SVR
0_MFCC_5,22,0.4866439939544642,SVR
0_MFCC_4,23,0.3573000428883104,SVR
0_Wavelet energy_125000000.0Hz,24,0.1641881635445307,SVR
0_Maximum frequency,25,0.063646264087766,SVR
0_MFCC_10,26,0.052006890089725,SVR
0_Spectral positive turning points,27,0.0229281835502935,SVR
0_Spectral roll-on,28,0.0055795259531095,SVR
0_LPCC_1,29,0.0,SVR
0_Fundamental frequency,30,0.0,SVR
0_ECDF Percentile_1,31,0.0,SVR
0_Histogram mode,32,0.0,SVR
0_Entropy,33,0.0,SVR
0_MFCC_8,34,0.0,SVR
0_Median diff,35,0.0,SVR
0_Median absolute diff,36,0.0,SVR
0_LPCC_6,37,0.0,SVR
0_Neighbourhood peaks,38,0.0,SVR
0_Power bandwidth,39,0.0,SVR
0_Median frequency,40,0.0,SVR
0_Negative turning points,41,0.0,SVR
0_Zero crossing rate,42,0.0,SVR
0_Peak to peak distance,1,17.494035455078105,Random Forest
0_Spectral entropy,2,8.031449123704789,Random Forest
0_Absolute energy,3,6.812521633303313,Random Forest
0_Entropy,4,5.854820374598647,Random Forest
0_Spectral variation,5,5.83261484948878,Random Forest
0_Autocorrelation,6,5.30532235360043,Random Forest
0_Interquartile range,7,5.219779637094539,Random Forest
0_Wavelet energy_125000000.0Hz,8,2.8543398087362006,Random Forest
0_ECDF Percentile_0,9,2.771614177183547,Random Forest
0_Histogram mode,10,2.0698767093425,Random Forest
0_Wavelet absolute mean_125000000.0Hz,11,1.9879912317013604,Random Forest
0_MFCC_11,12,1.596325035371864,Random Forest
0_LPCC_0,13,1.2219504200077504,Random Forest
0_Wavelet absolute mean_27777777.78Hz,14,1.189619446732891,Random Forest
0_Slope,15,1.007957396154649,Random Forest
0_Median frequency,16,0.9234407808245936,Random Forest
0_Mean diff,17,0.8903526413845598,Random Forest
0_Wavelet entropy,18,0.8624514286204628,Random Forest
0_MFCC_0,19,0.7679795378941573,Random Forest
0_ECDF Percentile_1,20,0.7308919291617579,Random Forest
0_Fundamental frequency,21,0.7279528112054493,Random Forest
0_Max,22,0.6955643647130889,Random Forest
0_MFCC_8,23,0.6321237516393574,Random Forest
0_MFCC_9,24,0.6233167768892212,Random Forest
0_MFCC_10,25,0.4624830781062113,Random Forest
0_MFCC_5,26,0.3699526994557101,Random Forest
0_Median,27,0.3659984245861337,Random Forest
0_Spectral decrease,28,0.3337302873877265,Random Forest
0_Maximum frequency,29,0.317884910255527,Random Forest
0_LPCC_5,30,0.3133971461446374,Random Forest
0_LPCC_1,31,0.2711420487691339,Random Forest
0_MFCC_4,32,0.2048314275457019,Random Forest
0_Zero crossing rate,33,0.2019037628770767,Random Forest
0_LPCC_6,34,0.1801575129522475,Random Forest
0_Spectral positive turning points,35,0.1200216777331583,Random Forest
0_Mean,36,0.1185675061173038,Random Forest
0_Median absolute diff,37,0.1174441850002234,Random Forest
0_Power bandwidth,38,0.0624106588901951,Random Forest
0_Negative turning points,39,0.0464108048922072,Random Forest
0_Spectral roll-on,40,0.0204650398364911,Random Forest
0_Neighbourhood peaks,41,0.0187934633043905,Random Forest
0_Median diff,42,0.0,Random Forest
0_Maximum frequency,1,112773790.48226708,Bayesian Ridge
0_Median frequency,2,3042424.4045255734,Bayesian Ridge
0_Fundamental frequency,3,1995412.9750798908,Bayesian Ridge
0_Power bandwidth,4,1981277.9079945453,Bayesian Ridge
0_Spectral roll-on,5,1055498.0951586603,Bayesian Ridge
0_MFCC_9,6,1761.890029707222,Bayesian Ridge
0_MFCC_4,7,1702.9830900787051,Bayesian Ridge
0_MFCC_11,8,1542.2453037244434,Bayesian Ridge
0_MFCC_5,9,1298.662880697264,Bayesian Ridge
0_MFCC_8,10,707.4992330630496,Bayesian Ridge
0_MFCC_10,11,421.58769707552426,Bayesian Ridge
0_MFCC_0,12,174.74032263863333,Bayesian Ridge
0_Peak to peak distance,13,9.00594613551677,Bayesian Ridge
0_Spectral positive turning points,14,7.7866794536061,Bayesian Ridge
0_Autocorrelation,15,6.018800991145952,Bayesian Ridge
0_Absolute energy,16,5.833874022012422,Bayesian Ridge
0_Spectral decrease,17,4.232440006881787,Bayesian Ridge
0_ECDF Percentile_0,18,2.9900204258564544,Bayesian Ridge
0_Max,19,2.5417903845529173,Bayesian Ridge
0_ECDF Percentile_1,20,1.9204926111112544,Bayesian Ridge
0_Mean,21,1.761262154894955,Bayesian Ridge
0_Zero crossing rate,22,1.3272456165086368,Bayesian Ridge
0_Median,23,0.6868714956708603,Bayesian Ridge
0_Interquartile range,24,0.5719599376156632,Bayesian Ridge
0_Spectral variation,25,0.2861854406272206,Bayesian Ridge
0_Negative turning points,26,0.2011608150045894,Bayesian Ridge
0_Spectral entropy,27,0.1587768795944002,Bayesian Ridge
0_Wavelet absolute mean_27777777.78Hz,28,0.1238224226965717,Bayesian Ridge
0_Histogram mode,29,0.1227499185117032,Bayesian Ridge
0_LPCC_1,30,0.1045208011461057,Bayesian Ridge
0_Entropy,31,0.0810739295998972,Bayesian Ridge
0_Neighbourhood peaks,32,0.077199003907229,Bayesian Ridge
0_LPCC_0,33,0.0562316971119359,Bayesian Ridge
0_LPCC_5,34,0.0492098234317847,Bayesian Ridge
0_Wavelet energy_125000000.0Hz,35,0.0471409507383119,Bayesian Ridge
0_Wavelet entropy,36,0.0378104344734349,Bayesian Ridge
0_LPCC_6,37,0.0216897044142443,Bayesian Ridge
0_Wavelet absolute mean_125000000.0Hz,38,0.0084096943769004,Bayesian Ridge
0_Slope,39,0.0083083156269317,Bayesian Ridge
0_Mean diff,40,0.0075129362929836,Bayesian Ridge
0_Median absolute diff,41,0.0021169271928217,Bayesian Ridge
0_Median diff,42,0.0,Bayesian Ridge
0_Peak to peak distance,1,37.74192271796334,XGBoost
0_Spectral entropy,2,17.484392205207552,XGBoost
0_Autocorrelation,3,12.155857989705105,XGBoost
0_Entropy,4,5.115883393829254,XGBoost
0_Absolute energy,5,5.060985483552111,XGBoost
0_Spectral variation,6,2.6143016491264097,XGBoost
0_Interquartile range,7,1.9348233715133745,XGBoost
0_Mean diff,8,1.7510088778323492,XGBoost
0_Slope,9,1.3412153082405525,XGBoost
0_LPCC_0,10,1.0348283299649137,XGBoost
0_Histogram mode,11,0.7739724856866989,XGBoost
0_MFCC_11,12,0.7590921288489054,XGBoost
0_Fundamental frequency,13,0.7052514863570529,XGBoost
0_Spectral positive turning points,14,0.5869305569098019,XGBoost
0_Wavelet absolute mean_125000000.0Hz,15,0.5627827736023193,XGBoost
0_ECDF Percentile_0,16,0.5556321288110067,XGBoost
0_MFCC_4,17,0.5542068225963661,XGBoost
0_LPCC_6,18,0.5436263317026818,XGBoost
0_Wavelet entropy,19,0.5238802245505153,XGBoost
0_MFCC_8,20,0.519605100186666,XGBoost
0_Wavelet energy_125000000.0Hz,21,0.5150143227462346,XGBoost
0_MFCC_5,22,0.4973517257402961,XGBoost
0_Max,23,0.4931503037115869,XGBoost
0_MFCC_9,24,0.4625297282462939,XGBoost
0_Negative turning points,25,0.3814689070038498,XGBoost
0_MFCC_10,26,0.3642676469303046,XGBoost
0_LPCC_1,27,0.3615728687126812,XGBoost
0_Median,28,0.3483962709591413,XGBoost
0_MFCC_0,29,0.3216974864132704,XGBoost
0_Spectral decrease,30,0.263616029555723,XGBoost
0_Wavelet absolute mean_27777777.78Hz,31,0.2560691529604295,XGBoost
0_LPCC_5,32,0.2218674238571896,XGBoost
0_Mean,33,0.2008435532593478,XGBoost
0_Maximum frequency,34,0.1548740873038768,XGBoost
0_ECDF Percentile_1,35,0.1528493399949743,XGBoost
0_Neighbourhood peaks,36,0.1408060417932768,XGBoost
0_Zero crossing rate,37,0.1239485152631377,XGBoost
0_Median absolute diff,38,0.0208029660304387,XGBoost
0_Median diff,39,0.0,XGBoost
0_Median frequency,40,0.0,XGBoost
0_Power bandwidth,41,0.0,XGBoost
0_Spectral roll-on,42,0.0,XGBoost
0_Spectral decrease,1,11.580440750583444,SVR
0_Peak to peak distance,2,10.620488644473523,SVR
0_ECDF Percentile_0,3,9.1926337867662,SVR
0_Spectral variation,4,9.05246063396938,SVR
0_Spectral entropy,5,8.969645565591073,SVR
0_Interquartile range,6,8.305168461224985,SVR
0_Wavelet absolute mean_27777777.78Hz,7,8.102739720245365,SVR
0_LPCC_0,8,7.961021030969988,SVR
0_Absolute energy,9,7.120480621684503,SVR
0_Mean diff,10,6.704050825590835,SVR
0_Median,11,6.521518444617972,SVR
0_Max,12,5.3122648744990455,SVR
0_Wavelet absolute mean_125000000.0Hz,13,3.428050787554101,SVR
0_MFCC_11,14,3.0514585508677623,SVR
0_Slope,15,2.735650750338268,SVR
0_MFCC_5,16,2.4259442440570704,SVR
0_Mean,17,2.222863830266153,SVR
0_Autocorrelation,18,1.5897257266372102,SVR
0_Wavelet entropy,19,0.7485119125624207,SVR
0_MFCC_9,20,0.5466550834969771,SVR
0_MFCC_10,21,0.5373836817541539,SVR
0_Maximum frequency,22,0.4174094413036192,SVR
0_MFCC_0,23,0.392990934414311,SVR
0_Median diff,24,0.3749042884152845,SVR
0_ECDF Percentile_1,25,0.3223570443562625,SVR
0_Spectral roll-on,26,0.2232148603563687,SVR
0_Neighbourhood peaks,27,0.0362005018055491,SVR
0_Histogram mode,28,0.0,SVR
0_Entropy,29,0.0,SVR
0_Fundamental frequency,30,0.0,SVR
0_LPCC_1,31,0.0,SVR
0_LPCC_5,32,0.0,SVR
0_MFCC_4,33,0.0,SVR
0_MFCC_8,34,0.0,SVR
0_Median absolute diff,35,0.0,SVR
0_LPCC_6,36,0.0,SVR
0_Negative turning points,37,0.0,SVR
0_Median frequency,38,0.0,SVR
0_Power bandwidth,39,0.0,SVR
0_Spectral positive turning points,40,0.0,SVR
0_Wavelet energy_125000000.0Hz,41,0.0,SVR
0_Zero crossing rate,42,0.0,SVR
0_Peak to peak distance,1,15.575249581375074,Random Forest
0_Absolute energy,2,8.08180324767609,Random Forest
0_Spectral entropy,3,7.937674080874858,Random Forest
0_Entropy,4,5.596288487183402,Random Forest
0_Interquartile range,5,5.319271231850096,Random Forest
0_Autocorrelation,6,4.978262882974747,Random Forest
0_Spectral variation,7,4.440114143094771,Random Forest
0_Wavelet energy_125000000.0Hz,8,3.5619530077544126,Random Forest
0_ECDF Percentile_0,9,2.7591020394863337,Random Forest
0_Wavelet absolute mean_125000000.0Hz,10,2.6413802686219494,Random Forest
0_MFCC_11,11,2.1388649724002704,Random Forest
0_Histogram mode,12,1.921523133374595,Random Forest
0_LPCC_0,13,1.2446034127912595,Random Forest
0_Wavelet absolute mean_27777777.78Hz,14,1.0433574471511802,Random Forest
0_Fundamental frequency,15,1.0003297742373778,Random Forest
0_MFCC_9,16,0.9350913865259308,Random Forest
0_Mean diff,17,0.8497508094732962,Random Forest
0_Slope,18,0.760848593611278,Random Forest
0_MFCC_8,19,0.7481754321946377,Random Forest
0_ECDF Percentile_1,20,0.7260469938235437,Random Forest
0_Wavelet entropy,21,0.6926487049150978,Random Forest
0_MFCC_0,22,0.6499436655040753,Random Forest
0_Median frequency,23,0.5723921330802919,Random Forest
0_Max,24,0.4437147474404735,Random Forest
0_Median,25,0.410025333750217,Random Forest
0_MFCC_10,26,0.4087648670883074,Random Forest
0_MFCC_5,27,0.382747386596639,Random Forest
0_Spectral decrease,28,0.3665026899921087,Random Forest
0_Maximum frequency,29,0.289651103577786,Random Forest
0_LPCC_1,30,0.287445352184361,Random Forest
0_LPCC_5,31,0.2816010898221361,Random Forest
0_LPCC_6,32,0.2485085787529901,Random Forest
0_Zero crossing rate,33,0.2483283164442051,Random Forest
0_Mean,34,0.2043498977812783,Random Forest
0_MFCC_4,35,0.1084350645720725,Random Forest
0_Spectral positive turning points,36,0.0775713019191132,Random Forest
0_Power bandwidth,37,0.0677866062266131,Random Forest
0_Median absolute diff,38,0.0301236393489875,Random Forest
0_Negative turning points,39,0.0257363237166777,Random Forest
0_Spectral roll-on,40,0.0173945388937989,Random Forest
0_Neighbourhood peaks,41,0.0052843542722364,Random Forest
0_Median diff,42,0.0,Random Forest
0_Maximum frequency,1,152397077.33223596,Bayesian Ridge
0_Median frequency,2,3063463.836802468,Bayesian Ridge
0_Power bandwidth,3,1651645.3718583698,Bayesian Ridge
0_Spectral roll-on,4,1027578.4224520636,Bayesian Ridge
0_Fundamental frequency,5,755325.7503989626,Bayesian Ridge
0_MFCC_4,6,978.1918176525912,Bayesian Ridge
0_MFCC_11,7,930.5170119929368,Bayesian Ridge
0_MFCC_5,8,739.3097170089517,Bayesian Ridge
0_MFCC_9,9,731.428064080393,Bayesian Ridge
0_MFCC_10,10,249.8884655295952,Bayesian Ridge
0_MFCC_8,11,186.0614464746396,Bayesian Ridge
0_MFCC_0,12,96.61777729505756,Bayesian Ridge
0_Absolute energy,13,34.49849769391785,Bayesian Ridge
0_Spectral decrease,14,11.763389817465862,Bayesian Ridge
0_Peak to peak distance,15,6.848703706705636,Bayesian Ridge
0_Autocorrelation,16,5.313177874826875,Bayesian Ridge
0_Spectral positive turning points,17,4.370267070406281,Bayesian Ridge
0_ECDF Percentile_0,18,2.8956528431476087,Bayesian Ridge
0_Max,19,2.4998542115491063,Bayesian Ridge
0_ECDF Percentile_1,20,2.4253096375374,Bayesian Ridge
0_Mean,21,2.074956110655899,Bayesian Ridge
0_Interquartile range,22,1.467083184997208,Bayesian Ridge
0_Zero crossing rate,23,0.9465371115951188,Bayesian Ridge
0_Spectral variation,24,0.7259470714643542,Bayesian Ridge
0_Median,25,0.6504553265046156,Bayesian Ridge
0_Negative turning points,26,0.3935259817597966,Bayesian Ridge
0_Wavelet absolute mean_27777777.78Hz,27,0.2575878701852175,Bayesian Ridge
0_LPCC_0,28,0.2338178367512271,Bayesian Ridge
0_Histogram mode,29,0.1972200198512089,Bayesian Ridge
0_Neighbourhood peaks,30,0.1340011565751986,Bayesian Ridge
0_Entropy,31,0.0802551847726683,Bayesian Ridge
0_LPCC_1,32,0.040556919904154,Bayesian Ridge
0_LPCC_5,33,0.0385650667446647,Bayesian Ridge
0_Wavelet energy_125000000.0Hz,34,0.0265763716065485,Bayesian Ridge
0_Mean diff,35,0.0092156112175993,Bayesian Ridge
0_Slope,36,0.0085676276846077,Bayesian Ridge
0_LPCC_6,37,0.0057332158208825,Bayesian Ridge
0_Wavelet absolute mean_125000000.0Hz,38,0.0028983499814806,Bayesian Ridge
0_Wavelet entropy,39,0.0026288164278321,Bayesian Ridge
0_Median absolute diff,40,0.0014189720871106,Bayesian Ridge
0_Spectral entropy,41,0.0010569780703118,Bayesian Ridge
0_Median diff,42,5.2850549136675616e-05,Bayesian Ridge
0_Peak to peak distance,1,34.12889421725627,XGBoost
0_Spectral entropy,2,18.84635182482439,XGBoost
0_Autocorrelation,3,11.339957968463931,XGBoost
0_Interquartile range,4,5.914525898342767,XGBoost
0_Entropy,5,3.7585217888923976,XGBoost
0_Absolute energy,6,3.139148275408304,XGBoost
0_Wavelet absolute mean_125000000.0Hz,7,2.4070802123804875,XGBoost
0_Spectral variation,8,2.237237199294629,XGBoost
0_Max,9,1.5143141972158725,XGBoost
0_Histogram mode,10,1.29690530816062,XGBoost
0_ECDF Percentile_1,11,0.9719358212668456,XGBoost
0_Fundamental frequency,12,0.905882251395782,XGBoost
0_MFCC_9,13,0.8932919549652841,XGBoost
0_Wavelet energy_125000000.0Hz,14,0.8924198679818774,XGBoost
0_MFCC_5,15,0.8640335225541769,XGBoost
0_MFCC_11,16,0.7604451428533378,XGBoost
0_Mean diff,17,0.7301852124195236,XGBoost
0_Slope,18,0.6672167370541023,XGBoost
0_MFCC_8,19,0.6260798171083134,XGBoost
0_MFCC_0,20,0.5725157324737559,XGBoost
0_LPCC_0,21,0.541261891532441,XGBoost
0_MFCC_10,22,0.4725246250095467,XGBoost
0_Wavelet entropy,23,0.4545266923695491,XGBoost
0_LPCC_6,24,0.449549228472573,XGBoost
0_Spectral positive turning points,25,0.4408383077477416,XGBoost
0_MFCC_4,26,0.4043909487775992,XGBoost
0_LPCC_1,27,0.393181655014803,XGBoost
0_LPCC_5,28,0.3526200407929718,XGBoost
0_Wavelet absolute mean_27777777.78Hz,29,0.309341666185235,XGBoost
0_ECDF Percentile_0,30,0.2988687475556507,XGBoost
0_Mean,31,0.2928061209185359,XGBoost
0_Median,32,0.2206737062124845,XGBoost
0_Spectral decrease,33,0.1737609606316313,XGBoost
0_Median absolute diff,34,0.1694542033667365,XGBoost
0_Median frequency,35,0.138017705484728,XGBoost
0_Maximum frequency,36,0.0613266477674245,XGBoost
0_Negative turning points,37,0.0420790115309568,XGBoost
0_Neighbourhood peaks,38,0.0061335627963145,XGBoost
0_Median diff,39,0.0,XGBoost
0_Power bandwidth,40,0.0,XGBoost
0_Spectral roll-on,41,0.0,XGBoost
0_Zero crossing rate,42,0.0,XGBoost
0_Peak to peak distance,1,12.655862855526191,SVR
0_Spectral decrease,2,9.61241142517455,SVR
0_Mean diff,3,9.050552303545432,SVR
0_Spectral variation,4,8.784883552665567,SVR
0_ECDF Percentile_0,5,8.781189190484282,SVR
0_Interquartile range,6,8.50997801576234,SVR
0_Spectral entropy,7,8.244687335234127,SVR
0_LPCC_0,8,7.96973675969326,SVR
0_Absolute energy,9,6.971458583150073,SVR
0_Wavelet absolute mean_27777777.78Hz,10,6.475233807683519,SVR
0_Median,11,6.197803267460311,SVR
0_Max,12,4.529218375506424,SVR
0_MFCC_11,13,4.103452760862522,SVR
0_Slope,14,3.625494877217606,SVR
0_Wavelet absolute mean_125000000.0Hz,15,2.684754537434928,SVR
0_MFCC_5,16,1.94642691220078,SVR
0_Mean,17,1.5556648646675877,SVR
0_Autocorrelation,18,1.419373083661962,SVR
0_MFCC_9,19,0.9754629945298684,SVR
0_MFCC_4,20,0.6980476317706931,SVR
0_Wavelet energy_125000000.0Hz,21,0.4894213784713684,SVR
0_Wavelet entropy,22,0.2976758967353987,SVR
0_Maximum frequency,23,0.2347617496622414,SVR
0_MFCC_0,24,0.095350301994722,SVR
0_Median absolute diff,25,0.0636630321501107,SVR
0_LPCC_1,26,0.0617877708651138,SVR
0_MFCC_8,27,0.0433384873182096,SVR
0_MFCC_10,28,0.0423794598408465,SVR
0_ECDF Percentile_1,29,0.0312151347965378,SVR
0_Negative turning points,30,0.023499053799854,SVR
0_Fundamental frequency,31,0.0203071901731144,SVR
0_Entropy,32,0.0,SVR
0_Histogram mode,33,0.0,SVR
0_LPCC_5,34,0.0,SVR
0_Median diff,35,0.0,SVR
0_LPCC_6,36,0.0,SVR
0_Median frequency,37,0.0,SVR
0_Neighbourhood peaks,38,0.0,SVR
0_Power bandwidth,39,0.0,SVR
0_Spectral roll-on,40,0.0,SVR
0_Spectral positive turning points,41,0.0,SVR
0_Zero crossing rate,42,0.0,SVR
0_Peak to peak distance,1,16.31763131714464,Random Forest
0_Absolute energy,2,7.827483241123444,Random Forest
0_Spectral entropy,3,7.698289402675457,Random Forest
0_Autocorrelation,4,6.30004758430748,Random Forest
0_Interquartile range,5,5.414571965536739,Random Forest
0_Spectral variation,6,4.502301451050736,Random Forest
0_Entropy,7,3.918958839342417,Random Forest
0_Wavelet energy_125000000.0Hz,8,3.25696170490949,Random Forest
0_ECDF Percentile_0,9,2.9502369741190377,Random Forest
0_MFCC_11,10,2.543504651756491,Random Forest
0_Wavelet absolute mean_125000000.0Hz,11,2.449706943658111,Random Forest
0_Histogram mode,12,2.284603184055072,Random Forest
0_Wavelet absolute mean_27777777.78Hz,13,1.500605176828732,Random Forest
0_LPCC_0,14,1.1335484692506417,Random Forest
0_Slope,15,1.0512263016216454,Random Forest
0_Mean diff,16,0.93813962366151,Random Forest
0_MFCC_9,17,0.908233854628013,Random Forest
0_ECDF Percentile_1,18,0.846116519291823,Random Forest
0_MFCC_8,19,0.8395355506120092,Random Forest
0_Fundamental frequency,20,0.8276413979972402,Random Forest
0_MFCC_0,21,0.624183840225854,Random Forest
0_MFCC_10,22,0.581336409253891,Random Forest
0_Max,23,0.5639600488026393,Random Forest
0_Wavelet entropy,24,0.5492129770974086,Random Forest
0_Spectral decrease,25,0.516921435316621,Random Forest
0_Median frequency,26,0.4636206826120304,Random Forest
0_Maximum frequency,27,0.4278925254717469,Random Forest
0_Median,28,0.3694024604983317,Random Forest
0_MFCC_5,29,0.3539601278522516,Random Forest
0_Mean,30,0.2247267041581062,Random Forest
0_Zero crossing rate,31,0.1813710695903592,Random Forest
0_LPCC_5,32,0.1740549390800763,Random Forest
0_LPCC_1,33,0.1704996556544831,Random Forest
0_LPCC_6,34,0.1522164340629552,Random Forest
0_MFCC_4,35,0.1399254258298858,Random Forest
0_Median absolute diff,36,0.1072611755723754,Random Forest
0_Spectral positive turning points,37,0.0824583223284377,Random Forest
0_Negative turning points,38,0.0379141283922207,Random Forest
0_Power bandwidth,39,0.0185517155893147,Random Forest
0_Spectral roll-on,40,0.0074695979704459,Random Forest
0_Neighbourhood peaks,41,0.0031262143453583,Random Forest
0_Median diff,42,0.0,Random Forest
0_Maximum frequency,1,113046049.45478496,Bayesian Ridge
0_Fundamental frequency,2,3317658.319175418,Bayesian Ridge
0_Median frequency,3,2791843.428862062,Bayesian Ridge
0_Power bandwidth,4,1111039.112716908,Bayesian Ridge
0_Spectral roll-on,5,941166.4588000096,Bayesian Ridge
0_MFCC_11,6,1390.254954306293,Bayesian Ridge
0_MFCC_4,7,1219.8572763482184,Bayesian Ridge
0_MFCC_5,8,990.879282450273,Bayesian Ridge
0_MFCC_9,9,856.9089945124485,Bayesian Ridge
0_MFCC_8,10,222.61590713570865,Bayesian Ridge
0_MFCC_0,11,190.59655174256105,Bayesian Ridge
0_MFCC_10,12,88.90120876035002,Bayesian Ridge
0_Absolute energy,13,72.67979884716694,Bayesian Ridge
0_Peak to peak distance,14,8.078814090099614,Bayesian Ridge
0_Spectral decrease,15,7.345504433306581,Bayesian Ridge
0_Autocorrelation,16,5.331498438304285,Bayesian Ridge
0_Spectral positive turning points,17,5.252986549492781,Bayesian Ridge
0_ECDF Percentile_0,18,2.850045886531773,Bayesian Ridge
0_ECDF Percentile_1,19,2.4335978380934504,Bayesian Ridge
0_Max,20,2.147008455832658,Bayesian Ridge
0_Mean,21,1.778059786381533,Bayesian Ridge
0_Zero crossing rate,22,0.5879875522002791,Bayesian Ridge
0_Median,23,0.5780301069456777,Bayesian Ridge
0_Spectral variation,24,0.5751335575864958,Bayesian Ridge
0_Negative turning points,25,0.5188196656179211,Bayesian Ridge
0_Interquartile range,26,0.3323302458851733,Bayesian Ridge
0_Histogram mode,27,0.2447095583676477,Bayesian Ridge
0_Wavelet absolute mean_27777777.78Hz,28,0.1992547995615393,Bayesian Ridge
0_LPCC_0,29,0.1588420872934038,Bayesian Ridge
0_Entropy,30,0.0948379489001473,Bayesian Ridge
0_Spectral entropy,31,0.0658191989663854,Bayesian Ridge
0_Neighbourhood peaks,32,0.0359115155874141,Bayesian Ridge
0_Wavelet energy_125000000.0Hz,33,0.0345795166507444,Bayesian Ridge
0_LPCC_1,34,0.0222071781321733,Bayesian Ridge
0_LPCC_5,35,0.0111130112845332,Bayesian Ridge
0_Slope,36,0.0096293492839628,Bayesian Ridge
0_Wavelet entropy,37,0.0094418523859068,Bayesian Ridge
0_LPCC_6,38,0.0092982745874739,Bayesian Ridge
0_Mean diff,39,0.0036499351452762,Bayesian Ridge
0_Wavelet absolute mean_125000000.0Hz,40,0.0025362861396756,Bayesian Ridge
0_Median absolute diff,41,0.0004375082882623,Bayesian Ridge
0_Median diff,42,0.0,Bayesian Ridge
0_Peak to peak distance,1,33.93408903526987,XGBoost
0_Spectral entropy,2,16.901798614459388,XGBoost
0_Autocorrelation,3,10.458056491601967,XGBoost
0_Interquartile range,4,7.379157733707191,XGBoost
0_Spectral variation,5,4.288675157934551,XGBoost
0_Mean diff,6,3.2760453533147467,XGBoost
0_Absolute energy,7,3.1755800183343696,XGBoost
0_Entropy,8,1.5241560864968222,XGBoost
0_Wavelet absolute mean_27777777.78Hz,9,1.3686384797788382,XGBoost
0_Max,10,1.1332612099381782,XGBoost
0_MFCC_9,11,1.1291219408968936,XGBoost
0_Histogram mode,12,1.015995012183332,XGBoost
0_Slope,13,0.9705977977539412,XGBoost
0_MFCC_0,14,0.9607211419740692,XGBoost
0_MFCC_11,15,0.81110836061351,XGBoost
0_Wavelet absolute mean_125000000.0Hz,16,0.7497675888276347,XGBoost
0_LPCC_0,17,0.7253243744606152,XGBoost
0_Wavelet energy_125000000.0Hz,18,0.687200591614656,XGBoost
0_Fundamental frequency,19,0.573504428088168,XGBoost
0_Spectral positive turning points,20,0.5355269315597604,XGBoost
0_MFCC_4,21,0.5197740658539037,XGBoost
0_ECDF Percentile_0,22,0.4965833438613142,XGBoost
0_LPCC_6,23,0.4422282529715138,XGBoost
0_MFCC_10,24,0.4420137994065784,XGBoost
0_Median,25,0.4082769305300898,XGBoost
0_Wavelet entropy,26,0.3857182910860206,XGBoost
0_MFCC_8,27,0.3676723805351493,XGBoost
0_LPCC_1,28,0.3103027465162178,XGBoost
0_LPCC_5,29,0.294472394976889,XGBoost
0_Maximum frequency,30,0.2798032674742242,XGBoost
0_ECDF Percentile_1,31,0.2636394612544525,XGBoost
0_Mean,32,0.22347307548651,XGBoost
0_MFCC_5,33,0.2211650029299781,XGBoost
0_Spectral decrease,34,0.2019711312062883,XGBoost
0_Median absolute diff,35,0.1576944100340205,XGBoost
0_Negative turning points,36,0.1106487885996078,XGBoost
0_Neighbourhood peaks,37,0.0588204592620333,XGBoost
0_Zero crossing rate,38,0.0486421747268487,XGBoost
0_Median diff,39,0.0,XGBoost
0_Median frequency,40,0.0,XGBoost
0_Power bandwidth,41,0.0,XGBoost
0_Spectral roll-on,42,0.0,XGBoost
0_Peak to peak distance,1,11.345036327186827,SVR
0_Spectral entropy,2,10.210307588926634,SVR
0_Spectral decrease,3,9.800621927682643,SVR
0_LPCC_0,4,8.282945915649451,SVR
0_ECDF Percentile_0,5,7.807230876088203,SVR
0_Spectral variation,6,7.5243787739523,SVR
0_Absolute energy,7,7.39108876822627,SVR
0_Interquartile range,8,7.258776915420408,SVR
0_Mean diff,9,7.239920289000653,SVR
0_Wavelet absolute mean_27777777.78Hz,10,6.00887084635256,SVR
0_Median,11,5.960434805058125,SVR
0_MFCC_11,12,5.755987685857455,SVR
0_Max,13,4.126361869384666,SVR
0_Wavelet absolute mean_125000000.0Hz,14,3.862450327097125,SVR
0_Slope,15,2.834769304865917,SVR
0_Mean,16,2.1033504764579907,SVR
0_Wavelet entropy,17,1.605346609065316,SVR
0_Autocorrelation,18,1.4244417265742606,SVR
0_MFCC_4,19,0.9004404213926074,SVR
0_MFCC_9,20,0.7434903801950241,SVR
0_Wavelet energy_125000000.0Hz,21,0.7430766342886957,SVR
0_Maximum frequency,22,0.5069282218262049,SVR
0_Median diff,23,0.1712313161581728,SVR
0_MFCC_10,24,0.1387966651072572,SVR
0_MFCC_0,25,0.1213473889487752,SVR
0_MFCC_8,26,0.0468530987942853,SVR
0_MFCC_5,27,0.0271152165510361,SVR
0_Power bandwidth,28,0.0237171827820481,SVR
0_LPCC_1,29,0.019424295725998,SVR
0_LPCC_5,30,0.0115867751891242,SVR
0_Histogram mode,31,0.0,SVR
0_ECDF Percentile_1,32,0.0,SVR
0_Entropy,33,0.0,SVR
0_Fundamental frequency,34,0.0,SVR
0_Median absolute diff,35,0.0,SVR
0_LPCC_6,36,0.0,SVR
0_Neighbourhood peaks,37,0.0,SVR
0_Median frequency,38,0.0,SVR
0_Negative turning points,39,0.0,SVR
0_Spectral roll-on,40,0.0,SVR
0_Spectral positive turning points,41,0.0,SVR
0_Zero crossing rate,42,0.0,SVR
0_Peak to peak distance,1,16.568811279069937,Random Forest
0_Spectral entropy,2,7.336931269217654,Random Forest
0_Absolute energy,3,6.376993029846468,Random Forest
0_Autocorrelation,4,5.807901682731587,Random Forest
0_Spectral variation,5,5.5291466035966605,Random Forest
0_Interquartile range,6,5.120715501421408,Random Forest
0_Entropy,7,4.393933148817204,Random Forest
0_Wavelet energy_125000000.0Hz,8,4.0360693293698455,Random Forest
0_Histogram mode,9,3.147775838077333,Random Forest
0_Wavelet absolute mean_125000000.0Hz,10,2.133439886603349,Random Forest
0_ECDF Percentile_0,11,2.128636082816341,Random Forest
0_MFCC_11,12,1.9647752437814907,Random Forest
0_Wavelet entropy,13,1.3221881180419432,Random Forest
0_Slope,14,1.279033556837697,Random Forest
0_Mean diff,15,1.1665947358404123,Random Forest
0_LPCC_0,16,0.9813792730997932,Random Forest
0_ECDF Percentile_1,17,0.9779990898606212,Random Forest
0_MFCC_0,18,0.9156315631016392,Random Forest
0_MFCC_8,19,0.8041844042076107,Random Forest
0_Fundamental frequency,20,0.8009429004080595,Random Forest
0_Wavelet absolute mean_27777777.78Hz,21,0.6298501674698045,Random Forest
0_Median frequency,22,0.6224697577599123,Random Forest
0_MFCC_9,23,0.6087023525490427,Random Forest
0_Spectral decrease,24,0.4915638470320498,Random Forest
0_MFCC_10,25,0.4735579850567194,Random Forest
0_Zero crossing rate,26,0.3991573777860031,Random Forest
0_MFCC_5,27,0.3798473124523802,Random Forest
0_Median,28,0.3684924686200606,Random Forest
0_Maximum frequency,29,0.3537719542902275,Random Forest
0_Max,30,0.3388848989545989,Random Forest
0_LPCC_5,31,0.2361605731159759,Random Forest
0_LPCC_6,32,0.2332029884065501,Random Forest
0_LPCC_1,33,0.1942467075470214,Random Forest
0_MFCC_4,34,0.1506607996765524,Random Forest
0_Mean,35,0.138167836881134,Random Forest
0_Negative turning points,36,0.0941750081902214,Random Forest
0_Median absolute diff,37,0.0930939628353963,Random Forest
0_Power bandwidth,38,0.0715185373360912,Random Forest
0_Spectral positive turning points,39,0.0694033990933249,Random Forest
0_Spectral roll-on,40,0.0140411350694795,Random Forest
0_Neighbourhood peaks,41,0.0035098162312681,Random Forest
0_Median diff,42,0.0,Random Forest
0_Maximum frequency,1,54676216.48263561,Bayesian Ridge
0_Median frequency,2,2689503.2086263224,Bayesian Ridge
0_Power bandwidth,3,1441081.4406160065,Bayesian Ridge
0_Spectral roll-on,4,1316767.961341908,Bayesian Ridge
0_Fundamental frequency,5,652376.7826686285,Bayesian Ridge
0_MFCC_11,6,1365.5380212726673,Bayesian Ridge
0_MFCC_4,7,1185.2659850603372,Bayesian Ridge
0_MFCC_9,8,1091.975677642699,Bayesian Ridge
0_MFCC_5,9,961.8142674550892,Bayesian Ridge
0_MFCC_8,10,350.61871000118606,Bayesian Ridge
0_MFCC_0,11,161.1758280109162,Bayesian Ridge
0_MFCC_10,12,136.06868417901234,Bayesian Ridge
0_Absolute energy,13,43.404174503715005,Bayesian Ridge
0_Peak to peak distance,14,7.207905155076658,Bayesian Ridge
0_Autocorrelation,15,6.921787530758382,Bayesian Ridge
0_Spectral decrease,16,6.165304094363975,Bayesian Ridge
0_Spectral positive turning points,17,2.954089512170893,Bayesian Ridge
0_ECDF Percentile_0,18,2.476530979678732,Bayesian Ridge
0_ECDF Percentile_1,19,2.3235581515861816,Bayesian Ridge
0_Max,20,2.2471203059471057,Bayesian Ridge
0_Mean,21,1.643666479385997,Bayesian Ridge
0_Interquartile range,22,0.6667255592158746,Bayesian Ridge
0_Zero crossing rate,23,0.6272646641530109,Bayesian Ridge
0_Median,24,0.5979062107893968,Bayesian Ridge
0_Negative turning points,25,0.568883194378735,Bayesian Ridge
0_Spectral variation,26,0.4649201954075142,Bayesian Ridge
0_Neighbourhood peaks,27,0.2033672777967788,Bayesian Ridge
0_Histogram mode,28,0.1633535349745209,Bayesian Ridge
0_Spectral entropy,29,0.1356832690231732,Bayesian Ridge
0_LPCC_0,30,0.1222978121962792,Bayesian Ridge
0_Wavelet absolute mean_27777777.78Hz,31,0.1160671874264344,Bayesian Ridge
0_Entropy,32,0.0880385146777723,Bayesian Ridge
0_LPCC_1,33,0.0608812878195252,Bayesian Ridge
0_Wavelet energy_125000000.0Hz,34,0.0284902719875325,Bayesian Ridge
0_LPCC_6,35,0.0172803236582458,Bayesian Ridge
0_LPCC_5,36,0.0127688969312372,Bayesian Ridge
0_Slope,37,0.0090100464957528,Bayesian Ridge
0_Wavelet absolute mean_125000000.0Hz,38,0.0080801583552828,Bayesian Ridge
0_Wavelet entropy,39,0.0052751774019636,Bayesian Ridge
0_Mean diff,40,0.00207724749367,Bayesian Ridge
0_Median absolute diff,41,0.0004453165778551,Bayesian Ridge
0_Median diff,42,0.0001545405134488,Bayesian Ridge
0_Peak to peak distance,1,30.94613864351007,XGBoost
0_Spectral entropy,2,19.831904818323665,XGBoost
0_Autocorrelation,3,14.257447489987255,XGBoost
0_Spectral variation,4,4.196386498671165,XGBoost
0_Entropy,5,4.0905789147971205,XGBoost
0_Absolute energy,6,3.85112513311524,XGBoost
0_Interquartile range,7,3.384556871076674,XGBoost
0_Mean diff,8,1.5673228142777458,XGBoost
0_MFCC_11,9,1.1650072896981611,XGBoost
0_MFCC_8,10,1.0203914418782725,XGBoost
0_Wavelet absolute mean_125000000.0Hz,11,0.961700042883307,XGBoost
0_Max,12,0.9195790411126488,XGBoost
0_Wavelet energy_125000000.0Hz,13,0.9106638943812504,XGBoost
0_Histogram mode,14,0.8976661224415526,XGBoost
0_MFCC_5,15,0.753204635866483,XGBoost
0_Slope,16,0.7089352514923551,XGBoost
0_LPCC_0,17,0.6667466061298425,XGBoost
0_ECDF Percentile_0,18,0.6262286278092614,XGBoost
0_Fundamental frequency,19,0.571665423262616,XGBoost
0_Wavelet entropy,20,0.4678839004730183,XGBoost
0_MFCC_10,21,0.465708687020559,XGBoost
0_MFCC_9,22,0.4407417021583766,XGBoost
0_LPCC_1,23,0.3629374364640565,XGBoost
0_Spectral positive turning points,24,0.3334256277139609,XGBoost
0_Negative turning points,25,0.3015099598587802,XGBoost
0_Wavelet absolute mean_27777777.78Hz,26,0.270758417596078,XGBoost
0_MFCC_4,27,0.2683587874224409,XGBoost
0_Median frequency,28,0.2317977819482485,XGBoost
0_LPCC_6,29,0.2116188555386227,XGBoost
0_Mean,30,0.2052644216777135,XGBoost
0_Median,31,0.1818541367920116,XGBoost
0_Neighbourhood peaks,32,0.1807522639846119,XGBoost
0_ECDF Percentile_1,33,0.1462613652765751,XGBoost
0_Maximum frequency,34,0.1440810189995837,XGBoost
0_MFCC_0,35,0.1362552194868524,XGBoost
0_LPCC_5,36,0.1339224632086853,XGBoost
0_Spectral decrease,37,0.1069785453246285,XGBoost
0_Zero crossing rate,38,0.0962792906746268,XGBoost
0_Median diff,39,0.0,XGBoost
0_Median absolute diff,40,0.0,XGBoost
0_Power bandwidth,41,0.0,XGBoost
0_Spectral roll-on,42,0.0,XGBoost
0_ECDF Percentile_0,1,10.152523911294102,SVR
0_Spectral entropy,2,9.172836425829455,SVR
0_Interquartile range,3,9.09462479821356,SVR
0_Peak to peak distance,4,8.878283022774424,SVR
0_Spectral variation,5,8.635941560555636,SVR
0_Spectral decrease,6,6.51646690123053,SVR
0_Mean diff,7,6.283680233626271,SVR
0_Absolute energy,8,6.088390174750031,SVR
0_Wavelet absolute mean_27777777.78Hz,9,6.021778422637929,SVR
0_Median,10,5.62853662529282,SVR
0_LPCC_0,11,5.1162854915574405,SVR
0_Slope,12,3.7339628379388734,SVR
0_Wavelet absolute mean_125000000.0Hz,13,3.012526533084566,SVR
0_Max,14,2.9920130423705107,SVR
0_Autocorrelation,15,2.8994979884997427,SVR
0_MFCC_5,16,2.552613147450288,SVR
0_MFCC_11,17,2.46035181909448,SVR
0_Mean,18,1.0091541392927752,SVR
0_Maximum frequency,19,0.7552234352876498,SVR
0_MFCC_9,20,0.5298143534506438,SVR
0_Wavelet entropy,21,0.3366973301070335,SVR
0_MFCC_10,22,0.3306837987606664,SVR
0_Wavelet energy_125000000.0Hz,23,0.2390508987682557,SVR
0_ECDF Percentile_1,24,0.1869144438892096,SVR
0_MFCC_0,25,0.0989171439958436,SVR
0_Spectral roll-on,26,0.0614837278453553,SVR
0_Entropy,27,0.0521519991044263,SVR
0_LPCC_5,28,0.0352067967616725,SVR
0_LPCC_1,29,0.0194946130378518,SVR
0_Fundamental frequency,30,0.0,SVR
0_Histogram mode,31,0.0,SVR
0_LPCC_6,32,0.0,SVR
0_MFCC_4,33,0.0,SVR
0_MFCC_8,34,0.0,SVR
0_Median diff,35,0.0,SVR
0_Median absolute diff,36,0.0,SVR
0_Negative turning points,37,0.0,SVR
0_Neighbourhood peaks,38,0.0,SVR
0_Power bandwidth,39,0.0,SVR
0_Median frequency,40,0.0,SVR
0_Spectral positive turning points,41,0.0,SVR
0_Zero crossing rate,42,0.0,SVR
0_Peak to peak distance,1,15.49762532489494,Random Forest
0_Spectral entropy,2,8.80949251253942,Random Forest
0_Absolute energy,3,6.61195314875544,Random Forest
0_Interquartile range,4,5.619384443439218,Random Forest
0_Autocorrelation,5,5.264783454488122,Random Forest
0_Spectral variation,6,5.18634940632503,Random Forest
0_Entropy,7,4.444444125011284,Random Forest
0_ECDF Percentile_0,8,3.282391423992549,Random Forest
0_Wavelet energy_125000000.0Hz,9,3.142842821833844,Random Forest
0_Histogram mode,10,2.4909503450727093,Random Forest
0_MFCC_11,11,1.793466374495797,Random Forest
0_Wavelet absolute mean_125000000.0Hz,12,1.759313037388741,Random Forest
0_Slope,13,1.112224465269301,Random Forest
0_ECDF Percentile_1,14,1.0858115904837229,Random Forest
0_Wavelet absolute mean_27777777.78Hz,15,1.085689149146341,Random Forest
0_LPCC_0,16,0.9388343794462892,Random Forest
0_Fundamental frequency,17,0.8502284146525433,Random Forest
0_Mean diff,18,0.7908087424725605,Random Forest
0_MFCC_0,19,0.7047877860550767,Random Forest
0_Median frequency,20,0.6066590596490848,Random Forest
0_Wavelet entropy,21,0.5629917176942155,Random Forest
0_MFCC_10,22,0.5069920695614069,Random Forest
0_MFCC_9,23,0.5041172107046935,Random Forest
0_MFCC_8,24,0.4930148427072911,Random Forest
0_Max,25,0.4424022956270414,Random Forest
0_LPCC_5,26,0.4143602607537681,Random Forest
0_MFCC_5,27,0.3496353198848433,Random Forest
0_Maximum frequency,28,0.3318987934167109,Random Forest
0_Median,29,0.2974845204291554,Random Forest
0_Zero crossing rate,30,0.2871356633394645,Random Forest
0_Spectral decrease,31,0.2827007623947535,Random Forest
0_LPCC_6,32,0.1998209326089049,Random Forest
0_MFCC_4,33,0.1903268926437478,Random Forest
0_LPCC_1,34,0.1518943891629344,Random Forest
0_Mean,35,0.1314605678025011,Random Forest
0_Spectral positive turning points,36,0.0980560817640818,Random Forest
0_Median absolute diff,37,0.069095606087024,Random Forest
0_Negative turning points,38,0.0286018095947181,Random Forest
0_Power bandwidth,39,0.021906940729916,Random Forest
0_Spectral roll-on,40,0.0167741928599774,Random Forest
0_Neighbourhood peaks,41,0.0092157941964765,Random Forest
0_Median diff,42,0.0,Random Forest
0_Maximum frequency,1,29313500.32880216,Bayesian Ridge
0_Median frequency,2,3161509.853184367,Bayesian Ridge
0_Fundamental frequency,3,1695110.416442606,Bayesian Ridge
0_Power bandwidth,4,1345455.0203003308,Bayesian Ridge
0_Spectral roll-on,5,797252.4515096176,Bayesian Ridge
0_MFCC_11,6,1552.357324754813,Bayesian Ridge
0_MFCC_9,7,1388.2963665717643,Bayesian Ridge
0_MFCC_4,8,1336.7871268377542,Bayesian Ridge
0_MFCC_5,9,1146.183274234111,Bayesian Ridge
0_MFCC_8,10,504.8773912279758,Bayesian Ridge
0_MFCC_0,11,243.0932810740851,Bayesian Ridge
0_MFCC_10,12,215.41538015330272,Bayesian Ridge
0_Absolute energy,13,84.90470851426907,Bayesian Ridge
0_Peak to peak distance,14,7.332242896745359,Bayesian Ridge
0_Autocorrelation,15,7.18834084659759,Bayesian Ridge
0_Spectral decrease,16,4.960597435106349,Bayesian Ridge
0_Spectral positive turning points,17,3.666792652616497,Bayesian Ridge
0_ECDF Percentile_0,18,3.640735330255758,Bayesian Ridge
0_ECDF Percentile_1,19,2.5592186780110366,Bayesian Ridge
0_Max,20,2.101681737068855,Bayesian Ridge
0_Mean,21,1.8756372385925424,Bayesian Ridge
0_Interquartile range,22,1.129456770985396,Bayesian Ridge
0_Zero crossing rate,23,0.8894662536685252,Bayesian Ridge
0_Median,24,0.8101654333083855,Bayesian Ridge
0_Spectral variation,25,0.2865626046394556,Bayesian Ridge
0_Negative turning points,26,0.2624667478222776,Bayesian Ridge
0_Histogram mode,27,0.1760119701807039,Bayesian Ridge
0_Wavelet absolute mean_27777777.78Hz,28,0.1527795449077846,Bayesian Ridge
0_Spectral entropy,29,0.1071779876477177,Bayesian Ridge
0_Entropy,30,0.1019886911988276,Bayesian Ridge
0_LPCC_0,31,0.0962487578892284,Bayesian Ridge
0_Neighbourhood peaks,32,0.0622776667556374,Bayesian Ridge
0_Wavelet energy_125000000.0Hz,33,0.0416860693677711,Bayesian Ridge
0_Wavelet entropy,34,0.0343349167616003,Bayesian Ridge
0_LPCC_5,35,0.0300355374443548,Bayesian Ridge
0_LPCC_6,36,0.0225119080940623,Bayesian Ridge
0_Slope,37,0.0103386558878911,Bayesian Ridge
0_Mean diff,38,0.0077808307676696,Bayesian Ridge
0_LPCC_1,39,0.0075152455748558,Bayesian Ridge
0_Wavelet absolute mean_125000000.0Hz,40,0.006627966633551,Bayesian Ridge
0_Median absolute diff,41,0.0005514264980392,Bayesian Ridge
0_Median diff,42,0.0001813079432537,Bayesian Ridge
0_Peak to peak distance,1,37.46979383174354,XGBoost
0_Spectral entropy,2,17.538218801596642,XGBoost
0_Autocorrelation,3,6.496015848868338,XGBoost
0_Interquartile range,4,4.14041875483102,XGBoost
0_Spectral variation,5,3.3191864428226525,XGBoost
0_Absolute energy,6,2.72185735387622,XGBoost
0_Entropy,7,2.0913845340720383,XGBoost
0_Mean diff,8,1.9364907250698653,XGBoost
0_Histogram mode,9,1.828126481851749,XGBoost
0_Wavelet absolute mean_125000000.0Hz,10,1.236590903119619,XGBoost
0_Fundamental frequency,11,0.9289666523148624,XGBoost
0_Wavelet energy_125000000.0Hz,12,0.591312056638052,XGBoost
0_LPCC_6,13,0.5876397903382778,XGBoost
0_MFCC_5,14,0.5647504199321071,XGBoost
0_Spectral positive turning points,15,0.5405289150772307,XGBoost
0_Slope,16,0.5256439357284454,XGBoost
0_ECDF Percentile_1,17,0.490591362126606,XGBoost
0_MFCC_0,18,0.4736992426198596,XGBoost
0_MFCC_11,19,0.463337959105956,XGBoost
0_Max,20,0.4622523931878929,XGBoost
0_MFCC_10,21,0.4570439348179225,XGBoost
0_MFCC_8,22,0.4352288191692902,XGBoost
0_LPCC_1,23,0.4228460312408705,XGBoost
0_LPCC_5,24,0.418745838757356,XGBoost
0_MFCC_9,25,0.4178983714467225,XGBoost
0_Wavelet entropy,26,0.3561972352134063,XGBoost
0_Maximum frequency,27,0.3296953035042311,XGBoost
0_LPCC_0,28,0.3247611099805684,XGBoost
0_Wavelet absolute mean_27777777.78Hz,29,0.2439186553680648,XGBoost
0_Median absolute diff,30,0.2367857982358585,XGBoost
0_Median frequency,31,0.2201164485096931,XGBoost
0_MFCC_4,32,0.1870908858509423,XGBoost
0_Median,33,0.1675113876810918,XGBoost
0_ECDF Percentile_0,34,0.1671225363823274,XGBoost
0_Mean,35,0.1506394455611706,XGBoost
0_Negative turning points,36,0.1444979574598372,XGBoost
0_Neighbourhood peaks,37,0.1173081524901712,XGBoost
0_Spectral decrease,38,0.1147157239376257,XGBoost
0_Median diff,39,0.0994327691415945,XGBoost
0_Zero crossing rate,40,0.0571648051787167,XGBoost
0_Power bandwidth,41,0.0,XGBoost
0_Spectral roll-on,42,0.0,XGBoost
0_Spectral entropy,1,11.150514045752706,SVR
0_Peak to peak distance,2,10.720077997071764,SVR
0_ECDF Percentile_0,3,8.87451740979485,SVR
0_Absolute energy,4,8.521133516210467,SVR
0_Interquartile range,5,7.431407490338857,SVR
0_Mean diff,6,7.39254830223094,SVR
0_Spectral variation,7,7.231075858453534,SVR
0_Wavelet absolute mean_27777777.78Hz,8,6.741807423397487,SVR
0_Spectral decrease,9,6.386123412142847,SVR
0_Median,10,5.951316573756842,SVR
0_LPCC_0,11,5.763987665606731,SVR
0_MFCC_11,12,5.243277311421909,SVR
0_Slope,13,3.701508150108654,SVR
0_Wavelet absolute mean_125000000.0Hz,14,2.0466925965746547,SVR
0_Autocorrelation,15,1.887344348673234,SVR
0_MFCC_9,16,1.5178744505718316,SVR
0_Max,17,0.9235391026843472,SVR
0_MFCC_5,18,0.7511268426388653,SVR
0_MFCC_10,19,0.6581994938063803,SVR
0_Wavelet entropy,20,0.6488970488402876,SVR
0_Wavelet energy_125000000.0Hz,21,0.5821934446490328,SVR
0_MFCC_4,22,0.5005144365848383,SVR
0_Mean,23,0.282381645677465,SVR
0_Maximum frequency,24,0.2642895652099901,SVR
0_ECDF Percentile_1,25,0.1344263916956534,SVR
0_MFCC_0,26,0.1154354566405866,SVR
0_MFCC_8,27,0.0546142935821239,SVR
0_Fundamental frequency,28,0.0269582776308151,SVR
0_Entropy,29,0.0,SVR
0_Histogram mode,30,0.0,SVR
0_LPCC_1,31,0.0,SVR
0_Median absolute diff,32,0.0,SVR
0_LPCC_5,33,0.0,SVR
0_LPCC_6,34,0.0,SVR
0_Median diff,35,0.0,SVR
0_Median frequency,36,0.0,SVR
0_Negative turning points,37,0.0,SVR
0_Neighbourhood peaks,38,0.0,SVR
0_Power bandwidth,39,0.0,SVR
0_Spectral roll-on,40,0.0,SVR
0_Spectral positive turning points,41,0.0,SVR
0_Zero crossing rate,42,0.0,SVR
0_Peak to peak distance,1,15.303706932148032,Random Forest
0_Spectral entropy,2,8.614914936303888,Random Forest
0_Absolute energy,3,7.880569214726744,Random Forest
0_Spectral variation,4,5.645713127530542,Random Forest
0_Autocorrelation,5,5.096885963825036,Random Forest
0_Interquartile range,6,4.912684700708007,Random Forest
0_Entropy,7,4.123751938575071,Random Forest
0_Wavelet energy_125000000.0Hz,8,3.3421952607288863,Random Forest
0_ECDF Percentile_0,9,2.9355065933394706,Random Forest
0_Histogram mode,10,2.551501729326912,Random Forest
0_MFCC_11,11,2.1977020159074154,Random Forest
0_Wavelet absolute mean_125000000.0Hz,12,1.9476833061029664,Random Forest
0_Mean diff,13,1.1487074780708797,Random Forest
0_Slope,14,1.021892896650456,Random Forest
0_LPCC_0,15,1.0138358156690066,Random Forest
0_ECDF Percentile_1,16,0.9444032087081112,Random Forest
0_Wavelet absolute mean_27777777.78Hz,17,0.8374344145995025,Random Forest
0_Wavelet entropy,18,0.8109106664296666,Random Forest
0_Fundamental frequency,19,0.7893993577599836,Random Forest
0_MFCC_0,20,0.6786854203874515,Random Forest
0_Median frequency,21,0.5874547405686152,Random Forest
0_MFCC_8,22,0.5430163834434855,Random Forest
0_MFCC_9,23,0.5261633738296186,Random Forest
0_Max,24,0.4337573585430392,Random Forest
0_MFCC_5,25,0.4207046740384927,Random Forest
0_Spectral decrease,26,0.3969869719276745,Random Forest
0_MFCC_10,27,0.3856924855923669,Random Forest
0_Median,28,0.3306371208601262,Random Forest
0_Maximum frequency,29,0.2573231889462563,Random Forest
0_LPCC_1,30,0.2518468467439175,Random Forest
0_Mean,31,0.2301333386952445,Random Forest
0_LPCC_5,32,0.204113098465917,Random Forest
0_LPCC_6,33,0.197473787019425,Random Forest
0_MFCC_4,34,0.1825306534819227,Random Forest
0_Zero crossing rate,35,0.1459836788303684,Random Forest
0_Spectral positive turning points,36,0.0806271890959624,Random Forest
0_Median absolute diff,37,0.0681917994485236,Random Forest
0_Negative turning points,38,0.0499717484237626,Random Forest
0_Spectral roll-on,39,0.0302235279444605,Random Forest
0_Power bandwidth,40,0.0243950315912564,Random Forest
0_Neighbourhood peaks,41,0.0078844075070073,Random Forest
0_Median diff,42,0.0,Random Forest
0_Maximum frequency,1,60670274.73632029,Bayesian Ridge
0_Median frequency,2,2791843.3891057763,Bayesian Ridge
0_Spectral roll-on,3,1640456.5383175637,Bayesian Ridge
0_Power bandwidth,4,1612519.1945673823,Bayesian Ridge
0_Fundamental frequency,5,692477.717129728,Bayesian Ridge
0_MFCC_11,6,1712.1850844516823,Bayesian Ridge
0_MFCC_4,7,1496.3391768065517,Bayesian Ridge
0_MFCC_9,8,1321.265526926695,Bayesian Ridge
0_MFCC_5,9,1125.6100396348056,Bayesian Ridge
0_MFCC_8,10,456.7733588866516,Bayesian Ridge
0_MFCC_0,11,255.05457874239,Bayesian Ridge
0_MFCC_10,12,168.52925458145307,Bayesian Ridge
0_Absolute energy,13,90.2465627952113,Bayesian Ridge
0_Peak to peak distance,14,7.46922619885685,Bayesian Ridge
0_Autocorrelation,15,5.883576856180963,Bayesian Ridge
0_Spectral decrease,16,5.600831795014038,Bayesian Ridge
0_Spectral positive turning points,17,4.735731067074738,Bayesian Ridge
0_ECDF Percentile_1,18,3.6656409925820497,Bayesian Ridge
0_ECDF Percentile_0,19,3.1815571823882407,Bayesian Ridge
0_Max,20,2.050143883441017,Bayesian Ridge
0_Mean,21,1.6268506114624033,Bayesian Ridge
0_Interquartile range,22,1.6107443917182105,Bayesian Ridge
0_Median,23,0.8826779441149704,Bayesian Ridge
0_Zero crossing rate,24,0.5206671431217454,Bayesian Ridge
0_Negative turning points,25,0.4238408128417731,Bayesian Ridge
0_Spectral variation,26,0.1966251347193328,Bayesian Ridge
0_Spectral entropy,27,0.1448426142844018,Bayesian Ridge
0_Neighbourhood peaks,28,0.1413440759896873,Bayesian Ridge
0_Wavelet absolute mean_27777777.78Hz,29,0.1382586951169396,Bayesian Ridge
0_Entropy,30,0.1323140232100264,Bayesian Ridge
0_Histogram mode,31,0.1187201479278161,Bayesian Ridge
0_LPCC_1,32,0.0921700036803922,Bayesian Ridge
0_LPCC_0,33,0.0865738692065106,Bayesian Ridge
0_LPCC_5,34,0.0405356680589587,Bayesian Ridge
0_Wavelet energy_125000000.0Hz,35,0.0290247699193685,Bayesian Ridge
0_Wavelet entropy,36,0.0286238942294558,Bayesian Ridge
0_LPCC_6,37,0.0260362774712158,Bayesian Ridge
0_Mean diff,38,0.0102113344738372,Bayesian Ridge
0_Slope,39,0.0089235825726042,Bayesian Ridge
0_Wavelet absolute mean_125000000.0Hz,40,0.0082895117998908,Bayesian Ridge
0_Median diff,41,0.0001805439122364,Bayesian Ridge
0_Median absolute diff,42,5.036713747816845e-05,Bayesian Ridge
0_Peak to peak distance,1,32.40724152186881,XGBoost
0_Spectral entropy,2,18.42239772469693,XGBoost
0_Autocorrelation,3,12.134211609723549,XGBoost
0_Entropy,4,5.65488906212002,XGBoost
0_Spectral variation,5,2.756357169066068,XGBoost
0_Absolute energy,6,2.454824799932477,XGBoost
0_Mean diff,7,2.202087914510816,XGBoost
0_Interquartile range,8,1.7484262385601177,XGBoost
0_MFCC_5,9,1.434371372764775,XGBoost
0_LPCC_0,10,1.434026897780783,XGBoost
0_Histogram mode,11,1.3715589723724244,XGBoost
0_Fundamental frequency,12,1.0927828994865216,XGBoost
0_Slope,13,1.0218608196249854,XGBoost
0_Wavelet energy_125000000.0Hz,14,0.9219226584767304,XGBoost
0_Max,15,0.8400927430587818,XGBoost
0_Median,16,0.8046089730844522,XGBoost
0_Wavelet entropy,17,0.7700305415707175,XGBoost
0_MFCC_9,18,0.7068896563393372,XGBoost
0_LPCC_1,19,0.6016851992006724,XGBoost
0_MFCC_11,20,0.5819055134591337,XGBoost
0_MFCC_10,21,0.5657576899257177,XGBoost
0_LPCC_6,22,0.5576697742295453,XGBoost
0_Wavelet absolute mean_125000000.0Hz,23,0.5414557680093993,XGBoost
0_ECDF Percentile_0,24,0.4970290948515138,XGBoost
0_Spectral decrease,25,0.4136765901559964,XGBoost
0_Spectral positive turning points,26,0.380794734162294,XGBoost
0_MFCC_4,27,0.3390736830319587,XGBoost
0_LPCC_5,28,0.3126331931612766,XGBoost
0_MFCC_8,29,0.3057541035304623,XGBoost
0_Maximum frequency,30,0.291125859185867,XGBoost
0_Negative turning points,31,0.2822804012760521,XGBoost
0_Mean,32,0.2417137284546469,XGBoost
0_Wavelet absolute mean_27777777.78Hz,33,0.2297654565551007,XGBoost
0_MFCC_0,34,0.1590737363181387,XGBoost
0_Median frequency,35,0.0975066179911295,XGBoost
0_ECDF Percentile_1,36,0.0795752077292651,XGBoost
0_Median diff,37,0.0598249655048052,XGBoost
0_Neighbourhood peaks,38,0.0418543265171348,XGBoost
0_Zero crossing rate,39,0.0319263663300623,XGBoost
0_Power bandwidth,40,0.001518257176876,XGBoost
0_Median absolute diff,41,0.0,XGBoost
0_Spectral roll-on,42,0.0,XGBoost
0_Spectral variation,1,9.736716185996077,SVR
0_LPCC_0,2,9.273263308357778,SVR
0_Interquartile range,3,8.93304715059302,SVR
0_Peak to peak distance,4,8.41951252338551,SVR
0_Spectral decrease,5,8.381226791677351,SVR
0_Spectral entropy,6,8.321376762690765,SVR
0_Mean diff,7,8.157536198373457,SVR
0_ECDF Percentile_0,8,7.662930334345577,SVR
0_Median,9,7.2759064424695055,SVR
0_Wavelet absolute mean_27777777.78Hz,10,6.150134577764987,SVR
0_Absolute energy,11,5.24678511163162,SVR
0_MFCC_11,12,4.344899115113742,SVR
0_Wavelet absolute mean_125000000.0Hz,13,4.240843059077563,SVR
0_Slope,14,3.3358485539026934,SVR
0_Max,15,3.250845762539703,SVR
0_MFCC_5,16,0.9345634313217678,SVR
0_Mean,17,0.7705441164048286,SVR
0_Autocorrelation,18,0.7463994509714638,SVR
0_MFCC_4,19,0.7055620883473359,SVR
0_MFCC_9,20,0.6944044625405592,SVR
0_Wavelet energy_125000000.0Hz,21,0.5660109114739831,SVR
0_Maximum frequency,22,0.2879434978458292,SVR
0_MFCC_0,23,0.1770300388314012,SVR
0_ECDF Percentile_1,24,0.1692894799914491,SVR
0_Wavelet entropy,25,0.1582792096962623,SVR
0_LPCC_5,26,0.1036881264425612,SVR
0_MFCC_8,27,0.0737506246742029,SVR
0_Spectral positive turning points,28,0.0403260457601885,SVR
0_Entropy,29,0.0,SVR
0_Fundamental frequency,30,0.0,SVR
0_LPCC_1,31,0.0,SVR
0_Histogram mode,32,0.0,SVR
0_MFCC_10,33,0.0,SVR
0_LPCC_6,34,0.0,SVR
0_Median diff,35,0.0,SVR
0_Median absolute diff,36,0.0,SVR
0_Negative turning points,37,0.0,SVR
0_Neighbourhood peaks,38,0.0,SVR
0_Power bandwidth,39,0.0,SVR
0_Median frequency,40,0.0,SVR
0_Spectral roll-on,41,0.0,SVR
0_Zero crossing rate,42,0.0,SVR
0_Peak to peak distance,1,15.39076734088586,Random Forest
0_Spectral entropy,2,8.327078677027698,Random Forest
0_Absolute energy,3,6.702887051935856,Random Forest
0_Autocorrelation,4,5.795587268809167,Random Forest
0_Spectral variation,5,5.19619340571969,Random Forest
0_Entropy,6,4.378765341672051,Random Forest
0_Interquartile range,7,3.905437561099548,Random Forest
0_Wavelet energy_125000000.0Hz,8,3.220587972781303,Random Forest
0_Histogram mode,9,2.461468202687056,Random Forest
0_Wavelet absolute mean_125000000.0Hz,10,2.207094555023508,Random Forest
0_ECDF Percentile_0,11,1.836297997360172,Random Forest
0_MFCC_11,12,1.4687392133933956,Random Forest
0_LPCC_0,13,1.4038248584035555,Random Forest
0_Slope,14,1.2068135121391237,Random Forest
0_Wavelet absolute mean_27777777.78Hz,15,0.9822102122678577,Random Forest
0_ECDF Percentile_1,16,0.9519665692081364,Random Forest
0_Fundamental frequency,17,0.8390330817836645,Random Forest
0_Mean diff,18,0.7928421326481195,Random Forest
0_MFCC_8,19,0.7673137714646564,Random Forest
0_Wavelet entropy,20,0.7657822908679955,Random Forest
0_MFCC_0,21,0.7637596372683068,Random Forest
0_MFCC_9,22,0.6495729414035099,Random Forest
0_MFCC_10,23,0.5114397016734505,Random Forest
0_Median frequency,24,0.4404291006270874,Random Forest
0_Median,25,0.4338662759838083,Random Forest
0_Maximum frequency,26,0.3988565619125263,Random Forest
0_Spectral decrease,27,0.3670094488987931,Random Forest
0_MFCC_5,28,0.366097718250247,Random Forest
0_Max,29,0.3253900621601148,Random Forest
0_LPCC_6,30,0.2092220731838917,Random Forest
0_Mean,31,0.2068728413057125,Random Forest
0_LPCC_1,32,0.1789114245020047,Random Forest
0_LPCC_5,33,0.1774887313108425,Random Forest
0_MFCC_4,34,0.1747044239583425,Random Forest
0_Zero crossing rate,35,0.1673353233048692,Random Forest
0_Spectral positive turning points,36,0.0889843203000879,Random Forest
0_Median absolute diff,37,0.0345528002669724,Random Forest
0_Negative turning points,38,0.0294517173340544,Random Forest
0_Power bandwidth,39,0.0258798176570485,Random Forest
0_Spectral roll-on,40,0.0194723393427828,Random Forest
0_Neighbourhood peaks,41,0.0046399127820506,Random Forest
0_Median diff,42,0.0,Random Forest
0_Maximum frequency,1,117921252.25263116,Bayesian Ridge
0_Median frequency,2,6678802.608136995,Bayesian Ridge
0_Spectral roll-on,3,2276504.58309072,Bayesian Ridge
0_Power bandwidth,4,1544801.1750780295,Bayesian Ridge
0_Fundamental frequency,5,528214.5839662856,Bayesian Ridge
0_MFCC_4,6,1641.8465550659366,Bayesian Ridge
0_MFCC_11,7,1569.4379709290536,Bayesian Ridge
0_MFCC_9,8,1422.7862304350388,Bayesian Ridge
0_MFCC_5,9,975.9112071109228,Bayesian Ridge
0_MFCC_8,10,425.51618228961655,Bayesian Ridge
0_MFCC_0,11,257.14621272333306,Bayesian Ridge
0_MFCC_10,12,127.409616593573,Bayesian Ridge
0_Absolute energy,13,61.78779570968777,Bayesian Ridge
0_Peak to peak distance,14,6.569337788107276,Bayesian Ridge
0_Autocorrelation,15,6.37511784755082,Bayesian Ridge
0_Spectral decrease,16,5.5727063769642085,Bayesian Ridge
0_Spectral positive turning points,17,4.934228150636645,Bayesian Ridge
0_ECDF Percentile_1,18,3.2032035361901467,Bayesian Ridge
0_ECDF Percentile_0,19,3.152421695918363,Bayesian Ridge
0_Max,20,2.162851809115258,Bayesian Ridge
0_Mean,21,1.7136382898135794,Bayesian Ridge
0_Interquartile range,22,0.988105977547695,Bayesian Ridge
0_Median,23,0.9732217806561934,Bayesian Ridge
0_Zero crossing rate,24,0.3274456695416226,Bayesian Ridge
0_Spectral variation,25,0.3202275417651726,Bayesian Ridge
0_Negative turning points,26,0.2534262586230072,Bayesian Ridge
0_Histogram mode,27,0.1776784059918734,Bayesian Ridge
0_LPCC_0,28,0.1320197014827342,Bayesian Ridge
0_Spectral entropy,29,0.1074435483989224,Bayesian Ridge
0_Wavelet absolute mean_27777777.78Hz,30,0.1054015076140583,Bayesian Ridge
0_Entropy,31,0.0802951570160531,Bayesian Ridge
0_Wavelet energy_125000000.0Hz,32,0.0606126633479787,Bayesian Ridge
0_LPCC_1,33,0.0565122156133318,Bayesian Ridge
0_LPCC_5,34,0.0344742133709678,Bayesian Ridge
0_Wavelet entropy,35,0.0294849639888697,Bayesian Ridge
0_Neighbourhood peaks,36,0.0282462164851123,Bayesian Ridge
0_Wavelet absolute mean_125000000.0Hz,37,0.0145563820874359,Bayesian Ridge
0_Slope,38,0.0094508662531109,Bayesian Ridge
0_Mean diff,39,0.0017111174030851,Bayesian Ridge
0_LPCC_6,40,0.0016440544046095,Bayesian Ridge
0_Median absolute diff,41,0.0001654253356642,Bayesian Ridge
0_Median diff,42,0.0,Bayesian Ridge
0_Peak to peak distance,1,37.66198255373981,XGBoost
0_Spectral entropy,2,17.29187535208557,XGBoost
0_Autocorrelation,3,11.896070378163456,XGBoost
0_Interquartile range,4,3.892453841491292,XGBoost
0_Max,5,2.2112018221952794,XGBoost
0_Mean diff,6,1.6774370974706487,XGBoost
0_Spectral variation,7,1.6304151345364133,XGBoost
0_Entropy,8,1.6266301724917878,XGBoost
0_MFCC_11,9,1.3269195158451796,XGBoost
0_Histogram mode,10,1.0076606179179002,XGBoost
0_MFCC_10,11,0.7114217455700039,XGBoost
0_Absolute energy,12,0.629686555309718,XGBoost
0_LPCC_0,13,0.5978221807029096,XGBoost
0_MFCC_9,14,0.5864356471492908,XGBoost
0_LPCC_6,15,0.5388597349211578,XGBoost
0_Fundamental frequency,16,0.5243917302464446,XGBoost
0_Wavelet absolute mean_125000000.0Hz,17,0.5188538038148235,XGBoost
0_Wavelet entropy,18,0.4621491264536977,XGBoost
0_Wavelet absolute mean_27777777.78Hz,19,0.417664187910594,XGBoost
0_Slope,20,0.4171438240158061,XGBoost
0_MFCC_4,21,0.3942010752164449,XGBoost
0_Maximum frequency,22,0.392911110383117,XGBoost
0_MFCC_8,23,0.3910599558476202,XGBoost
0_ECDF Percentile_1,24,0.380091663684075,XGBoost
0_MFCC_0,25,0.3793601176212231,XGBoost
0_LPCC_1,26,0.376963018325592,XGBoost
0_Wavelet energy_125000000.0Hz,27,0.332923622196447,XGBoost
0_Spectral positive turning points,28,0.3209655087090097,XGBoost
0_Spectral decrease,29,0.2954003601113334,XGBoost
0_ECDF Percentile_0,30,0.2314629693418742,XGBoost
0_MFCC_5,31,0.2274054846633846,XGBoost
0_LPCC_5,32,0.2267083556126803,XGBoost
0_Median,33,0.1228208999407788,XGBoost
0_Neighbourhood peaks,34,0.1148616627665857,XGBoost
0_Mean,35,0.1080943938761328,XGBoost
0_Median absolute diff,36,0.0947358975442745,XGBoost
0_Median frequency,37,0.0841120848854382,XGBoost
0_Zero crossing rate,38,0.0249209228207667,XGBoost
0_Negative turning points,39,0.0207502444070453,XGBoost
0_Median diff,40,0.0,XGBoost
0_Power bandwidth,41,0.0,XGBoost
0_Spectral roll-on,42,0.0,XGBoost
0_Spectral entropy,1,10.660177890273394,SVR
0_Peak to peak distance,2,10.651193211661084,SVR
0_ECDF Percentile_0,3,10.569238717282657,SVR
0_Median,4,9.18968150443378,SVR
0_Spectral variation,5,8.215642488428907,SVR
0_Interquartile range,6,7.849144175026087,SVR
0_Absolute energy,7,7.775153086266251,SVR
0_LPCC_0,8,7.66431144698556,SVR
0_Spectral decrease,9,7.539588872986853,SVR
0_Mean diff,10,5.262194254161981,SVR
0_Wavelet absolute mean_27777777.78Hz,11,4.676914297824747,SVR
0_Wavelet absolute mean_125000000.0Hz,12,4.570127102972132,SVR
0_Max,13,3.578224498568792,SVR
0_Slope,14,3.26046480599742,SVR
0_MFCC_11,15,3.072982202247774,SVR
0_MFCC_5,16,1.831574366840032,SVR
0_Mean,17,1.551096633366627,SVR
0_Maximum frequency,18,1.487763513886287,SVR
0_Autocorrelation,19,1.2344706386071642,SVR
0_Wavelet entropy,20,0.589433920478835,SVR
0_MFCC_9,21,0.5851315122983445,SVR
0_Wavelet energy_125000000.0Hz,22,0.2042398913857225,SVR
0_MFCC_0,23,0.1166277930569044,SVR
0_MFCC_10,24,0.1107763596201811,SVR
0_Spectral positive turning points,25,0.0899825524444394,SVR
0_LPCC_1,26,0.0890672916485878,SVR
0_Negative turning points,27,0.0611389504378039,SVR
0_ECDF Percentile_1,28,0.0226741812738521,SVR
0_MFCC_8,29,0.0098651264553901,SVR
0_Entropy,30,0.0,SVR
0_Histogram mode,31,0.0,SVR
0_Fundamental frequency,32,0.0,SVR
0_LPCC_6,33,0.0,SVR
0_MFCC_4,34,0.0,SVR
0_Median diff,35,0.0,SVR
0_Median absolute diff,36,0.0,SVR
0_LPCC_5,37,0.0,SVR
0_Median frequency,38,0.0,SVR
0_Power bandwidth,39,0.0,SVR
0_Neighbourhood peaks,40,0.0,SVR
0_Spectral roll-on,41,0.0,SVR
0_Zero crossing rate,42,0.0,SVR
0_Peak to peak distance,1,17.060607977062183,Random Forest
0_Spectral entropy,2,8.581148715965211,Random Forest
0_Absolute energy,3,7.549985295159726,Random Forest
0_Autocorrelation,4,6.218467116746573,Random Forest
0_Entropy,5,4.984235696134422,Random Forest
0_Interquartile range,6,4.515758745114395,Random Forest
0_Spectral variation,7,4.243610229143595,Random Forest
0_Wavelet energy_125000000.0Hz,8,2.7142791900267675,Random Forest
0_ECDF Percentile_0,9,2.561885622580576,Random Forest
0_Histogram mode,10,2.4255975083195227,Random Forest
0_MFCC_11,11,2.2207206117712586,Random Forest
0_Wavelet absolute mean_125000000.0Hz,12,2.1551014230324963,Random Forest
0_Wavelet absolute mean_27777777.78Hz,13,1.2653993467726976,Random Forest
0_LPCC_0,14,1.1311573048397432,Random Forest
0_Slope,15,1.061479363246565,Random Forest
0_Mean diff,16,1.002003433928088,Random Forest
0_MFCC_9,17,0.8395815285063464,Random Forest
0_ECDF Percentile_1,18,0.8104061700798648,Random Forest
0_Fundamental frequency,19,0.7844496155686365,Random Forest
0_Wavelet entropy,20,0.6945170554496659,Random Forest
0_MFCC_8,21,0.664032119117755,Random Forest
0_Max,22,0.6278623098844043,Random Forest
0_MFCC_0,23,0.5533658338581365,Random Forest
0_Median,24,0.4898450916198704,Random Forest
0_Median frequency,25,0.4786554263111826,Random Forest
0_MFCC_10,26,0.4695076284558431,Random Forest
0_Spectral decrease,27,0.4506254389305444,Random Forest
0_MFCC_5,28,0.449984279443083,Random Forest
0_Maximum frequency,29,0.3751953006077403,Random Forest
0_LPCC_5,30,0.3487197208197475,Random Forest
0_Zero crossing rate,31,0.3056976409808111,Random Forest
0_Mean,32,0.2419392140225663,Random Forest
0_LPCC_1,33,0.2063747183271839,Random Forest
0_LPCC_6,34,0.2002856104437262,Random Forest
0_MFCC_4,35,0.1983059728386346,Random Forest
0_Negative turning points,36,0.1543158761652186,Random Forest
0_Median absolute diff,37,0.1116802612482259,Random Forest
0_Power bandwidth,38,0.0848011045258492,Random Forest
0_Spectral positive turning points,39,0.0736041610441481,Random Forest
0_Neighbourhood peaks,40,0.0116724756535763,Random Forest
0_Spectral roll-on,41,0.0008783333013455,Random Forest
0_Median diff,42,0.0,Random Forest
0_Maximum frequency,1,107940688.72534984,Bayesian Ridge
0_Median frequency,2,3839068.919568984,Bayesian Ridge
0_Power bandwidth,3,1604128.9796245198,Bayesian Ridge
0_Spectral roll-on,4,1225421.9255178282,Bayesian Ridge
0_Fundamental frequency,5,984105.9054620896,Bayesian Ridge
0_MFCC_4,6,1618.998209473232,Bayesian Ridge
0_MFCC_9,7,1615.9594983477052,Bayesian Ridge
0_MFCC_5,8,1434.3698572725395,Bayesian Ridge
0_MFCC_11,9,1227.054223724965,Bayesian Ridge
0_MFCC_8,10,560.3940133784554,Bayesian Ridge
0_MFCC_10,11,528.6332810394221,Bayesian Ridge
0_MFCC_0,12,177.5277365126957,Bayesian Ridge
0_Absolute energy,13,32.78039426306908,Bayesian Ridge
0_Peak to peak distance,14,8.54502382653276,Bayesian Ridge
0_Autocorrelation,15,6.178900459323062,Bayesian Ridge
0_Spectral decrease,16,5.161933814959786,Bayesian Ridge
0_Spectral positive turning points,17,4.820209073980723,Bayesian Ridge
0_ECDF Percentile_0,18,3.284357058137698,Bayesian Ridge
0_Max,19,2.606842042413984,Bayesian Ridge
0_ECDF Percentile_1,20,2.4671044929267523,Bayesian Ridge
0_Mean,21,1.740798230269327,Bayesian Ridge
0_Zero crossing rate,22,1.5105920295638364,Bayesian Ridge
0_Median,23,0.9490583790513418,Bayesian Ridge
0_Interquartile range,24,0.8563816518749531,Bayesian Ridge
0_Negative turning points,25,0.5267335002587716,Bayesian Ridge
0_Histogram mode,26,0.1867223363680618,Bayesian Ridge
0_Spectral entropy,27,0.1686327299350535,Bayesian Ridge
0_Spectral variation,28,0.1667199425774501,Bayesian Ridge
0_Entropy,29,0.1403955017807172,Bayesian Ridge
0_Wavelet absolute mean_27777777.78Hz,30,0.0806327305366703,Bayesian Ridge
0_LPCC_1,31,0.0642383006765119,Bayesian Ridge
0_LPCC_0,32,0.0488759030336567,Bayesian Ridge
0_Neighbourhood peaks,33,0.0355664992801109,Bayesian Ridge
0_Wavelet entropy,34,0.0252153350896178,Bayesian Ridge
0_Wavelet energy_125000000.0Hz,35,0.0203114999648966,Bayesian Ridge
0_Wavelet absolute mean_125000000.0Hz,36,0.0133497132471007,Bayesian Ridge
0_Slope,37,0.0090318022646801,Bayesian Ridge
0_LPCC_6,38,0.0064348802961411,Bayesian Ridge
0_Mean diff,39,0.0022516001373334,Bayesian Ridge
0_Median absolute diff,40,0.0014330590912581,Bayesian Ridge
0_LPCC_5,41,0.0005021696347332,Bayesian Ridge
0_Median diff,42,0.0,Bayesian Ridge
0_Peak to peak distance,1,40.71540757776168,XGBoost
0_Spectral entropy,2,19.37971106495208,XGBoost
0_Autocorrelation,3,13.310575506459918,XGBoost
0_Entropy,4,1.761566372286032,XGBoost
0_Interquartile range,5,1.6343213842717,XGBoost
0_Spectral variation,6,1.4119124642124716,XGBoost
0_Mean diff,7,1.2051813429774716,XGBoost
0_MFCC_8,8,0.9726749225004264,XGBoost
0_LPCC_0,9,0.9196068190649151,XGBoost
0_Histogram mode,10,0.9026971482689184,XGBoost
0_Wavelet energy_125000000.0Hz,11,0.7873777630335342,XGBoost
0_Wavelet entropy,12,0.7304592107970891,XGBoost
0_Max,13,0.6848107862168302,XGBoost
0_MFCC_9,14,0.6759556325524038,XGBoost
0_Fundamental frequency,15,0.5766362092087669,XGBoost
0_Absolute energy,16,0.561229860593006,XGBoost
0_Wavelet absolute mean_125000000.0Hz,17,0.5428338768988226,XGBoost
0_ECDF Percentile_0,18,0.5390093633854142,XGBoost
0_Slope,19,0.4765322405532933,XGBoost
0_MFCC_10,20,0.4169581923022865,XGBoost
0_LPCC_5,21,0.4132068496452334,XGBoost
0_MFCC_4,22,0.411544635063076,XGBoost
0_MFCC_11,23,0.4006532979179484,XGBoost
0_MFCC_0,24,0.3984253681698191,XGBoost
0_Spectral positive turning points,25,0.3581366941448765,XGBoost
0_LPCC_1,26,0.2511709008638746,XGBoost
0_Median,27,0.2344655892525489,XGBoost
0_MFCC_5,28,0.2252275401080027,XGBoost
0_Spectral decrease,29,0.2147605081116159,XGBoost
0_Negative turning points,30,0.2089242365738998,XGBoost
0_LPCC_6,31,0.207739615111146,XGBoost
0_Maximum frequency,32,0.1634384607009589,XGBoost
0_Wavelet absolute mean_27777777.78Hz,33,0.1344841588889559,XGBoost
0_Neighbourhood peaks,34,0.1177442514244467,XGBoost
0_Mean,35,0.0870806270144879,XGBoost
0_ECDF Percentile_1,36,0.0663707393960406,XGBoost
0_Zero crossing rate,37,0.0634218690538158,XGBoost
0_Median absolute diff,38,0.0,XGBoost
0_Median diff,39,0.0,XGBoost
0_Median frequency,40,0.0,XGBoost
0_Power bandwidth,41,0.0,XGBoost
0_Spectral roll-on,42,0.0,XGBoost
0_Peak to peak distance,1,10.115059760603408,SVR
0_Spectral decrease,2,8.976720093385767,SVR
0_Spectral variation,3,8.425709438322128,SVR
0_Mean diff,4,7.754645969766008,SVR
0_Wavelet absolute mean_27777777.78Hz,5,7.663385710768842,SVR
0_Median,6,7.437051488026744,SVR
0_Interquartile range,7,7.324305651688202,SVR
0_Spectral entropy,8,6.971729427378444,SVR
0_LPCC_0,9,6.932232680722218,SVR
0_ECDF Percentile_0,10,6.053656052380459,SVR
0_Absolute energy,11,5.942231688504115,SVR
0_MFCC_11,12,4.494257963562462,SVR
0_Max,13,4.025165425201246,SVR
0_Slope,14,4.004836121132839,SVR
0_MFCC_5,15,3.5570763151230023,SVR
0_Wavelet absolute mean_125000000.0Hz,16,2.6536538413320185,SVR
0_MFCC_9,17,1.769227078680551,SVR
0_Autocorrelation,18,1.746995632582212,SVR
0_Maximum frequency,19,0.9821808709757778,SVR
0_Mean,20,0.7931958152489625,SVR
0_MFCC_10,21,0.3411622969117478,SVR
0_MFCC_0,22,0.3246802176532806,SVR
0_Wavelet energy_125000000.0Hz,23,0.3015146597594036,SVR
0_Spectral roll-on,24,0.1844706066022614,SVR
0_MFCC_4,25,0.135861119834117,SVR
0_Median diff,26,0.1296035494136778,SVR
0_LPCC_5,27,0.1263730140700156,SVR
0_Negative turning points,28,0.1031362736170296,SVR
0_ECDF Percentile_1,29,0.0680615720199012,SVR
0_Fundamental frequency,30,0.0,SVR
0_LPCC_1,31,0.0,SVR
0_Histogram mode,32,0.0,SVR
0_Entropy,33,0.0,SVR
0_LPCC_6,34,0.0,SVR
0_Median absolute diff,35,0.0,SVR
0_MFCC_8,36,0.0,SVR
0_Median frequency,37,0.0,SVR
0_Neighbourhood peaks,38,0.0,SVR
0_Power bandwidth,39,0.0,SVR
0_Spectral positive turning points,40,0.0,SVR
0_Wavelet entropy,41,0.0,SVR
0_Zero crossing rate,42,0.0,SVR
0_Peak to peak distance,1,15.180341050861967,Random Forest
0_Spectral entropy,2,7.849830701290415,Random Forest
0_Absolute energy,3,7.157549472536473,Random Forest
0_Autocorrelation,4,5.632400809838685,Random Forest
0_Entropy,5,4.281811098877999,Random Forest
0_Spectral variation,6,4.228082793677894,Random Forest
0_Interquartile range,7,3.978156129007988,Random Forest
0_Wavelet energy_125000000.0Hz,8,3.389771828990973,Random Forest
0_Histogram mode,9,2.426738708235192,Random Forest
0_MFCC_11,10,2.3547919418722394,Random Forest
0_ECDF Percentile_0,11,1.9626849852893808,Random Forest
0_Wavelet absolute mean_125000000.0Hz,12,1.8250989921142504,Random Forest
0_Wavelet absolute mean_27777777.78Hz,13,1.3889774312316137,Random Forest
0_LPCC_0,14,1.3734174417358742,Random Forest
0_Median frequency,15,1.264109072768068,Random Forest
0_Slope,16,1.0842711122035515,Random Forest
0_MFCC_9,17,1.013173259444985,Random Forest
0_ECDF Percentile_1,18,0.9113944722808588,Random Forest
0_MFCC_0,19,0.8349714440929238,Random Forest
0_Fundamental frequency,20,0.7884728554443455,Random Forest
0_Mean diff,21,0.7295957856319842,Random Forest
0_Wavelet entropy,22,0.6288426808419636,Random Forest
0_MFCC_5,23,0.6284169694513081,Random Forest
0_MFCC_8,24,0.5246264047865757,Random Forest
0_MFCC_10,25,0.4338625727692309,Random Forest
0_Spectral decrease,26,0.4216173637785173,Random Forest
0_Median,27,0.4194442494643076,Random Forest
0_Maximum frequency,28,0.3752579631758854,Random Forest
0_Max,29,0.3722485393341786,Random Forest
0_LPCC_1,30,0.2515086145408607,Random Forest
0_MFCC_4,31,0.1860078738014757,Random Forest
0_LPCC_5,32,0.1807624331050241,Random Forest
0_LPCC_6,33,0.1508781647934578,Random Forest
0_Zero crossing rate,34,0.139419198646148,Random Forest
0_Mean,35,0.1170889872450226,Random Forest
0_Spectral positive turning points,36,0.0944526459786187,Random Forest
0_Negative turning points,37,0.0624098615507905,Random Forest
0_Power bandwidth,38,0.04763013923044,Random Forest
0_Spectral roll-on,39,0.0372784496198097,Random Forest
0_Median absolute diff,40,0.0216340421254436,Random Forest
0_Neighbourhood peaks,41,0.0087226049679021,Random Forest
0_Median diff,42,0.0,Random Forest
0_Maximum frequency,1,77242652.11754148,Bayesian Ridge
0_Median frequency,2,3892285.786943748,Bayesian Ridge
0_Fundamental frequency,3,2754337.869862342,Bayesian Ridge
0_Power bandwidth,4,1709999.4795469125,Bayesian Ridge
0_Spectral roll-on,5,1345495.366916432,Bayesian Ridge
0_MFCC_11,6,1781.8798792394225,Bayesian Ridge
0_MFCC_4,7,1318.9742299974378,Bayesian Ridge
0_MFCC_9,8,1156.2696931500334,Bayesian Ridge
0_MFCC_5,9,1126.787023031517,Bayesian Ridge
0_MFCC_8,10,469.22414894268,Bayesian Ridge
0_MFCC_0,11,231.73297304332087,Bayesian Ridge
0_Absolute energy,12,127.50164718640184,Bayesian Ridge
0_MFCC_10,13,79.60112699265113,Bayesian Ridge
0_Peak to peak distance,14,8.291770200830285,Bayesian Ridge
0_Spectral decrease,15,5.365660701269807,Bayesian Ridge
0_Autocorrelation,16,4.8216723949100775,Bayesian Ridge
0_Spectral positive turning points,17,4.314663543467234,Bayesian Ridge
0_ECDF Percentile_0,18,3.036904924032434,Bayesian Ridge
0_Max,19,2.682706118596403,Bayesian Ridge
0_ECDF Percentile_1,20,2.472176032364009,Bayesian Ridge
0_Mean,21,2.306607496822564,Bayesian Ridge
0_Median,22,0.8689113238083623,Bayesian Ridge
0_Interquartile range,23,0.7909814167489365,Bayesian Ridge
0_Zero crossing rate,24,0.7156852063880066,Bayesian Ridge
0_Negative turning points,25,0.3965146360572439,Bayesian Ridge
0_Spectral variation,26,0.1861069753825517,Bayesian Ridge
0_Wavelet absolute mean_27777777.78Hz,27,0.1729093671389996,Bayesian Ridge
0_Spectral entropy,28,0.1321711221441449,Bayesian Ridge
0_Entropy,29,0.120591999296276,Bayesian Ridge
0_LPCC_0,30,0.098099532348068,Bayesian Ridge
0_Neighbourhood peaks,31,0.0568692603224145,Bayesian Ridge
0_LPCC_1,32,0.0558500876263001,Bayesian Ridge
0_Histogram mode,33,0.0519075854434137,Bayesian Ridge
0_Wavelet energy_125000000.0Hz,34,0.0508970619259276,Bayesian Ridge
0_LPCC_5,35,0.0378936894166919,Bayesian Ridge
0_Wavelet entropy,36,0.0231912788913355,Bayesian Ridge
0_Slope,37,0.0104530322264127,Bayesian Ridge
0_Wavelet absolute mean_125000000.0Hz,38,0.0085604691646148,Bayesian Ridge
0_LPCC_6,39,0.0009912249530311,Bayesian Ridge
0_Median diff,40,0.0002756204618352,Bayesian Ridge
0_Mean diff,41,9.590831095079176e-05,Bayesian Ridge
0_Median absolute diff,42,7.426285467450605e-06,Bayesian Ridge
0_Peak to peak distance,1,38.63966885605822,XGBoost
0_Spectral entropy,2,16.226824687574585,XGBoost
0_Autocorrelation,3,12.712255477449672,XGBoost
0_Interquartile range,4,4.501452092922853,XGBoost
0_Spectral variation,5,1.9102526084636644,XGBoost
0_Mean diff,6,1.5923202422197904,XGBoost
0_Entropy,7,1.5187609076973672,XGBoost
0_Max,8,1.4955144192881027,XGBoost
0_Histogram mode,9,1.1375035419017696,XGBoost
0_MFCC_9,10,0.9837734710909428,XGBoost
0_MFCC_11,11,0.9544019135760148,XGBoost
0_Absolute energy,12,0.8080510758817814,XGBoost
0_Fundamental frequency,13,0.7954911971263589,XGBoost
0_LPCC_0,14,0.7762781126781055,XGBoost
0_Wavelet absolute mean_125000000.0Hz,15,0.7672794903978395,XGBoost
0_Wavelet entropy,16,0.6951900984248768,XGBoost
0_LPCC_5,17,0.6465429416718583,XGBoost
0_MFCC_10,18,0.6406090195132419,XGBoost
0_Wavelet energy_125000000.0Hz,19,0.6261193419809145,XGBoost
0_Spectral positive turning points,20,0.6223692723112183,XGBoost
0_LPCC_1,21,0.5575102771613749,XGBoost
0_Slope,22,0.4987051062054311,XGBoost
0_Maximum frequency,23,0.4681517879601568,XGBoost
0_MFCC_5,24,0.4319221187192947,XGBoost
0_MFCC_8,25,0.410088110386456,XGBoost
0_ECDF Percentile_0,26,0.3998309246861065,XGBoost
0_MFCC_0,27,0.3344809534232442,XGBoost
0_MFCC_4,28,0.3044535212624198,XGBoost
0_Wavelet absolute mean_27777777.78Hz,29,0.3016695387490093,XGBoost
0_ECDF Percentile_1,30,0.2972626583516598,XGBoost
0_Median,31,0.2588621533814818,XGBoost
0_Spectral decrease,32,0.2429433703010281,XGBoost
0_LPCC_6,33,0.2423063511499824,XGBoost
0_Mean,34,0.1911838132189276,XGBoost
0_Neighbourhood peaks,35,0.1245639134361098,XGBoost
0_Median frequency,36,0.1197416448662678,XGBoost
0_Negative turning points,37,0.0688192938337723,XGBoost
0_Median diff,38,0.018990021709601,XGBoost
0_Median absolute diff,39,0.0043043065309524,XGBoost
0_Power bandwidth,40,0.0,XGBoost
0_Spectral roll-on,41,0.0,XGBoost
0_Zero crossing rate,42,0.0,XGBoost
0_Spectral entropy,1,13.24197689015654,SVR
0_Peak to peak distance,2,10.481193196363089,SVR
0_Interquartile range,3,8.790890889582913,SVR
0_Absolute energy,4,8.751364048928597,SVR
0_Median,5,7.591881741668294,SVR
0_ECDF Percentile_0,6,7.031420702451395,SVR
0_Spectral variation,7,6.542912491330989,SVR
0_Mean diff,8,5.916603593687749,SVR
0_Wavelet absolute mean_27777777.78Hz,9,5.771979586243619,SVR
0_LPCC_0,10,5.737506992826769,SVR
0_Spectral decrease,11,5.586035231750028,SVR
0_Max,12,3.909007889102571,SVR
0_Slope,13,3.5158322528998163,SVR
0_MFCC_11,14,3.2742735019822247,SVR
0_Wavelet absolute mean_125000000.0Hz,15,2.744594487172704,SVR
0_Autocorrelation,16,2.3753426943235145,SVR
0_MFCC_9,17,1.6046085844947977,SVR
0_Mean,18,1.5070674432932891,SVR
0_MFCC_10,19,1.2474973263340916,SVR
0_Wavelet entropy,20,1.2451818892271391,SVR
0_MFCC_5,21,0.8987166146967916,SVR
0_Wavelet energy_125000000.0Hz,22,0.2874790716511194,SVR
0_Median diff,23,0.2016428694853597,SVR
0_MFCC_0,24,0.1702111075633813,SVR
0_Maximum frequency,25,0.0596753532570167,SVR
0_Spectral roll-on,26,0.0571619172786241,SVR
0_Zero crossing rate,27,0.0443922666066596,SVR
0_LPCC_1,28,0.0,SVR
0_Entropy,29,0.0,SVR
0_Fundamental frequency,30,0.0,SVR
0_ECDF Percentile_1,31,0.0,SVR
0_Histogram mode,32,0.0,SVR
0_LPCC_5,33,0.0,SVR
0_MFCC_8,34,0.0,SVR
0_Median absolute diff,35,0.0,SVR
0_LPCC_6,36,0.0,SVR
0_MFCC_4,37,0.0,SVR
0_Neighbourhood peaks,38,0.0,SVR
0_Power bandwidth,39,0.0,SVR
0_Median frequency,40,0.0,SVR
0_Negative turning points,41,0.0,SVR
0_Spectral positive turning points,42,0.0,SVR
0_Peak to peak distance,1,14.66178405324588,Random Forest
0_Spectral entropy,2,8.533116469510825,Random Forest
0_Absolute energy,3,7.085487676681885,Random Forest
0_Autocorrelation,4,6.401883548825927,Random Forest
0_Spectral variation,5,4.9158528751161885,Random Forest
0_Entropy,6,4.191814517734906,Random Forest
0_Interquartile range,7,3.7883133672478295,Random Forest
0_ECDF Percentile_0,8,2.889992177799236,Random Forest
0_Wavelet energy_125000000.0Hz,9,2.692250281180525,Random Forest
0_MFCC_11,10,2.113995888089117,Random Forest
0_Histogram mode,11,2.110653400711358,Random Forest
0_Wavelet absolute mean_125000000.0Hz,12,2.1093174994776254,Random Forest
0_Wavelet absolute mean_27777777.78Hz,13,1.1326125602492518,Random Forest
0_LPCC_0,14,1.032796206317947,Random Forest
0_Fundamental frequency,15,1.003027991541444,Random Forest
0_Median frequency,16,0.9656623775374144,Random Forest
0_MFCC_0,17,0.8755792262265768,Random Forest
0_ECDF Percentile_1,18,0.865460273479174,Random Forest
0_Slope,19,0.8023158146713434,Random Forest
0_Mean diff,20,0.7427063713846536,Random Forest
0_MFCC_9,21,0.6193931463790865,Random Forest
0_Wavelet entropy,22,0.606757360570959,Random Forest
0_MFCC_8,23,0.5190753110772154,Random Forest
0_MFCC_5,24,0.4794212550173359,Random Forest
0_Median,25,0.4091709125481157,Random Forest
0_MFCC_10,26,0.3818879148168643,Random Forest
0_Maximum frequency,27,0.3676558109009328,Random Forest
0_LPCC_5,28,0.3583377595105829,Random Forest
0_Max,29,0.3541666118819149,Random Forest
0_Spectral decrease,30,0.3429497270230126,Random Forest
0_Zero crossing rate,31,0.3220614105373932,Random Forest
0_LPCC_6,32,0.2768324700716261,Random Forest
0_LPCC_1,33,0.2015197745866064,Random Forest
0_Mean,34,0.1756169620659455,Random Forest
0_MFCC_4,35,0.1535430797242831,Random Forest
0_Median absolute diff,36,0.1230668332957352,Random Forest
0_Spectral positive turning points,37,0.0592138070622614,Random Forest
0_Power bandwidth,38,0.0379713951741655,Random Forest
0_Negative turning points,39,0.0305589681585319,Random Forest
0_Spectral roll-on,40,0.0150004528055277,Random Forest
0_Neighbourhood peaks,41,0.0037636236638451,Random Forest
0_Median diff,42,0.0,Random Forest
0_Maximum frequency,1,132391044.35309108,Bayesian Ridge
0_Median frequency,2,3901359.297063175,Bayesian Ridge
0_Fundamental frequency,3,1635341.5701992663,Bayesian Ridge
0_Spectral roll-on,4,1363915.9160041518,Bayesian Ridge
0_Power bandwidth,5,845653.2039475153,Bayesian Ridge
0_MFCC_4,6,1419.038019682358,Bayesian Ridge
0_MFCC_9,7,1204.8083271631565,Bayesian Ridge
0_MFCC_11,8,1130.519505984678,Bayesian Ridge
0_MFCC_5,9,958.3958087262406,Bayesian Ridge
0_MFCC_10,10,398.1077876881348,Bayesian Ridge
0_MFCC_8,11,358.1943054610389,Bayesian Ridge
0_MFCC_0,12,133.39739391569543,Bayesian Ridge
0_Absolute energy,13,109.33456631475534,Bayesian Ridge
0_Spectral decrease,14,7.690606993425711,Bayesian Ridge
0_Autocorrelation,15,6.960265723501832,Bayesian Ridge
0_Peak to peak distance,16,5.585988847180842,Bayesian Ridge
0_Spectral positive turning points,17,4.847192752658237,Bayesian Ridge
0_ECDF Percentile_0,18,2.797713826485251,Bayesian Ridge
0_Max,19,2.077361664445686,Bayesian Ridge
0_Mean,20,1.4684284522725093,Bayesian Ridge
0_ECDF Percentile_1,21,1.2668307174935056,Bayesian Ridge
0_Median,22,0.979051053065324,Bayesian Ridge
0_Interquartile range,23,0.883681512667827,Bayesian Ridge
0_Zero crossing rate,24,0.6326878636361284,Bayesian Ridge
0_Spectral variation,25,0.2954202922311408,Bayesian Ridge
0_Negative turning points,26,0.2946589221544789,Bayesian Ridge
0_Wavelet absolute mean_27777777.78Hz,27,0.1526071391876468,Bayesian Ridge
0_Histogram mode,28,0.1125923586602035,Bayesian Ridge
0_Spectral entropy,29,0.1030007535303709,Bayesian Ridge
0_Entropy,30,0.0866437882656473,Bayesian Ridge
0_LPCC_0,31,0.0854565674131914,Bayesian Ridge
0_Neighbourhood peaks,32,0.0638973132695246,Bayesian Ridge
0_LPCC_1,33,0.0403046695666855,Bayesian Ridge
0_Wavelet energy_125000000.0Hz,34,0.0399854016911515,Bayesian Ridge
0_Wavelet entropy,35,0.0259589357497536,Bayesian Ridge
0_LPCC_6,36,0.0135862564035029,Bayesian Ridge
0_Wavelet absolute mean_125000000.0Hz,37,0.0116918138335284,Bayesian Ridge
0_Slope,38,0.0102461624843482,Bayesian Ridge
0_LPCC_5,39,0.009434232774209,Bayesian Ridge
0_Mean diff,40,0.0061918594103702,Bayesian Ridge
0_Median absolute diff,41,0.0016258213120399,Bayesian Ridge
0_Median diff,42,0.0001733017158035,Bayesian Ridge
0_Peak to peak distance,1,30.35851872508997,XGBoost
0_Spectral entropy,2,19.183999542730863,XGBoost
0_Autocorrelation,3,11.866496932326378,XGBoost
0_Entropy,4,3.684166573937673,XGBoost
0_Absolute energy,5,3.153951981866236,XGBoost
0_MFCC_5,6,2.2603595277172515,XGBoost
0_Interquartile range,7,2.002596321643144,XGBoost
0_Mean diff,8,1.6252884479379908,XGBoost
0_Spectral variation,9,1.583008367365785,XGBoost
0_Histogram mode,10,1.5466859191384794,XGBoost
0_Wavelet energy_125000000.0Hz,11,1.5373159569919117,XGBoost
0_Wavelet absolute mean_125000000.0Hz,12,1.2239821400950353,XGBoost
0_Max,13,0.9688211474083364,XGBoost
0_MFCC_9,14,0.7939451449740677,XGBoost
0_Fundamental frequency,15,0.7852922272245094,XGBoost
0_MFCC_0,16,0.7313408253770323,XGBoost
0_Slope,17,0.6624305065677814,XGBoost
0_LPCC_0,18,0.636631831326522,XGBoost
0_LPCC_6,19,0.5024431678947061,XGBoost
0_Spectral positive turning points,20,0.501594613070227,XGBoost
0_LPCC_5,21,0.4823977549138168,XGBoost
0_Spectral decrease,22,0.4453564867914499,XGBoost
0_MFCC_4,23,0.4094791895377759,XGBoost
0_Wavelet entropy,24,0.3838616642746454,XGBoost
0_MFCC_8,25,0.3771585993613428,XGBoost
0_Wavelet absolute mean_27777777.78Hz,26,0.3646550552643834,XGBoost
0_MFCC_10,27,0.309919993068402,XGBoost
0_Maximum frequency,28,0.2914324534264083,XGBoost
0_MFCC_11,29,0.2868751399296025,XGBoost
0_Negative turning points,30,0.2369233666305741,XGBoost
0_Median,31,0.2363593200332173,XGBoost
0_ECDF Percentile_0,32,0.2061131928425282,XGBoost
0_LPCC_1,33,0.1963624461668232,XGBoost
0_ECDF Percentile_1,34,0.1481845871781309,XGBoost
0_Mean,35,0.1286347466415105,XGBoost
0_Zero crossing rate,36,0.1096665301769971,XGBoost
0_Median frequency,37,0.1066673955112696,XGBoost
0_Neighbourhood peaks,38,0.0737252122934907,XGBoost
0_Median absolute diff,39,0.0266622275471687,XGBoost
0_Median diff,40,0.0,XGBoost
0_Power bandwidth,41,0.0,XGBoost
0_Spectral roll-on,42,0.0,XGBoost
0_Spectral entropy,1,10.933129290352957,SVR
0_Peak to peak distance,2,9.67045546002168,SVR
0_ECDF Percentile_0,3,8.88283313753345,SVR
0_Interquartile range,4,8.719271025679852,SVR
0_Spectral decrease,5,8.474678930831674,SVR
0_Mean diff,6,8.074812246509728,SVR
0_Absolute energy,7,8.021550219396284,SVR
0_Spectral variation,8,6.839667420029702,SVR
0_LPCC_0,9,6.486516560277398,SVR
0_Wavelet absolute mean_27777777.78Hz,10,5.540491969098154,SVR
0_Median,11,5.332670370560425,SVR
0_Max,12,5.192619034693695,SVR
0_MFCC_11,13,2.514017513549835,SVR
0_Slope,14,2.458793430967503,SVR
0_Wavelet absolute mean_125000000.0Hz,15,2.217395315918449,SVR
0_Mean,16,2.061304059341148,SVR
0_MFCC_5,17,1.9499866890237167,SVR
0_Autocorrelation,18,1.7855087238115284,SVR
0_Wavelet energy_125000000.0Hz,19,1.1009396982405744,SVR
0_MFCC_9,20,1.0958870432127592,SVR
0_Maximum frequency,21,1.0707871377472946,SVR
0_MFCC_10,22,0.6581645972179264,SVR
0_Wavelet entropy,23,0.3951633876450205,SVR
0_LPCC_5,24,0.1140473604591248,SVR
0_MFCC_0,25,0.0225554994551885,SVR
0_ECDF Percentile_1,26,0.0,SVR
0_LPCC_1,27,0.0,SVR
0_Histogram mode,28,0.0,SVR
0_Entropy,29,0.0,SVR
0_Fundamental frequency,30,0.0,SVR
0_LPCC_6,31,0.0,SVR
0_Median absolute diff,32,0.0,SVR
0_MFCC_4,33,0.0,SVR
0_MFCC_8,34,0.0,SVR
0_Median diff,35,0.0,SVR
0_Median frequency,36,0.0,SVR
0_Negative turning points,37,0.0,SVR
0_Neighbourhood peaks,38,0.0,SVR
0_Power bandwidth,39,0.0,SVR
0_Spectral roll-on,40,0.0,SVR
0_Spectral positive turning points,41,0.0,SVR
0_Zero crossing rate,42,0.0,SVR
0_Peak to peak distance,1,14.673863972167393,Random Forest
0_Spectral entropy,2,8.59986856588023,Random Forest
0_Autocorrelation,3,6.187662191286592,Random Forest
0_Absolute energy,4,5.724272084334352,Random Forest
0_Spectral variation,5,4.71240086435486,Random Forest
0_Entropy,6,3.870717355948953,Random Forest
0_Wavelet energy_125000000.0Hz,7,3.643910343235172,Random Forest
0_Interquartile range,8,3.378187026847882,Random Forest
0_Wavelet absolute mean_125000000.0Hz,9,2.4329455201902426,Random Forest
0_MFCC_11,10,2.422090786783623,Random Forest
0_Histogram mode,11,2.3995971956992905,Random Forest
0_ECDF Percentile_0,12,1.76544005027404,Random Forest
0_LPCC_0,13,1.287298740529471,Random Forest
0_Slope,14,0.9863215896010864,Random Forest
0_Fundamental frequency,15,0.9754753195408422,Random Forest
0_ECDF Percentile_1,16,0.9238764917734236,Random Forest
0_MFCC_9,17,0.9168060665000692,Random Forest
0_Wavelet absolute mean_27777777.78Hz,18,0.904138927693013,Random Forest
0_Wavelet entropy,19,0.8991563776912166,Random Forest
0_Mean diff,20,0.8134696510755921,Random Forest
0_MFCC_0,21,0.7027560916258253,Random Forest
0_Median frequency,22,0.6419233100704227,Random Forest
0_MFCC_8,23,0.5890118701805127,Random Forest
0_Spectral decrease,24,0.404563733537565,Random Forest
0_MFCC_5,25,0.3727721778948014,Random Forest
0_Maximum frequency,26,0.3663439558718198,Random Forest
0_Zero crossing rate,27,0.3332025326648881,Random Forest
0_Median,28,0.3228804169080843,Random Forest
0_LPCC_5,29,0.3104191285170226,Random Forest
0_LPCC_6,30,0.280231138934684,Random Forest
0_Max,31,0.2701890531952959,Random Forest
0_MFCC_10,32,0.2688748525216088,Random Forest
0_LPCC_1,33,0.2539342992613092,Random Forest
0_Mean,34,0.1984082266624629,Random Forest
0_MFCC_4,35,0.1353334720311143,Random Forest
0_Spectral positive turning points,36,0.1207376569776873,Random Forest
0_Spectral roll-on,37,0.0484702928664783,Random Forest
0_Median absolute diff,38,0.0419861904516815,Random Forest
0_Power bandwidth,39,0.0351186669425417,Random Forest
0_Negative turning points,40,0.0302009191928431,Random Forest
0_Neighbourhood peaks,41,0.0043354848340153,Random Forest
0_Median diff,42,0.0,Random Forest
0_Maximum frequency,1,32374094.418741245,Bayesian Ridge
0_Median frequency,2,2410573.829924937,Bayesian Ridge
0_Fundamental frequency,3,2267396.4252629564,Bayesian Ridge
0_Spectral roll-on,4,1167123.3217191435,Bayesian Ridge
0_Power bandwidth,5,560578.7149831707,Bayesian Ridge
0_MFCC_11,6,1954.779126117526,Bayesian Ridge
0_MFCC_4,7,1294.2610771412917,Bayesian Ridge
0_MFCC_5,8,1092.4765233328972,Bayesian Ridge
0_MFCC_9,9,812.9824113545972,Bayesian Ridge
0_MFCC_0,10,304.48415253353187,Bayesian Ridge
0_MFCC_8,11,200.63619724844773,Bayesian Ridge
0_Absolute energy,12,142.9333744612178,Bayesian Ridge
0_MFCC_10,13,76.63453717412887,Bayesian Ridge
0_Peak to peak distance,14,5.966124636820114,Bayesian Ridge
0_Autocorrelation,15,5.552790286675725,Bayesian Ridge
0_Spectral decrease,16,5.218013690337994,Bayesian Ridge
0_Spectral positive turning points,17,4.396679752471659,Bayesian Ridge
0_ECDF Percentile_1,18,3.796366955231154,Bayesian Ridge
0_ECDF Percentile_0,19,3.394940229815604,Bayesian Ridge
0_Max,20,1.6609156770916091,Bayesian Ridge
0_Mean,21,1.2575085366367342,Bayesian Ridge
0_Interquartile range,22,1.1831858800416788,Bayesian Ridge
0_Median,23,1.1174976315831382,Bayesian Ridge
0_Zero crossing rate,24,0.9193921795057658,Bayesian Ridge
0_Spectral entropy,25,0.1947502417821419,Bayesian Ridge
0_Wavelet absolute mean_27777777.78Hz,26,0.1787966592283457,Bayesian Ridge
0_Neighbourhood peaks,27,0.1636823698555327,Bayesian Ridge
0_Spectral variation,28,0.1332727476967205,Bayesian Ridge
0_Negative turning points,29,0.1066603455611571,Bayesian Ridge
0_LPCC_0,30,0.0844255873191108,Bayesian Ridge
0_Entropy,31,0.0775058878852802,Bayesian Ridge
0_LPCC_5,32,0.0545242211383812,Bayesian Ridge
0_Wavelet energy_125000000.0Hz,33,0.050279801654131,Bayesian Ridge
0_LPCC_1,34,0.0482237077518875,Bayesian Ridge
0_Wavelet entropy,35,0.0342767089575469,Bayesian Ridge
0_Histogram mode,36,0.021537973683073,Bayesian Ridge
0_Mean diff,37,0.0108184334621193,Bayesian Ridge
0_Slope,38,0.0092200596608874,Bayesian Ridge
0_Wavelet absolute mean_125000000.0Hz,39,0.0087371059883464,Bayesian Ridge
0_LPCC_6,40,0.0064379840136117,Bayesian Ridge
0_Median absolute diff,41,0.0002713261562222,Bayesian Ridge
0_Median diff,42,0.0,Bayesian Ridge
0_Peak to peak distance,1,34.5538972546105,XGBoost
0_Spectral entropy,2,20.40286308396961,XGBoost
0_Autocorrelation,3,10.281334781298415,XGBoost
0_Interquartile range,4,3.28302764709567,XGBoost
0_Spectral variation,5,2.294354522883518,XGBoost
0_Mean diff,6,2.1398355693885445,XGBoost
0_Max,7,1.9520719117482657,XGBoost
0_Entropy,8,1.7760521279979495,XGBoost
0_MFCC_10,9,1.2556748555229975,XGBoost
0_LPCC_0,10,1.2477411581232525,XGBoost
0_Histogram mode,11,1.0991516853276635,XGBoost
0_MFCC_9,12,1.04703560514686,XGBoost
0_MFCC_11,13,0.8337118085253986,XGBoost
0_Fundamental frequency,14,0.7620277429903549,XGBoost
0_Wavelet entropy,15,0.6582313275854415,XGBoost
0_LPCC_6,16,0.6560407115058974,XGBoost
0_Wavelet absolute mean_125000000.0Hz,17,0.655229538766543,XGBoost
0_Absolute energy,18,0.6111649783611917,XGBoost
0_MFCC_4,19,0.5657089944330977,XGBoost
0_LPCC_1,20,0.5525179371296118,XGBoost
0_ECDF Percentile_0,21,0.5261532280060153,XGBoost
0_Spectral positive turning points,22,0.5006103638561443,XGBoost
0_Wavelet energy_125000000.0Hz,23,0.4984461973117354,XGBoost
0_MFCC_5,24,0.4976927139005314,XGBoost
0_MFCC_8,25,0.454817534859727,XGBoost
0_MFCC_0,26,0.4001228293808954,XGBoost
0_Slope,27,0.3956229405631621,XGBoost
0_Wavelet absolute mean_27777777.78Hz,28,0.3574361732205997,XGBoost
0_Mean,29,0.3556305151104927,XGBoost
0_Maximum frequency,30,0.2513261648869142,XGBoost
0_Median,31,0.242542164015025,XGBoost
0_LPCC_5,32,0.2324716329499457,XGBoost
0_ECDF Percentile_1,33,0.2071679039945205,XGBoost
0_Spectral decrease,34,0.1964125735070555,XGBoost
0_Median frequency,35,0.1480270937199393,XGBoost
0_Neighbourhood peaks,36,0.1344387717368701,XGBoost
0_Median absolute diff,37,0.0713260203123092,XGBoost
0_Zero crossing rate,38,0.0531543508283794,XGBoost
0_Negative turning points,39,0.0151253205214937,XGBoost
0_Median diff,40,0.0,XGBoost
0_Power bandwidth,41,0.0,XGBoost
0_Spectral roll-on,42,0.0,XGBoost
0_Peak to peak distance,1,12.04863621296968,SVR
0_Spectral entropy,2,10.264436990724043,SVR
0_Spectral decrease,3,9.729695564839306,SVR
0_ECDF Percentile_0,4,9.434902017869884,SVR
0_Spectral variation,5,8.6428525222143,SVR
0_Interquartile range,6,8.60867631772151,SVR
0_Median,7,7.717799355342072,SVR
0_Wavelet absolute mean_27777777.78Hz,8,7.561888028091301,SVR
0_Mean diff,9,7.263054007831084,SVR
0_LPCC_0,10,7.019236401554658,SVR
0_Absolute energy,11,6.485509135383752,SVR
0_Wavelet absolute mean_125000000.0Hz,12,4.50749660761922,SVR
0_Max,13,4.010760821356526,SVR
0_MFCC_11,14,3.7342312819152887,SVR
0_Slope,15,3.2946120937901964,SVR
0_Autocorrelation,16,2.638924772962024,SVR
0_MFCC_5,17,2.342594923752343,SVR
0_MFCC_9,18,1.5740243441037314,SVR
0_MFCC_10,19,1.0156301653709892,SVR
0_Mean,20,0.7596812738382563,SVR
0_Wavelet energy_125000000.0Hz,21,0.5952553918327353,SVR
0_Maximum frequency,22,0.2340829207585643,SVR
0_MFCC_4,23,0.1706402659042954,SVR
0_Neighbourhood peaks,24,0.1480167932303246,SVR
0_Fundamental frequency,25,0.1227893328535278,SVR
0_MFCC_0,26,0.0280956865308839,SVR
0_LPCC_1,27,0.0,SVR
0_Histogram mode,28,0.0,SVR
0_ECDF Percentile_1,29,0.0,SVR
0_Entropy,30,0.0,SVR
0_LPCC_6,31,0.0,SVR
0_Median absolute diff,32,0.0,SVR
0_LPCC_5,33,0.0,SVR
0_MFCC_8,34,0.0,SVR
0_Median diff,35,0.0,SVR
0_Power bandwidth,36,0.0,SVR
0_Negative turning points,37,0.0,SVR
0_Median frequency,38,0.0,SVR
0_Spectral positive turning points,39,0.0,SVR
0_Spectral roll-on,40,0.0,SVR
0_Wavelet entropy,41,0.0,SVR
0_Zero crossing rate,42,0.0,SVR
0_Peak to peak distance,1,15.22735331010156,Random Forest
0_Spectral entropy,2,7.687460803549153,Random Forest
0_Absolute energy,3,7.459463506602333,Random Forest
0_Autocorrelation,4,5.663720124842179,Random Forest
0_Spectral variation,5,5.4510834009805125,Random Forest
0_Interquartile range,6,4.984987628810455,Random Forest
0_Entropy,7,4.167967699509386,Random Forest
0_Wavelet energy_125000000.0Hz,8,3.989282119876111,Random Forest
0_Histogram mode,9,2.765448837311558,Random Forest
0_ECDF Percentile_0,10,2.66563753274292,Random Forest
0_Wavelet absolute mean_125000000.0Hz,11,2.171464434634506,Random Forest
0_MFCC_11,12,1.8640581018359947,Random Forest
0_Wavelet absolute mean_27777777.78Hz,13,1.506380897896547,Random Forest
0_LPCC_0,14,1.3542825899787598,Random Forest
0_Mean diff,15,1.0016998297408142,Random Forest
0_ECDF Percentile_1,16,0.9529055385423044,Random Forest
0_Slope,17,0.934249331556959,Random Forest
0_Fundamental frequency,18,0.8626288851525167,Random Forest
0_Wavelet entropy,19,0.817757957490941,Random Forest
0_MFCC_9,20,0.738888636469717,Random Forest
0_MFCC_8,21,0.733942059571886,Random Forest
0_MFCC_0,22,0.5879563579707563,Random Forest
0_Median,23,0.5314947209060075,Random Forest
0_MFCC_10,24,0.5055613034577535,Random Forest
0_Median frequency,25,0.4522722690966291,Random Forest
0_MFCC_5,26,0.4147197143150301,Random Forest
0_Max,27,0.399692715919111,Random Forest
0_Spectral decrease,28,0.3684631026238746,Random Forest
0_Zero crossing rate,29,0.2975411993276095,Random Forest
0_LPCC_1,30,0.2966869194574305,Random Forest
0_Maximum frequency,31,0.293469237488322,Random Forest
0_LPCC_6,32,0.2646963090674253,Random Forest
0_LPCC_5,33,0.2480718223182406,Random Forest
0_Mean,34,0.2283640994583489,Random Forest
0_MFCC_4,35,0.2128582978672134,Random Forest
0_Spectral positive turning points,36,0.0745670620798637,Random Forest
0_Median absolute diff,37,0.0702650890046109,Random Forest
0_Spectral roll-on,38,0.0227280413662393,Random Forest
0_Negative turning points,39,0.0100880364335918,Random Forest
0_Power bandwidth,40,0.0098990038481851,Random Forest
0_Neighbourhood peaks,41,0.0088795412654678,Random Forest
0_Median diff,42,0.0,Random Forest
0_Maximum frequency,1,63299622.107569605,Bayesian Ridge
0_Median frequency,2,3930070.5345549583,Bayesian Ridge
0_Fundamental frequency,3,3585807.7525443854,Bayesian Ridge
0_Power bandwidth,4,1030795.5070499486,Bayesian Ridge
0_Spectral roll-on,5,871033.3798648725,Bayesian Ridge
0_MFCC_11,6,1775.252041236268,Bayesian Ridge
0_MFCC_4,7,1613.4782068572406,Bayesian Ridge
0_MFCC_9,8,1322.0855226002238,Bayesian Ridge
0_MFCC_5,9,1185.75639554755,Bayesian Ridge
0_MFCC_8,10,440.0647454895919,Bayesian Ridge
0_MFCC_0,11,262.5966234830862,Bayesian Ridge
0_MFCC_10,12,114.82885899416384,Bayesian Ridge
0_Absolute energy,13,85.81846765164809,Bayesian Ridge
0_Peak to peak distance,14,7.341590593891495,Bayesian Ridge
0_Autocorrelation,15,7.332958888674792,Bayesian Ridge
0_Spectral decrease,16,5.210425465515477,Bayesian Ridge
0_ECDF Percentile_0,17,3.855923205213292,Bayesian Ridge
0_Spectral positive turning points,18,3.1804688104533416,Bayesian Ridge
0_ECDF Percentile_1,19,2.5305940142625905,Bayesian Ridge
0_Max,20,2.171254839307783,Bayesian Ridge
0_Mean,21,1.905568994459168,Bayesian Ridge
0_Median,22,0.9448394359626134,Bayesian Ridge
0_Interquartile range,23,0.8318406696580457,Bayesian Ridge
0_Zero crossing rate,24,0.7134314177507254,Bayesian Ridge
0_Negative turning points,25,0.321674313696967,Bayesian Ridge
0_Spectral variation,26,0.2219964597597128,Bayesian Ridge
0_Wavelet absolute mean_27777777.78Hz,27,0.2092828040856708,Bayesian Ridge
0_Neighbourhood peaks,28,0.2086249829175749,Bayesian Ridge
0_Spectral entropy,29,0.1685286469222969,Bayesian Ridge
0_Histogram mode,30,0.1021273030357093,Bayesian Ridge
0_Entropy,31,0.080130752741974,Bayesian Ridge
0_LPCC_0,32,0.060571909754375,Bayesian Ridge
0_Wavelet energy_125000000.0Hz,33,0.0599228321107445,Bayesian Ridge
0_LPCC_1,34,0.0577595556318472,Bayesian Ridge
0_LPCC_5,35,0.0377391574842801,Bayesian Ridge
0_Wavelet entropy,36,0.0316229252755346,Bayesian Ridge
0_Slope,37,0.0109118959028546,Bayesian Ridge
0_LPCC_6,38,0.0073071222934114,Bayesian Ridge
0_Wavelet absolute mean_125000000.0Hz,39,0.0056694959068247,Bayesian Ridge
0_Mean diff,40,0.0050302451104217,Bayesian Ridge
0_Median absolute diff,41,0.0010167669494027,Bayesian Ridge
0_Median diff,42,0.0,Bayesian Ridge
0_Peak to peak distance,1,35.10465902046469,XGBoost
0_Spectral entropy,2,18.637381916627785,XGBoost
0_Autocorrelation,3,8.71631522897581,XGBoost
0_Interquartile range,4,4.421454992331191,XGBoost
0_Absolute energy,5,4.223541288434248,XGBoost
0_Spectral variation,6,3.462914951766655,XGBoost
0_Mean diff,7,2.0743645838552465,XGBoost
0_Entropy,8,2.041529826006045,XGBoost
0_Fundamental frequency,9,1.4166457946592323,XGBoost
0_Histogram mode,10,1.2073398702274387,XGBoost
0_Slope,11,1.183488205510098,XGBoost
0_Wavelet absolute mean_125000000.0Hz,12,1.1695755791982163,XGBoost
0_MFCC_11,13,0.9252421361104276,XGBoost
0_LPCC_0,14,0.8512767148523277,XGBoost
0_Max,15,0.7993197251833353,XGBoost
0_MFCC_0,16,0.7465175165592384,XGBoost
0_Spectral decrease,17,0.7337722199934227,XGBoost
0_MFCC_10,18,0.7262942082159218,XGBoost
0_MFCC_9,19,0.5989259716940115,XGBoost
0_Median,20,0.5412481469025525,XGBoost
0_LPCC_6,21,0.4384462247139155,XGBoost
0_LPCC_1,22,0.4208555521300685,XGBoost
0_Wavelet entropy,23,0.4116912826229506,XGBoost
0_MFCC_5,24,0.4034151520201315,XGBoost
0_Mean,25,0.3636508842278274,XGBoost
0_Wavelet energy_125000000.0Hz,26,0.3293930858987073,XGBoost
0_Wavelet absolute mean_27777777.78Hz,27,0.3239013409456858,XGBoost
0_MFCC_4,28,0.3093719699905565,XGBoost
0_MFCC_8,29,0.3066060371919845,XGBoost
0_Spectral positive turning points,30,0.2996432968707754,XGBoost
0_LPCC_5,31,0.2833975858666623,XGBoost
0_ECDF Percentile_0,32,0.2759087420011559,XGBoost
0_Maximum frequency,33,0.2734111945409327,XGBoost
0_ECDF Percentile_1,34,0.229192874155209,XGBoost
0_Negative turning points,35,0.2260064409978688,XGBoost
0_Median absolute diff,36,0.1605861787193765,XGBoost
0_Zero crossing rate,37,0.1518494719895222,XGBoost
0_Neighbourhood peaks,38,0.0269927468063309,XGBoost
0_Median frequency,39,0.0152059589405854,XGBoost
0_Median diff,40,0.0,XGBoost
0_Power bandwidth,41,0.0,XGBoost
0_Spectral roll-on,42,0.0,XGBoost
0_Spectral entropy,1,10.832846460560344,SVR
0_Peak to peak distance,2,10.271451407830634,SVR
0_Interquartile range,3,9.008470927326648,SVR
0_LPCC_0,4,8.924104315205964,SVR
0_Median,5,8.024551015752644,SVR
0_Spectral variation,6,7.99152390768175,SVR
0_ECDF Percentile_0,7,7.74837039485082,SVR
0_Absolute energy,8,7.681626100357199,SVR
0_Mean diff,9,7.355540346131699,SVR
0_Spectral decrease,10,7.33485591674333,SVR
0_Wavelet absolute mean_27777777.78Hz,11,6.811857429437158,SVR
0_Wavelet absolute mean_125000000.0Hz,12,4.207378853832761,SVR
0_Slope,13,4.1577886753010205,SVR
0_Max,14,2.9812181060051635,SVR
0_MFCC_11,15,2.6923262479371672,SVR
0_Autocorrelation,16,1.5563628211136251,SVR
0_MFCC_9,17,1.358616983837571,SVR
0_Wavelet entropy,18,1.1150933021901075,SVR
0_MFCC_10,19,1.0615581201390425,SVR
0_Wavelet energy_125000000.0Hz,20,0.7925746985578964,SVR
0_Mean,21,0.7199549045921244,SVR
0_MFCC_5,22,0.5755451599038205,SVR
0_Spectral roll-on,23,0.3296302673515004,SVR
0_Maximum frequency,24,0.1060854250098235,SVR
0_LPCC_5,25,0.0688495128824625,SVR
0_ECDF Percentile_1,26,0.0372549606530179,SVR
0_Entropy,27,0.0261797746843962,SVR
0_Spectral positive turning points,28,0.0171464695834746,SVR
0_Fundamental frequency,29,0.0,SVR
0_Histogram mode,30,0.0,SVR
0_LPCC_1,31,0.0,SVR
0_LPCC_6,32,0.0,SVR
0_MFCC_0,33,0.0,SVR
0_MFCC_8,34,0.0,SVR
0_Median diff,35,0.0,SVR
0_Median absolute diff,36,0.0,SVR
0_MFCC_4,37,0.0,SVR
0_Neighbourhood peaks,38,0.0,SVR
0_Power bandwidth,39,0.0,SVR
0_Median frequency,40,0.0,SVR
0_Negative turning points,41,0.0,SVR
0_Zero crossing rate,42,0.0,SVR
0_Peak to peak distance,1,14.41168310795165,Random Forest
0_Spectral entropy,2,8.83049600934137,Random Forest
0_Absolute energy,3,6.840410340999618,Random Forest
0_Entropy,4,5.639862785106823,Random Forest
0_Autocorrelation,5,5.523857160239745,Random Forest
0_Spectral variation,6,4.793025500494118,Random Forest
0_Interquartile range,7,4.334367298447668,Random Forest
0_Wavelet energy_125000000.0Hz,8,3.2958827779241604,Random Forest
0_Histogram mode,9,2.686130282141319,Random Forest
0_ECDF Percentile_0,10,2.618919389839462,Random Forest
0_Wavelet absolute mean_125000000.0Hz,11,2.266207875586634,Random Forest
0_MFCC_11,12,1.624711932161373,Random Forest
0_LPCC_0,13,1.313124231660533,Random Forest
0_Wavelet absolute mean_27777777.78Hz,14,1.2453999492090977,Random Forest
0_Fundamental frequency,15,1.1309054170560089,Random Forest
0_Slope,16,0.8298343514136658,Random Forest
0_ECDF Percentile_1,17,0.8273719007979922,Random Forest
0_Wavelet entropy,18,0.8088170758162002,Random Forest
0_MFCC_0,19,0.7440788983528969,Random Forest
0_Mean diff,20,0.6436494534606425,Random Forest
0_Median frequency,21,0.6172845098599484,Random Forest
0_MFCC_9,22,0.6095016717530942,Random Forest
0_MFCC_8,23,0.5728645267105662,Random Forest
0_MFCC_5,24,0.5448465333749464,Random Forest
0_Max,25,0.5287834587662245,Random Forest
0_MFCC_10,26,0.4967070084599233,Random Forest
0_Median,27,0.4647483896177261,Random Forest
0_Maximum frequency,28,0.4053422134848156,Random Forest
0_Spectral decrease,29,0.3482417437824264,Random Forest
0_LPCC_5,30,0.3400058431088497,Random Forest
0_Zero crossing rate,31,0.2559977535248423,Random Forest
0_LPCC_6,32,0.2527779953625053,Random Forest
0_LPCC_1,33,0.1994498892704956,Random Forest
0_Mean,34,0.1888548102493709,Random Forest
0_MFCC_4,35,0.147773222112027,Random Forest
0_Spectral positive turning points,36,0.1074183273854665,Random Forest
0_Median absolute diff,37,0.0658105025134825,Random Forest
0_Spectral roll-on,38,0.02825087886968,Random Forest
0_Negative turning points,39,0.0161555959569445,Random Forest
0_Neighbourhood peaks,40,0.010789682227311,Random Forest
0_Power bandwidth,41,0.0075208793384333,Random Forest
0_Median diff,42,0.0,Random Forest
0_Maximum frequency,1,62067428.29676224,Bayesian Ridge
0_Median frequency,2,4972816.429235738,Bayesian Ridge
0_Spectral roll-on,3,2071542.921864589,Bayesian Ridge
0_Fundamental frequency,4,1180265.6481317473,Bayesian Ridge
0_Power bandwidth,5,1058370.870638424,Bayesian Ridge
0_MFCC_4,6,1572.2385517451569,Bayesian Ridge
0_MFCC_9,7,1258.1726670780615,Bayesian Ridge
0_MFCC_5,8,1160.1280640566397,Bayesian Ridge
0_MFCC_11,9,1119.5592308418925,Bayesian Ridge
0_MFCC_10,10,299.8730466463105,Bayesian Ridge
0_MFCC_8,11,284.2317520663424,Bayesian Ridge
0_MFCC_0,12,246.9834391115277,Bayesian Ridge
0_Absolute energy,13,11.773186990705526,Bayesian Ridge
0_Spectral decrease,14,7.307387256039672,Bayesian Ridge
0_Peak to peak distance,15,6.7648685332772684,Bayesian Ridge
0_Spectral positive turning points,16,5.9838820937281385,Bayesian Ridge
0_Autocorrelation,17,5.770716456575658,Bayesian Ridge
0_ECDF Percentile_0,18,3.3406803028753145,Bayesian Ridge
0_ECDF Percentile_1,19,2.56678943418093,Bayesian Ridge
0_Max,20,2.1892273334022367,Bayesian Ridge
0_Mean,21,1.906531395115566,Bayesian Ridge
0_Interquartile range,22,1.6241409966477076,Bayesian Ridge
0_Median,23,0.9683539009382492,Bayesian Ridge
0_Zero crossing rate,24,0.5249104694607537,Bayesian Ridge
0_Spectral variation,25,0.3329282262685334,Bayesian Ridge
0_Histogram mode,26,0.3003470745062904,Bayesian Ridge
0_Negative turning points,27,0.246088631012137,Bayesian Ridge
0_Wavelet absolute mean_27777777.78Hz,28,0.1495623492616109,Bayesian Ridge
0_LPCC_0,29,0.1492118667945777,Bayesian Ridge
0_Spectral entropy,30,0.1122583632754345,Bayesian Ridge
0_Entropy,31,0.1048896238824224,Bayesian Ridge
0_Neighbourhood peaks,32,0.0725981629735666,Bayesian Ridge
0_Wavelet energy_125000000.0Hz,33,0.0578529130949401,Bayesian Ridge
0_Wavelet entropy,34,0.0316358526847858,Bayesian Ridge
0_LPCC_5,35,0.0241203547932398,Bayesian Ridge
0_LPCC_1,36,0.0130123465593282,Bayesian Ridge
0_Wavelet absolute mean_125000000.0Hz,37,0.0123959185557505,Bayesian Ridge
0_Slope,38,0.0093548236126362,Bayesian Ridge
0_Mean diff,39,0.0061603718325525,Bayesian Ridge
0_LPCC_6,40,0.006098213991945,Bayesian Ridge
0_Median absolute diff,41,0.0008986035892013,Bayesian Ridge
0_Median diff,42,0.0001779137535864,Bayesian Ridge
0_Peak to peak distance,1,32.11508945968625,XGBoost
0_Spectral entropy,2,18.66754882499713,XGBoost
0_Autocorrelation,3,10.113054850384096,XGBoost
0_Entropy,4,5.315752361322629,XGBoost
0_Absolute energy,5,4.277334157004082,XGBoost
0_Spectral variation,6,3.2760469515712294,XGBoost
0_Interquartile range,7,2.1464989452837027,XGBoost
0_Mean diff,8,1.593194451124904,XGBoost
0_Max,9,1.425915268291937,XGBoost
0_MFCC_5,10,1.315874256805082,XGBoost
0_Wavelet absolute mean_125000000.0Hz,11,1.2406011531102157,XGBoost
0_Histogram mode,12,1.0725832579972845,XGBoost
0_LPCC_0,13,0.8711673475418238,XGBoost
0_MFCC_8,14,0.8671546790745418,XGBoost
0_Fundamental frequency,15,0.8551172585368156,XGBoost
0_MFCC_0,16,0.6505829677590792,XGBoost
0_LPCC_1,17,0.5998563755103694,XGBoost
0_Wavelet entropy,18,0.5372590699385854,XGBoost
0_MFCC_11,19,0.4433594536585112,XGBoost
0_MFCC_10,20,0.4311401714598761,XGBoost
0_Slope,21,0.4179722254749387,XGBoost
0_Spectral positive turning points,22,0.3985642271941838,XGBoost
0_ECDF Percentile_0,23,0.3699449209460367,XGBoost
0_LPCC_6,24,0.3466923717509334,XGBoost
0_MFCC_9,25,0.3437910703515014,XGBoost
0_Spectral decrease,26,0.3066839155624931,XGBoost
0_Median,27,0.2923472953431309,XGBoost
0_LPCC_5,28,0.2677153183898423,XGBoost
0_MFCC_4,29,0.2320140975949045,XGBoost
0_Wavelet energy_125000000.0Hz,30,0.2284010119675348,XGBoost
0_Zero crossing rate,31,0.2149836529336248,XGBoost
0_Negative turning points,32,0.2032037045107533,XGBoost
0_Wavelet absolute mean_27777777.78Hz,33,0.1408038033875326,XGBoost
0_Maximum frequency,34,0.1229778660627237,XGBoost
0_ECDF Percentile_1,35,0.0841936671249568,XGBoost
0_Mean,36,0.0817821433642258,XGBoost
0_Median frequency,37,0.0815945379078388,XGBoost
0_Median diff,38,0.0332599412659803,XGBoost
0_Neighbourhood peaks,39,0.0217652041857441,XGBoost
0_Median absolute diff,40,0.0,XGBoost
0_Power bandwidth,41,0.0,XGBoost
0_Spectral roll-on,42,0.0,XGBoost
0_Peak to peak distance,1,10.781353768333318,SVR
0_Spectral variation,2,9.77190343053074,SVR
0_ECDF Percentile_0,3,9.108965149272152,SVR
0_LPCC_0,4,8.85754690298573,SVR
0_Spectral entropy,5,8.826904314654549,SVR
0_Wavelet absolute mean_27777777.78Hz,6,8.381321247302516,SVR
0_Mean diff,7,7.863926925680836,SVR
0_Median,8,7.855193085469029,SVR
0_Interquartile range,9,6.977787553255953,SVR
0_Max,10,6.926493238739172,SVR
0_Absolute energy,11,6.15179151677599,SVR
0_Spectral decrease,12,5.93470684554688,SVR
0_Wavelet absolute mean_125000000.0Hz,13,3.379121784020908,SVR
0_MFCC_5,14,3.0757344083841955,SVR
0_Slope,15,2.798848548694449,SVR
0_Mean,16,2.6612089472284954,SVR
0_MFCC_11,17,2.112806615826264,SVR
0_Autocorrelation,18,1.978339299784212,SVR
0_Wavelet energy_125000000.0Hz,19,1.1130123191353305,SVR
0_Wavelet entropy,20,0.577067219951559,SVR
0_MFCC_9,21,0.4519042097764639,SVR
0_ECDF Percentile_1,22,0.3656093906008514,SVR
0_MFCC_0,23,0.3132629172530141,SVR
0_MFCC_10,24,0.2258080071090897,SVR
0_Maximum frequency,25,0.1634208496159344,SVR
0_Fundamental frequency,26,0.0804312644770248,SVR
0_LPCC_1,27,0.0,SVR
0_Histogram mode,28,0.0,SVR
0_Entropy,29,0.0,SVR
0_Median absolute diff,30,0.0,SVR
0_LPCC_5,31,0.0,SVR
0_LPCC_6,32,0.0,SVR
0_MFCC_4,33,0.0,SVR
0_MFCC_8,34,0.0,SVR
0_Median diff,35,0.0,SVR
0_Median frequency,36,0.0,SVR
0_Negative turning points,37,0.0,SVR
0_Neighbourhood peaks,38,0.0,SVR
0_Power bandwidth,39,0.0,SVR
0_Spectral roll-on,40,0.0,SVR
0_Spectral positive turning points,41,0.0,SVR
0_Zero crossing rate,42,0.0,SVR
0_Peak to peak distance,1,14.910110113780604,Random Forest
0_Spectral entropy,2,8.166046910641606,Random Forest
0_Absolute energy,3,6.338475053621703,Random Forest
0_Spectral variation,4,5.593389096773509,Random Forest
0_Autocorrelation,5,5.485203837628663,Random Forest
0_Entropy,6,4.569044435976839,Random Forest
0_Interquartile range,7,4.1446141261630265,Random Forest
0_Wavelet energy_125000000.0Hz,8,3.2414395641940943,Random Forest
0_ECDF Percentile_0,9,2.65437138435936,Random Forest
0_Histogram mode,10,2.511883571646573,Random Forest
0_Wavelet absolute mean_125000000.0Hz,11,2.1806797984749697,Random Forest
0_MFCC_11,12,1.9318222217468617,Random Forest
0_Wavelet absolute mean_27777777.78Hz,13,1.5076151694383009,Random Forest
0_LPCC_0,14,1.0273152191500026,Random Forest
0_Fundamental frequency,15,0.859006223539946,Random Forest
0_Wavelet entropy,16,0.852262570511379,Random Forest
0_ECDF Percentile_1,17,0.8100254907844044,Random Forest
0_Spectral decrease,18,0.8057775669088898,Random Forest
0_MFCC_8,19,0.7356112023867124,Random Forest
0_Slope,20,0.7346339351489438,Random Forest
0_MFCC_0,21,0.6540968335270417,Random Forest
0_Median frequency,22,0.6410366245804354,Random Forest
0_MFCC_9,23,0.5801432558572462,Random Forest
0_MFCC_5,24,0.5723639844597783,Random Forest
0_Mean diff,25,0.5328155662347136,Random Forest
0_MFCC_10,26,0.4346336699409721,Random Forest
0_Median,27,0.4224779221089558,Random Forest
0_Maximum frequency,28,0.334812847442894,Random Forest
0_LPCC_6,29,0.3281111923784366,Random Forest
0_Max,30,0.3105932886943064,Random Forest
0_LPCC_5,31,0.282086172519958,Random Forest
0_LPCC_1,32,0.2801094382009467,Random Forest
0_Mean,33,0.2763318437771949,Random Forest
0_Zero crossing rate,34,0.2402955027974676,Random Forest
0_MFCC_4,35,0.2294759236572542,Random Forest
0_Spectral positive turning points,36,0.0640184295108852,Random Forest
0_Negative turning points,37,0.0410670164756942,Random Forest
0_Spectral roll-on,38,0.0273583796471357,Random Forest
0_Median absolute diff,39,0.0225448213888332,Random Forest
0_Power bandwidth,40,0.0165100264267375,Random Forest
0_Neighbourhood peaks,41,0.0084440276032624,Random Forest
0_Median diff,42,0.0,Random Forest
0_Maximum frequency,1,114800196.77752867,Bayesian Ridge
0_Median frequency,2,5558706.130295425,Bayesian Ridge
0_Spectral roll-on,3,1930755.271994148,Bayesian Ridge
0_Power bandwidth,4,1562409.8735081614,Bayesian Ridge
0_Fundamental frequency,5,1140749.774418328,Bayesian Ridge
0_MFCC_4,6,1055.1064265852551,Bayesian Ridge
0_MFCC_11,7,937.2522095600978,Bayesian Ridge
0_MFCC_5,8,805.0561556192597,Bayesian Ridge
0_MFCC_9,9,615.5794978438271,Bayesian Ridge
0_MFCC_0,10,161.4255381686354,Bayesian Ridge
0_MFCC_10,11,104.59925406423132,Bayesian Ridge
0_MFCC_8,12,29.728007792393328,Bayesian Ridge
0_Absolute energy,13,21.264866712027377,Bayesian Ridge
0_Autocorrelation,14,7.430968374035578,Bayesian Ridge
0_Spectral decrease,15,6.34890877643983,Bayesian Ridge
0_Peak to peak distance,16,6.027984430064158,Bayesian Ridge
0_Spectral positive turning points,17,3.7917186333562,Bayesian Ridge
0_ECDF Percentile_0,18,2.900554310571755,Bayesian Ridge
0_Max,19,2.288131252508156,Bayesian Ridge
0_Mean,20,2.14370552711226,Bayesian Ridge
0_ECDF Percentile_1,21,1.99167155203999,Bayesian Ridge
0_Median,22,0.6870178951833413,Bayesian Ridge
0_Negative turning points,23,0.6657513689174047,Bayesian Ridge
0_Spectral variation,24,0.6083776417587929,Bayesian Ridge
0_Interquartile range,25,0.245155421168085,Bayesian Ridge
0_Wavelet absolute mean_27777777.78Hz,26,0.1829891013088131,Bayesian Ridge
0_LPCC_0,27,0.1759157160290472,Bayesian Ridge
0_Histogram mode,28,0.1736846531077728,Bayesian Ridge
0_Entropy,29,0.09679891059925,Bayesian Ridge
0_Spectral entropy,30,0.0906294553120558,Bayesian Ridge
0_Zero crossing rate,31,0.088849127798559,Bayesian Ridge
0_Neighbourhood peaks,32,0.0443449765176966,Bayesian Ridge
0_Wavelet energy_125000000.0Hz,33,0.0380034751850593,Bayesian Ridge
0_LPCC_1,34,0.0235965134387727,Bayesian Ridge
0_Wavelet absolute mean_125000000.0Hz,35,0.0109226286284885,Bayesian Ridge
0_Slope,36,0.0094293493784863,Bayesian Ridge
0_LPCC_6,37,0.0083732865859461,Bayesian Ridge
0_LPCC_5,38,0.0062257430879277,Bayesian Ridge
0_Wavelet entropy,39,0.0046568249483281,Bayesian Ridge
0_Mean diff,40,0.0018603876900174,Bayesian Ridge
0_Median diff,41,0.0001852356226706,Bayesian Ridge
0_Median absolute diff,42,0.0001492269780406,Bayesian Ridge
0_Peak to peak distance,1,31.84227418092743,XGBoost
0_Spectral entropy,2,17.791632453726763,XGBoost
0_Autocorrelation,3,10.625644394103128,XGBoost
0_Interquartile range,4,4.408023408222755,XGBoost
0_Spectral variation,5,3.5840882752662835,XGBoost
0_Absolute energy,6,3.369123798174846,XGBoost
0_Entropy,7,3.203989277596928,XGBoost
0_Max,8,1.794289634419171,XGBoost
0_Wavelet absolute mean_125000000.0Hz,9,1.4823819257227695,XGBoost
0_MFCC_11,10,1.38289065814813,XGBoost
0_Mean diff,11,1.3570263582961328,XGBoost
0_Fundamental frequency,12,1.222727036117513,XGBoost
0_ECDF Percentile_1,13,1.1187139672835664,XGBoost
0_Histogram mode,14,1.0352087077673835,XGBoost
0_Wavelet absolute mean_27777777.78Hz,15,0.8103828211996706,XGBoost
0_Slope,16,0.722340395105382,XGBoost
0_MFCC_9,17,0.6158754229010392,XGBoost
0_LPCC_0,18,0.5291987798403947,XGBoost
0_LPCC_6,19,0.4877365486341528,XGBoost
0_Wavelet entropy,20,0.4729311105232375,XGBoost
0_Median,21,0.4399187545058939,XGBoost
0_MFCC_0,22,0.4027650215129059,XGBoost
0_MFCC_10,23,0.3860054117931674,XGBoost
0_Spectral positive turning points,24,0.3602960180416702,XGBoost
0_MFCC_5,25,0.3369031798603633,XGBoost
0_LPCC_5,26,0.3330134604387606,XGBoost
0_Wavelet energy_125000000.0Hz,27,0.2980761557073022,XGBoost
0_Mean,28,0.2927609509172538,XGBoost
0_MFCC_4,29,0.2777100730077052,XGBoost
0_MFCC_8,30,0.2468632800204059,XGBoost
0_ECDF Percentile_0,31,0.2451322674778601,XGBoost
0_Median absolute diff,32,0.2419769060519834,XGBoost
0_Spectral decrease,33,0.2371963468807439,XGBoost
0_Maximum frequency,34,0.1613490166836728,XGBoost
0_LPCC_1,35,0.1484433747818072,XGBoost
0_Median frequency,36,0.1188149232318003,XGBoost
0_Median diff,37,0.1131508899062872,XGBoost
0_Negative turning points,38,0.0944694115434462,XGBoost
0_Zero crossing rate,39,0.0552010817502935,XGBoost
0_Neighbourhood peaks,40,0.0401197989573081,XGBoost
0_Power bandwidth,41,0.0,XGBoost
0_Spectral roll-on,42,0.0,XGBoost
0_Peak to peak distance,1,12.296281438748798,SVR
0_Spectral decrease,2,10.366222097851551,SVR
0_Interquartile range,3,10.173807084968118,SVR
0_Spectral entropy,4,9.337431103920371,SVR
0_ECDF Percentile_0,5,9.15101115105634,SVR
0_Mean diff,6,8.405106497182265,SVR
0_LPCC_0,7,7.20810944619787,SVR
0_Spectral variation,8,6.790951320625488,SVR
0_Wavelet absolute mean_27777777.78Hz,9,6.617040083811221,SVR
0_Absolute energy,10,6.503537696135608,SVR
0_Median,11,6.28986882108248,SVR
0_Max,12,5.089502231335779,SVR
0_MFCC_11,13,4.812048697840736,SVR
0_Slope,14,3.3680092630931293,SVR
0_Wavelet absolute mean_125000000.0Hz,15,3.233119941590405,SVR
0_Mean,16,2.2323040182242164,SVR
0_Autocorrelation,17,1.0483623867870782,SVR
0_MFCC_5,18,0.6819485640827451,SVR
0_Wavelet energy_125000000.0Hz,19,0.5634846389844764,SVR
0_Wavelet entropy,20,0.5092030595531055,SVR
0_MFCC_9,21,0.4717200267459643,SVR
0_Maximum frequency,22,0.4580137511374705,SVR
0_MFCC_10,23,0.4470273626725731,SVR
0_LPCC_5,24,0.1018213275407379,SVR
0_ECDF Percentile_1,25,0.05958748935793,SVR
0_MFCC_0,26,0.0234720972200869,SVR
0_LPCC_1,27,0.0,SVR
0_Histogram mode,28,0.0,SVR
0_Entropy,29,0.0,SVR
0_Fundamental frequency,30,0.0,SVR
0_LPCC_6,31,0.0,SVR
0_Median absolute diff,32,0.0,SVR
0_MFCC_4,33,0.0,SVR
0_MFCC_8,34,0.0,SVR
0_Median diff,35,0.0,SVR
0_Median frequency,36,0.0,SVR
0_Negative turning points,37,0.0,SVR
0_Neighbourhood peaks,38,0.0,SVR
0_Power bandwidth,39,0.0,SVR
0_Spectral roll-on,40,0.0,SVR
0_Spectral positive turning points,41,0.0,SVR
0_Zero crossing rate,42,0.0,SVR
0_Peak to peak distance,1,14.918248059317284,Random Forest
0_Spectral entropy,2,8.752143389619128,Random Forest
0_Autocorrelation,3,5.734577968330466,Random Forest
0_Absolute energy,4,5.635361473603012,Random Forest
0_Interquartile range,5,5.119043685758044,Random Forest
0_Entropy,6,4.561203212172607,Random Forest
0_Spectral variation,7,4.499155292881573,Random Forest
0_Wavelet energy_125000000.0Hz,8,3.2283776828668858,Random Forest
0_Histogram mode,9,2.896624263880302,Random Forest
0_ECDF Percentile_0,10,2.226088141829909,Random Forest
0_MFCC_11,11,1.9284326950908488,Random Forest
0_Wavelet absolute mean_125000000.0Hz,12,1.9139863595242537,Random Forest
0_LPCC_0,13,1.4152472479552651,Random Forest
0_Mean diff,14,1.162125024082434,Random Forest
0_Slope,15,1.0943541329887847,Random Forest
0_Wavelet absolute mean_27777777.78Hz,16,1.0766103088846737,Random Forest
0_Median frequency,17,0.9233453281949816,Random Forest
0_Fundamental frequency,18,0.8528731135127445,Random Forest
0_MFCC_9,19,0.7729773218450291,Random Forest
0_MFCC_8,20,0.7451017997074014,Random Forest
0_ECDF Percentile_1,21,0.7021637528749806,Random Forest
0_MFCC_0,22,0.6964216408106187,Random Forest
0_Wavelet entropy,23,0.5484380437792743,Random Forest
0_Median,24,0.5123963197651008,Random Forest
0_MFCC_5,25,0.4324395212535591,Random Forest
0_MFCC_10,26,0.4096104937432645,Random Forest
0_Spectral decrease,27,0.4041244423333245,Random Forest
0_LPCC_5,28,0.3177767001982157,Random Forest
0_Maximum frequency,29,0.3049614055145688,Random Forest
0_Max,30,0.2691903495721287,Random Forest
0_Zero crossing rate,31,0.2432758733895607,Random Forest
0_Mean,32,0.2426217373802172,Random Forest
0_LPCC_1,33,0.2153342151161051,Random Forest
0_LPCC_6,34,0.2035241758371859,Random Forest
0_MFCC_4,35,0.1984242335861548,Random Forest
0_Median absolute diff,36,0.1239761881032337,Random Forest
0_Spectral positive turning points,37,0.0656491443843115,Random Forest
0_Negative turning points,38,0.0349982598217825,Random Forest
0_Power bandwidth,39,0.0327840011062721,Random Forest
0_Spectral roll-on,40,0.0215054624021053,Random Forest
0_Neighbourhood peaks,41,0.0063641456913203,Random Forest
0_Median diff,42,0.0,Random Forest
0_Maximum frequency,1,138201473.61661506,Bayesian Ridge
0_Median frequency,2,5090444.054218512,Bayesian Ridge
0_Fundamental frequency,3,2140934.6693063914,Bayesian Ridge
0_Spectral roll-on,4,1475917.3689734556,Bayesian Ridge
0_Power bandwidth,5,1316861.7077810983,Bayesian Ridge
0_MFCC_11,6,1673.904292381305,Bayesian Ridge
0_MFCC_4,7,1453.2829696507788,Bayesian Ridge
0_MFCC_5,8,1157.9537549701577,Bayesian Ridge
0_MFCC_9,9,991.7058696437088,Bayesian Ridge
0_MFCC_8,10,323.3273337380064,Bayesian Ridge
0_MFCC_0,11,285.0509348364483,Bayesian Ridge
0_Absolute energy,12,90.72998858122988,Bayesian Ridge
0_MFCC_10,13,15.733111512518938,Bayesian Ridge
0_Peak to peak distance,14,7.119666102609759,Bayesian Ridge
0_Autocorrelation,15,6.863969844891521,Bayesian Ridge
0_Spectral decrease,16,5.082261200489937,Bayesian Ridge
0_Spectral positive turning points,17,4.328647516122667,Bayesian Ridge
0_ECDF Percentile_0,18,3.3822766705735234,Bayesian Ridge
0_ECDF Percentile_1,19,2.601232688064807,Bayesian Ridge
0_Max,20,2.1474427028068908,Bayesian Ridge
0_Mean,21,1.992017195016229,Bayesian Ridge
0_Median,22,0.8116218845257762,Bayesian Ridge
0_Zero crossing rate,23,0.7642709615554164,Bayesian Ridge
0_Interquartile range,24,0.7419887159821498,Bayesian Ridge
0_Histogram mode,25,0.4661752671219721,Bayesian Ridge
0_Spectral variation,26,0.2689991430018611,Bayesian Ridge
0_Negative turning points,27,0.2492152118357277,Bayesian Ridge
0_Wavelet absolute mean_27777777.78Hz,28,0.160590531920876,Bayesian Ridge
0_Neighbourhood peaks,29,0.126891200075079,Bayesian Ridge
0_Spectral entropy,30,0.1267316872925248,Bayesian Ridge
0_Entropy,31,0.0972164460350855,Bayesian Ridge
0_LPCC_0,32,0.0819394363481872,Bayesian Ridge
0_Wavelet energy_125000000.0Hz,33,0.0491324055650152,Bayesian Ridge
0_LPCC_1,34,0.0372324678433166,Bayesian Ridge
0_Wavelet entropy,35,0.0343435124222275,Bayesian Ridge
0_Slope,36,0.0108296459733331,Bayesian Ridge
0_LPCC_5,37,0.0102452141527668,Bayesian Ridge
0_Wavelet absolute mean_125000000.0Hz,38,0.0078145959458659,Bayesian Ridge
0_LPCC_6,39,0.0051125048390925,Bayesian Ridge
0_Mean diff,40,0.0037998645714887,Bayesian Ridge
0_Median absolute diff,41,0.0003270943547489,Bayesian Ridge
0_Median diff,42,0.0001787561344004,Bayesian Ridge
0_Peak to peak distance,1,36.38904279073732,XGBoost
0_Spectral entropy,2,18.59031987760892,XGBoost
0_Autocorrelation,3,13.116622614855071,XGBoost
0_Interquartile range,4,3.742539900540654,XGBoost
0_Mean diff,5,2.041798006960734,XGBoost
0_Spectral variation,6,1.830398743332643,XGBoost
0_Histogram mode,7,1.7393001879539032,XGBoost
0_Max,8,1.4358701353326442,XGBoost
0_Entropy,9,1.3760954317957783,XGBoost
0_Wavelet energy_125000000.0Hz,10,1.0982180890763795,XGBoost
0_Absolute energy,11,0.8525297688518962,XGBoost
0_MFCC_0,12,0.8139037603984898,XGBoost
0_MFCC_9,13,0.6981513146431497,XGBoost
0_Fundamental frequency,14,0.6746836380086841,XGBoost
0_Slope,15,0.6584049647153664,XGBoost
0_MFCC_10,16,0.6558735896485546,XGBoost
0_MFCC_11,17,0.6293452828168872,XGBoost
0_LPCC_0,18,0.5105843216529425,XGBoost
0_Maximum frequency,19,0.4993955192710582,XGBoost
0_Wavelet entropy,20,0.4494707589098561,XGBoost
0_MFCC_4,21,0.444105444015935,XGBoost
0_Spectral positive turning points,22,0.4291274796814348,XGBoost
0_Mean,23,0.3731280165517703,XGBoost
0_LPCC_1,24,0.3590434835890927,XGBoost
0_LPCC_6,25,0.3396750882577771,XGBoost
0_ECDF Percentile_0,26,0.2936934365139653,XGBoost
0_ECDF Percentile_1,27,0.291639322484533,XGBoost
0_Median,28,0.2801389151370774,XGBoost
0_MFCC_8,29,0.279144208850215,XGBoost
0_Spectral decrease,30,0.2558849901066471,XGBoost
0_Wavelet absolute mean_27777777.78Hz,31,0.2144423213993508,XGBoost
0_MFCC_5,32,0.1968693201108524,XGBoost
0_LPCC_5,33,0.1805225335430974,XGBoost
0_Wavelet absolute mean_125000000.0Hz,34,0.1157521365162605,XGBoost
0_Median frequency,35,0.0882731007203459,XGBoost
0_Median absolute diff,36,0.0719338626513878,XGBoost
0_Neighbourhood peaks,37,0.0679963073479632,XGBoost
0_Median diff,38,0.0509179705063501,XGBoost
0_Negative turning points,39,0.0190285071894526,XGBoost
0_Zero crossing rate,40,0.0113272668749093,XGBoost
0_Power bandwidth,41,0.0,XGBoost
0_Spectral roll-on,42,0.0,XGBoost
0_Peak to peak distance,1,11.357754833985627,SVR
0_Spectral variation,2,9.377491440323045,SVR
0_Spectral decrease,3,9.048350946678887,SVR
0_ECDF Percentile_0,4,8.898467820380382,SVR
0_Interquartile range,5,8.070137212453824,SVR
0_Spectral entropy,6,7.776844852710666,SVR
0_Median,7,7.378005935813603,SVR
0_Wavelet absolute mean_27777777.78Hz,8,7.226023782425759,SVR
0_Mean diff,9,7.10777480423923,SVR
0_Absolute energy,10,6.846282517740367,SVR
0_LPCC_0,11,6.060994702878979,SVR
0_Max,12,5.990084492822987,SVR
0_Slope,13,3.728625195502835,SVR
0_Wavelet absolute mean_125000000.0Hz,14,3.14779560774005,SVR
0_MFCC_11,15,3.019750366741396,SVR
0_Autocorrelation,16,1.7921631382668082,SVR
0_Mean,17,0.7128415699881415,SVR
0_MFCC_9,18,0.6484879758522717,SVR
0_Maximum frequency,19,0.4995526625454564,SVR
0_Wavelet energy_125000000.0Hz,20,0.3956096245742503,SVR
0_MFCC_0,21,0.3364574707398753,SVR
0_MFCC_5,22,0.3096767629978327,SVR
0_Wavelet entropy,23,0.2799175065326598,SVR
0_MFCC_10,24,0.1985702098294841,SVR
0_ECDF Percentile_1,25,0.1816512139949595,SVR
0_MFCC_4,26,0.1184804446071556,SVR
0_MFCC_8,27,0.050645442812874,SVR
0_Fundamental frequency,28,0.0361008019682299,SVR
0_Spectral positive turning points,29,0.0196802195115882,SVR
0_Negative turning points,30,0.0119495118167166,SVR
0_LPCC_1,31,0.0,SVR
0_Histogram mode,32,0.0,SVR
0_Entropy,33,0.0,SVR
0_LPCC_6,34,0.0,SVR
0_Median diff,35,0.0,SVR
0_Median absolute diff,36,0.0,SVR
0_LPCC_5,37,0.0,SVR
0_Median frequency,38,0.0,SVR
0_Power bandwidth,39,0.0,SVR
0_Neighbourhood peaks,40,0.0,SVR
0_Spectral roll-on,41,0.0,SVR
0_Zero crossing rate,42,0.0,SVR
0_Peak to peak distance,1,17.207347777354304,Random Forest
0_Spectral entropy,2,7.611200453239159,Random Forest
0_Absolute energy,3,6.336046012373182,Random Forest
0_Autocorrelation,4,6.050082330776627,Random Forest
0_Interquartile range,5,5.769000859307423,Random Forest
0_Spectral variation,6,5.149696135223503,Random Forest
0_Entropy,7,4.43588298999339,Random Forest
0_ECDF Percentile_0,8,2.723203620473458,Random Forest
0_Wavelet energy_125000000.0Hz,9,2.598442322721588,Random Forest
0_Histogram mode,10,2.591726981669323,Random Forest
0_MFCC_11,11,2.297691835006994,Random Forest
0_Wavelet absolute mean_125000000.0Hz,12,1.9813875696845429,Random Forest
0_LPCC_0,13,1.4497186618821811,Random Forest
0_Slope,14,1.1060446149236756,Random Forest
0_Wavelet absolute mean_27777777.78Hz,15,1.1016175349964723,Random Forest
0_ECDF Percentile_1,16,0.9703846905051812,Random Forest
0_Fundamental frequency,17,0.9515446102420024,Random Forest
0_MFCC_9,18,0.8770966508899352,Random Forest
0_MFCC_0,19,0.821036894618518,Random Forest
0_Mean diff,20,0.8081550847176618,Random Forest
0_Wavelet entropy,21,0.7737641788718521,Random Forest
0_MFCC_8,22,0.6978852262836879,Random Forest
0_MFCC_10,23,0.5684106319406151,Random Forest
0_Spectral decrease,24,0.5364979191344076,Random Forest
0_Maximum frequency,25,0.5218343416569912,Random Forest
0_Median,26,0.4845525793875255,Random Forest
0_Median frequency,27,0.4808873546002589,Random Forest
0_MFCC_5,28,0.3742708848910871,Random Forest
0_Mean,29,0.3411984097668978,Random Forest
0_Max,30,0.3220613273954175,Random Forest
0_LPCC_6,31,0.3107039318453132,Random Forest
0_Zero crossing rate,32,0.1999748751835975,Random Forest
0_LPCC_5,33,0.1937183452273408,Random Forest
0_LPCC_1,34,0.1918343840655017,Random Forest
0_MFCC_4,35,0.1454109198511422,Random Forest
0_Spectral positive turning points,36,0.0788512116947599,Random Forest
0_Spectral roll-on,37,0.0674900978712985,Random Forest
0_Median absolute diff,38,0.0579885942922905,Random Forest
0_Power bandwidth,39,0.0314828670892864,Random Forest
0_Negative turning points,40,0.025765642807198,Random Forest
0_Neighbourhood peaks,41,0.0101895522988711,Random Forest
0_Median diff,42,0.0,Random Forest
0_Maximum frequency,1,127357781.34182924,Bayesian Ridge
0_Median frequency,2,5687376.152536958,Bayesian Ridge
0_Power bandwidth,3,1735942.4475025923,Bayesian Ridge
0_Spectral roll-on,4,1268213.780381241,Bayesian Ridge
0_Fundamental frequency,5,1248003.11475449,Bayesian Ridge
0_MFCC_4,6,1456.0434714498224,Bayesian Ridge
0_MFCC_11,7,1311.945661219655,Bayesian Ridge
0_MFCC_5,8,1062.9127282954914,Bayesian Ridge
0_MFCC_9,9,1042.0032520699087,Bayesian Ridge
0_MFCC_0,10,284.92597250150214,Bayesian Ridge
0_MFCC_8,11,154.6049058096766,Bayesian Ridge
0_MFCC_10,12,117.72476906982044,Bayesian Ridge
0_Absolute energy,13,92.91552513735054,Bayesian Ridge
0_Peak to peak distance,14,8.084719634444825,Bayesian Ridge
0_Autocorrelation,15,6.805408108696679,Bayesian Ridge
0_Spectral decrease,16,6.01074990261505,Bayesian Ridge
0_ECDF Percentile_1,17,3.351345385311091,Bayesian Ridge
0_ECDF Percentile_0,18,3.159840577329448,Bayesian Ridge
0_Max,19,2.452364874096148,Bayesian Ridge
0_Spectral positive turning points,20,2.436004450570228,Bayesian Ridge
0_Mean,21,1.6022445201663231,Bayesian Ridge
0_Interquartile range,22,1.0804215934145764,Bayesian Ridge
0_Median,23,1.0269817126334868,Bayesian Ridge
0_Zero crossing rate,24,0.9411984622235346,Bayesian Ridge
0_Negative turning points,25,0.2736583090167842,Bayesian Ridge
0_Spectral variation,26,0.2677853606382322,Bayesian Ridge
0_Wavelet absolute mean_27777777.78Hz,27,0.1774822478443526,Bayesian Ridge
0_Spectral entropy,28,0.1294512853417783,Bayesian Ridge
0_Histogram mode,29,0.1082127063535247,Bayesian Ridge
0_Entropy,30,0.1057427154005814,Bayesian Ridge
0_Neighbourhood peaks,31,0.0850682747797298,Bayesian Ridge
0_LPCC_1,32,0.0647132938138476,Bayesian Ridge
0_LPCC_0,33,0.047444093369108,Bayesian Ridge
0_Wavelet energy_125000000.0Hz,34,0.0439790114341845,Bayesian Ridge
0_Wavelet entropy,35,0.0269144664225784,Bayesian Ridge
0_LPCC_6,36,0.0228129389167669,Bayesian Ridge
0_Wavelet absolute mean_125000000.0Hz,37,0.0111522773110135,Bayesian Ridge
0_Mean diff,38,0.0097754907941792,Bayesian Ridge
0_Slope,39,0.0089374002725265,Bayesian Ridge
0_LPCC_5,40,0.0085635150905175,Bayesian Ridge
0_Median absolute diff,41,0.0006752603717551,Bayesian Ridge
0_Median diff,42,0.0001900570048403,Bayesian Ridge
0_Peak to peak distance,1,40.96995353667005,XGBoost
0_Spectral entropy,2,16.178241448458973,XGBoost
0_Autocorrelation,3,12.121163341574608,XGBoost
0_Interquartile range,4,5.0411011264901004,XGBoost
0_Spectral variation,5,3.0946696404155025,XGBoost
0_Mean diff,6,2.331772896645808,XGBoost
0_Histogram mode,7,1.5742248391517748,XGBoost
0_Entropy,8,1.4674548701987922,XGBoost
0_Max,9,1.4431611981621013,XGBoost
0_Fundamental frequency,10,1.0003495418484016,XGBoost
0_MFCC_9,11,0.8580744247725856,XGBoost
0_Wavelet entropy,12,0.8227987700016549,XGBoost
0_Wavelet energy_125000000.0Hz,13,0.7653831940402587,XGBoost
0_Wavelet absolute mean_125000000.0Hz,14,0.6980036032597223,XGBoost
0_LPCC_6,15,0.6699744869782901,XGBoost
0_MFCC_10,16,0.6563408703203005,XGBoost
0_Spectral positive turning points,17,0.638522306193908,XGBoost
0_MFCC_0,18,0.6267401094113477,XGBoost
0_MFCC_4,19,0.6217375765828105,XGBoost
0_LPCC_0,20,0.6176816088017074,XGBoost
0_Absolute energy,21,0.5222676556056985,XGBoost
0_MFCC_11,22,0.5129124964350836,XGBoost
0_ECDF Percentile_0,23,0.4662755344999333,XGBoost
0_Median absolute diff,24,0.4617560182640953,XGBoost
0_Maximum frequency,25,0.3981637197809913,XGBoost
0_LPCC_1,26,0.3932697414617209,XGBoost
0_Median frequency,27,0.3929843574444455,XGBoost
0_MFCC_8,28,0.3814500375454003,XGBoost
0_Median,29,0.3515719134935489,XGBoost
0_Mean,30,0.3354179119697462,XGBoost
0_Wavelet absolute mean_27777777.78Hz,31,0.3208669348025693,XGBoost
0_Slope,32,0.3135833015525092,XGBoost
0_Negative turning points,33,0.2778726075168698,XGBoost
0_Spectral decrease,34,0.2717604900657511,XGBoost
0_LPCC_5,35,0.2629684816803163,XGBoost
0_ECDF Percentile_1,36,0.2510032237003246,XGBoost
0_MFCC_5,37,0.2485787922980883,XGBoost
0_Median diff,38,0.0700965009550253,XGBoost
0_Zero crossing rate,39,0.0521788194405536,XGBoost
0_Neighbourhood peaks,40,0.0,XGBoost
0_Power bandwidth,41,0.0,XGBoost
0_Spectral roll-on,42,0.0,XGBoost
0_Spectral entropy,1,11.430651309656708,SVR
0_Peak to peak distance,2,11.017747326063896,SVR
0_Spectral decrease,3,9.473305730603814,SVR
0_LPCC_0,4,9.189319465774886,SVR
0_Interquartile range,5,8.43548362433133,SVR
0_Mean diff,6,8.220551563809135,SVR
0_Absolute energy,7,7.857406485015952,SVR
0_ECDF Percentile_0,8,7.350242363623371,SVR
0_Wavelet absolute mean_27777777.78Hz,9,6.506019062912698,SVR
0_Spectral variation,10,6.482736766735595,SVR
0_Median,11,5.294031439343043,SVR
0_Max,12,4.750386311561114,SVR
0_MFCC_11,13,4.328940241816529,SVR
0_Wavelet absolute mean_125000000.0Hz,14,2.904508915659888,SVR
0_Autocorrelation,15,2.263332180748413,SVR
0_Slope,16,1.912138774690053,SVR
0_Mean,17,1.3437363501052169,SVR
0_MFCC_9,18,1.0508095172676897,SVR
0_MFCC_5,19,1.0072167820257187,SVR
0_Maximum frequency,20,0.9922125386058098,SVR
0_Wavelet entropy,21,0.6856612843376356,SVR
0_MFCC_0,22,0.4930683060909934,SVR
0_MFCC_10,23,0.4340607390361804,SVR
0_LPCC_1,24,0.0994803037739549,SVR
0_Wavelet energy_125000000.0Hz,25,0.0220846444613787,SVR
0_Fundamental frequency,26,0.0,SVR
0_Histogram mode,27,0.0,SVR
0_ECDF Percentile_1,28,0.0,SVR
0_Entropy,29,0.0,SVR
0_Median absolute diff,30,0.0,SVR
0_LPCC_5,31,0.0,SVR
0_LPCC_6,32,0.0,SVR
0_MFCC_4,33,0.0,SVR
0_MFCC_8,34,0.0,SVR
0_Median diff,35,0.0,SVR
0_Median frequency,36,0.0,SVR
0_Negative turning points,37,0.0,SVR
0_Neighbourhood peaks,38,0.0,SVR
0_Power bandwidth,39,0.0,SVR
0_Spectral roll-on,40,0.0,SVR
0_Spectral positive turning points,41,0.0,SVR
0_Zero crossing rate,42,0.0,SVR
0_Peak to peak distance,1,15.12505180073635,Random Forest
0_Spectral entropy,2,7.573427758910474,Random Forest
0_Absolute energy,3,6.471051303928282,Random Forest
0_Autocorrelation,4,6.2383182208766526,Random Forest
0_Entropy,5,4.442677804975026,Random Forest
0_Interquartile range,6,4.261030257259311,Random Forest
0_Spectral variation,7,4.206819899860396,Random Forest
0_ECDF Percentile_0,8,4.106287863892876,Random Forest
0_MFCC_11,9,3.041563867082324,Random Forest
0_Wavelet energy_125000000.0Hz,10,2.760429145659754,Random Forest
0_Histogram mode,11,1.9351617891394528,Random Forest
0_Wavelet absolute mean_125000000.0Hz,12,1.93314033667886,Random Forest
0_Wavelet absolute mean_27777777.78Hz,13,1.4871054035377382,Random Forest
0_LPCC_0,14,1.3053238881032914,Random Forest
0_Mean diff,15,1.147910102497786,Random Forest
0_Slope,16,0.9488133054429044,Random Forest
0_MFCC_8,17,0.909569261306152,Random Forest
0_MFCC_0,18,0.673927800459477,Random Forest
0_Median frequency,19,0.6462026615286867,Random Forest
0_Fundamental frequency,20,0.6023654937046268,Random Forest
0_Max,21,0.5818840680281321,Random Forest
0_MFCC_9,22,0.5520794084418561,Random Forest
0_ECDF Percentile_1,23,0.529286114982795,Random Forest
0_MFCC_5,24,0.4786913343645632,Random Forest
0_MFCC_10,25,0.4407481179355954,Random Forest
0_Median,26,0.4372871118341263,Random Forest
0_Wavelet entropy,27,0.4364565155564497,Random Forest
0_Spectral decrease,28,0.4115866019527117,Random Forest
0_LPCC_6,29,0.3675554401278805,Random Forest
0_LPCC_5,30,0.3364168240958204,Random Forest
0_Maximum frequency,31,0.2817728894302002,Random Forest
0_Mean,32,0.2352309370041514,Random Forest
0_LPCC_1,33,0.2263530752146616,Random Forest
0_MFCC_4,34,0.174271676632203,Random Forest
0_Zero crossing rate,35,0.1726228367487589,Random Forest
0_Spectral positive turning points,36,0.1212028765949109,Random Forest
0_Negative turning points,37,0.0464650330793112,Random Forest
0_Median absolute diff,38,0.0398734578428169,Random Forest
0_Power bandwidth,39,0.0087974546074867,Random Forest
0_Neighbourhood peaks,40,0.0056118366370598,Random Forest
0_Spectral roll-on,41,0.0035646516323089,Random Forest
0_Median diff,42,0.0,Random Forest
0_Maximum frequency,1,38027400.27546697,Bayesian Ridge
0_Median frequency,2,4062579.667197613,Bayesian Ridge
0_Power bandwidth,3,1470324.2722259704,Bayesian Ridge
0_Spectral roll-on,4,1234773.434062296,Bayesian Ridge
0_Fundamental frequency,5,1107234.290349292,Bayesian Ridge
0_MFCC_9,6,1778.6794599631205,Bayesian Ridge
0_MFCC_11,7,1491.6355863969,Bayesian Ridge
0_MFCC_4,8,1450.0300724036088,Bayesian Ridge
0_MFCC_5,9,1155.7250743965467,Bayesian Ridge
0_MFCC_8,10,711.4686809604652,Bayesian Ridge
0_MFCC_10,11,327.80784691846844,Bayesian Ridge
0_MFCC_0,12,168.77638799772745,Bayesian Ridge
0_Peak to peak distance,13,7.333327449694845,Bayesian Ridge
0_Autocorrelation,14,7.123440957163186,Bayesian Ridge
0_Spectral decrease,15,4.421318058961176,Bayesian Ridge
0_Spectral positive turning points,16,4.166200522407434,Bayesian Ridge
0_ECDF Percentile_0,17,3.584404112713861,Bayesian Ridge
0_Max,18,2.4456248529026032,Bayesian Ridge
0_Mean,19,2.328118112817972,Bayesian Ridge
0_ECDF Percentile_1,20,1.482219178964443,Bayesian Ridge
0_Interquartile range,21,1.113111947728459,Bayesian Ridge
0_Zero crossing rate,22,1.0556592433013865,Bayesian Ridge
0_Median,23,0.8093273726912164,Bayesian Ridge
0_Absolute energy,24,0.6332654904358564,Bayesian Ridge
0_Negative turning points,25,0.3399633897362324,Bayesian Ridge
0_Spectral entropy,26,0.2261258140980641,Bayesian Ridge
0_Histogram mode,27,0.1310756558705068,Bayesian Ridge
0_Wavelet absolute mean_27777777.78Hz,28,0.1286364867993399,Bayesian Ridge
0_Entropy,29,0.1076997129497981,Bayesian Ridge
0_LPCC_0,30,0.0871823611223326,Bayesian Ridge
0_Neighbourhood peaks,31,0.0450970327671463,Bayesian Ridge
0_Wavelet energy_125000000.0Hz,32,0.0373998578214431,Bayesian Ridge
0_LPCC_5,33,0.0335129130383205,Bayesian Ridge
0_Spectral variation,34,0.0299985587432621,Bayesian Ridge
0_LPCC_1,35,0.0196337802382462,Bayesian Ridge
0_Wavelet entropy,36,0.0118977839674802,Bayesian Ridge
0_Mean diff,37,0.0090677169315218,Bayesian Ridge
0_Slope,38,0.0086219728991656,Bayesian Ridge
0_Wavelet absolute mean_125000000.0Hz,39,0.0084903835361769,Bayesian Ridge
0_LPCC_6,40,0.0011503185966455,Bayesian Ridge
0_Median absolute diff,41,0.0005054379313074,Bayesian Ridge
0_Median diff,42,0.000183575906877,Bayesian Ridge
0_Peak to peak distance,1,36.84996615839966,XGBoost
0_Spectral entropy,2,14.702091025403076,XGBoost
0_Autocorrelation,3,11.37138128154253,XGBoost
0_Entropy,4,2.776172773695893,XGBoost
0_Interquartile range,5,1.7684051709269173,XGBoost
0_Mean diff,6,1.5469939973092328,XGBoost
0_Max,7,1.4970726711893136,XGBoost
0_Histogram mode,8,1.4886530113575671,XGBoost
0_Absolute energy,9,1.306366806829224,XGBoost
0_Spectral variation,10,1.1600184204229778,XGBoost
0_MFCC_9,11,0.9143830624246349,XGBoost
0_LPCC_0,12,0.7554193815466638,XGBoost
0_MFCC_11,13,0.6639520976076524,XGBoost
0_LPCC_1,14,0.6453189543575047,XGBoost
0_MFCC_0,15,0.6137644547748069,XGBoost
0_Fundamental frequency,16,0.5849692934438586,XGBoost
0_Wavelet entropy,17,0.5797065255105187,XGBoost
0_Wavelet energy_125000000.0Hz,18,0.5665831464696677,XGBoost
0_ECDF Percentile_0,19,0.420431794786329,XGBoost
0_Slope,20,0.3772885227002825,XGBoost
0_MFCC_4,21,0.3762771365245184,XGBoost
0_LPCC_6,22,0.3644414222531642,XGBoost
0_Wavelet absolute mean_27777777.78Hz,23,0.3112401048599432,XGBoost
0_Maximum frequency,24,0.3035954610938207,XGBoost
0_MFCC_5,25,0.2831210086636245,XGBoost
0_MFCC_10,26,0.255429077692749,XGBoost
0_Mean,27,0.2521023135930611,XGBoost
0_Median,28,0.2497386410538729,XGBoost
0_Neighbourhood peaks,29,0.2383851192391787,XGBoost
0_MFCC_8,30,0.2287260055288673,XGBoost
0_LPCC_5,31,0.2151887381619852,XGBoost
0_Negative turning points,32,0.2005559336291005,XGBoost
0_Spectral positive turning points,33,0.1861558049000799,XGBoost
0_ECDF Percentile_1,34,0.1669705388587123,XGBoost
0_Wavelet absolute mean_125000000.0Hz,35,0.1565827710099517,XGBoost
0_Spectral decrease,36,0.1257336803919325,XGBoost
0_Zero crossing rate,37,0.0665761312020321,XGBoost
0_Median absolute diff,38,0.0430230344812075,XGBoost
0_Median diff,39,0.0429797078768412,XGBoost
0_Median frequency,40,0.0,XGBoost
0_Power bandwidth,41,0.0,XGBoost
0_Spectral roll-on,42,0.0,XGBoost
0_Spectral entropy,1,10.960769352415726,SVR
0_Interquartile range,2,9.666669453224603,SVR
0_ECDF Percentile_0,3,9.260311754006947,SVR
0_Spectral decrease,4,8.984913702081274,SVR
0_Peak to peak distance,5,8.508556751006365,SVR
0_Spectral variation,6,8.502930396994703,SVR
0_LPCC_0,7,7.147058553700935,SVR
0_Median,8,6.820330161326283,SVR
0_Mean diff,9,6.557700506032843,SVR
0_Absolute energy,10,6.495528527223345,SVR
0_Wavelet absolute mean_27777777.78Hz,11,4.795602039028603,SVR
0_Wavelet absolute mean_125000000.0Hz,12,4.786858132074337,SVR
0_Slope,13,4.181409716541191,SVR
0_Autocorrelation,14,3.863125271920621,SVR
0_MFCC_11,15,3.2592592980409787,SVR
0_MFCC_5,16,2.679097677009703,SVR
0_Max,17,2.312082348693101,SVR
0_Mean,18,0.950611097744958,SVR
0_Maximum frequency,19,0.9428894117497336,SVR
0_Wavelet entropy,20,0.8366654990949159,SVR
0_MFCC_9,21,0.7741998735550061,SVR
0_Wavelet energy_125000000.0Hz,22,0.2650674786720497,SVR
0_Power bandwidth,23,0.2079932508628687,SVR
0_MFCC_0,24,0.2022558282527086,SVR
0_MFCC_10,25,0.1873569699099674,SVR
0_Median diff,26,0.0963089494371394,SVR
0_Fundamental frequency,27,0.0375825500376151,SVR
0_Negative turning points,28,0.0311887566568428,SVR
0_MFCC_4,29,0.0255565730418254,SVR
0_Entropy,30,0.0,SVR
0_LPCC_1,31,0.0,SVR
0_Histogram mode,32,0.0,SVR
0_ECDF Percentile_1,33,0.0,SVR
0_MFCC_8,34,0.0,SVR
0_Median absolute diff,35,0.0,SVR
0_LPCC_6,36,0.0,SVR
0_LPCC_5,37,0.0,SVR
0_Neighbourhood peaks,38,0.0,SVR
0_Median frequency,39,0.0,SVR
0_Spectral roll-on,40,0.0,SVR
0_Spectral positive turning points,41,0.0,SVR
0_Zero crossing rate,42,0.0,SVR
0_Peak to peak distance,1,16.76323514349483,Random Forest
0_Spectral entropy,2,8.080977957869756,Random Forest
0_Absolute energy,3,6.917238092246787,Random Forest
0_Autocorrelation,4,5.25448275241147,Random Forest
0_Spectral variation,5,5.19036369572975,Random Forest
0_Entropy,6,5.092732750930492,Random Forest
0_Interquartile range,7,4.571322633765846,Random Forest
0_Wavelet energy_125000000.0Hz,8,3.350641692603152,Random Forest
0_ECDF Percentile_0,9,3.0914087321174444,Random Forest
0_Wavelet absolute mean_125000000.0Hz,10,2.340637628927361,Random Forest
0_Histogram mode,11,2.131358983011185,Random Forest
0_MFCC_11,12,2.0238160915560712,Random Forest
0_Fundamental frequency,13,1.5510552985965118,Random Forest
0_LPCC_0,14,1.317353610754028,Random Forest
0_Wavelet absolute mean_27777777.78Hz,15,1.1450304394827029,Random Forest
0_MFCC_0,16,0.9388042984677556,Random Forest
0_Mean diff,17,0.8514561337409695,Random Forest
0_Wavelet entropy,18,0.7848370910616128,Random Forest
0_Slope,19,0.780424489579699,Random Forest
0_Max,20,0.7531617048339379,Random Forest
0_ECDF Percentile_1,21,0.7412406709031009,Random Forest
0_MFCC_8,22,0.6880374286794587,Random Forest
0_MFCC_9,23,0.5558518878685988,Random Forest
0_Spectral decrease,24,0.4547384177414253,Random Forest
0_MFCC_5,25,0.3996524160112369,Random Forest
0_Median frequency,26,0.3907952069107094,Random Forest
0_Maximum frequency,27,0.3800127544632414,Random Forest
0_MFCC_10,28,0.3783269132704667,Random Forest
0_LPCC_5,29,0.3341742816655644,Random Forest
0_Median,30,0.3100817950160786,Random Forest
0_Zero crossing rate,31,0.2956812046167129,Random Forest
0_LPCC_6,32,0.2822976840212436,Random Forest
0_LPCC_1,33,0.2314455829757266,Random Forest
0_Mean,34,0.1527051572020941,Random Forest
0_MFCC_4,35,0.1089048772720852,Random Forest
0_Median absolute diff,36,0.0623111917496814,Random Forest
0_Spectral positive turning points,37,0.0595988179067382,Random Forest
0_Negative turning points,38,0.0275282875665618,Random Forest
0_Spectral roll-on,39,0.0253372069394836,Random Forest
0_Power bandwidth,40,0.0126143389441072,Random Forest
0_Neighbourhood peaks,41,0.0031999024795989,Random Forest
0_Median diff,42,0.0,Random Forest
0_Maximum frequency,1,65348515.98760741,Bayesian Ridge
0_Fundamental frequency,2,2734007.100305093,Bayesian Ridge
0_Median frequency,3,2615147.468048433,Bayesian Ridge
0_Power bandwidth,4,1526174.2621002134,Bayesian Ridge
0_Spectral roll-on,5,737592.4272549185,Bayesian Ridge
0_MFCC_9,6,1413.6216491157672,Bayesian Ridge
0_MFCC_4,7,1404.1404313531507,Bayesian Ridge
0_MFCC_11,8,1223.8333712674848,Bayesian Ridge
0_MFCC_5,9,1192.68350174432,Bayesian Ridge
0_MFCC_8,10,451.22664342241256,Bayesian Ridge
0_MFCC_10,11,377.36415999941227,Bayesian Ridge
0_MFCC_0,12,184.4895642095404,Bayesian Ridge
0_Absolute energy,13,38.78989601866925,Bayesian Ridge
0_Autocorrelation,14,7.498628261779815,Bayesian Ridge
0_Peak to peak distance,15,6.946730407986209,Bayesian Ridge
0_Spectral decrease,16,6.653077321265345,Bayesian Ridge
0_Spectral positive turning points,17,4.774870097479977,Bayesian Ridge
0_ECDF Percentile_1,18,4.4974088665651575,Bayesian Ridge
0_ECDF Percentile_0,19,3.750317499098273,Bayesian Ridge
0_Interquartile range,20,2.4919293846792394,Bayesian Ridge
0_Max,21,2.2773557936510427,Bayesian Ridge
0_Mean,22,1.7395322324284586,Bayesian Ridge
0_Median,23,1.083435572255086,Bayesian Ridge
0_Zero crossing rate,24,0.6779597579622777,Bayesian Ridge
0_Negative turning points,25,0.6131464659665189,Bayesian Ridge
0_Spectral variation,26,0.3863123808292449,Bayesian Ridge
0_Histogram mode,27,0.280086561641313,Bayesian Ridge
0_Wavelet absolute mean_27777777.78Hz,28,0.1766101030458095,Bayesian Ridge
0_LPCC_0,29,0.1403767239261567,Bayesian Ridge
0_Spectral entropy,30,0.0933727479271903,Bayesian Ridge
0_Entropy,31,0.0794176363928601,Bayesian Ridge
0_Neighbourhood peaks,32,0.075031026384563,Bayesian Ridge
0_Wavelet energy_125000000.0Hz,33,0.0618833387968963,Bayesian Ridge
0_LPCC_5,34,0.0496882431255801,Bayesian Ridge
0_Wavelet entropy,35,0.0387624495676912,Bayesian Ridge
0_Slope,36,0.0105684036037539,Bayesian Ridge
0_Mean diff,37,0.0088462108703864,Bayesian Ridge
0_LPCC_6,38,0.0081792719210139,Bayesian Ridge
0_Wavelet absolute mean_125000000.0Hz,39,0.0049491033713166,Bayesian Ridge
0_LPCC_1,40,0.0037030657344921,Bayesian Ridge
0_Median diff,41,0.0004932113577104,Bayesian Ridge
0_Median absolute diff,42,0.0001737475917817,Bayesian Ridge
0_Peak to peak distance,1,32.425078828430244,XGBoost
0_Spectral entropy,2,17.62662729525979,XGBoost
0_Autocorrelation,3,12.190324510272472,XGBoost
0_Entropy,4,4.659288410049553,XGBoost
0_Absolute energy,5,3.815475013932772,XGBoost
0_Spectral variation,6,1.7860207034399116,XGBoost
0_Interquartile range,7,1.566148231204661,XGBoost
0_Fundamental frequency,8,1.5446005313664677,XGBoost
0_MFCC_5,9,1.3813652039646485,XGBoost
0_Mean diff,10,1.3415964929254425,XGBoost
0_Max,11,1.1945597303565596,XGBoost
0_Wavelet energy_125000000.0Hz,12,1.0546022798174373,XGBoost
0_LPCC_0,13,0.954627826358688,XGBoost
0_Histogram mode,14,0.8620476976430667,XGBoost
0_MFCC_11,15,0.8072604626304779,XGBoost
0_Wavelet entropy,16,0.5961465699189031,XGBoost
0_MFCC_10,17,0.5412069835364817,XGBoost
0_MFCC_0,18,0.4315526285998522,XGBoost
0_MFCC_9,19,0.4256592483500951,XGBoost
0_Spectral positive turning points,20,0.4061452261010184,XGBoost
0_ECDF Percentile_0,21,0.36084924291928,XGBoost
0_Negative turning points,22,0.3497476090519377,XGBoost
0_LPCC_6,23,0.3408830734336748,XGBoost
0_Wavelet absolute mean_125000000.0Hz,24,0.299246357548982,XGBoost
0_MFCC_4,25,0.2911172355052705,XGBoost
0_Spectral decrease,26,0.2626182104001133,XGBoost
0_Slope,27,0.2527464606161849,XGBoost
0_MFCC_8,28,0.2504455930275222,XGBoost
0_LPCC_1,29,0.2280268788156099,XGBoost
0_Zero crossing rate,30,0.2157123428137352,XGBoost
0_Maximum frequency,31,0.2080873121514917,XGBoost
0_Median,32,0.2044668215082337,XGBoost
0_LPCC_5,33,0.2032994511847694,XGBoost
0_Median diff,34,0.1703797878136236,XGBoost
0_Median absolute diff,35,0.1610015476028126,XGBoost
0_Wavelet absolute mean_27777777.78Hz,36,0.1335706123579293,XGBoost
0_Mean,37,0.1327483308468945,XGBoost
0_Median frequency,38,0.1264898740783334,XGBoost
0_ECDF Percentile_1,39,0.1007597338800629,XGBoost
0_Neighbourhood peaks,40,0.0311874346680939,XGBoost
0_Power bandwidth,41,0.0,XGBoost
0_Spectral roll-on,42,0.0,XGBoost
0_Peak to peak distance,1,11.526409199057104,SVR
0_Spectral entropy,2,10.37527688744029,SVR
0_Interquartile range,3,9.997233631659917,SVR
0_ECDF Percentile_0,4,9.047682321709033,SVR
0_Spectral variation,5,8.489116754929817,SVR
0_LPCC_0,6,7.937101221223094,SVR
0_Median,7,6.667205442978694,SVR
0_Spectral decrease,8,6.554649744601204,SVR
0_Mean diff,9,5.67678464110433,SVR
0_Absolute energy,10,5.658865720679753,SVR
0_Wavelet absolute mean_27777777.78Hz,11,4.922828704246846,SVR
0_Slope,12,4.469076815793727,SVR
0_Max,13,3.8958690077036233,SVR
0_Wavelet absolute mean_125000000.0Hz,14,3.151265164481896,SVR
0_MFCC_11,15,3.110703570098348,SVR
0_Autocorrelation,16,2.4520627786397604,SVR
0_MFCC_5,17,2.036727598698777,SVR
0_Mean,18,1.557914442594459,SVR
0_MFCC_9,19,0.8815569090088813,SVR
0_MFCC_10,20,0.7831786855430254,SVR
0_Wavelet entropy,21,0.5931229338202655,SVR
0_Maximum frequency,22,0.3698747167243892,SVR
0_MFCC_0,23,0.2204451877851447,SVR
0_Wavelet energy_125000000.0Hz,24,0.1830156055598905,SVR
0_Median diff,25,0.167408440816324,SVR
0_LPCC_1,26,0.038880371887777,SVR
0_Negative turning points,27,0.0331898386052611,SVR
0_ECDF Percentile_1,28,0.0,SVR
0_Entropy,29,0.0,SVR
0_Fundamental frequency,30,0.0,SVR
0_Histogram mode,31,0.0,SVR
0_LPCC_5,32,0.0,SVR
0_MFCC_4,33,0.0,SVR
0_MFCC_8,34,0.0,SVR
0_Median absolute diff,35,0.0,SVR
0_LPCC_6,36,0.0,SVR
0_Median frequency,37,0.0,SVR
0_Neighbourhood peaks,38,0.0,SVR
0_Power bandwidth,39,0.0,SVR
0_Spectral roll-on,40,0.0,SVR
0_Spectral positive turning points,41,0.0,SVR
0_Zero crossing rate,42,0.0,SVR
0_Peak to peak distance,1,16.799157053569274,Random Forest
0_Spectral entropy,2,8.041035862384199,Random Forest
0_Absolute energy,3,7.341911532915088,Random Forest
0_Spectral variation,4,5.909568475816137,Random Forest
0_Interquartile range,5,5.547395815493485,Random Forest
0_Autocorrelation,6,4.7786294980286925,Random Forest
0_Entropy,7,4.416881767620271,Random Forest
0_ECDF Percentile_0,8,4.070070406218377,Random Forest
0_Wavelet energy_125000000.0Hz,9,3.676713191264014,Random Forest
0_Histogram mode,10,2.5242186715662407,Random Forest
0_Wavelet absolute mean_125000000.0Hz,11,2.203320135419428,Random Forest
0_MFCC_11,12,1.8670726554266024,Random Forest
0_Wavelet absolute mean_27777777.78Hz,13,1.4479230270682837,Random Forest
0_LPCC_0,14,1.2298945293302337,Random Forest
0_ECDF Percentile_1,15,1.2123319293461736,Random Forest
0_Slope,16,1.0469992842875344,Random Forest
0_Fundamental frequency,17,0.9316502392121592,Random Forest
0_Mean diff,18,0.8885347926922221,Random Forest
0_MFCC_0,19,0.717810934095888,Random Forest
0_MFCC_5,20,0.639482854234303,Random Forest
0_MFCC_9,21,0.6352096541747219,Random Forest
0_MFCC_10,22,0.6266942400921758,Random Forest
0_Wavelet entropy,23,0.6069956720940225,Random Forest
0_Max,24,0.5301328035837426,Random Forest
0_MFCC_8,25,0.4890467198743174,Random Forest
0_Median frequency,26,0.462725121770085,Random Forest
0_Spectral decrease,27,0.3975305227162007,Random Forest
0_MFCC_4,28,0.3640088642290405,Random Forest
0_Maximum frequency,29,0.3610190427384804,Random Forest
0_Median,30,0.2866507962161829,Random Forest
0_LPCC_5,31,0.257415846903529,Random Forest
0_LPCC_6,32,0.2420487789300736,Random Forest
0_LPCC_1,33,0.2285190886991564,Random Forest
0_Zero crossing rate,34,0.1850381385948508,Random Forest
0_Mean,35,0.1605218411291483,Random Forest
0_Median absolute diff,36,0.135959291546295,Random Forest
0_Spectral positive turning points,37,0.1094178489396969,Random Forest
0_Power bandwidth,38,0.0845219950521986,Random Forest
0_Negative turning points,39,0.0204201940885124,Random Forest
0_Neighbourhood peaks,40,0.0129475491528709,Random Forest
0_Spectral roll-on,41,0.0063017681060979,Random Forest
0_Median diff,42,0.0,Random Forest
0_Maximum frequency,1,158700645.02147597,Bayesian Ridge
0_Median frequency,2,3844162.443067277,Bayesian Ridge
0_Fundamental frequency,3,2234613.776007133,Bayesian Ridge
0_Power bandwidth,4,1977768.1723015152,Bayesian Ridge
0_Spectral roll-on,5,1077031.630770769,Bayesian Ridge
0_MFCC_4,6,1596.021256025295,Bayesian Ridge
0_MFCC_9,7,1300.4072823867518,Bayesian Ridge
0_MFCC_5,8,1256.444080299369,Bayesian Ridge
0_MFCC_11,9,1171.6438302946306,Bayesian Ridge
0_MFCC_8,10,391.8379007158755,Bayesian Ridge
0_MFCC_10,11,340.8083379609288,Bayesian Ridge
0_MFCC_0,12,245.61463978527053,Bayesian Ridge
0_Absolute energy,13,166.26272802950143,Bayesian Ridge
0_Peak to peak distance,14,9.37826374230568,Bayesian Ridge
0_Autocorrelation,15,5.707931221471077,Bayesian Ridge
0_Spectral positive turning points,16,4.619312896427427,Bayesian Ridge
0_ECDF Percentile_0,17,3.4866468203344456,Bayesian Ridge
0_Spectral decrease,18,3.2748061765775547,Bayesian Ridge
0_ECDF Percentile_1,19,2.4863597856089066,Bayesian Ridge
0_Max,20,2.358267789861351,Bayesian Ridge
0_Mean,21,1.960606486272781,Bayesian Ridge
0_Median,22,0.7669454633605248,Bayesian Ridge
0_Interquartile range,23,0.7043443920199212,Bayesian Ridge
0_Zero crossing rate,24,0.6768216182541278,Bayesian Ridge
0_Negative turning points,25,0.3821383606284052,Bayesian Ridge
0_Spectral variation,26,0.2119270139265942,Bayesian Ridge
0_Wavelet absolute mean_27777777.78Hz,27,0.1626264624658734,Bayesian Ridge
0_Spectral entropy,28,0.1550224864281449,Bayesian Ridge
0_Histogram mode,29,0.1392348139837355,Bayesian Ridge
0_Neighbourhood peaks,30,0.1296608508833932,Bayesian Ridge
0_Entropy,31,0.1237294702011437,Bayesian Ridge
0_LPCC_0,32,0.1008244893643333,Bayesian Ridge
0_LPCC_1,33,0.0588599155677699,Bayesian Ridge
0_Wavelet energy_125000000.0Hz,34,0.039616561748141,Bayesian Ridge
0_LPCC_5,35,0.0367314242174366,Bayesian Ridge
0_Wavelet entropy,36,0.033330398853977,Bayesian Ridge
0_LPCC_6,37,0.0177041533000952,Bayesian Ridge
0_Slope,38,0.0101408820400481,Bayesian Ridge
0_Wavelet absolute mean_125000000.0Hz,39,0.0034559209896242,Bayesian Ridge
0_Mean diff,40,0.0022566761990694,Bayesian Ridge
0_Median absolute diff,41,0.0011145446803593,Bayesian Ridge
0_Median diff,42,0.000252106905179,Bayesian Ridge
0_Peak to peak distance,1,35.636080758249264,XGBoost
0_Spectral entropy,2,19.69934590276697,XGBoost
0_Autocorrelation,3,12.014169625572364,XGBoost
0_Interquartile range,4,5.0728713759172726,XGBoost
0_Absolute energy,5,4.805872981234514,XGBoost
0_Spectral variation,6,3.166960101109245,XGBoost
0_Entropy,7,3.1068291518428675,XGBoost
0_Max,8,1.474681556339283,XGBoost
0_MFCC_0,9,1.2470702077784035,XGBoost
0_MFCC_5,10,1.1019845695101969,XGBoost
0_Wavelet absolute mean_125000000.0Hz,11,1.0871340945479766,XGBoost
0_Mean diff,12,1.0235066638684518,XGBoost
0_ECDF Percentile_1,13,0.905410184814036,XGBoost
0_Fundamental frequency,14,0.7282619537010785,XGBoost
0_Histogram mode,15,0.7063753571052414,XGBoost
0_LPCC_0,16,0.5972961756378412,XGBoost
0_MFCC_9,17,0.5917223879726446,XGBoost
0_Slope,18,0.5168845938558381,XGBoost
0_MFCC_10,19,0.5110704553153367,XGBoost
0_MFCC_11,20,0.4172545819826423,XGBoost
0_Wavelet entropy,21,0.3414807180928687,XGBoost
0_MFCC_8,22,0.3327318978230159,XGBoost
0_MFCC_4,23,0.323178055679674,XGBoost
0_LPCC_1,24,0.2866820742261287,XGBoost
0_Wavelet energy_125000000.0Hz,25,0.284956819440921,XGBoost
0_ECDF Percentile_0,26,0.2827518002333741,XGBoost
0_Maximum frequency,27,0.2782916756821176,XGBoost
0_LPCC_6,28,0.2573289929131046,XGBoost
0_Wavelet absolute mean_27777777.78Hz,29,0.2519794311214238,XGBoost
0_Spectral decrease,30,0.1895953684608141,XGBoost
0_Median absolute diff,31,0.1804139519315212,XGBoost
0_Median frequency,32,0.1799364256463945,XGBoost
0_Spectral positive turning points,33,0.1572770401259263,XGBoost
0_Mean,34,0.1542420915956298,XGBoost
0_Negative turning points,35,0.1519580506001599,XGBoost
0_LPCC_5,36,0.1230860463872551,XGBoost
0_Median,37,0.1110696848750735,XGBoost
0_Median diff,38,0.0344525803506374,XGBoost
0_Power bandwidth,39,0.0,XGBoost
0_Neighbourhood peaks,40,0.0,XGBoost
0_Spectral roll-on,41,0.0,XGBoost
0_Zero crossing rate,42,0.0,XGBoost
0_Peak to peak distance,1,9.50236379978178,SVR
0_ECDF Percentile_0,2,9.256525963352294,SVR
0_Spectral entropy,3,9.141100961209732,SVR
0_Interquartile range,4,9.137715703670128,SVR
0_Spectral variation,5,8.056451536241482,SVR
0_LPCC_0,6,7.7992942690950064,SVR
0_Median,7,7.709261008050158,SVR
0_Wavelet absolute mean_27777777.78Hz,8,7.238040404426794,SVR
0_Mean diff,9,7.135686782612652,SVR
0_Spectral decrease,10,7.054244364873267,SVR
0_Absolute energy,11,6.428795426438419,SVR
0_Slope,12,4.124902041083117,SVR
0_Max,13,3.9202236078056174,SVR
0_Mean,14,3.84205678703072,SVR
0_Wavelet absolute mean_125000000.0Hz,15,3.2690205171014486,SVR
0_MFCC_11,16,2.334734549282657,SVR
0_Autocorrelation,17,1.6474942330306588,SVR
0_MFCC_5,18,1.02613689364007,SVR
0_Wavelet energy_125000000.0Hz,19,0.8279773362738578,SVR
0_Wavelet entropy,20,0.6150895826441458,SVR
0_MFCC_9,21,0.4442074944219839,SVR
0_MFCC_10,22,0.4180616127609695,SVR
0_ECDF Percentile_1,23,0.2413056283159537,SVR
0_Maximum frequency,24,0.1793771789245692,SVR
0_Fundamental frequency,25,0.0414854433534689,SVR
0_Entropy,26,0.0,SVR
0_LPCC_1,27,0.0,SVR
0_Histogram mode,28,0.0,SVR
0_MFCC_4,29,0.0,SVR
0_Median absolute diff,30,0.0,SVR
0_MFCC_0,31,0.0,SVR
0_LPCC_6,32,0.0,SVR
0_MFCC_8,33,0.0,SVR
0_LPCC_5,34,0.0,SVR
0_Median diff,35,0.0,SVR
0_Median frequency,36,0.0,SVR
0_Negative turning points,37,0.0,SVR
0_Neighbourhood peaks,38,0.0,SVR
0_Power bandwidth,39,0.0,SVR
0_Spectral roll-on,40,0.0,SVR
0_Spectral positive turning points,41,0.0,SVR
0_Zero crossing rate,42,0.0,SVR
0_Peak to peak distance,1,17.74610782529278,Random Forest
0_Spectral entropy,2,7.546585678552646,Random Forest
0_Spectral variation,3,6.515900395425968,Random Forest
0_Absolute energy,4,5.534720405948505,Random Forest
0_Entropy,5,4.822517841183521,Random Forest
0_Autocorrelation,6,4.744035449362609,Random Forest
0_Interquartile range,7,3.832711736975426,Random Forest
0_MFCC_11,8,2.5696031899455942,Random Forest
0_Histogram mode,9,2.301949713569848,Random Forest
0_Wavelet energy_125000000.0Hz,10,2.2079906432662777,Random Forest
0_ECDF Percentile_0,11,2.0957957523384136,Random Forest
0_Slope,12,1.9925326565315329,Random Forest
0_LPCC_0,13,1.2108816560343532,Random Forest
0_Mean diff,14,0.9940301522414512,Random Forest
0_Wavelet absolute mean_27777777.78Hz,15,0.9934204125454028,Random Forest
0_ECDF Percentile_1,16,0.8736429301267801,Random Forest
0_MFCC_0,17,0.8383666184530281,Random Forest
0_Median frequency,18,0.7720702948833505,Random Forest
0_MFCC_5,19,0.7302022666631888,Random Forest
0_Fundamental frequency,20,0.7055008680236838,Random Forest
0_MFCC_9,21,0.6908693700050936,Random Forest
0_MFCC_8,22,0.6336497690804305,Random Forest
0_Wavelet entropy,23,0.563397849741454,Random Forest
0_MFCC_10,24,0.5459121830344198,Random Forest
0_Wavelet absolute mean_125000000.0Hz,25,0.5454325318855545,Random Forest
0_Spectral decrease,26,0.5210109411260113,Random Forest
0_Max,27,0.4998778769767843,Random Forest
0_Maximum frequency,28,0.4740185410495228,Random Forest
0_Median,29,0.4361932696595168,Random Forest
0_LPCC_1,30,0.3468971708975731,Random Forest
0_Zero crossing rate,31,0.2648137391217053,Random Forest
0_LPCC_5,32,0.2185425701173643,Random Forest
0_LPCC_6,33,0.2150481120624889,Random Forest
0_Mean,34,0.1438044555827975,Random Forest
0_MFCC_4,35,0.1352689155901471,Random Forest
0_Spectral positive turning points,36,0.1268592792065193,Random Forest
0_Negative turning points,37,0.0894786335830887,Random Forest
0_Median absolute diff,38,0.0752015136825541,Random Forest
0_Power bandwidth,39,0.0377680997833609,Random Forest
0_Neighbourhood peaks,40,0.0077239193129042,Random Forest
0_Spectral roll-on,41,0.0036546314597129,Random Forest
0_Median diff,42,0.0,Random Forest
0_Maximum frequency,1,126093532.5977739,Bayesian Ridge
0_Median frequency,2,4344028.774710796,Bayesian Ridge
0_Spectral roll-on,3,1714958.2346687014,Bayesian Ridge
0_Power bandwidth,4,1343343.099733156,Bayesian Ridge
0_Fundamental frequency,5,360788.85420423886,Bayesian Ridge
0_MFCC_11,6,1362.299994282719,Bayesian Ridge
0_MFCC_4,7,1287.8080902086515,Bayesian Ridge
0_MFCC_5,8,1140.5363627528336,Bayesian Ridge
0_MFCC_9,9,1059.5541099452937,Bayesian Ridge
0_MFCC_8,10,361.96708514044064,Bayesian Ridge
0_MFCC_0,11,207.84695004247047,Bayesian Ridge
0_MFCC_10,12,173.87236769481123,Bayesian Ridge
0_Absolute energy,13,28.6111777695715,Bayesian Ridge
0_Autocorrelation,14,7.090786951638423,Bayesian Ridge
0_Peak to peak distance,15,6.631912736809105,Bayesian Ridge
0_Spectral decrease,16,4.644667696450805,Bayesian Ridge
0_ECDF Percentile_0,17,3.2426061517696843,Bayesian Ridge
0_Spectral positive turning points,18,2.799792830715316,Bayesian Ridge
0_ECDF Percentile_1,19,2.664273980304217,Bayesian Ridge
0_Max,20,2.2002476623684832,Bayesian Ridge
0_Mean,21,2.0428433589463504,Bayesian Ridge
0_Zero crossing rate,22,1.0086760774196353,Bayesian Ridge
0_Median,23,0.9831715956019628,Bayesian Ridge
0_Interquartile range,24,0.6609617021423198,Bayesian Ridge
0_Spectral variation,25,0.3650276119978111,Bayesian Ridge
0_Histogram mode,26,0.3616673361858963,Bayesian Ridge
0_Negative turning points,27,0.3232972168095486,Bayesian Ridge
0_Wavelet absolute mean_27777777.78Hz,28,0.1763580539004676,Bayesian Ridge
0_LPCC_1,29,0.1059860318143162,Bayesian Ridge
0_Entropy,30,0.0940293047877969,Bayesian Ridge
0_LPCC_0,31,0.0857719025959187,Bayesian Ridge
0_Spectral entropy,32,0.0847591114166134,Bayesian Ridge
0_Neighbourhood peaks,33,0.0818757879584599,Bayesian Ridge
0_Wavelet energy_125000000.0Hz,34,0.0651573119456267,Bayesian Ridge
0_LPCC_5,35,0.0574024097347556,Bayesian Ridge
0_Wavelet entropy,36,0.0394122255678956,Bayesian Ridge
0_Slope,37,0.012462423184946,Bayesian Ridge
0_Wavelet absolute mean_125000000.0Hz,38,0.0088193949615091,Bayesian Ridge
0_LPCC_6,39,0.0019063910985867,Bayesian Ridge
0_Median absolute diff,40,0.0003472768810614,Bayesian Ridge
0_Median diff,41,0.000181383621724,Bayesian Ridge
0_Mean diff,42,0.0001247816764327,Bayesian Ridge
0_Peak to peak distance,1,37.673826727268,XGBoost
0_Spectral entropy,2,17.56008389391539,XGBoost
0_Autocorrelation,3,11.891354516534015,XGBoost
0_Interquartile range,4,4.1423251707896895,XGBoost
0_Spectral variation,5,2.090586435770864,XGBoost
0_Mean diff,6,2.013008121179789,XGBoost
0_Entropy,7,1.2409753295196846,XGBoost
0_Histogram mode,8,1.037449316726718,XGBoost
0_Max,9,0.9718561497578396,XGBoost
0_LPCC_0,10,0.8093072593607321,XGBoost
0_Fundamental frequency,11,0.7695000228409347,XGBoost
0_MFCC_9,12,0.7126507303236054,XGBoost
0_Slope,13,0.7070623842683547,XGBoost
0_Absolute energy,14,0.650912445492546,XGBoost
0_Wavelet energy_125000000.0Hz,15,0.628331308750684,XGBoost
0_MFCC_0,16,0.5990580912683778,XGBoost
0_MFCC_5,17,0.5864968631386757,XGBoost
0_Spectral positive turning points,18,0.5407899916085726,XGBoost
0_MFCC_10,19,0.460602404025259,XGBoost
0_LPCC_6,20,0.4075483370676637,XGBoost
0_Wavelet entropy,21,0.3992677162112978,XGBoost
0_MFCC_8,22,0.3519297717399895,XGBoost
0_MFCC_11,23,0.3453021126277744,XGBoost
0_LPCC_1,24,0.3280204010573526,XGBoost
0_MFCC_4,25,0.312870675581942,XGBoost
0_Median,26,0.2810068220493073,XGBoost
0_Wavelet absolute mean_125000000.0Hz,27,0.2744683966234326,XGBoost
0_Spectral decrease,28,0.2595638446159041,XGBoost
0_LPCC_5,29,0.2514422018083433,XGBoost
0_Wavelet absolute mean_27777777.78Hz,30,0.2385426267454089,XGBoost
0_ECDF Percentile_0,31,0.2230715131985644,XGBoost
0_ECDF Percentile_1,32,0.1943410604125508,XGBoost
0_Maximum frequency,33,0.1575306436511377,XGBoost
0_Mean,34,0.1238848997630178,XGBoost
0_Median frequency,35,0.1142364192912975,XGBoost
0_Median absolute diff,36,0.1015735807272295,XGBoost
0_Median diff,37,0.0614066370233893,XGBoost
0_Negative turning points,38,0.0606396129131316,XGBoost
0_Neighbourhood peaks,39,0.0474738593883812,XGBoost
0_Zero crossing rate,40,0.0274348207275072,XGBoost
0_Power bandwidth,41,0.0,XGBoost
0_Spectral roll-on,42,0.0,XGBoost
0_Peak to peak distance,1,15.465173872137626,SVR
0_Spectral entropy,2,9.814137402231628,SVR
0_Interquartile range,3,8.96592846888683,SVR
0_Spectral decrease,4,8.728651975448159,SVR
0_Wavelet absolute mean_27777777.78Hz,5,8.70461060912784,SVR
0_Spectral variation,6,8.191793778468572,SVR
0_Max,7,8.143202312317662,SVR
0_Mean diff,8,7.304132755828041,SVR
0_ECDF Percentile_0,9,7.25914562221817,SVR
0_Absolute energy,10,6.35122409061161,SVR
0_Median,11,5.889050218675821,SVR
0_LPCC_0,12,4.9659681433397305,SVR
0_Slope,13,4.514544189981711,SVR
0_MFCC_11,14,2.842303325865677,SVR
0_Wavelet absolute mean_125000000.0Hz,15,2.0077964691647296,SVR
0_MFCC_5,16,1.994349881088742,SVR
0_Mean,17,1.762541318855764,SVR
0_MFCC_9,18,0.9115951869068468,SVR
0_Autocorrelation,19,0.8210514568485967,SVR
0_Wavelet energy_125000000.0Hz,20,0.7736084775806631,SVR
0_Wavelet entropy,21,0.7386886871937012,SVR
0_MFCC_0,22,0.3173138500722867,SVR
0_MFCC_10,23,0.2682467400703335,SVR
0_Median diff,24,0.152305594678254,SVR
0_Maximum frequency,25,0.1147493767329251,SVR
0_LPCC_5,26,0.1090091123049478,SVR
0_ECDF Percentile_1,27,0.0834229536471069,SVR
0_Histogram mode,28,0.0,SVR
0_Entropy,29,0.0,SVR
0_Fundamental frequency,30,0.0,SVR
0_LPCC_1,31,0.0,SVR
0_LPCC_6,32,0.0,SVR
0_MFCC_4,33,0.0,SVR
0_MFCC_8,34,0.0,SVR
0_Median absolute diff,35,0.0,SVR
0_Median frequency,36,0.0,SVR
0_Negative turning points,37,0.0,SVR
0_Neighbourhood peaks,38,0.0,SVR
0_Power bandwidth,39,0.0,SVR
0_Spectral roll-on,40,0.0,SVR
0_Spectral positive turning points,41,0.0,SVR
0_Zero crossing rate,42,0.0,SVR
0_Peak to peak distance,1,15.76720897364678,Random Forest
0_Absolute energy,2,7.144997761404235,Random Forest
0_Spectral entropy,3,6.953564167847578,Random Forest
0_Entropy,4,4.802682844442315,Random Forest
0_Autocorrelation,5,4.770210361887608,Random Forest
0_Interquartile range,6,4.676604737118942,Random Forest
0_Wavelet energy_125000000.0Hz,7,4.623527538006627,Random Forest
0_Spectral variation,8,4.524455382512572,Random Forest
0_ECDF Percentile_0,9,3.512318067754836,Random Forest
0_Histogram mode,10,3.168233071072648,Random Forest
0_Wavelet absolute mean_125000000.0Hz,11,1.9600436174982527,Random Forest
0_MFCC_11,12,1.824434757041807,Random Forest
0_Wavelet absolute mean_27777777.78Hz,13,1.3233227151285851,Random Forest
0_Slope,14,1.0680106268908829,Random Forest
0_ECDF Percentile_1,15,1.0431050639033943,Random Forest
0_Mean diff,16,1.019607208458334,Random Forest
0_LPCC_0,17,0.9871290314051008,Random Forest
0_MFCC_8,18,0.9684385057700562,Random Forest
0_Fundamental frequency,19,0.7342051376177621,Random Forest
0_MFCC_0,20,0.7181729069024327,Random Forest
0_Wavelet entropy,21,0.6853718604312901,Random Forest
0_MFCC_9,22,0.6768168934258323,Random Forest
0_Median frequency,23,0.6597612645906706,Random Forest
0_Median,24,0.5788928733762356,Random Forest
0_Maximum frequency,25,0.4665619917675853,Random Forest
0_MFCC_10,26,0.4407738028583426,Random Forest
0_Spectral decrease,27,0.3965030440350064,Random Forest
0_Max,28,0.3649103088797381,Random Forest
0_LPCC_1,29,0.3260446417060371,Random Forest
0_Zero crossing rate,30,0.3175528176841016,Random Forest
0_Mean,31,0.2874230007691308,Random Forest
0_MFCC_5,32,0.2791386584550143,Random Forest
0_LPCC_5,33,0.2079103324050705,Random Forest
0_MFCC_4,34,0.1895177649633338,Random Forest
0_Negative turning points,35,0.1761305667373041,Random Forest
0_LPCC_6,36,0.1404219916093783,Random Forest
0_Spectral positive turning points,37,0.1336387572578464,Random Forest
0_Power bandwidth,38,0.0999874370366334,Random Forest
0_Median absolute diff,39,0.0312385196328163,Random Forest
0_Spectral roll-on,40,0.0088353833052019,Random Forest
0_Neighbourhood peaks,41,0.0010466590980688,Random Forest
0_Median diff,42,0.0,Random Forest
0_Maximum frequency,1,866317992.4179878,Bayesian Ridge
0_Median frequency,2,2665055.722313259,Bayesian Ridge
0_Fundamental frequency,3,1213278.3926574294,Bayesian Ridge
0_Spectral roll-on,4,516101.88438266696,Bayesian Ridge
0_Power bandwidth,5,261742.2326619046,Bayesian Ridge
0_MFCC_11,6,1822.0992159131536,Bayesian Ridge
0_MFCC_4,7,551.1718151114186,Bayesian Ridge
0_MFCC_10,8,523.8166916323133,Bayesian Ridge
0_MFCC_9,9,461.93016110465067,Bayesian Ridge
0_Absolute energy,10,283.58337744973727,Bayesian Ridge
0_MFCC_8,11,261.91949718539644,Bayesian Ridge
0_MFCC_0,12,194.941574607886,Bayesian Ridge
0_MFCC_5,13,161.8949946674057,Bayesian Ridge
0_Spectral decrease,14,9.438814290940355,Bayesian Ridge
0_Peak to peak distance,15,5.284342118677508,Bayesian Ridge
0_Spectral positive turning points,16,3.592319026369161,Bayesian Ridge
0_ECDF Percentile_0,17,2.5287414621163102,Bayesian Ridge
0_Autocorrelation,18,2.368737440582374,Bayesian Ridge
0_Interquartile range,19,1.492572912751963,Bayesian Ridge
0_Max,20,1.2725808256665485,Bayesian Ridge
0_Mean,21,0.9462311067358872,Bayesian Ridge
0_Median,22,0.6096569106361721,Bayesian Ridge
0_Spectral variation,23,0.5327220591333327,Bayesian Ridge
0_ECDF Percentile_1,24,0.5086109970436754,Bayesian Ridge
0_Spectral entropy,25,0.3321486568243767,Bayesian Ridge
0_Neighbourhood peaks,26,0.2885930123342585,Bayesian Ridge
0_Zero crossing rate,27,0.2852721012190293,Bayesian Ridge
0_Wavelet absolute mean_27777777.78Hz,28,0.2802289889724657,Bayesian Ridge
0_Negative turning points,29,0.2062611273407757,Bayesian Ridge
0_Histogram mode,30,0.1746227541638858,Bayesian Ridge
0_LPCC_0,31,0.1233480819692953,Bayesian Ridge
0_Wavelet entropy,32,0.0321111479117643,Bayesian Ridge
0_Mean diff,33,0.0182479961821969,Bayesian Ridge
0_Wavelet energy_125000000.0Hz,34,0.0154870075810676,Bayesian Ridge
0_Entropy,35,0.0129026484272805,Bayesian Ridge
0_LPCC_1,36,0.0127625873003193,Bayesian Ridge
0_LPCC_6,37,0.0113214112727632,Bayesian Ridge
0_Slope,38,0.005846877892469,Bayesian Ridge
0_Median absolute diff,39,0.0005368138592688,Bayesian Ridge
0_LPCC_5,40,0.000416126720469,Bayesian Ridge
0_Median diff,41,0.0002297260671013,Bayesian Ridge
0_Wavelet absolute mean_125000000.0Hz,42,0.0001236490675876,Bayesian Ridge
0_Peak to peak distance,1,32.526568365440795,XGBoost
0_Spectral entropy,2,15.56042120782448,XGBoost
0_Autocorrelation,3,11.89541049515307,XGBoost
0_Interquartile range,4,6.039250667912017,XGBoost
0_Spectral variation,5,5.314717037601459,XGBoost
0_Absolute energy,6,3.1516829461807228,XGBoost
0_Entropy,7,2.205722400608441,XGBoost
0_Mean diff,8,1.5780848323001522,XGBoost
0_Slope,9,1.315556728143059,XGBoost
0_Fundamental frequency,10,1.1513510589758555,XGBoost
0_Histogram mode,11,1.106734131052935,XGBoost
0_LPCC_6,12,1.0140789482788497,XGBoost
0_Wavelet energy_125000000.0Hz,13,0.92761530038851,XGBoost
0_MFCC_11,14,0.9057237368666876,XGBoost
0_Max,15,0.8950059491164982,XGBoost
0_Wavelet entropy,16,0.8333492875637486,XGBoost
0_MFCC_5,17,0.8146456229535242,XGBoost
0_ECDF Percentile_0,18,0.8082211279484598,XGBoost
0_MFCC_9,19,0.7105874746035785,XGBoost
0_MFCC_0,20,0.6582035303035748,XGBoost
0_Wavelet absolute mean_125000000.0Hz,21,0.6458236468143759,XGBoost
0_LPCC_0,22,0.6280408260293303,XGBoost
0_MFCC_4,23,0.6203777658404163,XGBoost
0_MFCC_10,24,0.601780138923321,XGBoost
0_Wavelet absolute mean_27777777.78Hz,25,0.5404577046162138,XGBoost
0_Spectral positive turning points,26,0.2769602796756974,XGBoost
0_LPCC_5,27,0.2761124005882689,XGBoost
0_Median,28,0.266231952888503,XGBoost
0_Neighbourhood peaks,29,0.2615800582555433,XGBoost
0_ECDF Percentile_1,30,0.2549105012049278,XGBoost
0_MFCC_8,31,0.1995220978371178,XGBoost
0_LPCC_1,32,0.1974144819223011,XGBoost
0_Median absolute diff,33,0.1867182602524757,XGBoost
0_Maximum frequency,34,0.1750312410848836,XGBoost
0_Negative turning points,35,0.1534882642440496,XGBoost
0_Spectral decrease,36,0.1292085904719928,XGBoost
0_Median frequency,37,0.1045043034712472,XGBoost
0_Median diff,38,0.10041009529531,XGBoost
0_Mean,39,0.0743415532996878,XGBoost
0_Power bandwidth,40,0.0,XGBoost
0_Spectral roll-on,41,0.0,XGBoost
0_Zero crossing rate,42,0.0,XGBoost
0_Interquartile range,1,11.665051986541794,SVR
0_Peak to peak distance,2,10.457715705705404,SVR
0_Mean diff,3,9.461051465155869,SVR
0_Spectral entropy,4,9.32801654263521,SVR
0_Spectral decrease,5,8.016388039629996,SVR
0_LPCC_0,6,7.657634500985495,SVR
0_Spectral variation,7,7.094719041574246,SVR
0_Absolute energy,8,6.426591809171691,SVR
0_ECDF Percentile_0,9,6.37455753942507,SVR
0_Median,10,5.62369010359172,SVR
0_Wavelet absolute mean_27777777.78Hz,11,5.117895526177092,SVR
0_Wavelet absolute mean_125000000.0Hz,12,4.2825987581867135,SVR
0_MFCC_11,13,4.064136897380215,SVR
0_MFCC_5,14,3.0642158481084416,SVR
0_Max,15,2.973830834500913,SVR
0_Slope,16,2.737598368186835,SVR
0_Autocorrelation,17,1.7084960144213148,SVR
0_Mean,18,1.1491311954255985,SVR
0_MFCC_9,19,0.9504558298902024,SVR
0_Wavelet entropy,20,0.5833936580227872,SVR
0_MFCC_0,21,0.4092955554134961,SVR
0_MFCC_10,22,0.398802386089236,SVR
0_Wavelet energy_125000000.0Hz,23,0.27204547511229,SVR
0_Maximum frequency,24,0.2333491504445224,SVR
0_ECDF Percentile_1,25,0.08225910211435,SVR
0_Fundamental frequency,26,0.0,SVR
0_LPCC_1,27,0.0,SVR
0_Histogram mode,28,0.0,SVR
0_Entropy,29,0.0,SVR
0_Median absolute diff,30,0.0,SVR
0_LPCC_5,31,0.0,SVR
0_LPCC_6,32,0.0,SVR
0_MFCC_4,33,0.0,SVR
0_MFCC_8,34,0.0,SVR
0_Median diff,35,0.0,SVR
0_Median frequency,36,0.0,SVR
0_Negative turning points,37,0.0,SVR
0_Neighbourhood peaks,38,0.0,SVR
0_Power bandwidth,39,0.0,SVR
0_Spectral roll-on,40,0.0,SVR
0_Spectral positive turning points,41,0.0,SVR
0_Zero crossing rate,42,0.0,SVR
0_Peak to peak distance,1,15.07703969129546,Random Forest
0_Spectral entropy,2,8.283098631666764,Random Forest
0_Absolute energy,3,5.9197817690222365,Random Forest
0_Autocorrelation,4,5.267099745991608,Random Forest
0_Interquartile range,5,4.898772701275419,Random Forest
0_Spectral variation,6,4.578323400291211,Random Forest
0_Entropy,7,4.1168814749698,Random Forest
0_Wavelet energy_125000000.0Hz,8,3.838201683833837,Random Forest
0_Wavelet absolute mean_125000000.0Hz,9,3.229569643810275,Random Forest
0_ECDF Percentile_0,10,2.629625182640266,Random Forest
0_MFCC_11,11,2.453679870867509,Random Forest
0_Histogram mode,12,2.188121083215532,Random Forest
0_LPCC_0,13,1.4048513332369663,Random Forest
0_Fundamental frequency,14,1.3490438501219026,Random Forest
0_MFCC_9,15,1.1266593883919602,Random Forest
0_Wavelet absolute mean_27777777.78Hz,16,1.1155220758998965,Random Forest
0_Mean diff,17,0.941450739139373,Random Forest
0_ECDF Percentile_1,18,0.8859006629453277,Random Forest
0_Slope,19,0.8740587300612828,Random Forest
0_Wavelet entropy,20,0.782946859421387,Random Forest
0_Median frequency,21,0.7225916232454438,Random Forest
0_MFCC_0,22,0.6485210943571839,Random Forest
0_MFCC_5,23,0.4858784476654218,Random Forest
0_MFCC_10,24,0.4613648482361575,Random Forest
0_Spectral decrease,25,0.4273610532773736,Random Forest
0_MFCC_8,26,0.4205348711346041,Random Forest
0_Median,27,0.3677489200895808,Random Forest
0_Maximum frequency,28,0.3466446390347089,Random Forest
0_Max,29,0.3387969372883361,Random Forest
0_LPCC_6,30,0.3179183498103599,Random Forest
0_Mean,31,0.3110089813503204,Random Forest
0_Zero crossing rate,32,0.2907696439137915,Random Forest
0_LPCC_1,33,0.2533760031364314,Random Forest
0_LPCC_5,34,0.2264633402930418,Random Forest
0_MFCC_4,35,0.1938526951006536,Random Forest
0_Spectral positive turning points,36,0.0611216498369428,Random Forest
0_Negative turning points,37,0.0594840127199888,Random Forest
0_Power bandwidth,38,0.034248461874326,Random Forest
0_Spectral roll-on,39,0.0166005147593406,Random Forest
0_Neighbourhood peaks,40,0.0057502118794557,Random Forest
0_Median absolute diff,41,0.0056491713342877,Random Forest
0_Median diff,42,0.0,Random Forest
0_Maximum frequency,1,77551473.58286887,Bayesian Ridge
0_Median frequency,2,3275422.445112325,Bayesian Ridge
0_Spectral roll-on,3,1173162.092839915,Bayesian Ridge
0_Power bandwidth,4,1154279.2251971234,Bayesian Ridge
0_Fundamental frequency,5,617429.425882592,Bayesian Ridge
0_MFCC_11,6,1741.124367186757,Bayesian Ridge
0_MFCC_4,7,1404.7628445193782,Bayesian Ridge
0_MFCC_5,8,1132.3330471851389,Bayesian Ridge
0_MFCC_9,9,1079.4229193120425,Bayesian Ridge
0_MFCC_8,10,464.3064916166201,Bayesian Ridge
0_MFCC_0,11,191.0869735641392,Bayesian Ridge
0_MFCC_10,12,152.93353677655716,Bayesian Ridge
0_Absolute energy,13,73.70597039707587,Bayesian Ridge
0_Peak to peak distance,14,7.083986490332486,Bayesian Ridge
0_Spectral decrease,15,6.705565355710111,Bayesian Ridge
0_Autocorrelation,16,6.015378766830176,Bayesian Ridge
0_Spectral positive turning points,17,5.7513645165158325,Bayesian Ridge
0_ECDF Percentile_1,18,3.5292462255880825,Bayesian Ridge
0_ECDF Percentile_0,19,3.259456423992708,Bayesian Ridge
0_Max,20,2.1005784585545246,Bayesian Ridge
0_Interquartile range,21,2.080422913181341,Bayesian Ridge
0_Mean,22,1.680292191316406,Bayesian Ridge
0_Median,23,0.8579121388949015,Bayesian Ridge
0_Zero crossing rate,24,0.8311998121232489,Bayesian Ridge
0_Spectral variation,25,0.4057033874648292,Bayesian Ridge
0_Histogram mode,26,0.3261876879259243,Bayesian Ridge
0_Negative turning points,27,0.2405539909989814,Bayesian Ridge
0_Wavelet absolute mean_27777777.78Hz,28,0.145862687269722,Bayesian Ridge
0_LPCC_0,29,0.1290013720473651,Bayesian Ridge
0_Neighbourhood peaks,30,0.0979768218252654,Bayesian Ridge
0_Entropy,31,0.0852619339951046,Bayesian Ridge
0_LPCC_1,32,0.0609421400623197,Bayesian Ridge
0_Spectral entropy,33,0.0503545036428055,Bayesian Ridge
0_Wavelet energy_125000000.0Hz,34,0.0406325735479561,Bayesian Ridge
0_LPCC_5,35,0.0377027759620574,Bayesian Ridge
0_Wavelet entropy,36,0.028395127089653,Bayesian Ridge
0_Slope,37,0.0097723604260193,Bayesian Ridge
0_Mean diff,38,0.0091258813097187,Bayesian Ridge
0_Wavelet absolute mean_125000000.0Hz,39,0.0089605560958355,Bayesian Ridge
0_LPCC_6,40,0.0034511872505128,Bayesian Ridge
0_Median absolute diff,41,0.0002613467852056,Bayesian Ridge
0_Median diff,42,0.00017223412344,Bayesian Ridge
0_Peak to peak distance,1,31.817761917468417,XGBoost
0_Spectral entropy,2,17.121568277447544,XGBoost
0_Autocorrelation,3,11.897620536082734,XGBoost
0_Absolute energy,4,4.118089845293263,XGBoost
0_Interquartile range,5,3.31170049849255,XGBoost
0_Entropy,6,3.166229551701589,XGBoost
0_Spectral variation,7,2.898458464512726,XGBoost
0_Mean diff,8,2.093606521199148,XGBoost
0_Wavelet absolute mean_125000000.0Hz,9,1.2823636907727145,XGBoost
0_LPCC_6,10,1.147122366491084,XGBoost
0_Fundamental frequency,11,1.0579757649684944,XGBoost
0_MFCC_11,12,1.015840577385016,XGBoost
0_Wavelet energy_125000000.0Hz,13,1.0106497982818632,XGBoost
0_Histogram mode,14,0.9959844970797496,XGBoost
0_Spectral decrease,15,0.8394897579428432,XGBoost
0_Max,16,0.740537982499848,XGBoost
0_Slope,17,0.644690287155068,XGBoost
0_Wavelet entropy,18,0.5949947880829377,XGBoost
0_MFCC_5,19,0.5886110825943761,XGBoost
0_MFCC_0,20,0.5883733627809834,XGBoost
0_MFCC_9,21,0.5746474493212378,XGBoost
0_MFCC_10,22,0.5396669560680165,XGBoost
0_MFCC_8,23,0.5226579730957123,XGBoost
0_LPCC_0,24,0.4887584118908892,XGBoost
0_ECDF Percentile_0,25,0.3715005880955607,XGBoost
0_Wavelet absolute mean_27777777.78Hz,26,0.3331511312305928,XGBoost
0_Median absolute diff,27,0.3276123583058516,XGBoost
0_MFCC_4,28,0.2978097690160697,XGBoost
0_Spectral positive turning points,29,0.2449052942081665,XGBoost
0_LPCC_1,30,0.226671989936692,XGBoost
0_Maximum frequency,31,0.1785000237384189,XGBoost
0_LPCC_5,32,0.1537657247621566,XGBoost
0_Median,33,0.1498619245923434,XGBoost
0_ECDF Percentile_1,34,0.1448932525160413,XGBoost
0_Mean,35,0.1407672067285826,XGBoost
0_Median frequency,36,0.1359268298447132,XGBoost
0_Negative turning points,37,0.0806007674633215,XGBoost
0_Median diff,38,0.0510108086327711,XGBoost
0_Zero crossing rate,39,0.0463535822530587,XGBoost
0_Neighbourhood peaks,40,0.0,XGBoost
0_Power bandwidth,41,0.0,XGBoost
0_Spectral roll-on,42,0.0,XGBoost
0_LPCC_0,1,10.522145817022125,SVR
0_Spectral decrease,2,10.348717093911269,SVR
0_Interquartile range,3,10.022276951516291,SVR
0_ECDF Percentile_0,4,9.448515649240017,SVR
0_Spectral variation,5,9.172872579587322,SVR
0_Mean diff,6,8.837957102452224,SVR
0_Absolute energy,7,8.8295491809103,SVR
0_Peak to peak distance,8,8.687773614492334,SVR
0_Spectral entropy,9,8.521635424118541,SVR
0_Median,10,7.223561621808613,SVR
0_Wavelet absolute mean_27777777.78Hz,11,5.621541192917913,SVR
0_MFCC_11,12,5.105952588915834,SVR
0_Slope,13,4.942629866243147,SVR
0_Max,14,4.294825700040494,SVR
0_Wavelet absolute mean_125000000.0Hz,15,1.724173339755578,SVR
0_MFCC_5,16,1.6920278932723225,SVR
0_Autocorrelation,17,1.6300710313320257,SVR
0_Mean,18,1.4264906404359416,SVR
0_MFCC_9,19,1.1726076515082673,SVR
0_Maximum frequency,20,0.4437063343728148,SVR
0_Wavelet energy_125000000.0Hz,21,0.2999727752915518,SVR
0_MFCC_4,22,0.2555632596987426,SVR
0_Wavelet entropy,23,0.1249615091179058,SVR
0_LPCC_5,24,0.1201029240487023,SVR
0_Spectral positive turning points,25,0.0751200948637148,SVR
0_MFCC_8,26,0.0722399727204645,SVR
0_MFCC_10,27,0.0695153933334392,SVR
0_MFCC_0,28,0.0444718672082022,SVR
0_Power bandwidth,29,0.0388157467471388,SVR
0_LPCC_1,30,0.0,SVR
0_ECDF Percentile_1,31,0.0,SVR
0_Histogram mode,32,0.0,SVR
0_Entropy,33,0.0,SVR
0_Fundamental frequency,34,0.0,SVR
0_Median diff,35,0.0,SVR
0_Median absolute diff,36,0.0,SVR
0_LPCC_6,37,0.0,SVR
0_Neighbourhood peaks,38,0.0,SVR
0_Negative turning points,39,0.0,SVR
0_Median frequency,40,0.0,SVR
0_Spectral roll-on,41,0.0,SVR
0_Zero crossing rate,42,0.0,SVR
0_Peak to peak distance,1,14.572641310431576,Random Forest
0_Spectral entropy,2,8.733048798647841,Random Forest
0_Absolute energy,3,8.146115914238088,Random Forest
0_Interquartile range,4,5.461835773840948,Random Forest
0_Autocorrelation,5,5.190637342348325,Random Forest
0_Spectral variation,6,5.186955695250848,Random Forest
0_Entropy,7,4.561203798263722,Random Forest
0_Wavelet energy_125000000.0Hz,8,3.17713404031295,Random Forest
0_MFCC_11,9,2.44461803616488,Random Forest
0_Histogram mode,10,2.358416538866298,Random Forest
0_ECDF Percentile_0,11,2.2625108392059343,Random Forest
0_Wavelet absolute mean_125000000.0Hz,12,2.2430269721790537,Random Forest
0_Mean diff,13,1.258527974500104,Random Forest
0_Wavelet absolute mean_27777777.78Hz,14,1.2195510341159528,Random Forest
0_Slope,15,1.1858892619829935,Random Forest
0_LPCC_0,16,1.1354256808606904,Random Forest
0_ECDF Percentile_1,17,1.083874902597186,Random Forest
0_MFCC_8,18,0.7151485717044213,Random Forest
0_MFCC_0,19,0.6885445838649603,Random Forest
0_Wavelet entropy,20,0.6610502181689718,Random Forest
0_Fundamental frequency,21,0.6261834003463386,Random Forest
0_MFCC_9,22,0.5540788697872931,Random Forest
0_Median frequency,23,0.5458569480056563,Random Forest
0_Median,24,0.4932416120639692,Random Forest
0_MFCC_10,25,0.4667806706853988,Random Forest
0_MFCC_5,26,0.4552531087931554,Random Forest
0_LPCC_5,27,0.4272581949785818,Random Forest
0_Maximum frequency,28,0.4195277496588105,Random Forest
0_Spectral decrease,29,0.400502072273055,Random Forest
0_Max,30,0.2906081676269415,Random Forest
0_Zero crossing rate,31,0.2831826523787031,Random Forest
0_LPCC_6,32,0.2582909796381368,Random Forest
0_LPCC_1,33,0.2247418882830068,Random Forest
0_Mean,34,0.2172890498911496,Random Forest
0_MFCC_4,35,0.1913321241438388,Random Forest
0_Spectral positive turning points,36,0.1105899420490798,Random Forest
0_Negative turning points,37,0.043951917727602,Random Forest
0_Median absolute diff,38,0.0392460364616165,Random Forest
0_Power bandwidth,39,0.0376506653197109,Random Forest
0_Spectral roll-on,40,0.0115218907819439,Random Forest
0_Neighbourhood peaks,41,0.0036448836402967,Random Forest
0_Median diff,42,0.0,Random Forest
0_Maximum frequency,1,35707890.69953682,Bayesian Ridge
0_Median frequency,2,4153521.6405676254,Bayesian Ridge
0_Power bandwidth,3,2190935.915338068,Bayesian Ridge
0_Spectral roll-on,4,1054743.316035665,Bayesian Ridge
0_Fundamental frequency,5,302804.18932903267,Bayesian Ridge
0_MFCC_11,6,2190.3026297664,Bayesian Ridge
0_MFCC_4,7,1421.7079919651596,Bayesian Ridge
0_MFCC_5,8,1005.3239364086592,Bayesian Ridge
0_MFCC_9,9,1003.2391487798712,Bayesian Ridge
0_MFCC_8,10,483.7604085628861,Bayesian Ridge
0_MFCC_0,11,282.0823589945398,Bayesian Ridge
0_MFCC_10,12,119.57341361506262,Bayesian Ridge
0_Absolute energy,13,74.12417583672948,Bayesian Ridge
0_Peak to peak distance,14,7.180143093402177,Bayesian Ridge
0_Autocorrelation,15,6.301010238319165,Bayesian Ridge
0_Spectral decrease,16,5.762807032726491,Bayesian Ridge
0_Spectral positive turning points,17,4.365949268276766,Bayesian Ridge
0_ECDF Percentile_0,18,3.823558934536345,Bayesian Ridge
0_ECDF Percentile_1,19,2.3851687840741023,Bayesian Ridge
0_Max,20,2.3362013715748207,Bayesian Ridge
0_Mean,21,2.1136109887417325,Bayesian Ridge
0_Zero crossing rate,22,1.284268776515039,Bayesian Ridge
0_Interquartile range,23,1.050883867688957,Bayesian Ridge
0_Median,24,0.8895114762482365,Bayesian Ridge
0_Spectral variation,25,0.3269440519434679,Bayesian Ridge
0_Negative turning points,26,0.2193296908900967,Bayesian Ridge
0_LPCC_0,27,0.1312221220589871,Bayesian Ridge
0_Wavelet absolute mean_27777777.78Hz,28,0.1176739760762802,Bayesian Ridge
0_Entropy,29,0.1088495236520349,Bayesian Ridge
0_Spectral entropy,30,0.1080567660324465,Bayesian Ridge
0_Neighbourhood peaks,31,0.1012960508651589,Bayesian Ridge
0_LPCC_1,32,0.0673432786047863,Bayesian Ridge
0_Wavelet energy_125000000.0Hz,33,0.0591711942179667,Bayesian Ridge
0_LPCC_5,34,0.0565383581599101,Bayesian Ridge
0_Histogram mode,35,0.0410945005385373,Bayesian Ridge
0_Wavelet entropy,36,0.0335535446204165,Bayesian Ridge
0_Mean diff,37,0.0121437774730477,Bayesian Ridge
0_Slope,38,0.0096633166936224,Bayesian Ridge
0_Wavelet absolute mean_125000000.0Hz,39,0.0094544102524705,Bayesian Ridge
0_LPCC_6,40,0.0067423247127035,Bayesian Ridge
0_Median absolute diff,41,0.000665987650988,Bayesian Ridge
0_Median diff,42,0.0,Bayesian Ridge
0_Peak to peak distance,1,31.230422333638405,XGBoost
0_Spectral entropy,2,18.21296850571036,XGBoost
0_Autocorrelation,3,11.478106862843164,XGBoost
0_Entropy,4,4.323732563923237,XGBoost
0_Interquartile range,5,3.7120316080257294,XGBoost
0_Spectral variation,6,3.707186723278339,XGBoost
0_Absolute energy,7,2.998834547266519,XGBoost
0_Mean diff,8,2.027330262653281,XGBoost
0_MFCC_11,9,1.4393855804427216,XGBoost
0_Max,10,1.0429029118498163,XGBoost
0_Histogram mode,11,1.0344142954129727,XGBoost
0_LPCC_0,12,1.027482187589879,XGBoost
0_Slope,13,1.0251809685305382,XGBoost
0_Fundamental frequency,14,0.8862450753867626,XGBoost
0_Wavelet energy_125000000.0Hz,15,0.5986633090301107,XGBoost
0_MFCC_10,16,0.5317176289672032,XGBoost
0_MFCC_9,17,0.4859277292910963,XGBoost
0_LPCC_6,18,0.4800823247312879,XGBoost
0_Wavelet absolute mean_27777777.78Hz,19,0.4568881970986726,XGBoost
0_MFCC_5,20,0.4446627183176577,XGBoost
0_Spectral positive turning points,21,0.4343340225626403,XGBoost
0_Wavelet entropy,22,0.4323472658672059,XGBoost
0_MFCC_0,23,0.3663032589352379,XGBoost
0_MFCC_8,24,0.3439556347144146,XGBoost
0_Median,25,0.3306496325940514,XGBoost
0_ECDF Percentile_0,26,0.3230796016968787,XGBoost
0_Wavelet absolute mean_125000000.0Hz,27,0.3023722672720751,XGBoost
0_MFCC_4,28,0.2688504119175174,XGBoost
0_Spectral decrease,29,0.2048424248399833,XGBoost
0_LPCC_1,30,0.1887466433384765,XGBoost
0_ECDF Percentile_1,31,0.1808165169571836,XGBoost
0_LPCC_5,32,0.1608713458144726,XGBoost
0_Maximum frequency,33,0.124368693768171,XGBoost
0_Mean,34,0.1096805002043644,XGBoost
0_Median frequency,35,0.1017352987746397,XGBoost
0_Neighbourhood peaks,36,0.0918450635798275,XGBoost
0_Median absolute diff,37,0.0672647024270147,XGBoost
0_Zero crossing rate,38,0.0626587989469368,XGBoost
0_Negative turning points,39,0.0128418314528962,XGBoost
0_Median diff,40,0.0,XGBoost
0_Power bandwidth,41,0.0,XGBoost
0_Spectral roll-on,42,0.0,XGBoost
0_Peak to peak distance,1,10.337570245114668,SVR
0_Spectral decrease,2,9.960896598670365,SVR
0_Median,3,8.58979363100879,SVR
0_ECDF Percentile_0,4,8.572612100414009,SVR
0_Wavelet absolute mean_27777777.78Hz,5,8.435466266270462,SVR
0_Interquartile range,6,8.429334164436243,SVR
0_Spectral entropy,7,7.903298183811815,SVR
0_LPCC_0,8,7.435563857410687,SVR
0_Mean diff,9,7.281383026547514,SVR
0_Spectral variation,10,6.35534663681054,SVR
0_Absolute energy,11,5.317019755499114,SVR
0_Max,12,5.231015710646873,SVR
0_MFCC_11,13,4.073779111677196,SVR
0_Slope,14,3.436119002324787,SVR
0_Wavelet absolute mean_125000000.0Hz,15,3.325010280892436,SVR
0_Autocorrelation,16,1.9362800833775216,SVR
0_Wavelet energy_125000000.0Hz,17,1.021826240487056,SVR
0_MFCC_5,18,0.9686125596750236,SVR
0_Mean,19,0.8103417663124813,SVR
0_MFCC_4,20,0.4950119959702751,SVR
0_Wavelet entropy,21,0.353390946966791,SVR
0_Maximum frequency,22,0.2327880850594811,SVR
0_ECDF Percentile_1,23,0.2135336465740493,SVR
0_LPCC_5,24,0.1518080870233744,SVR
0_Zero crossing rate,25,0.1293207319414818,SVR
0_MFCC_9,26,0.1053413978357608,SVR
0_MFCC_0,27,0.0925504612609077,SVR
0_Power bandwidth,28,0.0388401553539199,SVR
0_Entropy,29,0.0,SVR
0_Fundamental frequency,30,0.0,SVR
0_LPCC_1,31,0.0,SVR
0_Histogram mode,32,0.0,SVR
0_LPCC_6,33,0.0,SVR
0_MFCC_8,34,0.0,SVR
0_Median diff,35,0.0,SVR
0_Median absolute diff,36,0.0,SVR
0_MFCC_10,37,0.0,SVR
0_Neighbourhood peaks,38,0.0,SVR
0_Negative turning points,39,0.0,SVR
0_Median frequency,40,0.0,SVR
0_Spectral positive turning points,41,0.0,SVR
0_Spectral roll-on,42,0.0,SVR
0_Peak to peak distance,1,16.423101308635903,Random Forest
0_Spectral entropy,2,8.01841468755131,Random Forest
0_Absolute energy,3,5.636760049680274,Random Forest
0_Spectral variation,4,5.258294186342469,Random Forest
0_Entropy,5,5.256650951574809,Random Forest
0_Autocorrelation,6,5.047220956300445,Random Forest
0_Interquartile range,7,4.171426972897901,Random Forest
0_Histogram mode,8,2.983564085025036,Random Forest
0_Wavelet energy_125000000.0Hz,9,2.654303876855015,Random Forest
0_ECDF Percentile_0,10,2.424484243613218,Random Forest
0_Wavelet absolute mean_125000000.0Hz,11,1.7111103349352876,Random Forest
0_MFCC_11,12,1.4410523435576392,Random Forest
0_LPCC_0,13,1.3056773220490894,Random Forest
0_Wavelet absolute mean_27777777.78Hz,14,1.2772308862019877,Random Forest
0_Fundamental frequency,15,1.0288012094397407,Random Forest
0_Slope,16,1.0215353816794852,Random Forest
0_ECDF Percentile_1,17,0.8041647696248412,Random Forest
0_Wavelet entropy,18,0.7734118947837655,Random Forest
0_Mean diff,19,0.7557331147410907,Random Forest
0_MFCC_8,20,0.7295146666606266,Random Forest
0_Median frequency,21,0.5813951004906324,Random Forest
0_MFCC_0,22,0.5326741753089239,Random Forest
0_MFCC_9,23,0.4845068276942164,Random Forest
0_MFCC_5,24,0.4688089617958371,Random Forest
0_Spectral decrease,25,0.4453406290178342,Random Forest
0_MFCC_10,26,0.4214510836219065,Random Forest
0_Zero crossing rate,27,0.3649116777107197,Random Forest
0_Median,28,0.343185223801987,Random Forest
0_Maximum frequency,29,0.3000541035113234,Random Forest
0_LPCC_5,30,0.2571017664292517,Random Forest
0_Max,31,0.2544466517630886,Random Forest
0_LPCC_6,32,0.2511573847578023,Random Forest
0_Mean,33,0.2310142708200185,Random Forest
0_MFCC_4,34,0.2155151272567377,Random Forest
0_LPCC_1,35,0.2098011947190388,Random Forest
0_Spectral positive turning points,36,0.086758101225136,Random Forest
0_Median absolute diff,37,0.0742825527543823,Random Forest
0_Negative turning points,38,0.0583787482525144,Random Forest
0_Power bandwidth,39,0.0457342071332658,Random Forest
0_Spectral roll-on,40,0.0212112175484498,Random Forest
0_Neighbourhood peaks,41,0.0018688854844619,Random Forest
0_Median diff,42,0.0,Random Forest
0_Maximum frequency,1,121373898.42022778,Bayesian Ridge
0_Median frequency,2,5638987.173199621,Bayesian Ridge
0_Spectral roll-on,3,1534105.5478086292,Bayesian Ridge
0_Power bandwidth,4,1514858.1089155483,Bayesian Ridge
0_Fundamental frequency,5,202486.6756660521,Bayesian Ridge
0_MFCC_4,6,1349.7029527442728,Bayesian Ridge
0_MFCC_11,7,1093.4879570162905,Bayesian Ridge
0_MFCC_9,8,1090.020864716187,Bayesian Ridge
0_MFCC_5,9,949.562710022685,Bayesian Ridge
0_MFCC_10,10,388.91174109339966,Bayesian Ridge
0_MFCC_8,11,244.43254979805127,Bayesian Ridge
0_MFCC_0,12,143.07254767515033,Bayesian Ridge
0_Absolute energy,13,103.0769773882645,Bayesian Ridge
0_Peak to peak distance,14,7.401202889280992,Bayesian Ridge
0_Autocorrelation,15,6.026046575432456,Bayesian Ridge
0_Spectral decrease,16,5.7191424950599945,Bayesian Ridge
0_Spectral positive turning points,17,2.7433111807908634,Bayesian Ridge
0_ECDF Percentile_0,18,2.634860575420108,Bayesian Ridge
0_Max,19,2.386408056380866,Bayesian Ridge
0_Mean,20,2.122259176966958,Bayesian Ridge
0_ECDF Percentile_1,21,2.117116888373584,Bayesian Ridge
0_Zero crossing rate,22,1.7634291408629748,Bayesian Ridge
0_Negative turning points,23,0.6696096982450525,Bayesian Ridge
0_Median,24,0.6530336323985722,Bayesian Ridge
0_Interquartile range,25,0.4660864428676697,Bayesian Ridge
0_Spectral variation,26,0.3788224113428324,Bayesian Ridge
0_Wavelet absolute mean_27777777.78Hz,27,0.1611465794442924,Bayesian Ridge
0_Entropy,28,0.1284816662563945,Bayesian Ridge
0_Neighbourhood peaks,29,0.0945771356688386,Bayesian Ridge
0_LPCC_0,30,0.0916977208029938,Bayesian Ridge
0_Spectral entropy,31,0.0845866252476596,Bayesian Ridge
0_LPCC_1,32,0.0778584966688743,Bayesian Ridge
0_Histogram mode,33,0.0382350106844568,Bayesian Ridge
0_Wavelet energy_125000000.0Hz,34,0.0354772929823923,Bayesian Ridge
0_LPCC_6,35,0.028707805660833,Bayesian Ridge
0_LPCC_5,36,0.0117592154343729,Bayesian Ridge
0_Slope,37,0.0093472624248961,Bayesian Ridge
0_Wavelet absolute mean_125000000.0Hz,38,0.0075069696415525,Bayesian Ridge
0_Wavelet entropy,39,0.0069571415513863,Bayesian Ridge
0_Mean diff,40,0.0031477725967496,Bayesian Ridge
0_Median absolute diff,41,0.0001552165372299,Bayesian Ridge
0_Median diff,42,0.0,Bayesian Ridge
0_Peak to peak distance,1,35.77129335195906,XGBoost
0_Spectral entropy,2,19.00046749203864,XGBoost
0_Autocorrelation,3,11.533040261832255,XGBoost
0_Interquartile range,4,4.419964405295378,XGBoost
0_Entropy,5,2.371820482799317,XGBoost
0_Spectral variation,6,1.71797611988013,XGBoost
0_Histogram mode,7,1.2929728529854676,XGBoost
0_Mean diff,8,1.2290366450202963,XGBoost
0_Max,9,1.1238104372824234,XGBoost
0_MFCC_0,10,1.085462094121923,XGBoost
0_Fundamental frequency,11,0.7397971775819858,XGBoost
0_Wavelet entropy,12,0.7327123590659351,XGBoost
0_Absolute energy,13,0.6648436857027313,XGBoost
0_LPCC_0,14,0.6378586303809038,XGBoost
0_Wavelet absolute mean_125000000.0Hz,15,0.6293263944203348,XGBoost
0_MFCC_11,16,0.627782082294176,XGBoost
0_Slope,17,0.5980440064277502,XGBoost
0_Wavelet absolute mean_27777777.78Hz,18,0.524089642598356,XGBoost
0_MFCC_9,19,0.5166026097021996,XGBoost
0_Wavelet energy_125000000.0Hz,20,0.5135997348776706,XGBoost
0_MFCC_8,21,0.4646001043467472,XGBoost
0_MFCC_10,22,0.4224082799825817,XGBoost
0_LPCC_5,23,0.3766556247667643,XGBoost
0_Median,24,0.3172582396333417,XGBoost
0_MFCC_4,25,0.3110362034821262,XGBoost
0_Maximum frequency,26,0.3023838129090143,XGBoost
0_Median frequency,27,0.2743633370528617,XGBoost
0_LPCC_6,28,0.2495224630104998,XGBoost
0_MFCC_5,29,0.2003048008974641,XGBoost
0_LPCC_1,30,0.1981275607016868,XGBoost
0_ECDF Percentile_1,31,0.1727789477820199,XGBoost
0_ECDF Percentile_0,32,0.1719876397099346,XGBoost
0_Spectral positive turning points,33,0.1715214801693955,XGBoost
0_Spectral decrease,34,0.1633827270122866,XGBoost
0_Zero crossing rate,35,0.144951322230945,XGBoost
0_Negative turning points,36,0.1163265141094724,XGBoost
0_Mean,37,0.0952598760558292,XGBoost
0_Median absolute diff,38,0.0834161577155192,XGBoost
0_Neighbourhood peaks,39,0.0687574718265561,XGBoost
0_Median diff,40,0.0,XGBoost
0_Power bandwidth,41,0.0,XGBoost
0_Spectral roll-on,42,0.0,XGBoost
0_Peak to peak distance,1,12.48833470129973,SVR
0_Spectral entropy,2,11.86873687999125,SVR
0_Interquartile range,3,9.479213303235367,SVR
0_Spectral decrease,4,8.836355750318088,SVR
0_ECDF Percentile_0,5,8.766780048363836,SVR
0_Mean diff,6,8.082133354471058,SVR
0_Absolute energy,7,7.940058023195309,SVR
0_Spectral variation,8,7.219487518675962,SVR
0_Wavelet absolute mean_27777777.78Hz,9,6.60812048035619,SVR
0_Median,10,6.481264217768606,SVR
0_LPCC_0,11,6.354633824551624,SVR
0_Max,12,5.673683571098117,SVR
0_MFCC_11,13,4.362918837999068,SVR
0_Wavelet absolute mean_125000000.0Hz,14,2.4074381235011666,SVR
0_Mean,15,2.124436984280925,SVR
0_Slope,16,2.104981249786057,SVR
0_MFCC_5,17,1.6984749018893937,SVR
0_Autocorrelation,18,1.5063115392718516,SVR
0_MFCC_9,19,0.9808750011160732,SVR
0_Wavelet energy_125000000.0Hz,20,0.7868295543162916,SVR
0_Wavelet entropy,21,0.5902948152656968,SVR
0_LPCC_1,22,0.2382894727545612,SVR
0_MFCC_10,23,0.2224877017172337,SVR
0_Median absolute diff,24,0.2167694302660171,SVR
0_MFCC_4,25,0.1565470888583996,SVR
0_Maximum frequency,26,0.1278660165881203,SVR
0_MFCC_0,27,0.0552290752195912,SVR
0_Negative turning points,28,0.0278683057223164,SVR
0_Median frequency,29,0.0250850191441638,SVR
0_ECDF Percentile_1,30,0.0229751586654075,SVR
0_Histogram mode,31,0.0,SVR
0_Fundamental frequency,32,0.0,SVR
0_Entropy,33,0.0,SVR
0_MFCC_8,34,0.0,SVR
0_Median diff,35,0.0,SVR
0_LPCC_6,36,0.0,SVR
0_LPCC_5,37,0.0,SVR
0_Neighbourhood peaks,38,0.0,SVR
0_Power bandwidth,39,0.0,SVR
0_Spectral roll-on,40,0.0,SVR
0_Spectral positive turning points,41,0.0,SVR
0_Zero crossing rate,42,0.0,SVR
0_Peak to peak distance,1,15.717218629208244,Random Forest
0_Spectral entropy,2,8.557749364421548,Random Forest
0_Absolute energy,3,8.1964453689623,Random Forest
0_Interquartile range,4,5.402337945256755,Random Forest
0_Spectral variation,5,5.08973262541288,Random Forest
0_Autocorrelation,6,4.680750020993998,Random Forest
0_Entropy,7,4.284330537043728,Random Forest
0_Wavelet energy_125000000.0Hz,8,3.151607178124848,Random Forest
0_ECDF Percentile_0,9,2.7280959462298084,Random Forest
0_MFCC_11,10,2.501187829792748,Random Forest
0_Histogram mode,11,2.3164441645154734,Random Forest
0_Wavelet absolute mean_125000000.0Hz,12,1.4746839423214084,Random Forest
0_LPCC_0,13,1.429834629242557,Random Forest
0_Wavelet absolute mean_27777777.78Hz,14,1.337815986694582,Random Forest
0_MFCC_9,15,1.28118601029031,Random Forest
0_Mean diff,16,1.076797138513175,Random Forest
0_MFCC_8,17,0.867723900663108,Random Forest
0_ECDF Percentile_1,18,0.8590897924005987,Random Forest
0_Median frequency,19,0.7510372064032903,Random Forest
0_Wavelet entropy,20,0.7346997133223964,Random Forest
0_Slope,21,0.7339014284597709,Random Forest
0_MFCC_0,22,0.7205779647775615,Random Forest
0_Fundamental frequency,23,0.6704122279457746,Random Forest
0_MFCC_10,24,0.5484070882873922,Random Forest
0_MFCC_5,25,0.4814618715841013,Random Forest
0_Median,26,0.4359659293311337,Random Forest
0_Max,27,0.3185840358413134,Random Forest
0_LPCC_6,28,0.315452065885036,Random Forest
0_Maximum frequency,29,0.3119850788603227,Random Forest
0_Spectral decrease,30,0.3049796827988699,Random Forest
0_LPCC_5,31,0.2775304446761806,Random Forest
0_LPCC_1,32,0.2709286134162763,Random Forest
0_Mean,33,0.1990545272462069,Random Forest
0_Zero crossing rate,34,0.198556336933871,Random Forest
0_MFCC_4,35,0.1647707469447826,Random Forest
0_Spectral positive turning points,36,0.1120266133630027,Random Forest
0_Negative turning points,37,0.0864345139592886,Random Forest
0_Spectral roll-on,38,0.0427288070380687,Random Forest
0_Median absolute diff,39,0.0229693790328999,Random Forest
0_Neighbourhood peaks,40,0.0092056988815466,Random Forest
0_Power bandwidth,41,0.0059719455438355,Random Forest
0_Median diff,42,0.0,Random Forest
0_Maximum frequency,1,121316566.277909,Bayesian Ridge
0_Median frequency,2,4736355.062762372,Bayesian Ridge
0_Fundamental frequency,3,2179048.803882021,Bayesian Ridge
0_Spectral roll-on,4,2028442.0851383416,Bayesian Ridge
0_Power bandwidth,5,1593818.7751814425,Bayesian Ridge
0_MFCC_11,6,1586.508379116931,Bayesian Ridge
0_MFCC_4,7,1526.0094066802135,Bayesian Ridge
0_MFCC_9,8,1155.1939436086832,Bayesian Ridge
0_MFCC_5,9,1145.0481402267678,Bayesian Ridge
0_MFCC_8,10,401.0344767879736,Bayesian Ridge
0_MFCC_0,11,271.4502788633732,Bayesian Ridge
0_MFCC_10,12,75.5786122061413,Bayesian Ridge
0_Absolute energy,13,11.459705152831743,Bayesian Ridge
0_Peak to peak distance,14,7.329343817986517,Bayesian Ridge
0_Spectral decrease,15,6.602904596610676,Bayesian Ridge
0_Autocorrelation,16,6.581872714439777,Bayesian Ridge
0_Spectral positive turning points,17,4.30289309640856,Bayesian Ridge
0_ECDF Percentile_0,18,3.3437532043181064,Bayesian Ridge
0_ECDF Percentile_1,19,2.789472477206689,Bayesian Ridge
0_Max,20,2.5349315835567707,Bayesian Ridge
0_Mean,21,1.7693316286716658,Bayesian Ridge
0_Interquartile range,22,1.4886887192204337,Bayesian Ridge
0_Median,23,1.1637702152961409,Bayesian Ridge
0_Zero crossing rate,24,0.812215980917414,Bayesian Ridge
0_Negative turning points,25,0.3754908309370432,Bayesian Ridge
0_Spectral variation,26,0.2581167363028919,Bayesian Ridge
0_Spectral entropy,27,0.1304943015704513,Bayesian Ridge
0_Wavelet absolute mean_27777777.78Hz,28,0.1221275603720821,Bayesian Ridge
0_Entropy,29,0.1086558245125531,Bayesian Ridge
0_Neighbourhood peaks,30,0.1077112875499598,Bayesian Ridge
0_LPCC_0,31,0.1025348710939589,Bayesian Ridge
0_LPCC_1,32,0.0783815338568517,Bayesian Ridge
0_Histogram mode,33,0.0602398993911911,Bayesian Ridge
0_LPCC_5,34,0.0431716740072585,Bayesian Ridge
0_Wavelet entropy,35,0.0377095339770194,Bayesian Ridge
0_Wavelet energy_125000000.0Hz,36,0.0341328100917775,Bayesian Ridge
0_Mean diff,37,0.0113905999925286,Bayesian Ridge
0_Wavelet absolute mean_125000000.0Hz,38,0.0099815950298352,Bayesian Ridge
0_LPCC_6,39,0.0082375831804329,Bayesian Ridge
0_Slope,40,0.0078911491003221,Bayesian Ridge
0_Median diff,41,0.0001802905126045,Bayesian Ridge
0_Median absolute diff,42,0.0001675919110635,Bayesian Ridge
0_Peak to peak distance,1,37.33250256727609,XGBoost
0_Spectral entropy,2,18.20440114884324,XGBoost
0_Autocorrelation,3,14.912450836271288,XGBoost
0_Interquartile range,4,4.898550848346145,XGBoost
0_Spectral variation,5,2.6699645374454866,XGBoost
0_Mean diff,6,2.2563708712069306,XGBoost
0_Wavelet energy_125000000.0Hz,7,1.4728471025069552,XGBoost
0_Entropy,8,1.350444249754244,XGBoost
0_Max,9,1.2615222427606585,XGBoost
0_MFCC_11,10,1.0330179594267157,XGBoost
0_Histogram mode,11,1.0106902066596632,XGBoost
0_Absolute energy,12,0.9735272354550036,XGBoost
0_Wavelet entropy,13,0.9538966684826966,XGBoost
0_LPCC_0,14,0.7990918665846191,XGBoost
0_MFCC_9,15,0.7025065767309319,XGBoost
0_MFCC_10,16,0.6903860270059667,XGBoost
0_Fundamental frequency,17,0.6486170954565208,XGBoost
0_Mean,18,0.6455135130593558,XGBoost
0_MFCC_4,19,0.5678200753864834,XGBoost
0_Slope,20,0.5386984209808363,XGBoost
0_Spectral positive turning points,21,0.5302128314637887,XGBoost
0_MFCC_5,22,0.5249227474059913,XGBoost
0_MFCC_0,23,0.4763491952377992,XGBoost
0_MFCC_8,24,0.4632116715779528,XGBoost
0_Maximum frequency,25,0.4580863887246699,XGBoost
0_LPCC_6,26,0.4487693279619018,XGBoost
0_Wavelet absolute mean_125000000.0Hz,27,0.3924449618259444,XGBoost
0_Wavelet absolute mean_27777777.78Hz,28,0.382924839392056,XGBoost
0_Median absolute diff,29,0.3595641107161841,XGBoost
0_ECDF Percentile_0,30,0.3475685753022631,XGBoost
0_LPCC_1,31,0.2902055854298174,XGBoost
0_LPCC_5,32,0.2871028429447673,XGBoost
0_ECDF Percentile_1,33,0.262213773331108,XGBoost
0_Spectral decrease,34,0.2278934436163554,XGBoost
0_Zero crossing rate,35,0.2129236731161673,XGBoost
0_Median frequency,36,0.2069098656763633,XGBoost
0_Median,37,0.2003146188334561,XGBoost
0_Negative turning points,38,0.1633195307673265,XGBoost
0_Neighbourhood peaks,39,0.1560707019766172,XGBoost
0_Median diff,40,0.0720273203929265,XGBoost
0_Power bandwidth,41,0.0,XGBoost
0_Spectral roll-on,42,0.0,XGBoost
0_Spectral entropy,1,11.299906240534112,SVR
0_Spectral variation,2,10.394783196822836,SVR
0_ECDF Percentile_0,3,8.729836482198904,SVR
0_Peak to peak distance,4,8.449292612443488,SVR
0_Wavelet absolute mean_27777777.78Hz,5,7.710173367014681,SVR
0_Interquartile range,6,7.278769909361262,SVR
0_Mean diff,7,6.930165344244464,SVR
0_Absolute energy,8,6.788675691105966,SVR
0_LPCC_0,9,6.665114613975597,SVR
0_Spectral decrease,10,6.420086508418052,SVR
0_Median,11,5.366286240605234,SVR
0_MFCC_11,12,4.423520254709933,SVR
0_Wavelet absolute mean_125000000.0Hz,13,2.6333261698086763,SVR
0_Slope,14,2.557590770098631,SVR
0_Autocorrelation,15,2.4466162524753647,SVR
0_Mean,16,1.283798275918565,SVR
0_Max,17,0.9778207789230192,SVR
0_MFCC_5,18,0.8269549897104322,SVR
0_Wavelet energy_125000000.0Hz,19,0.7874944402815529,SVR
0_Wavelet entropy,20,0.7729525757206187,SVR
0_MFCC_10,21,0.5768382826856441,SVR
0_MFCC_9,22,0.4284652674331235,SVR
0_MFCC_0,23,0.3671813239123384,SVR
0_Maximum frequency,24,0.2374331328835969,SVR
0_Zero crossing rate,25,0.0931567027662298,SVR
0_MFCC_4,26,0.0562769342225269,SVR
0_Spectral roll-on,27,0.052110637363981,SVR
0_Spectral positive turning points,28,0.0221676398571832,SVR
0_LPCC_1,29,0.0,SVR
0_Fundamental frequency,30,0.0,SVR
0_ECDF Percentile_1,31,0.0,SVR
0_Histogram mode,32,0.0,SVR
0_Entropy,33,0.0,SVR
0_LPCC_6,34,0.0,SVR
0_Median diff,35,0.0,SVR
0_Median absolute diff,36,0.0,SVR
0_LPCC_5,37,0.0,SVR
0_MFCC_8,38,0.0,SVR
0_Power bandwidth,39,0.0,SVR
0_Median frequency,40,0.0,SVR
0_Negative turning points,41,0.0,SVR
0_Neighbourhood peaks,42,0.0,SVR
0_Peak to peak distance,1,15.341326890607004,Random Forest
0_Spectral entropy,2,7.222823432047053,Random Forest
0_Absolute energy,3,7.146972557075334,Random Forest
0_Spectral variation,4,5.753946297066404,Random Forest
0_Autocorrelation,5,5.619196981152625,Random Forest
0_Entropy,6,4.303129659624731,Random Forest
0_Interquartile range,7,4.24041886669421,Random Forest
0_ECDF Percentile_0,8,2.8723883313942475,Random Forest
0_Histogram mode,9,2.517089226085081,Random Forest
0_Wavelet energy_125000000.0Hz,10,2.436471320266382,Random Forest
0_MFCC_11,11,2.3121465337724723,Random Forest
0_Wavelet absolute mean_125000000.0Hz,12,1.930824548110397,Random Forest
0_LPCC_0,13,1.14744198140509,Random Forest
0_Fundamental frequency,14,1.0713608418079403,Random Forest
0_Wavelet absolute mean_27777777.78Hz,15,0.9454237727296368,Random Forest
0_ECDF Percentile_1,16,0.9292678822526632,Random Forest
0_Slope,17,0.8985075066708028,Random Forest
0_MFCC_8,18,0.7942788286864293,Random Forest
0_Wavelet entropy,19,0.7722354018427898,Random Forest
0_MFCC_0,20,0.6606671761617144,Random Forest
0_Mean diff,21,0.647411070195694,Random Forest
0_Median frequency,22,0.6394088809957574,Random Forest
0_MFCC_9,23,0.5711371775089608,Random Forest
0_Spectral decrease,24,0.4988697808991575,Random Forest
0_MFCC_5,25,0.4942792925604036,Random Forest
0_MFCC_10,26,0.436089955505457,Random Forest
0_Maximum frequency,27,0.387120828888185,Random Forest
0_Median,28,0.3771388242508672,Random Forest
0_Max,29,0.3504654928608564,Random Forest
0_Mean,30,0.2633321439220958,Random Forest
0_LPCC_5,31,0.2446869974149314,Random Forest
0_Zero crossing rate,32,0.2016151021550098,Random Forest
0_LPCC_6,33,0.1959494346213215,Random Forest
0_MFCC_4,34,0.1650694879975402,Random Forest
0_LPCC_1,35,0.1403799250564925,Random Forest
0_Spectral positive turning points,36,0.0912468904973939,Random Forest
0_Power bandwidth,37,0.0656916813688352,Random Forest
0_Median absolute diff,38,0.0486845911479865,Random Forest
0_Negative turning points,39,0.0247507221101938,Random Forest
0_Spectral roll-on,40,0.0160526892905433,Random Forest
0_Neighbourhood peaks,41,0.0026177146640295,Random Forest
0_Median diff,42,0.0,Random Forest
0_Maximum frequency,1,62589084.95472296,Bayesian Ridge
0_Median frequency,2,2461845.1049499465,Bayesian Ridge
0_Fundamental frequency,3,2359069.9779454186,Bayesian Ridge
0_Power bandwidth,4,1527320.570159462,Bayesian Ridge
0_Spectral roll-on,5,1266594.1088239015,Bayesian Ridge
0_MFCC_11,6,1684.7694159813063,Bayesian Ridge
0_MFCC_4,7,1315.776237015764,Bayesian Ridge
0_MFCC_9,8,1198.6647756714162,Bayesian Ridge
0_MFCC_5,9,1097.2335464263786,Bayesian Ridge
0_MFCC_8,10,386.9701882524348,Bayesian Ridge
0_MFCC_0,11,221.34204809017388,Bayesian Ridge
0_MFCC_10,12,95.73470863407536,Bayesian Ridge
0_Absolute energy,13,8.479823122493686,Bayesian Ridge
0_Autocorrelation,14,7.211151842141864,Bayesian Ridge
0_Peak to peak distance,15,6.605392290342599,Bayesian Ridge
0_Spectral positive turning points,16,5.717342354446722,Bayesian Ridge
0_Spectral decrease,17,2.934905477903261,Bayesian Ridge
0_ECDF Percentile_0,18,2.867262206696323,Bayesian Ridge
0_Mean,19,2.147082936552904,Bayesian Ridge
0_Max,20,2.1178004492062854,Bayesian Ridge
0_ECDF Percentile_1,21,2.0862303744403685,Bayesian Ridge
0_Zero crossing rate,22,0.852679066322503,Bayesian Ridge
0_Median,23,0.7546752613440213,Bayesian Ridge
0_Interquartile range,24,0.4833264926661201,Bayesian Ridge
0_Spectral variation,25,0.2954453899690718,Bayesian Ridge
0_Histogram mode,26,0.2868912052254683,Bayesian Ridge
0_Negative turning points,27,0.2844424295126173,Bayesian Ridge
0_Wavelet absolute mean_27777777.78Hz,28,0.1549788148835099,Bayesian Ridge
0_Spectral entropy,29,0.1499740501647834,Bayesian Ridge
0_Neighbourhood peaks,30,0.1267788520258018,Bayesian Ridge
0_Entropy,31,0.0895471290998543,Bayesian Ridge
0_LPCC_1,32,0.0658933001780336,Bayesian Ridge
0_Wavelet energy_125000000.0Hz,33,0.0402146523479038,Bayesian Ridge
0_Wavelet entropy,34,0.0326351000497579,Bayesian Ridge
0_LPCC_0,35,0.0325322952314789,Bayesian Ridge
0_LPCC_5,36,0.0271065175601249,Bayesian Ridge
0_Slope,37,0.0106652664264591,Bayesian Ridge
0_Wavelet absolute mean_125000000.0Hz,38,0.0065137452992449,Bayesian Ridge
0_LPCC_6,39,0.005018698723731,Bayesian Ridge
0_Median absolute diff,40,0.0010489748757095,Bayesian Ridge
0_Mean diff,41,0.0003808069231741,Bayesian Ridge
0_Median diff,42,0.0,Bayesian Ridge
0_Peak to peak distance,1,38.22172418336107,XGBoost
0_Spectral entropy,2,15.05884067344346,XGBoost
0_Autocorrelation,3,12.765036127868669,XGBoost
0_Mean diff,4,1.5789508174052151,XGBoost
0_Entropy,5,1.473164293609932,XGBoost
0_Interquartile range,6,1.1305652027500952,XGBoost
0_Spectral variation,7,1.0785415900840114,XGBoost
0_Histogram mode,8,1.008902896270653,XGBoost
0_Max,9,0.9602349889105184,XGBoost
0_LPCC_0,10,0.7871084457100676,XGBoost
0_MFCC_9,11,0.6385880568986758,XGBoost
0_MFCC_5,12,0.5799912373854469,XGBoost
0_LPCC_1,13,0.5718366730656941,XGBoost
0_Absolute energy,14,0.5571549316439777,XGBoost
0_ECDF Percentile_0,15,0.5057524889070542,XGBoost
0_Fundamental frequency,16,0.491504762181888,XGBoost
0_Maximum frequency,17,0.4654119373618625,XGBoost
0_Wavelet energy_125000000.0Hz,18,0.4291485175933068,XGBoost
0_MFCC_11,19,0.4189724903779103,XGBoost
0_Slope,20,0.3879762394540014,XGBoost
0_Median,21,0.3543326612182117,XGBoost
0_Wavelet absolute mean_27777777.78Hz,22,0.3328839657797788,XGBoost
0_MFCC_8,23,0.3094233225721245,XGBoost
0_Wavelet absolute mean_125000000.0Hz,24,0.2715445502717048,XGBoost
0_Spectral positive turning points,25,0.2697557931719037,XGBoost
0_MFCC_4,26,0.2622210913743825,XGBoost
0_MFCC_10,27,0.2619425133734164,XGBoost
0_LPCC_6,28,0.2537125376033908,XGBoost
0_Wavelet entropy,29,0.2251393504016101,XGBoost
0_ECDF Percentile_1,30,0.1765179854015509,XGBoost
0_Neighbourhood peaks,31,0.1426857527092409,XGBoost
0_MFCC_0,32,0.1290426845954731,XGBoost
0_Mean,33,0.0919752360020764,XGBoost
0_LPCC_5,34,0.0869060186551263,XGBoost
0_Spectral decrease,35,0.0774976005739221,XGBoost
0_Zero crossing rate,36,0.0388150541583697,XGBoost
0_Negative turning points,37,0.0294173911670843,XGBoost
0_Median absolute diff,38,0.0019808739304542,XGBoost
0_Median diff,39,0.0,XGBoost
0_Median frequency,40,0.0,XGBoost
0_Power bandwidth,41,0.0,XGBoost
0_Spectral roll-on,42,0.0,XGBoost
0_Spectral decrease,1,10.505281493633696,SVR
0_Spectral entropy,2,10.152699928768705,SVR
0_Peak to peak distance,3,9.79364861047281,SVR
0_Interquartile range,4,9.181788872820624,SVR
0_Spectral variation,5,8.872395956896892,SVR
0_Mean diff,6,8.040670282732405,SVR
0_ECDF Percentile_0,7,7.112883317346879,SVR
0_LPCC_0,8,6.838146127740204,SVR
0_Absolute energy,9,6.5496493115194765,SVR
0_Wavelet absolute mean_27777777.78Hz,10,6.452154850334906,SVR
0_Median,11,6.243923296545782,SVR
0_Max,12,4.036851719081744,SVR
0_MFCC_11,13,3.077101181900938,SVR
0_Wavelet absolute mean_125000000.0Hz,14,3.0621336406838644,SVR
0_Slope,15,2.612788266888472,SVR
0_Autocorrelation,16,1.8985626171186616,SVR
0_MFCC_5,17,1.3531019029614304,SVR
0_Mean,18,1.2439367886340214,SVR
0_MFCC_9,19,0.8956139960371475,SVR
0_Maximum frequency,20,0.7597791915300477,SVR
0_Wavelet entropy,21,0.6183828270727427,SVR
0_Wavelet energy_125000000.0Hz,22,0.4894930423697299,SVR
0_MFCC_10,23,0.282813892944419,SVR
0_LPCC_5,24,0.1212210150632755,SVR
0_MFCC_0,25,0.0813726987155167,SVR
0_ECDF Percentile_1,26,0.0812852871950732,SVR
0_Spectral roll-on,27,0.0738367540729918,SVR
0_Zero crossing rate,28,0.0558851548996195,SVR
0_MFCC_4,29,0.0468248508581947,SVR
0_Fundamental frequency,30,0.022625083498494,SVR
0_MFCC_8,31,0.0225791237992238,SVR
0_Spectral positive turning points,32,0.0109072860244674,SVR
0_Entropy,33,0.0,SVR
0_Histogram mode,34,0.0,SVR
0_LPCC_1,35,0.0,SVR
0_Median diff,36,0.0,SVR
0_LPCC_6,37,0.0,SVR
0_Median absolute diff,38,0.0,SVR
0_Power bandwidth,39,0.0,SVR
0_Median frequency,40,0.0,SVR
0_Negative turning points,41,0.0,SVR
0_Neighbourhood peaks,42,0.0,SVR
0_Peak to peak distance,1,16.394819409936066,Random Forest
0_Spectral entropy,2,8.069447417244332,Random Forest
0_Absolute energy,3,7.143100762506149,Random Forest
0_Autocorrelation,4,5.738493373899739,Random Forest
0_Spectral variation,5,5.181883691583831,Random Forest
0_Entropy,6,5.002890717286393,Random Forest
0_Interquartile range,7,4.586128464053635,Random Forest
0_Wavelet energy_125000000.0Hz,8,3.007975322162918,Random Forest
0_Histogram mode,9,2.707479941898169,Random Forest
0_Wavelet absolute mean_125000000.0Hz,10,2.1150075071852887,Random Forest
0_ECDF Percentile_0,11,2.0692997987500306,Random Forest
0_MFCC_11,12,1.7884532596888176,Random Forest
0_Fundamental frequency,13,1.2422027027997968,Random Forest
0_LPCC_0,14,1.15382264095083,Random Forest
0_Wavelet absolute mean_27777777.78Hz,15,1.083010924980758,Random Forest
0_MFCC_0,16,1.0014316121349112,Random Forest
0_ECDF Percentile_1,17,0.9453665934774138,Random Forest
0_Slope,18,0.8940455282202769,Random Forest
0_Mean diff,19,0.8855020402860907,Random Forest
0_MFCC_9,20,0.8460004651988625,Random Forest
0_Wavelet entropy,21,0.7463385558943226,Random Forest
0_Median frequency,22,0.5984761389059013,Random Forest
0_MFCC_5,23,0.5501010537116554,Random Forest
0_MFCC_8,24,0.5340592864133032,Random Forest
0_Median,25,0.5177800393385655,Random Forest
0_Spectral decrease,26,0.4069158597602043,Random Forest
0_MFCC_10,27,0.3961584723918078,Random Forest
0_LPCC_5,28,0.357808044846682,Random Forest
0_Max,29,0.3387459490481453,Random Forest
0_Maximum frequency,30,0.3105580608296829,Random Forest
0_Mean,31,0.3056810903913342,Random Forest
0_LPCC_6,32,0.2820884877462172,Random Forest
0_Zero crossing rate,33,0.2769540982538522,Random Forest
0_LPCC_1,34,0.2346477450701795,Random Forest
0_MFCC_4,35,0.1997555293492119,Random Forest
0_Spectral positive turning points,36,0.1012912450136151,Random Forest
0_Median absolute diff,37,0.0571158648672824,Random Forest
0_Power bandwidth,38,0.0539739660823096,Random Forest
0_Negative turning points,39,0.0499122114820871,Random Forest
0_Spectral roll-on,40,0.0217009905911361,Random Forest
0_Neighbourhood peaks,41,0.0032379890099788,Random Forest
0_Median diff,42,0.0,Random Forest
0_Maximum frequency,1,109892224.40423805,Bayesian Ridge
0_Median frequency,2,4031836.3437638544,Bayesian Ridge
0_Fundamental frequency,3,2305152.9454911463,Bayesian Ridge
0_Spectral roll-on,4,1584129.3250489647,Bayesian Ridge
0_Power bandwidth,5,1533832.7807514986,Bayesian Ridge
0_MFCC_11,6,1662.6776205668657,Bayesian Ridge
0_MFCC_4,7,1294.3672586043708,Bayesian Ridge
0_MFCC_9,8,1091.9309118830645,Bayesian Ridge
0_MFCC_5,9,1020.7234485802128,Bayesian Ridge
0_MFCC_8,10,438.58939437055216,Bayesian Ridge
0_MFCC_0,11,232.42387596492952,Bayesian Ridge
0_Absolute energy,12,64.52227697301669,Bayesian Ridge
0_MFCC_10,13,12.916674432673306,Bayesian Ridge
0_Peak to peak distance,14,7.358747213596313,Bayesian Ridge
0_Autocorrelation,15,6.8312234022820695,Bayesian Ridge
0_Spectral decrease,16,6.409147321973093,Bayesian Ridge
0_Spectral positive turning points,17,4.241489751946117,Bayesian Ridge
0_ECDF Percentile_0,18,3.164550634002799,Bayesian Ridge
0_ECDF Percentile_1,19,2.74599140246866,Bayesian Ridge
0_Max,20,2.4048012368562195,Bayesian Ridge
0_Mean,21,1.9531953059672496,Bayesian Ridge
0_Interquartile range,22,1.404838582421083,Bayesian Ridge
0_Zero crossing rate,23,1.1402558500835478,Bayesian Ridge
0_Median,24,0.9119075998796567,Bayesian Ridge
0_Spectral variation,25,0.2824242609500618,Bayesian Ridge
0_Negative turning points,26,0.2334533027495967,Bayesian Ridge
0_Histogram mode,27,0.201942234766126,Bayesian Ridge
0_Wavelet absolute mean_27777777.78Hz,28,0.147424923992898,Bayesian Ridge
0_Spectral entropy,29,0.1229642572919868,Bayesian Ridge
0_Entropy,30,0.1069598909686714,Bayesian Ridge
0_LPCC_0,31,0.1048401922764298,Bayesian Ridge
0_LPCC_1,32,0.062678115225291,Bayesian Ridge
0_LPCC_5,33,0.0431701921134369,Bayesian Ridge
0_Wavelet energy_125000000.0Hz,34,0.0376569648514702,Bayesian Ridge
0_Wavelet entropy,35,0.0350981802954986,Bayesian Ridge
0_Neighbourhood peaks,36,0.017158085423078,Bayesian Ridge
0_Slope,37,0.0100041341467841,Bayesian Ridge
0_Wavelet absolute mean_125000000.0Hz,38,0.0073700116374872,Bayesian Ridge
0_Mean diff,39,0.0071395678677029,Bayesian Ridge
0_LPCC_6,40,0.0046849870860315,Bayesian Ridge
0_Median absolute diff,41,0.0007541723230759,Bayesian Ridge
0_Median diff,42,0.0002010264812468,Bayesian Ridge
0_Peak to peak distance,1,37.43005774417825,XGBoost
0_Spectral entropy,2,16.62544651216422,XGBoost
0_Autocorrelation,3,14.05290431593607,XGBoost
0_Interquartile range,4,2.842458052443713,XGBoost
0_Entropy,5,2.188052300014689,XGBoost
0_Spectral variation,6,2.0338539127461,XGBoost
0_Histogram mode,7,1.9824664117140696,XGBoost
0_Mean diff,8,1.8812074700733648,XGBoost
0_Max,9,1.8047450007929784,XGBoost
0_Wavelet entropy,10,1.099069354571775,XGBoost
0_Fundamental frequency,11,1.013748279558619,XGBoost
0_MFCC_11,12,0.8961844916307675,XGBoost
0_Wavelet energy_125000000.0Hz,13,0.8954812642610324,XGBoost
0_MFCC_9,14,0.7944419394660739,XGBoost
0_MFCC_10,15,0.770227698442216,XGBoost
0_Wavelet absolute mean_125000000.0Hz,16,0.7470356405783444,XGBoost
0_LPCC_6,17,0.734681960910807,XGBoost
0_Wavelet absolute mean_27777777.78Hz,18,0.6692334260877846,XGBoost
0_MFCC_4,19,0.6498448675666004,XGBoost
0_Absolute energy,20,0.5929851362343256,XGBoost
0_MFCC_0,21,0.572317521677663,XGBoost
0_Spectral decrease,22,0.5552764295692865,XGBoost
0_LPCC_0,23,0.4821952780160431,XGBoost
0_MFCC_5,24,0.3970659317925573,XGBoost
0_Median,25,0.3620966364166699,XGBoost
0_MFCC_8,26,0.3411116454842812,XGBoost
0_Spectral positive turning points,27,0.3339816962232814,XGBoost
0_LPCC_5,28,0.3295320229551445,XGBoost
0_Slope,29,0.3292254596510901,XGBoost
0_LPCC_1,30,0.3069638237843911,XGBoost
0_Maximum frequency,31,0.3025150142007196,XGBoost
0_ECDF Percentile_1,32,0.2885565903397897,XGBoost
0_ECDF Percentile_0,33,0.278863421234985,XGBoost
0_Mean,34,0.2305932345203744,XGBoost
0_Neighbourhood peaks,35,0.1337619873153666,XGBoost
0_Median diff,36,0.131819229705135,XGBoost
0_Median absolute diff,37,0.10580186607639,XGBoost
0_Zero crossing rate,38,0.0694357342258095,XGBoost
0_Negative turning points,39,0.0684040519153854,XGBoost
0_Median frequency,40,0.0,XGBoost
0_Power bandwidth,41,0.0,XGBoost
0_Spectral roll-on,42,0.0,XGBoost
0_ECDF Percentile_0,1,10.362147831824664,SVR
0_Interquartile range,2,10.173376590659002,SVR
0_Median,3,9.922778262421774,SVR
0_Absolute energy,4,9.845855531757277,SVR
0_Spectral variation,5,9.67034332851306,SVR
0_Spectral entropy,6,8.28513453636598,SVR
0_Mean diff,7,8.223940384352924,SVR
0_LPCC_0,8,8.038398274546317,SVR
0_Peak to peak distance,9,7.809580705373908,SVR
0_Wavelet absolute mean_27777777.78Hz,10,7.107963613466292,SVR
0_Spectral decrease,11,5.173186469425546,SVR
0_Slope,12,4.325611589015214,SVR
0_Max,13,2.932263103862049,SVR
0_MFCC_11,14,2.303650816239029,SVR
0_Autocorrelation,15,2.2091863210932066,SVR
0_Wavelet absolute mean_125000000.0Hz,16,1.9491360116869267,SVR
0_Mean,17,1.7250716215802315,SVR
0_ECDF Percentile_1,18,1.4153907906284546,SVR
0_MFCC_5,19,1.1344121276409356,SVR
0_MFCC_9,20,0.6757604711604412,SVR
0_Wavelet energy_125000000.0Hz,21,0.4640300416003095,SVR
0_MFCC_10,22,0.2720319399274625,SVR
0_Wavelet entropy,23,0.2583688380208593,SVR
0_Median absolute diff,24,0.1189107431199809,SVR
0_MFCC_8,25,0.1021792964882039,SVR
0_Maximum frequency,26,0.0507527395655627,SVR
0_MFCC_4,27,0.0371738774000102,SVR
0_LPCC_6,28,0.0197765598096248,SVR
0_Entropy,29,0.0,SVR
0_Fundamental frequency,30,0.0,SVR
0_LPCC_1,31,0.0,SVR
0_Histogram mode,32,0.0,SVR
0_MFCC_0,33,0.0,SVR
0_LPCC_5,34,0.0,SVR
0_Median diff,35,0.0,SVR
0_Median frequency,36,0.0,SVR
0_Negative turning points,37,0.0,SVR
0_Neighbourhood peaks,38,0.0,SVR
0_Power bandwidth,39,0.0,SVR
0_Spectral roll-on,40,0.0,SVR
0_Spectral positive turning points,41,0.0,SVR
0_Zero crossing rate,42,0.0,SVR
0_Peak to peak distance,1,15.080408785113228,Random Forest
0_Spectral entropy,2,8.320613553349114,Random Forest
0_Absolute energy,3,6.334571780676332,Random Forest
0_Spectral variation,4,5.329577488501122,Random Forest
0_Entropy,5,5.229134351252408,Random Forest
0_Autocorrelation,6,5.0213443824776745,Random Forest
0_Interquartile range,7,4.809514312428981,Random Forest
0_ECDF Percentile_0,8,3.261982400269248,Random Forest
0_Histogram mode,9,2.930899286926631,Random Forest
0_Wavelet absolute mean_125000000.0Hz,10,2.9093287538923014,Random Forest
0_Wavelet energy_125000000.0Hz,11,2.864339544359656,Random Forest
0_MFCC_11,12,2.100837614058115,Random Forest
0_LPCC_0,13,1.4374345720948032,Random Forest
0_Fundamental frequency,14,1.1349394234839822,Random Forest
0_Wavelet absolute mean_27777777.78Hz,15,1.0137199011884634,Random Forest
0_MFCC_0,16,1.0127193455928316,Random Forest
0_ECDF Percentile_1,17,0.99233214955659,Random Forest
0_MFCC_9,18,0.9739842524474176,Random Forest
0_Slope,19,0.7024918917095908,Random Forest
0_MFCC_8,20,0.654132446586465,Random Forest
0_MFCC_5,21,0.624221788039555,Random Forest
0_Wavelet entropy,22,0.5842504615321135,Random Forest
0_Mean diff,23,0.5691583799493188,Random Forest
0_Max,24,0.4248974318559592,Random Forest
0_Spectral decrease,25,0.4102029754230751,Random Forest
0_MFCC_10,26,0.3588356797330393,Random Forest
0_Maximum frequency,27,0.2732470630223552,Random Forest
0_MFCC_4,28,0.2589884361810982,Random Forest
0_Median,29,0.2495733610252382,Random Forest
0_LPCC_1,30,0.2444786806644561,Random Forest
0_LPCC_6,31,0.2164737414497261,Random Forest
0_Zero crossing rate,32,0.2066083398168286,Random Forest
0_LPCC_5,33,0.1837567157011169,Random Forest
0_Median frequency,34,0.1425822219314674,Random Forest
0_Mean,35,0.1401071125103781,Random Forest
0_Spectral positive turning points,36,0.1284645744481434,Random Forest
0_Neighbourhood peaks,37,0.0360914157740771,Random Forest
0_Negative turning points,38,0.0286096628129482,Random Forest
0_Median absolute diff,39,0.0184713506986697,Random Forest
0_Spectral roll-on,40,0.0103778524219989,Random Forest
0_Power bandwidth,41,0.0009634719173113,Random Forest
0_Median diff,42,0.0,Random Forest
0_Maximum frequency,1,17084629.861103803,Bayesian Ridge
0_Median frequency,2,3595092.509435262,Bayesian Ridge
0_Fundamental frequency,3,3594485.916936049,Bayesian Ridge
0_Power bandwidth,4,1636449.5333026678,Bayesian Ridge
0_Spectral roll-on,5,1400470.5501541172,Bayesian Ridge
0_MFCC_4,6,1294.0356991887109,Bayesian Ridge
0_MFCC_11,7,1148.2223786219606,Bayesian Ridge
0_MFCC_5,8,1126.5049698239409,Bayesian Ridge
0_MFCC_9,9,1079.1120751310614,Bayesian Ridge
0_MFCC_10,10,289.07622637974555,Bayesian Ridge
0_MFCC_8,11,281.94816653478205,Bayesian Ridge
0_MFCC_0,12,186.89540698837075,Bayesian Ridge
0_Absolute energy,13,41.25072329226988,Bayesian Ridge
0_Peak to peak distance,14,6.0274149843097895,Bayesian Ridge
0_Autocorrelation,15,5.922057891342558,Bayesian Ridge
0_Spectral decrease,16,4.40735801622147,Bayesian Ridge
0_ECDF Percentile_1,17,4.304877255284728,Bayesian Ridge
0_Spectral positive turning points,18,4.148795714862256,Bayesian Ridge
0_ECDF Percentile_0,19,3.609109360290952,Bayesian Ridge
0_Max,20,1.917678429413022,Bayesian Ridge
0_Interquartile range,21,1.8476016831732007,Bayesian Ridge
0_Mean,22,1.842355433225216,Bayesian Ridge
0_Median,23,1.0752039790231958,Bayesian Ridge
0_Spectral variation,24,0.4853132606234583,Bayesian Ridge
0_Zero crossing rate,25,0.3012402314689614,Bayesian Ridge
0_Negative turning points,26,0.2985397463707246,Bayesian Ridge
0_Wavelet absolute mean_27777777.78Hz,27,0.2284452731122508,Bayesian Ridge
0_LPCC_0,28,0.113125752721602,Bayesian Ridge
0_Histogram mode,29,0.1101448275780656,Bayesian Ridge
0_Entropy,30,0.1005274475174599,Bayesian Ridge
0_Spectral entropy,31,0.0742702274806288,Bayesian Ridge
0_Wavelet energy_125000000.0Hz,32,0.0613227372704941,Bayesian Ridge
0_Neighbourhood peaks,33,0.0538034039138899,Bayesian Ridge
0_LPCC_5,34,0.0377705460706061,Bayesian Ridge
0_LPCC_1,35,0.0283323893880245,Bayesian Ridge
0_Wavelet entropy,36,0.0262093040565444,Bayesian Ridge
0_LPCC_6,37,0.0173901500432561,Bayesian Ridge
0_Slope,38,0.01151611154104,Bayesian Ridge
0_Mean diff,39,0.0062160445692501,Bayesian Ridge
0_Wavelet absolute mean_125000000.0Hz,40,0.0012533859163532,Bayesian Ridge
0_Median absolute diff,41,9.502568434256136e-05,Bayesian Ridge
0_Median diff,42,0.0,Bayesian Ridge
0_Peak to peak distance,1,32.74223221122125,XGBoost
0_Spectral entropy,2,17.62373390558637,XGBoost
0_Autocorrelation,3,10.960719956053302,XGBoost
0_Spectral variation,4,4.165487618908536,XGBoost
0_Interquartile range,5,4.058135127604008,XGBoost
0_Absolute energy,6,3.671083552292487,XGBoost
0_Entropy,7,3.667457165282219,XGBoost
0_MFCC_5,8,1.739182424826175,XGBoost
0_Mean diff,9,1.504578030443486,XGBoost
0_Max,10,1.3172048808119563,XGBoost
0_Wavelet absolute mean_125000000.0Hz,11,1.109990353157868,XGBoost
0_Histogram mode,12,0.95517165401342,XGBoost
0_MFCC_9,13,0.7530568431832213,XGBoost
0_Fundamental frequency,14,0.5631372469380498,XGBoost
0_Slope,15,0.5617447700196257,XGBoost
0_MFCC_4,16,0.3998017425982281,XGBoost
0_MFCC_10,17,0.3834360911661139,XGBoost
0_LPCC_0,18,0.3369232634803902,XGBoost
0_Mean,19,0.3311489626513175,XGBoost
0_Wavelet energy_125000000.0Hz,20,0.3204261556896069,XGBoost
0_LPCC_6,21,0.2890374821801669,XGBoost
0_MFCC_11,22,0.2882330123998224,XGBoost
0_MFCC_8,23,0.2738062123965937,XGBoost
0_Wavelet entropy,24,0.2696782217877606,XGBoost
0_Spectral positive turning points,25,0.2681881033300112,XGBoost
0_ECDF Percentile_0,26,0.2527618577867747,XGBoost
0_LPCC_5,27,0.2506314993201445,XGBoost
0_ECDF Percentile_1,28,0.2028110209358235,XGBoost
0_LPCC_1,29,0.1633546177199731,XGBoost
0_Median frequency,30,0.1480361615464092,XGBoost
0_MFCC_0,31,0.1368828442574168,XGBoost
0_Maximum frequency,32,0.1291534213448564,XGBoost
0_Wavelet absolute mean_27777777.78Hz,33,0.1057410067661354,XGBoost
0_Spectral decrease,34,0.1049496482392152,XGBoost
0_Median,35,0.045099403330187,XGBoost
0_Median absolute diff,36,0.0417578265722841,XGBoost
0_Negative turning points,37,0.0202643561576182,XGBoost
0_Neighbourhood peaks,38,0.0003829652349154,XGBoost
0_Median diff,39,0.0,XGBoost
0_Power bandwidth,40,0.0,XGBoost
0_Spectral roll-on,41,0.0,XGBoost
0_Zero crossing rate,42,0.0,XGBoost
0_Peak to peak distance,1,12.563802708074189,SVR
0_Interquartile range,2,9.7439115675391,SVR
0_LPCC_0,3,8.743809138606206,SVR
0_ECDF Percentile_0,4,8.080171644859993,SVR
0_Spectral decrease,5,7.943871262771276,SVR
0_Absolute energy,6,7.682511166011329,SVR
0_Spectral variation,7,7.333615964170317,SVR
0_Mean diff,8,7.008885759828456,SVR
0_Spectral entropy,9,6.78963221221013,SVR
0_Wavelet absolute mean_27777777.78Hz,10,6.675898074327249,SVR
0_Median,11,5.787147166818675,SVR
0_MFCC_11,12,4.428348788280282,SVR
0_Max,13,4.00115480236751,SVR
0_Slope,14,3.4699726490057152,SVR
0_Wavelet absolute mean_125000000.0Hz,15,2.9358186737790044,SVR
0_Autocorrelation,16,2.6412265496060208,SVR
0_Mean,17,1.3165030821908783,SVR
0_MFCC_5,18,0.8813255915277696,SVR
0_Wavelet energy_125000000.0Hz,19,0.202381788348423,SVR
0_Median diff,20,0.178881134942738,SVR
0_MFCC_0,21,0.1588697673292264,SVR
0_Median absolute diff,22,0.1507409551308643,SVR
0_Wavelet entropy,23,0.1375986139969859,SVR
0_MFCC_9,24,0.1157610466051236,SVR
0_MFCC_10,25,0.0889102445754234,SVR
0_Fundamental frequency,26,0.020070408596347,SVR
0_LPCC_1,27,0.0,SVR
0_Histogram mode,28,0.0,SVR
0_ECDF Percentile_1,29,0.0,SVR
0_Entropy,30,0.0,SVR
0_LPCC_5,31,0.0,SVR
0_LPCC_6,32,0.0,SVR
0_MFCC_4,33,0.0,SVR
0_MFCC_8,34,0.0,SVR
0_Maximum frequency,35,0.0,SVR
0_Median frequency,36,0.0,SVR
0_Negative turning points,37,0.0,SVR
0_Neighbourhood peaks,38,0.0,SVR
0_Power bandwidth,39,0.0,SVR
0_Spectral roll-on,40,0.0,SVR
0_Spectral positive turning points,41,0.0,SVR
0_Zero crossing rate,42,0.0,SVR
0_Peak to peak distance,1,16.705956852649717,Random Forest
0_Absolute energy,2,7.67498569939781,Random Forest
0_Spectral entropy,3,7.547121789369233,Random Forest
0_Entropy,4,5.380907541391515,Random Forest
0_Autocorrelation,5,5.306332042643241,Random Forest
0_Interquartile range,6,4.3606590845297015,Random Forest
0_Spectral variation,7,4.269237038545961,Random Forest
0_Histogram mode,8,3.3154222242810456,Random Forest
0_Wavelet energy_125000000.0Hz,9,3.158055246644716,Random Forest
0_ECDF Percentile_0,10,2.3601432621434024,Random Forest
0_MFCC_11,11,2.2915648042181505,Random Forest
0_Wavelet absolute mean_125000000.0Hz,12,2.0017980770786914,Random Forest
0_Mean diff,13,1.1948697592013204,Random Forest
0_Slope,14,1.1735850415642215,Random Forest
0_LPCC_0,15,1.0051983347189304,Random Forest
0_Wavelet absolute mean_27777777.78Hz,16,0.9959291076013664,Random Forest
0_Fundamental frequency,17,0.9700542556220042,Random Forest
0_Wavelet entropy,18,0.9694755370200764,Random Forest
0_MFCC_9,19,0.8966648622282317,Random Forest
0_MFCC_0,20,0.7808687840251713,Random Forest
0_ECDF Percentile_1,21,0.6926217565515388,Random Forest
0_Max,22,0.6908841677186855,Random Forest
0_MFCC_8,23,0.6813531579308365,Random Forest
0_Median frequency,24,0.5605153166848547,Random Forest
0_Median,25,0.4098400930314014,Random Forest
0_Zero crossing rate,26,0.3842456958228721,Random Forest
0_Mean,27,0.363322477026734,Random Forest
0_Maximum frequency,28,0.3585490660786007,Random Forest
0_MFCC_5,29,0.3494066840403092,Random Forest
0_Spectral decrease,30,0.3122883886072938,Random Forest
0_MFCC_10,31,0.303127574481885,Random Forest
0_LPCC_1,32,0.2559734913279613,Random Forest
0_LPCC_5,33,0.2168370009358195,Random Forest
0_MFCC_4,34,0.19820049040718,Random Forest
0_LPCC_6,35,0.1657807666296139,Random Forest
0_Median absolute diff,36,0.1153855280251552,Random Forest
0_Spectral positive turning points,37,0.0863420895169489,Random Forest
0_Negative turning points,38,0.0753472373578387,Random Forest
0_Power bandwidth,39,0.0563924390355746,Random Forest
0_Spectral roll-on,40,0.0178277228187769,Random Forest
0_Neighbourhood peaks,41,0.0052672610050688,Random Forest
0_Median diff,42,0.0,Random Forest
0_Maximum frequency,1,97190151.82779606,Bayesian Ridge
0_Median frequency,2,2826916.410022972,Bayesian Ridge
0_Fundamental frequency,3,2742856.371790084,Bayesian Ridge
0_Power bandwidth,4,1637956.7369868455,Bayesian Ridge
0_Spectral roll-on,5,1557577.2330766122,Bayesian Ridge
0_MFCC_11,6,1748.0399826718594,Bayesian Ridge
0_MFCC_4,7,1680.8216019410568,Bayesian Ridge
0_MFCC_9,8,1510.0925895378846,Bayesian Ridge
0_MFCC_5,9,1296.5592771138522,Bayesian Ridge
0_MFCC_8,10,630.4793333521023,Bayesian Ridge
0_MFCC_10,11,352.2465896903033,Bayesian Ridge
0_MFCC_0,12,187.17327991935463,Bayesian Ridge
0_Absolute energy,13,34.8864695436771,Bayesian Ridge
0_Peak to peak distance,14,8.161020731868916,Bayesian Ridge
0_Autocorrelation,15,6.927657537126268,Bayesian Ridge
0_Spectral decrease,16,4.368832727492363,Bayesian Ridge
0_ECDF Percentile_0,17,2.7913420056105447,Bayesian Ridge
0_ECDF Percentile_1,18,2.4813315866096874,Bayesian Ridge
0_Max,19,2.459742815122859,Bayesian Ridge
0_Spectral positive turning points,20,2.061723239947097,Bayesian Ridge
0_Zero crossing rate,21,1.9632527176052887,Bayesian Ridge
0_Mean,22,1.611666749968839,Bayesian Ridge
0_Median,23,0.8805978453142834,Bayesian Ridge
0_Interquartile range,24,0.6945406350176144,Bayesian Ridge
0_Negative turning points,25,0.3483297605318337,Bayesian Ridge
0_Histogram mode,26,0.1656823666025009,Bayesian Ridge
0_Spectral entropy,27,0.1556582516587311,Bayesian Ridge
0_Spectral variation,28,0.142929148724233,Bayesian Ridge
0_Entropy,29,0.1232284200003854,Bayesian Ridge
0_Wavelet absolute mean_27777777.78Hz,30,0.1200803677299571,Bayesian Ridge
0_LPCC_1,31,0.0957148722352936,Bayesian Ridge
0_Neighbourhood peaks,32,0.0682718972329573,Bayesian Ridge
0_LPCC_5,33,0.0426101602489181,Bayesian Ridge
0_Wavelet energy_125000000.0Hz,34,0.0400186001429711,Bayesian Ridge
0_LPCC_0,35,0.0290686232574652,Bayesian Ridge
0_Wavelet entropy,36,0.0220714477205463,Bayesian Ridge
0_LPCC_6,37,0.0178973250131393,Bayesian Ridge
0_Wavelet absolute mean_125000000.0Hz,38,0.0093879323064544,Bayesian Ridge
0_Slope,39,0.0092859951883847,Bayesian Ridge
0_Mean diff,40,0.0045592753900758,Bayesian Ridge
0_Median absolute diff,41,0.0017324249239741,Bayesian Ridge
0_Median diff,42,0.000168837495854,Bayesian Ridge
0_Peak to peak distance,1,42.87730517758883,XGBoost
0_Spectral entropy,2,17.355911484246548,XGBoost
0_Autocorrelation,3,10.658756226461897,XGBoost
0_Histogram mode,4,1.458857470423221,XGBoost
0_Entropy,5,1.2209153837547502,XGBoost
0_Slope,6,1.0875204539604,XGBoost
0_Spectral variation,7,1.048388129678948,XGBoost
0_Absolute energy,8,0.882976920117512,XGBoost
0_Interquartile range,9,0.7340364901746607,XGBoost
0_MFCC_0,10,0.6274800357707707,XGBoost
0_Fundamental frequency,11,0.6059650033850765,XGBoost
0_Mean diff,12,0.5500186121363231,XGBoost
0_LPCC_1,13,0.5145309896827244,XGBoost
0_MFCC_8,14,0.4995671243362521,XGBoost
0_LPCC_0,15,0.4625042342564286,XGBoost
0_ECDF Percentile_0,16,0.4280290877852089,XGBoost
0_LPCC_5,17,0.3508796531972737,XGBoost
0_Median,18,0.3449067251390816,XGBoost
0_Spectral positive turning points,19,0.2908383531833864,XGBoost
0_LPCC_6,20,0.2628394701038196,XGBoost
0_Wavelet entropy,21,0.253473133757139,XGBoost
0_MFCC_9,22,0.2407359724688995,XGBoost
0_MFCC_4,23,0.2403828538362746,XGBoost
0_Wavelet energy_125000000.0Hz,24,0.2278294758106008,XGBoost
0_MFCC_10,25,0.1861087804414783,XGBoost
0_MFCC_5,26,0.1857543521123395,XGBoost
0_Max,27,0.1683730567534574,XGBoost
0_Wavelet absolute mean_125000000.0Hz,28,0.1682751921963451,XGBoost
0_Zero crossing rate,29,0.1596549259348365,XGBoost
0_ECDF Percentile_1,30,0.1463437454565254,XGBoost
0_MFCC_11,31,0.1325457765232519,XGBoost
0_Mean,32,0.125111337350142,XGBoost
0_Wavelet absolute mean_27777777.78Hz,33,0.1229372274508801,XGBoost
0_Negative turning points,34,0.0994344123152046,XGBoost
0_Spectral decrease,35,0.088186806313416,XGBoost
0_Maximum frequency,36,0.066947869148053,XGBoost
0_Neighbourhood peaks,37,0.0641818704376385,XGBoost
0_Median absolute diff,38,0.0280329901034012,XGBoost
0_Median frequency,39,0.0260022437636468,XGBoost
0_Median diff,40,7.60032453884681e-07,XGBoost
0_Power bandwidth,41,0.0,XGBoost
0_Spectral roll-on,42,0.0,XGBoost
0_Peak to peak distance,1,10.51556446070251,SVR
0_Spectral variation,2,9.543557892118333,SVR
0_ECDF Percentile_0,3,9.119508331530012,SVR
0_Interquartile range,4,8.968999214187164,SVR
0_Spectral entropy,5,8.923586565050107,SVR
0_LPCC_0,6,8.845867880276193,SVR
0_Spectral decrease,7,8.68308812405351,SVR
0_Mean diff,8,7.882781629170466,SVR
0_Absolute energy,9,7.737503863738348,SVR
0_Median,10,7.480891002640648,SVR
0_Wavelet absolute mean_27777777.78Hz,11,5.534198156587928,SVR
0_Wavelet absolute mean_125000000.0Hz,12,4.348100276440758,SVR
0_MFCC_11,13,3.309265035727816,SVR
0_Slope,14,3.305790495991367,SVR
0_Max,15,2.9217419475234085,SVR
0_Autocorrelation,16,2.003534610154799,SVR
0_Mean,17,1.7519358988530822,SVR
0_MFCC_9,18,1.0759115404099506,SVR
0_MFCC_8,19,0.7820012519709298,SVR
0_MFCC_5,20,0.7549900345948811,SVR
0_Wavelet entropy,21,0.4327602656489565,SVR
0_Wavelet energy_125000000.0Hz,22,0.4114285975347687,SVR
0_MFCC_4,23,0.2023961203197142,SVR
0_MFCC_10,24,0.0832848885059792,SVR
0_LPCC_5,25,0.0614322511917534,SVR
0_Spectral roll-on,26,0.0429150808825866,SVR
0_Maximum frequency,27,0.0291573589728357,SVR
0_MFCC_0,28,0.0154670237090239,SVR
0_LPCC_1,29,0.0,SVR
0_Fundamental frequency,30,0.0,SVR
0_ECDF Percentile_1,31,0.0,SVR
0_Histogram mode,32,0.0,SVR
0_Entropy,33,0.0,SVR
0_LPCC_6,34,0.0,SVR
0_Median diff,35,0.0,SVR
0_Median absolute diff,36,0.0,SVR
0_Negative turning points,37,0.0,SVR
0_Neighbourhood peaks,38,0.0,SVR
0_Power bandwidth,39,0.0,SVR
0_Median frequency,40,0.0,SVR
0_Spectral positive turning points,41,0.0,SVR
0_Zero crossing rate,42,0.0,SVR
0_Peak to peak distance,1,16.819006109796156,Random Forest
0_Spectral entropy,2,7.7501105898770355,Random Forest
0_Absolute energy,3,6.620720187408714,Random Forest
0_Entropy,4,5.280463301561339,Random Forest
0_Autocorrelation,5,5.105449820204779,Random Forest
0_Interquartile range,6,4.895854021472748,Random Forest
0_Spectral variation,7,4.748310243622292,Random Forest
0_Wavelet energy_125000000.0Hz,8,3.3095063437153573,Random Forest
0_ECDF Percentile_0,9,2.580771293430846,Random Forest
0_Histogram mode,10,2.546034524858402,Random Forest
0_MFCC_11,11,1.8774777210633595,Random Forest
0_Wavelet absolute mean_125000000.0Hz,12,1.6808996459524146,Random Forest
0_Wavelet absolute mean_27777777.78Hz,13,1.6594736843685465,Random Forest
0_LPCC_0,14,1.0680228575321848,Random Forest
0_Mean diff,15,1.0158718243150968,Random Forest
0_MFCC_9,16,0.958823644816239,Random Forest
0_MFCC_0,17,0.9449792819335904,Random Forest
0_Fundamental frequency,18,0.846752984539792,Random Forest
0_Slope,19,0.7673515310201795,Random Forest
0_ECDF Percentile_1,20,0.7240597116056522,Random Forest
0_MFCC_8,21,0.6109848639251043,Random Forest
0_Wavelet entropy,22,0.5894388840116408,Random Forest
0_Median frequency,23,0.5800655069043552,Random Forest
0_MFCC_10,24,0.5475280287016803,Random Forest
0_Maximum frequency,25,0.4204434933772621,Random Forest
0_Median,26,0.4137829968925099,Random Forest
0_Mean,27,0.3809904163256288,Random Forest
0_Spectral decrease,28,0.3421928578891325,Random Forest
0_Max,29,0.3257959448585907,Random Forest
0_MFCC_5,30,0.2959410768439217,Random Forest
0_LPCC_5,31,0.2804759845730693,Random Forest
0_LPCC_1,32,0.229698031674372,Random Forest
0_Zero crossing rate,33,0.1951799637606678,Random Forest
0_LPCC_6,34,0.1870800268172597,Random Forest
0_MFCC_4,35,0.1825468501279596,Random Forest
0_Median absolute diff,36,0.1069266447304747,Random Forest
0_Spectral positive turning points,37,0.0681469892286229,Random Forest
0_Negative turning points,38,0.0229059677871565,Random Forest
0_Spectral roll-on,39,0.015898389750719,Random Forest
0_Power bandwidth,40,0.0148926476892083,Random Forest
0_Neighbourhood peaks,41,0.0090791714114447,Random Forest
0_Median diff,42,0.0,Random Forest
0_Maximum frequency,1,149791781.53214556,Bayesian Ridge
0_Median frequency,2,4787525.105314125,Bayesian Ridge
0_Power bandwidth,3,2313770.7249561306,Bayesian Ridge
0_Spectral roll-on,4,1094182.3812782324,Bayesian Ridge
0_Fundamental frequency,5,490494.1877629878,Bayesian Ridge
0_MFCC_9,6,1390.1461218372167,Bayesian Ridge
0_MFCC_4,7,1374.1889757236993,Bayesian Ridge
0_MFCC_5,8,1336.9201997781008,Bayesian Ridge
0_MFCC_11,9,923.0787804901272,Bayesian Ridge
0_MFCC_10,10,484.4171575831792,Bayesian Ridge
0_MFCC_8,11,226.39699703179227,Bayesian Ridge
0_MFCC_0,12,209.19857617263773,Bayesian Ridge
0_Absolute energy,13,50.07098084747437,Bayesian Ridge
0_Spectral decrease,14,8.102008246022347,Bayesian Ridge
0_Peak to peak distance,15,7.221153162331545,Bayesian Ridge
0_Autocorrelation,16,4.38413750017286,Bayesian Ridge
0_Spectral positive turning points,17,4.166573121443449,Bayesian Ridge
0_ECDF Percentile_0,18,3.4851254470806405,Bayesian Ridge
0_Mean,19,2.195865858957347,Bayesian Ridge
0_Max,20,2.1785675317501125,Bayesian Ridge
0_ECDF Percentile_1,21,1.264624801901959,Bayesian Ridge
0_Median,22,0.7662796647871911,Bayesian Ridge
0_Interquartile range,23,0.3910371179471313,Bayesian Ridge
0_Zero crossing rate,24,0.3040809381501455,Bayesian Ridge
0_Spectral variation,25,0.2324737592169003,Bayesian Ridge
0_Wavelet absolute mean_27777777.78Hz,26,0.1911419524398529,Bayesian Ridge
0_Negative turning points,27,0.1891208807991688,Bayesian Ridge
0_Neighbourhood peaks,28,0.183764086316643,Bayesian Ridge
0_Spectral entropy,29,0.1748120932968897,Bayesian Ridge
0_LPCC_0,30,0.1047277973391657,Bayesian Ridge
0_Entropy,31,0.1008518901102582,Bayesian Ridge
0_Histogram mode,32,0.0997036712245104,Bayesian Ridge
0_Wavelet energy_125000000.0Hz,33,0.0562498430549113,Bayesian Ridge
0_Wavelet entropy,34,0.0357439105499539,Bayesian Ridge
0_LPCC_1,35,0.0287973032849997,Bayesian Ridge
0_Wavelet absolute mean_125000000.0Hz,36,0.0124779765857656,Bayesian Ridge
0_Slope,37,0.0106170581096799,Bayesian Ridge
0_Mean diff,38,0.0068057922160915,Bayesian Ridge
0_LPCC_6,39,0.0036557834957949,Bayesian Ridge
0_Median absolute diff,40,0.0026322381506774,Bayesian Ridge
0_LPCC_5,41,0.0010449848642046,Bayesian Ridge
0_Median diff,42,0.0,Bayesian Ridge
0_Peak to peak distance,1,35.83075962485528,XGBoost
0_Spectral entropy,2,15.583484825482346,XGBoost
0_Autocorrelation,3,14.294728353308388,XGBoost
0_Interquartile range,4,4.373566290188581,XGBoost
0_Spectral variation,5,3.735075936664485,XGBoost
0_Histogram mode,6,1.8169011353603248,XGBoost
0_Entropy,7,1.6782263812362526,XGBoost
0_Max,8,1.5752430531889825,XGBoost
0_MFCC_0,9,1.5541552587085716,XGBoost
0_MFCC_9,10,1.385543715371844,XGBoost
0_Mean diff,11,1.1274675351499273,XGBoost
0_Wavelet energy_125000000.0Hz,12,1.0467940807134533,XGBoost
0_Wavelet entropy,13,0.8951463224814818,XGBoost
0_Absolute energy,14,0.8372495426425713,XGBoost
0_MFCC_5,15,0.7392156213790178,XGBoost
0_Wavelet absolute mean_125000000.0Hz,16,0.7074409811705039,XGBoost
0_MFCC_10,17,0.6987130552900022,XGBoost
0_MFCC_4,18,0.6633177435168378,XGBoost
0_Spectral positive turning points,19,0.5931185135995968,XGBoost
0_LPCC_0,20,0.5642986657823125,XGBoost
0_Fundamental frequency,21,0.5283906859397891,XGBoost
0_ECDF Percentile_0,22,0.4566925561143704,XGBoost
0_Median,23,0.4463191189315634,XGBoost
0_LPCC_5,24,0.4353975742865354,XGBoost
0_LPCC_1,25,0.4296993223411187,XGBoost
0_Wavelet absolute mean_27777777.78Hz,26,0.3996546818833177,XGBoost
0_Slope,27,0.3970928266980994,XGBoost
0_MFCC_8,28,0.3493414934728295,XGBoost
0_LPCC_6,29,0.3345274044219095,XGBoost
0_MFCC_11,30,0.325666974665721,XGBoost
0_Spectral decrease,31,0.2729745404623449,XGBoost
0_Maximum frequency,32,0.2660378580804294,XGBoost
0_Mean,33,0.2614511871493732,XGBoost
0_Neighbourhood peaks,34,0.1831951703673849,XGBoost
0_Negative turning points,35,0.1508861513049652,XGBoost
0_ECDF Percentile_1,36,0.1307374609527489,XGBoost
0_Zero crossing rate,37,0.0624366237056752,XGBoost
0_Median absolute diff,38,0.0311493546028932,XGBoost
0_Median frequency,39,0.0010764413744211,XGBoost
0_Median diff,40,0.0,XGBoost
0_Power bandwidth,41,0.0,XGBoost
0_Spectral roll-on,42,0.0,XGBoost
0_Peak to peak distance,1,10.490037107560044,SVR
0_Median,2,10.474462567228736,SVR
0_ECDF Percentile_0,3,10.45095886397458,SVR
0_Spectral entropy,4,10.39151981617922,SVR
0_Spectral variation,5,9.942653529377584,SVR
0_Mean diff,6,8.566719806513746,SVR
0_LPCC_0,7,7.409294405595364,SVR
0_Interquartile range,8,7.351098786414485,SVR
0_Wavelet absolute mean_27777777.78Hz,9,6.096440166027278,SVR
0_Absolute energy,10,4.9832531500471005,SVR
0_Slope,11,4.898482972674006,SVR
0_Spectral decrease,12,4.84419146392222,SVR
0_Max,13,4.779816896940708,SVR
0_Wavelet absolute mean_125000000.0Hz,14,3.828909942003877,SVR
0_MFCC_5,15,3.2589056776086096,SVR
0_MFCC_11,16,2.3112866212287426,SVR
0_Autocorrelation,17,1.4299876051796443,SVR
0_Wavelet entropy,18,0.9111429038075776,SVR
0_Mean,19,0.805839032848644,SVR
0_Maximum frequency,20,0.7129292705445446,SVR
0_MFCC_9,21,0.6888923011716656,SVR
0_MFCC_0,22,0.4700256118250004,SVR
0_MFCC_10,23,0.316246145259707,SVR
0_MFCC_4,24,0.3151830659244203,SVR
0_Median diff,25,0.1524396518374752,SVR
0_Wavelet energy_125000000.0Hz,26,0.1095446129932061,SVR
0_Fundamental frequency,27,0.0626578214283909,SVR
0_LPCC_1,28,0.0406561568865024,SVR
0_ECDF Percentile_1,29,0.0256032088111403,SVR
0_Entropy,30,0.0,SVR
0_Histogram mode,31,0.0,SVR
0_LPCC_6,32,0.0,SVR
0_LPCC_5,33,0.0,SVR
0_MFCC_8,34,0.0,SVR
0_Median absolute diff,35,0.0,SVR
0_Median frequency,36,0.0,SVR
0_Negative turning points,37,0.0,SVR
0_Neighbourhood peaks,38,0.0,SVR
0_Power bandwidth,39,0.0,SVR
0_Spectral roll-on,40,0.0,SVR
0_Spectral positive turning points,41,0.0,SVR
0_Zero crossing rate,42,0.0,SVR
0_Peak to peak distance,1,14.028065205231496,Random Forest
0_Absolute energy,2,7.228395511149241,Random Forest
0_Spectral entropy,3,6.979030952234383,Random Forest
0_Interquartile range,4,6.223947166817913,Random Forest
0_Spectral variation,5,5.636262946355216,Random Forest
0_Entropy,6,4.888187331770734,Random Forest
0_Wavelet energy_125000000.0Hz,7,3.722497111377804,Random Forest
0_Autocorrelation,8,3.470142201931589,Random Forest
0_Wavelet absolute mean_125000000.0Hz,9,3.437495182764532,Random Forest
0_Histogram mode,10,3.077996265944466,Random Forest
0_ECDF Percentile_0,11,2.5810854126919054,Random Forest
0_MFCC_11,12,1.4467689866323643,Random Forest
0_Slope,13,1.3633692077249286,Random Forest
0_Mean diff,14,1.315888686163661,Random Forest
0_Wavelet absolute mean_27777777.78Hz,15,1.1377396208258963,Random Forest
0_ECDF Percentile_1,16,0.949354450827216,Random Forest
0_LPCC_0,17,0.916206149232884,Random Forest
0_Fundamental frequency,18,0.9010654020311308,Random Forest
0_MFCC_0,19,0.8506975167904668,Random Forest
0_MFCC_10,20,0.7140989179453502,Random Forest
0_Wavelet entropy,21,0.7084813229956665,Random Forest
0_MFCC_9,22,0.5325714362973346,Random Forest
0_MFCC_8,23,0.5318624565867085,Random Forest
0_Max,24,0.5180977050877489,Random Forest
0_Median frequency,25,0.505497059110304,Random Forest
0_MFCC_5,26,0.462706512121173,Random Forest
0_Maximum frequency,27,0.3751709361533323,Random Forest
0_LPCC_5,28,0.3633940329146881,Random Forest
0_LPCC_6,29,0.3421486149240285,Random Forest
0_Spectral decrease,30,0.3302379029265294,Random Forest
0_Median,31,0.2915346547958131,Random Forest
0_LPCC_1,32,0.2283272768366461,Random Forest
0_Zero crossing rate,33,0.2181875020563912,Random Forest
0_MFCC_4,34,0.1448584449026733,Random Forest
0_Spectral positive turning points,35,0.1369713803301254,Random Forest
0_Mean,36,0.1003933784779782,Random Forest
0_Power bandwidth,37,0.0753147742047905,Random Forest
0_Median absolute diff,38,0.0265729871782163,Random Forest
0_Neighbourhood peaks,39,0.0196384906704227,Random Forest
0_Spectral roll-on,40,0.018122142129143,Random Forest
0_Negative turning points,41,0.0085053717421988,Random Forest
0_Median diff,42,0.0,Random Forest
0_Maximum frequency,1,6909932.669355982,Bayesian Ridge
0_Power bandwidth,2,1209831.1836752046,Bayesian Ridge
0_Fundamental frequency,3,1091630.4653848468,Bayesian Ridge
0_Spectral roll-on,4,960154.1837613622,Bayesian Ridge
0_Median frequency,5,489158.86403205246,Bayesian Ridge
0_MFCC_9,6,1345.1232207556848,Bayesian Ridge
0_MFCC_4,7,1268.9043772815644,Bayesian Ridge
0_MFCC_5,8,1111.5558412867354,Bayesian Ridge
0_MFCC_11,9,1013.246350300004,Bayesian Ridge
0_MFCC_8,10,457.43608610259474,Bayesian Ridge
0_MFCC_10,11,358.5370444704346,Bayesian Ridge
0_MFCC_0,12,151.36893380123237,Bayesian Ridge
0_Absolute energy,13,88.17796442586999,Bayesian Ridge
0_Peak to peak distance,14,7.449991664220149,Bayesian Ridge
0_Autocorrelation,15,5.108932460845483,Bayesian Ridge
0_Spectral decrease,16,4.179948345494365,Bayesian Ridge
0_Spectral positive turning points,17,4.053566012073158,Bayesian Ridge
0_ECDF Percentile_0,18,3.911185652146805,Bayesian Ridge
0_ECDF Percentile_1,19,3.000831789628503,Bayesian Ridge
0_Max,20,2.1923714846907942,Bayesian Ridge
0_Mean,21,2.145039075108593,Bayesian Ridge
0_Median,22,0.9950195289147198,Bayesian Ridge
0_Interquartile range,23,0.9641840284005962,Bayesian Ridge
0_Zero crossing rate,24,0.820412239087295,Bayesian Ridge
0_Negative turning points,25,0.3335539412611791,Bayesian Ridge
0_Spectral variation,26,0.2651316348147772,Bayesian Ridge
0_Wavelet absolute mean_27777777.78Hz,27,0.1974185287012806,Bayesian Ridge
0_Spectral entropy,28,0.1458815819785696,Bayesian Ridge
0_Histogram mode,29,0.1441670340177359,Bayesian Ridge
0_LPCC_0,30,0.0870232362157109,Bayesian Ridge
0_Entropy,31,0.0723562913197652,Bayesian Ridge
0_LPCC_1,32,0.0640151322131776,Bayesian Ridge
0_Wavelet energy_125000000.0Hz,33,0.0458155144908896,Bayesian Ridge
0_Wavelet entropy,34,0.0232711147096112,Bayesian Ridge
0_Slope,35,0.0128060940304885,Bayesian Ridge
0_Wavelet absolute mean_125000000.0Hz,36,0.0088254250978284,Bayesian Ridge
0_Mean diff,37,0.0057840682657391,Bayesian Ridge
0_Neighbourhood peaks,38,0.0019100993920227,Bayesian Ridge
0_LPCC_5,39,0.0010657666824134,Bayesian Ridge
0_Median absolute diff,40,0.0007308290991972,Bayesian Ridge
0_Median diff,41,0.0002727639476715,Bayesian Ridge
0_LPCC_6,42,0.0002614628410615,Bayesian Ridge
0_Peak to peak distance,1,35.02958241053983,XGBoost
0_Spectral entropy,2,17.09155480978719,XGBoost
0_Autocorrelation,3,6.793906643387891,XGBoost
0_Interquartile range,4,5.312507743670791,XGBoost
0_Mean diff,5,3.934078053752021,XGBoost
0_Absolute energy,6,3.8785734382116863,XGBoost
0_Spectral variation,7,2.9963839882530565,XGBoost
0_Entropy,8,1.5678053943630463,XGBoost
0_Slope,9,1.5521447571375255,XGBoost
0_Wavelet absolute mean_125000000.0Hz,10,1.2371169779665772,XGBoost
0_Histogram mode,11,1.2072803764446325,XGBoost
0_Fundamental frequency,12,1.068912297661354,XGBoost
0_LPCC_0,13,1.0113014540873162,XGBoost
0_MFCC_5,14,0.7380437582594963,XGBoost
0_MFCC_10,15,0.6935721164624518,XGBoost
0_Wavelet entropy,16,0.6581481578065703,XGBoost
0_Wavelet absolute mean_27777777.78Hz,17,0.6354394605349749,XGBoost
0_MFCC_11,18,0.5969214058615264,XGBoost
0_Max,19,0.5830200851434533,XGBoost
0_Spectral positive turning points,20,0.5718612877389725,XGBoost
0_Wavelet energy_125000000.0Hz,21,0.5247144920727859,XGBoost
0_ECDF Percentile_1,22,0.4300240831458318,XGBoost
0_LPCC_1,23,0.4066713967022371,XGBoost
0_MFCC_4,24,0.4057522236440952,XGBoost
0_LPCC_6,25,0.4034163137242197,XGBoost
0_Median,26,0.3654905277547735,XGBoost
0_MFCC_9,27,0.3274107623849064,XGBoost
0_LPCC_5,28,0.3130993118582912,XGBoost
0_MFCC_0,29,0.2594784902220282,XGBoost
0_ECDF Percentile_0,30,0.232358480669558,XGBoost
0_Mean,31,0.2028236307636524,XGBoost
0_Zero crossing rate,32,0.1647457065224647,XGBoost
0_Median absolute diff,33,0.1586148602594931,XGBoost
0_Maximum frequency,34,0.145829544513983,XGBoost
0_MFCC_8,35,0.1457408285868665,XGBoost
0_Spectral decrease,36,0.1406397176302348,XGBoost
0_Neighbourhood peaks,37,0.1379739961882433,XGBoost
0_Negative turning points,38,0.0800353952425221,XGBoost
0_Median diff,39,0.0431877112140258,XGBoost
0_Median frequency,40,0.0284565823992093,XGBoost
0_Power bandwidth,41,0.0,XGBoost
0_Spectral roll-on,42,0.0,XGBoost
0_Peak to peak distance,1,9.42765509952488,SVR
0_LPCC_0,2,8.45546006296467,SVR
0_Interquartile range,3,8.314589634931753,SVR
0_Spectral entropy,4,8.244801709116313,SVR
0_Wavelet absolute mean_27777777.78Hz,5,8.163313701050223,SVR
0_Spectral decrease,6,8.160510728985344,SVR
0_Spectral variation,7,7.890729930296708,SVR
0_Median,8,7.617617628490018,SVR
0_ECDF Percentile_0,9,6.050256939500431,SVR
0_Absolute energy,10,5.640264143612647,SVR
0_Mean diff,11,4.960791243759644,SVR
0_Max,12,3.275032120028865,SVR
0_Wavelet absolute mean_125000000.0Hz,13,3.015198383136079,SVR
0_Slope,14,2.883720307062335,SVR
0_MFCC_11,15,2.4056885095840994,SVR
0_Autocorrelation,16,1.9279205565171749,SVR
0_MFCC_5,17,1.7312469384334213,SVR
0_Maximum frequency,18,1.2016865318557102,SVR
0_MFCC_9,19,1.1036531505626843,SVR
0_Mean,20,1.013161527466202,SVR
0_Wavelet entropy,21,0.5824595230903508,SVR
0_ECDF Percentile_1,22,0.5174383031965073,SVR
0_MFCC_10,23,0.4866871835898479,SVR
0_Wavelet energy_125000000.0Hz,24,0.1670563830623799,SVR
0_Median absolute diff,25,0.0804503724219341,SVR
0_MFCC_8,26,0.0550080890887439,SVR
0_MFCC_0,27,0.035217505154154,SVR
0_Histogram mode,28,0.0,SVR
0_Entropy,29,0.0,SVR
0_Fundamental frequency,30,0.0,SVR
0_LPCC_1,31,0.0,SVR
0_LPCC_6,32,0.0,SVR
0_LPCC_5,33,0.0,SVR
0_MFCC_4,34,0.0,SVR
0_Median diff,35,0.0,SVR
0_Median frequency,36,0.0,SVR
0_Negative turning points,37,0.0,SVR
0_Neighbourhood peaks,38,0.0,SVR
0_Power bandwidth,39,0.0,SVR
0_Spectral roll-on,40,0.0,SVR
0_Spectral positive turning points,41,0.0,SVR
0_Zero crossing rate,42,0.0,SVR
0_Peak to peak distance,1,18.25435223567964,Random Forest
0_Spectral entropy,2,8.059094626467832,Random Forest
0_Autocorrelation,3,6.252069491157807,Random Forest
0_Absolute energy,4,5.297342536480352,Random Forest
0_Interquartile range,5,4.660345528000779,Random Forest
0_Spectral variation,6,4.466284878116969,Random Forest
0_Entropy,7,4.09120854165107,Random Forest
0_Wavelet energy_125000000.0Hz,8,3.908964285180501,Random Forest
0_ECDF Percentile_0,9,2.9161369470696896,Random Forest
0_Histogram mode,10,2.6556126357410106,Random Forest
0_Wavelet absolute mean_125000000.0Hz,11,2.434710408083039,Random Forest
0_Wavelet absolute mean_27777777.78Hz,12,1.633836450495323,Random Forest
0_MFCC_11,13,1.340430612374594,Random Forest
0_LPCC_0,14,1.1063970610090843,Random Forest
0_Slope,15,0.9666000422815484,Random Forest
0_Median frequency,16,0.9524765867738676,Random Forest
0_Fundamental frequency,17,0.9147968832929928,Random Forest
0_MFCC_8,18,0.8326800429990516,Random Forest
0_Mean diff,19,0.8079312697077167,Random Forest
0_ECDF Percentile_1,20,0.617507233972227,Random Forest
0_Spectral decrease,21,0.6117223892029996,Random Forest
0_MFCC_0,22,0.6074247202572105,Random Forest
0_MFCC_9,23,0.5868647848038624,Random Forest
0_Wavelet entropy,24,0.5564975828209271,Random Forest
0_MFCC_10,25,0.4757049909134704,Random Forest
0_Maximum frequency,26,0.4368198443403779,Random Forest
0_MFCC_5,27,0.3688576573272546,Random Forest
0_Median,28,0.3269359512448311,Random Forest
0_Max,29,0.308017625471577,Random Forest
0_LPCC_1,30,0.2730599749250958,Random Forest
0_LPCC_6,31,0.2622438873638088,Random Forest
0_Zero crossing rate,32,0.2306284487175444,Random Forest
0_MFCC_4,33,0.193241403110822,Random Forest
0_LPCC_5,34,0.1740830440643865,Random Forest
0_Mean,35,0.1728016086261098,Random Forest
0_Spectral roll-on,36,0.1279103447988629,Random Forest
0_Spectral positive turning points,37,0.0838464976377785,Random Forest
0_Negative turning points,38,0.0250550550512969,Random Forest
0_Median absolute diff,39,0.0179932205473383,Random Forest
0_Power bandwidth,40,0.0097220926811297,Random Forest
0_Neighbourhood peaks,41,0.002961484377707,Random Forest
0_Median diff,42,0.0,Random Forest
0_Maximum frequency,1,195349098.06605208,Bayesian Ridge
0_Median frequency,2,2278160.727441888,Bayesian Ridge
0_Spectral roll-on,3,1252423.9461892906,Bayesian Ridge
0_Power bandwidth,4,1179219.8530339515,Bayesian Ridge
0_Fundamental frequency,5,1077637.3644841176,Bayesian Ridge
0_MFCC_4,6,1055.0641745730131,Bayesian Ridge
0_MFCC_11,7,997.252923282771,Bayesian Ridge
0_MFCC_5,8,830.3651545462315,Bayesian Ridge
0_MFCC_9,9,744.2469086134113,Bayesian Ridge
0_MFCC_8,10,201.92807525704063,Bayesian Ridge
0_MFCC_10,11,168.49052988479897,Bayesian Ridge
0_MFCC_0,12,77.84807508804842,Bayesian Ridge
0_Absolute energy,13,41.18983871574698,Bayesian Ridge
0_Autocorrelation,14,6.340621242578796,Bayesian Ridge
0_Peak to peak distance,15,5.990202538657998,Bayesian Ridge
0_Spectral positive turning points,16,3.3118700637709284,Bayesian Ridge
0_Spectral decrease,17,2.992624253430737,Bayesian Ridge
0_ECDF Percentile_1,18,2.811603674385163,Bayesian Ridge
0_ECDF Percentile_0,19,2.2152414316252336,Bayesian Ridge
0_Mean,20,1.7396032194015902,Bayesian Ridge
0_Max,21,1.6321671441607473,Bayesian Ridge
0_Zero crossing rate,22,0.8673662062908989,Bayesian Ridge
0_Median,23,0.7428644911359051,Bayesian Ridge
0_Interquartile range,24,0.7008130882426831,Bayesian Ridge
0_Spectral variation,25,0.6705386681471404,Bayesian Ridge
0_Negative turning points,26,0.3884278101738032,Bayesian Ridge
0_Wavelet absolute mean_27777777.78Hz,27,0.2849711937092924,Bayesian Ridge
0_Histogram mode,28,0.1794866322305188,Bayesian Ridge
0_LPCC_0,29,0.1307612787226277,Bayesian Ridge
0_Neighbourhood peaks,30,0.1056661764362575,Bayesian Ridge
0_LPCC_1,31,0.0690048918531918,Bayesian Ridge
0_Entropy,32,0.061081756656571,Bayesian Ridge
0_Spectral entropy,33,0.0472493407134706,Bayesian Ridge
0_Wavelet energy_125000000.0Hz,34,0.0444215444357804,Bayesian Ridge
0_LPCC_5,35,0.0220078630295476,Bayesian Ridge
0_LPCC_6,36,0.0119189547894507,Bayesian Ridge
0_Wavelet entropy,37,0.0115899044479194,Bayesian Ridge
0_Slope,38,0.0102958287021446,Bayesian Ridge
0_Mean diff,39,0.0045421497054065,Bayesian Ridge
0_Median absolute diff,40,0.0024066992756048,Bayesian Ridge
0_Wavelet absolute mean_125000000.0Hz,41,0.0004160907080481,Bayesian Ridge
0_Median diff,42,0.0,Bayesian Ridge
0_Peak to peak distance,1,35.90620129771525,XGBoost
0_Spectral entropy,2,17.21697479867433,XGBoost
0_Autocorrelation,3,9.896964471491549,XGBoost
0_Spectral variation,4,3.7385270191970896,XGBoost
0_Absolute energy,5,3.652582044045752,XGBoost
0_Interquartile range,6,3.2596128941650737,XGBoost
0_Mean diff,7,2.690178952413859,XGBoost
0_Entropy,8,2.6652563825151425,XGBoost
0_Fundamental frequency,9,1.0448809815829,XGBoost
0_Wavelet absolute mean_125000000.0Hz,10,0.9646753830871856,XGBoost
0_Histogram mode,11,0.9604445861697196,XGBoost
0_Max,12,0.8490992757868955,XGBoost
0_Wavelet energy_125000000.0Hz,13,0.7553326130366573,XGBoost
0_MFCC_10,14,0.7488679060248038,XGBoost
0_Slope,15,0.7344892320118844,XGBoost
0_MFCC_9,16,0.7233968844725439,XGBoost
0_MFCC_11,17,0.6921192702742914,XGBoost
0_MFCC_8,18,0.6307178382235269,XGBoost
0_Wavelet absolute mean_27777777.78Hz,19,0.5020511495603872,XGBoost
0_MFCC_5,20,0.4507027585484088,XGBoost
0_LPCC_0,21,0.4428959364929546,XGBoost
0_Wavelet entropy,22,0.4338344705011696,XGBoost
0_LPCC_1,23,0.3823359876497338,XGBoost
0_Spectral positive turning points,24,0.3355151347463952,XGBoost
0_ECDF Percentile_1,25,0.3095318737320603,XGBoost
0_LPCC_6,26,0.2962578540689934,XGBoost
0_MFCC_4,27,0.2882825924047579,XGBoost
0_LPCC_5,28,0.2714069779389848,XGBoost
0_Spectral decrease,29,0.2631712476997326,XGBoost
0_Negative turning points,30,0.2527352968511483,XGBoost
0_ECDF Percentile_0,31,0.2342160289846361,XGBoost
0_Median,32,0.2320633270769691,XGBoost
0_Maximum frequency,33,0.2208419741720737,XGBoost
0_MFCC_0,34,0.1920935336644451,XGBoost
0_Neighbourhood peaks,35,0.1521217997812356,XGBoost
0_Median absolute diff,36,0.1484185789644718,XGBoost
0_Mean,37,0.0828152261734008,XGBoost
0_Median frequency,38,0.0324153931220372,XGBoost
0_Zero crossing rate,39,0.0297446923851966,XGBoost
0_Median diff,40,0.0,XGBoost
0_Power bandwidth,41,0.0,XGBoost
0_Spectral roll-on,42,0.0,XGBoost
0_Spectral decrease,1,12.773506368043352,SVR
0_Peak to peak distance,2,9.768155721773446,SVR
0_Spectral variation,3,9.64681471772023,SVR
0_ECDF Percentile_0,4,9.246912089060045,SVR
0_LPCC_0,5,8.168284097375047,SVR
0_Wavelet absolute mean_27777777.78Hz,6,7.938624364861771,SVR
0_Interquartile range,7,7.575922204918076,SVR
0_Spectral entropy,8,7.387817919342702,SVR
0_Mean diff,9,7.335221640292826,SVR
0_Median,10,6.462175237366637,SVR
0_Absolute energy,11,6.437098110718875,SVR
0_MFCC_11,12,4.817291261298651,SVR
0_Max,13,4.219229998844347,SVR
0_Wavelet absolute mean_125000000.0Hz,14,4.010273485555826,SVR
0_Slope,15,1.9667198525323752,SVR
0_Mean,16,1.7084179469190552,SVR
0_Autocorrelation,17,1.623812044126949,SVR
0_MFCC_5,18,1.557266144508913,SVR
0_MFCC_9,19,0.6515715706397518,SVR
0_Wavelet entropy,20,0.4034992085736977,SVR
0_MFCC_0,21,0.3868086992393691,SVR
0_LPCC_1,22,0.3703522354234701,SVR
0_Maximum frequency,23,0.2635841203494689,SVR
0_Wavelet energy_125000000.0Hz,24,0.1439903295722216,SVR
0_Spectral roll-on,25,0.1242153669021602,SVR
0_LPCC_5,26,0.0731112634183362,SVR
0_MFCC_8,27,0.0668868401383962,SVR
0_LPCC_6,28,0.0437600810975621,SVR
0_MFCC_10,29,0.0227691552727454,SVR
0_ECDF Percentile_1,30,0.0210797323221111,SVR
0_Histogram mode,31,0.0,SVR
0_Fundamental frequency,32,0.0,SVR
0_Entropy,33,0.0,SVR
0_MFCC_4,34,0.0,SVR
0_Median diff,35,0.0,SVR
0_Median absolute diff,36,0.0,SVR
0_Negative turning points,37,0.0,SVR
0_Neighbourhood peaks,38,0.0,SVR
0_Power bandwidth,39,0.0,SVR
0_Median frequency,40,0.0,SVR
0_Spectral positive turning points,41,0.0,SVR
0_Zero crossing rate,42,0.0,SVR
0_Peak to peak distance,1,15.145383532843807,Random Forest
0_Absolute energy,2,8.132690626148102,Random Forest
0_Spectral entropy,3,7.755533007730247,Random Forest
0_Autocorrelation,4,5.87311859295837,Random Forest
0_Spectral variation,5,5.057160023732065,Random Forest
0_Entropy,6,4.530269902841265,Random Forest
0_Interquartile range,7,4.357510024785002,Random Forest
0_Wavelet energy_125000000.0Hz,8,3.751751547743104,Random Forest
0_Histogram mode,9,2.996715483493544,Random Forest
0_Wavelet absolute mean_125000000.0Hz,10,2.5726358435803416,Random Forest
0_ECDF Percentile_0,11,2.4508119107482327,Random Forest
0_MFCC_11,12,2.0632230420134023,Random Forest
0_LPCC_0,13,1.5369780156149215,Random Forest
0_Slope,14,1.2225868230686527,Random Forest
0_Wavelet absolute mean_27777777.78Hz,15,1.0760537888943065,Random Forest
0_ECDF Percentile_1,16,0.9239081961194522,Random Forest
0_Fundamental frequency,17,0.8906559457358747,Random Forest
0_MFCC_8,18,0.8831136271144732,Random Forest
0_Mean diff,19,0.834998462675046,Random Forest
0_MFCC_9,20,0.7548517816655338,Random Forest
0_MFCC_0,21,0.7248126657610449,Random Forest
0_Median frequency,22,0.6611646699344425,Random Forest
0_MFCC_10,23,0.6345674632787238,Random Forest
0_Spectral decrease,24,0.6187301852456835,Random Forest
0_Wavelet entropy,25,0.5544585678141255,Random Forest
0_Median,26,0.5093134103347239,Random Forest
0_Max,27,0.3898151807314716,Random Forest
0_MFCC_5,28,0.3539644074945867,Random Forest
0_Zero crossing rate,29,0.3250648661219204,Random Forest
0_Maximum frequency,30,0.2636509217999875,Random Forest
0_Mean,31,0.2619505208558868,Random Forest
0_LPCC_1,32,0.2296098066287813,Random Forest
0_LPCC_5,33,0.20575888583047,Random Forest
0_LPCC_6,34,0.1986983685964485,Random Forest
0_MFCC_4,35,0.1837052687643096,Random Forest
0_Power bandwidth,36,0.1253299510767062,Random Forest
0_Spectral positive turning points,37,0.0778219956530103,Random Forest
0_Negative turning points,38,0.0536369536691655,Random Forest
0_Median absolute diff,39,0.015262100315156,Random Forest
0_Spectral roll-on,40,0.0141201712429523,Random Forest
0_Neighbourhood peaks,41,0.0034450355353144,Random Forest
0_Median diff,42,0.0,Random Forest
0_Maximum frequency,1,43535150.04858746,Bayesian Ridge
0_Median frequency,2,5883419.102173045,Bayesian Ridge
0_Power bandwidth,3,1976872.2742515577,Bayesian Ridge
0_Spectral roll-on,4,1512863.0986143176,Bayesian Ridge
0_Fundamental frequency,5,927177.422861435,Bayesian Ridge
0_MFCC_11,6,1646.400833264007,Bayesian Ridge
0_MFCC_4,7,1442.6988587707106,Bayesian Ridge
0_MFCC_9,8,1091.9135802005185,Bayesian Ridge
0_MFCC_5,9,841.5126285036654,Bayesian Ridge
0_MFCC_8,10,514.0243394792166,Bayesian Ridge
0_MFCC_0,11,219.00378817422413,Bayesian Ridge
0_MFCC_10,12,81.86749884462645,Bayesian Ridge
0_Absolute energy,13,24.171779662277583,Bayesian Ridge
0_Spectral decrease,14,6.957329151784848,Bayesian Ridge
0_Peak to peak distance,15,6.916053460970589,Bayesian Ridge
0_Autocorrelation,16,6.830127711266391,Bayesian Ridge
0_ECDF Percentile_0,17,3.0265791572574727,Bayesian Ridge
0_Spectral positive turning points,18,2.783762084011228,Bayesian Ridge
0_ECDF Percentile_1,19,2.7655928678729,Bayesian Ridge
0_Max,20,2.359863639690212,Bayesian Ridge
0_Mean,21,1.6653462053315806,Bayesian Ridge
0_Median,22,1.050485133062807,Bayesian Ridge
0_Zero crossing rate,23,0.8699560185158727,Bayesian Ridge
0_Interquartile range,24,0.649006528871136,Bayesian Ridge
0_Negative turning points,25,0.3418904767558515,Bayesian Ridge
0_Spectral variation,26,0.2634782500167118,Bayesian Ridge
0_Wavelet absolute mean_27777777.78Hz,27,0.2341365229991522,Bayesian Ridge
0_Histogram mode,28,0.1416034206300969,Bayesian Ridge
0_Spectral entropy,29,0.131812547622802,Bayesian Ridge
0_LPCC_0,30,0.0980253926614258,Bayesian Ridge
0_Entropy,31,0.0972503025633343,Bayesian Ridge
0_Wavelet energy_125000000.0Hz,32,0.0579053271843491,Bayesian Ridge
0_LPCC_5,33,0.0392722046174314,Bayesian Ridge
0_Wavelet entropy,34,0.0230854720705713,Bayesian Ridge
0_LPCC_1,35,0.0140197181115954,Bayesian Ridge
0_Neighbourhood peaks,36,0.0140138396507986,Bayesian Ridge
0_Slope,37,0.0092517495490541,Bayesian Ridge
0_Mean diff,38,0.0083416773454246,Bayesian Ridge
0_Wavelet absolute mean_125000000.0Hz,39,0.0047854726341455,Bayesian Ridge
0_LPCC_6,40,0.0032746803244908,Bayesian Ridge
0_Median absolute diff,41,0.0004594845315353,Bayesian Ridge
0_Median diff,42,0.0,Bayesian Ridge
0_Peak to peak distance,1,39.998858751373,XGBoost
0_Spectral entropy,2,18.48661640094165,XGBoost
0_Autocorrelation,3,11.826196185486266,XGBoost
0_Interquartile range,4,4.223283368256872,XGBoost
0_Spectral variation,5,2.350439225738619,XGBoost
0_Entropy,6,2.2512491575563947,XGBoost
0_Histogram mode,7,1.7884068035743352,XGBoost
0_LPCC_0,8,1.5358145701360264,XGBoost
0_Max,9,1.4603256946453205,XGBoost
0_Mean diff,10,1.2775620921928437,XGBoost
0_Wavelet energy_125000000.0Hz,11,1.2665553997805652,XGBoost
0_MFCC_9,12,0.9554041661515212,XGBoost
0_Absolute energy,13,0.938322689761656,XGBoost
0_LPCC_6,14,0.9308737809228708,XGBoost
0_MFCC_4,15,0.6765410473054896,XGBoost
0_MFCC_11,16,0.64128994141443,XGBoost
0_Fundamental frequency,17,0.6234359658698243,XGBoost
0_Spectral positive turning points,18,0.6230457595031089,XGBoost
0_Wavelet absolute mean_27777777.78Hz,19,0.5864352277083946,XGBoost
0_Slope,20,0.5681874895347128,XGBoost
0_MFCC_10,21,0.5527224648449569,XGBoost
0_Wavelet entropy,22,0.5424272842054563,XGBoost
0_Wavelet absolute mean_125000000.0Hz,23,0.4865662245669401,XGBoost
0_LPCC_5,24,0.4237687663218006,XGBoost
0_Maximum frequency,25,0.3906002607164205,XGBoost
0_MFCC_0,26,0.3694803921345623,XGBoost
0_Median,27,0.3644941102600966,XGBoost
0_Spectral decrease,28,0.3585863152123367,XGBoost
0_LPCC_1,29,0.3410679288938643,XGBoost
0_MFCC_8,30,0.2191953172866255,XGBoost
0_Mean,31,0.2067845004098179,XGBoost
0_MFCC_5,32,0.153518153869609,XGBoost
0_Median absolute diff,33,0.1343877790659665,XGBoost
0_Zero crossing rate,34,0.1102253542161236,XGBoost
0_Neighbourhood peaks,35,0.0768201473861932,XGBoost
0_Negative turning points,36,0.0711859163398543,XGBoost
0_ECDF Percentile_0,37,0.0692302262189487,XGBoost
0_ECDF Percentile_1,38,0.0681774127557873,XGBoost
0_Median diff,39,0.0,XGBoost
0_Median frequency,40,0.0,XGBoost
0_Power bandwidth,41,0.0,XGBoost
0_Spectral roll-on,42,0.0,XGBoost
0_Spectral entropy,1,11.566640052761253,SVR
0_Peak to peak distance,2,11.405341607161942,SVR
0_ECDF Percentile_0,3,8.573819000259581,SVR
0_Median,4,8.403068286962492,SVR
0_Spectral decrease,5,8.365848791858003,SVR
0_LPCC_0,6,7.93853667449331,SVR
0_Mean diff,7,7.82845995032115,SVR
0_Spectral variation,8,7.316757753054094,SVR
0_Wavelet absolute mean_27777777.78Hz,9,7.062258510017118,SVR
0_Absolute energy,10,6.409467328427567,SVR
0_Interquartile range,11,6.1232033290133066,SVR
0_Slope,12,4.716245484238303,SVR
0_Max,13,4.610160264234175,SVR
0_MFCC_11,14,3.334511373843336,SVR
0_Wavelet absolute mean_125000000.0Hz,15,2.7754313212964714,SVR
0_Mean,16,1.3349775524882754,SVR
0_Wavelet energy_125000000.0Hz,17,1.168769280802218,SVR
0_Autocorrelation,18,1.1306934307825276,SVR
0_MFCC_5,19,0.7000718663079848,SVR
0_Maximum frequency,20,0.6245368151994224,SVR
0_MFCC_9,21,0.5551881917256012,SVR
0_MFCC_10,22,0.5376523841369729,SVR
0_Median diff,23,0.2150904018922458,SVR
0_LPCC_5,24,0.2080253747561938,SVR
0_Wavelet entropy,25,0.0902925038050662,SVR
0_MFCC_4,26,0.0284931725679164,SVR
0_ECDF Percentile_1,27,0.0148655561274038,SVR
0_Histogram mode,28,0.0,SVR
0_Entropy,29,0.0,SVR
0_Fundamental frequency,30,0.0,SVR
0_LPCC_1,31,0.0,SVR
0_LPCC_6,32,0.0,SVR
0_MFCC_0,33,0.0,SVR
0_MFCC_8,34,0.0,SVR
0_Median absolute diff,35,0.0,SVR
0_Median frequency,36,0.0,SVR
0_Negative turning points,37,0.0,SVR
0_Neighbourhood peaks,38,0.0,SVR
0_Power bandwidth,39,0.0,SVR
0_Spectral roll-on,40,0.0,SVR
0_Spectral positive turning points,41,0.0,SVR
0_Zero crossing rate,42,0.0,SVR
0_Peak to peak distance,1,15.219932789328311,Random Forest
0_Spectral entropy,2,9.276522067969433,Random Forest
0_Absolute energy,3,7.092451834614415,Random Forest
0_Spectral variation,4,6.214303506322406,Random Forest
0_Autocorrelation,5,5.333263086196471,Random Forest
0_Entropy,6,4.286612870560385,Random Forest
0_Interquartile range,7,4.024645957978738,Random Forest
0_Wavelet energy_125000000.0Hz,8,2.994948565815528,Random Forest
0_Wavelet absolute mean_125000000.0Hz,9,2.55115444682388,Random Forest
0_Histogram mode,10,2.141574626807325,Random Forest
0_MFCC_11,11,2.1387957187686264,Random Forest
0_ECDF Percentile_0,12,2.044762184423534,Random Forest
0_Slope,13,1.2728875269616018,Random Forest
0_LPCC_0,14,1.2611030438965494,Random Forest
0_Fundamental frequency,15,1.0798704500726732,Random Forest
0_Mean diff,16,1.0685693627745223,Random Forest
0_MFCC_9,17,0.9044138328251118,Random Forest
0_MFCC_0,18,0.7795129018791639,Random Forest
0_Wavelet absolute mean_27777777.78Hz,19,0.7490738719260784,Random Forest
0_Wavelet entropy,20,0.738916158914442,Random Forest
0_Median frequency,21,0.6780967223869326,Random Forest
0_ECDF Percentile_1,22,0.6704959276632094,Random Forest
0_MFCC_8,23,0.6506834459338879,Random Forest
0_MFCC_10,24,0.4763472724233599,Random Forest
0_Maximum frequency,25,0.3872291361060304,Random Forest
0_Spectral decrease,26,0.3819879309046082,Random Forest
0_Zero crossing rate,27,0.3775478067579368,Random Forest
0_Median,28,0.3588444704159163,Random Forest
0_MFCC_5,29,0.3523298907399487,Random Forest
0_Max,30,0.295319441756156,Random Forest
0_LPCC_5,31,0.2891140702443973,Random Forest
0_LPCC_6,32,0.2656485512049014,Random Forest
0_LPCC_1,33,0.1855827339329524,Random Forest
0_MFCC_4,34,0.1670673660301836,Random Forest
0_Spectral positive turning points,35,0.1555730109988012,Random Forest
0_Mean,36,0.1086544160393532,Random Forest
0_Negative turning points,37,0.0975344877885654,Random Forest
0_Median absolute diff,38,0.0802549927271902,Random Forest
0_Power bandwidth,39,0.0154075824305415,Random Forest
0_Neighbourhood peaks,40,0.0051122863462505,Random Forest
0_Spectral roll-on,41,0.0037280293345451,Random Forest
0_Median diff,42,0.0,Random Forest
0_Maximum frequency,1,87193482.83783436,Bayesian Ridge
0_Fundamental frequency,2,3668323.710739208,Bayesian Ridge
0_Median frequency,3,2416905.328219328,Bayesian Ridge
0_Spectral roll-on,4,1005095.0232464104,Bayesian Ridge
0_Power bandwidth,5,593761.9522298585,Bayesian Ridge
0_MFCC_11,6,1439.0087715761824,Bayesian Ridge
0_MFCC_4,7,1309.4611637081953,Bayesian Ridge
0_MFCC_9,8,1062.66775940695,Bayesian Ridge
0_MFCC_5,9,1033.0264308884457,Bayesian Ridge
0_MFCC_8,10,365.6157849507695,Bayesian Ridge
0_MFCC_0,11,264.29045115137507,Bayesian Ridge
0_MFCC_10,12,118.72277952420684,Bayesian Ridge
0_Spectral positive turning points,13,7.604193811242745,Bayesian Ridge
0_Absolute energy,14,7.124646943902138,Bayesian Ridge
0_Peak to peak distance,15,6.208010060578003,Bayesian Ridge
0_Spectral decrease,16,6.113160450613518,Bayesian Ridge
0_Autocorrelation,17,6.004534896143445,Bayesian Ridge
0_ECDF Percentile_0,18,3.119625732849032,Bayesian Ridge
0_Max,19,2.09692251987761,Bayesian Ridge
0_ECDF Percentile_1,20,1.943315453303808,Bayesian Ridge
0_Mean,21,1.7993551415077866,Bayesian Ridge
0_Interquartile range,22,1.0386071932827312,Bayesian Ridge
0_Median,23,0.9737406647060118,Bayesian Ridge
0_Zero crossing rate,24,0.6838495726669905,Bayesian Ridge
0_Negative turning points,25,0.3396372312916445,Bayesian Ridge
0_Spectral variation,26,0.2168415972972866,Bayesian Ridge
0_Wavelet absolute mean_27777777.78Hz,27,0.1891698971049283,Bayesian Ridge
0_Spectral entropy,28,0.1313897292477297,Bayesian Ridge
0_Entropy,29,0.1077614469805787,Bayesian Ridge
0_Neighbourhood peaks,30,0.0929764984233004,Bayesian Ridge
0_Histogram mode,31,0.0778723531311408,Bayesian Ridge
0_LPCC_0,32,0.0777665718748974,Bayesian Ridge
0_Wavelet energy_125000000.0Hz,33,0.0372384052540349,Bayesian Ridge
0_LPCC_1,34,0.0272492822260346,Bayesian Ridge
0_Wavelet entropy,35,0.0241059347999979,Bayesian Ridge
0_LPCC_5,36,0.0154945918859916,Bayesian Ridge
0_Slope,37,0.0107535358519837,Bayesian Ridge
0_Mean diff,38,0.007780911663601,Bayesian Ridge
0_Wavelet absolute mean_125000000.0Hz,39,0.0039179471899873,Bayesian Ridge
0_LPCC_6,40,0.0036986495641748,Bayesian Ridge
0_Median absolute diff,41,0.0003056078359943,Bayesian Ridge
0_Median diff,42,0.0002726528170152,Bayesian Ridge
0_Peak to peak distance,1,31.76955689342916,XGBoost
0_Spectral entropy,2,20.069160324496547,XGBoost
0_Autocorrelation,3,12.195246575322498,XGBoost
0_Entropy,4,4.380748684864741,XGBoost
0_Absolute energy,5,3.395283788682334,XGBoost
0_Spectral variation,6,2.3464936533253646,XGBoost
0_Mean diff,7,2.057819980397448,XGBoost
0_Interquartile range,8,1.396206429326286,XGBoost
0_Slope,9,1.3813570601941394,XGBoost
0_LPCC_0,10,1.2206286439034473,XGBoost
0_MFCC_5,11,0.9527448160234844,XGBoost
0_Histogram mode,12,0.7082400800449771,XGBoost
0_Wavelet absolute mean_125000000.0Hz,13,0.6957887106862616,XGBoost
0_Max,14,0.6930077759402493,XGBoost
0_MFCC_8,15,0.6526118952623258,XGBoost
0_Wavelet energy_125000000.0Hz,16,0.6506079997380575,XGBoost
0_MFCC_11,17,0.5360747584721693,XGBoost
0_Wavelet entropy,18,0.5054773425902861,XGBoost
0_Fundamental frequency,19,0.4977732694869239,XGBoost
0_MFCC_10,20,0.4041901294241969,XGBoost
0_LPCC_5,21,0.3756741503706823,XGBoost
0_MFCC_4,22,0.357811708332474,XGBoost
0_Spectral decrease,23,0.3504227994545672,XGBoost
0_Zero crossing rate,24,0.3421434091423329,XGBoost
0_ECDF Percentile_0,25,0.341905122285274,XGBoost
0_Spectral positive turning points,26,0.3088698153115498,XGBoost
0_LPCC_1,27,0.2878052470006049,XGBoost
0_MFCC_9,28,0.2714904693302388,XGBoost
0_MFCC_0,29,0.2406688843652606,XGBoost
0_Median,30,0.2176139444906885,XGBoost
0_LPCC_6,31,0.1922067915699133,XGBoost
0_Maximum frequency,32,0.1599034043119754,XGBoost
0_Wavelet absolute mean_27777777.78Hz,33,0.1586889840427165,XGBoost
0_Negative turning points,34,0.1372712656847512,XGBoost
0_Mean,35,0.1130437193589905,XGBoost
0_ECDF Percentile_1,36,0.1022903759038696,XGBoost
0_Median frequency,37,0.0597043725825846,XGBoost
0_Neighbourhood peaks,38,0.0474001134363313,XGBoost
0_Median absolute diff,39,0.040083907520771,XGBoost
0_Median diff,40,0.0039325769742329,XGBoost
0_Power bandwidth,41,0.0,XGBoost
0_Spectral roll-on,42,0.0,XGBoost
0_Peak to peak distance,1,10.716409964457984,SVR
0_Spectral entropy,2,10.3105964117881,SVR
0_Interquartile range,3,10.11361829037596,SVR
0_ECDF Percentile_0,4,8.523591643626668,SVR
0_Absolute energy,5,8.182534685078672,SVR
0_Spectral variation,6,7.268624221519047,SVR
0_Mean diff,7,6.16434880241596,SVR
0_Spectral decrease,8,6.121987498422253,SVR
0_Wavelet absolute mean_27777777.78Hz,9,5.729468039019095,SVR
0_LPCC_0,10,5.554119486679587,SVR
0_Median,11,4.935907111460526,SVR
0_Wavelet absolute mean_125000000.0Hz,12,2.3992643899320583,SVR
0_Slope,13,2.3045297276778927,SVR
0_MFCC_11,14,2.2268298412994536,SVR
0_Autocorrelation,15,2.163815525409492,SVR
0_Max,16,1.594146153816003,SVR
0_MFCC_5,17,1.2923424575358573,SVR
0_ECDF Percentile_1,18,1.017050801207051,SVR
0_MFCC_9,19,0.7836135134492126,SVR
0_Wavelet energy_125000000.0Hz,20,0.6104079786865488,SVR
0_MFCC_10,21,0.5301324283926822,SVR
0_Wavelet entropy,22,0.4021142971948909,SVR
0_Maximum frequency,23,0.3650706946676533,SVR
0_Mean,24,0.3338532838172591,SVR
0_MFCC_8,25,0.2652496852261748,SVR
0_MFCC_0,26,0.0391637392575198,SVR
0_Power bandwidth,27,0.0352382682593429,SVR
0_Negative turning points,28,0.0251588082548028,SVR
0_Entropy,29,0.0,SVR
0_Fundamental frequency,30,0.0,SVR
0_LPCC_1,31,0.0,SVR
0_Histogram mode,32,0.0,SVR
0_LPCC_6,33,0.0,SVR
0_MFCC_4,34,0.0,SVR
0_Median diff,35,0.0,SVR
0_Median absolute diff,36,0.0,SVR
0_LPCC_5,37,0.0,SVR
0_Neighbourhood peaks,38,0.0,SVR
0_Median frequency,39,0.0,SVR
0_Spectral roll-on,40,0.0,SVR
0_Spectral positive turning points,41,0.0,SVR
0_Zero crossing rate,42,0.0,SVR
0_Peak to peak distance,1,16.39946262355967,Random Forest
0_Spectral entropy,2,7.297477895722484,Random Forest
0_Absolute energy,3,7.167642838838286,Random Forest
0_Autocorrelation,4,5.653158079637975,Random Forest
0_Spectral variation,5,5.379751101236637,Random Forest
0_Interquartile range,6,4.888338598351412,Random Forest
0_Entropy,7,4.804621398365157,Random Forest
0_Wavelet energy_125000000.0Hz,8,3.259782025453512,Random Forest
0_ECDF Percentile_0,9,2.942005757489824,Random Forest
0_Histogram mode,10,2.584702889023625,Random Forest
0_MFCC_11,11,1.93779064373114,Random Forest
0_Wavelet absolute mean_125000000.0Hz,12,1.832241230160797,Random Forest
0_Wavelet absolute mean_27777777.78Hz,13,1.34005010313117,Random Forest
0_LPCC_0,14,1.333416653861773,Random Forest
0_MFCC_0,15,1.0281209427438915,Random Forest
0_Slope,16,1.012421415736084,Random Forest
0_Fundamental frequency,17,1.0083489973631532,Random Forest
0_ECDF Percentile_1,18,0.9798093301799766,Random Forest
0_Mean diff,19,0.9742897826880836,Random Forest
0_MFCC_9,20,0.8657333798869122,Random Forest
0_Wavelet entropy,21,0.8168547498349411,Random Forest
0_Median frequency,22,0.8013241863683487,Random Forest
0_MFCC_8,23,0.7116924464568885,Random Forest
0_Median,24,0.5018909268104625,Random Forest
0_MFCC_5,25,0.5015082516153886,Random Forest
0_MFCC_10,26,0.4988461565154216,Random Forest
0_Zero crossing rate,27,0.4403709246992754,Random Forest
0_Max,28,0.4287765277348846,Random Forest
0_Spectral decrease,29,0.371875675595094,Random Forest
0_Maximum frequency,30,0.3572823520939563,Random Forest
0_LPCC_5,31,0.2687747816467269,Random Forest
0_LPCC_6,32,0.2429695922059318,Random Forest
0_LPCC_1,33,0.2352173013859428,Random Forest
0_MFCC_4,34,0.1581451907800394,Random Forest
0_Mean,35,0.1117226217232799,Random Forest
0_Spectral positive turning points,36,0.0779551283689992,Random Forest
0_Median absolute diff,37,0.0426270382111581,Random Forest
0_Negative turning points,38,0.0397298562922515,Random Forest
0_Neighbourhood peaks,39,0.018682853421724,Random Forest
0_Spectral roll-on,40,0.0184327798611794,Random Forest
0_Power bandwidth,41,0.005941195071116,Random Forest
0_Median diff,42,0.0,Random Forest
0_Maximum frequency,1,29072719.875887465,Bayesian Ridge
0_Median frequency,2,4253134.524367472,Bayesian Ridge
0_Fundamental frequency,3,3542743.2000861475,Bayesian Ridge
0_Spectral roll-on,4,1260685.479643058,Bayesian Ridge
0_Power bandwidth,5,1232334.1950426027,Bayesian Ridge
0_MFCC_11,6,1464.7247625545378,Bayesian Ridge
0_MFCC_5,7,1367.931097644734,Bayesian Ridge
0_MFCC_4,8,1332.0172775552344,Bayesian Ridge
0_MFCC_9,9,1077.0921272095286,Bayesian Ridge
0_MFCC_0,10,325.57259418276794,Bayesian Ridge
0_MFCC_8,11,247.89710988227137,Bayesian Ridge
0_MFCC_10,12,115.72352202699764,Bayesian Ridge
0_Absolute energy,13,86.52380991053401,Bayesian Ridge
0_Peak to peak distance,14,7.854368230064543,Bayesian Ridge
0_Autocorrelation,15,5.808035061137204,Bayesian Ridge
0_Spectral decrease,16,4.9843598134400375,Bayesian Ridge
0_Spectral positive turning points,17,4.126228019380739,Bayesian Ridge
0_ECDF Percentile_0,18,3.673702621985933,Bayesian Ridge
0_ECDF Percentile_1,19,3.373481699158156,Bayesian Ridge
0_Max,20,2.3034188611722546,Bayesian Ridge
0_Mean,21,1.713926902101033,Bayesian Ridge
0_Interquartile range,22,1.1617815135506313,Bayesian Ridge
0_Median,23,0.98587451737353,Bayesian Ridge
0_Zero crossing rate,24,0.9047887882544764,Bayesian Ridge
0_Negative turning points,25,0.3191440779742599,Bayesian Ridge
0_Neighbourhood peaks,26,0.223094486040297,Bayesian Ridge
0_Spectral entropy,27,0.1866089801830144,Bayesian Ridge
0_Wavelet absolute mean_27777777.78Hz,28,0.1502191933340771,Bayesian Ridge
0_Spectral variation,29,0.1385401514037139,Bayesian Ridge
0_Histogram mode,30,0.1313002600176225,Bayesian Ridge
0_Entropy,31,0.1062172201461756,Bayesian Ridge
0_LPCC_0,32,0.0669913553739688,Bayesian Ridge
0_Wavelet energy_125000000.0Hz,33,0.0511641359739747,Bayesian Ridge
0_LPCC_6,34,0.0365389337584722,Bayesian Ridge
0_Wavelet entropy,35,0.0327707099946461,Bayesian Ridge
0_LPCC_1,36,0.0309405384724423,Bayesian Ridge
0_LPCC_5,37,0.0282979880240119,Bayesian Ridge
0_Wavelet absolute mean_125000000.0Hz,38,0.0087979304732794,Bayesian Ridge
0_Mean diff,39,0.0079678925435163,Bayesian Ridge
0_Slope,40,0.0076386352485114,Bayesian Ridge
0_Median absolute diff,41,0.0008502136709723,Bayesian Ridge
0_Median diff,42,0.0,Bayesian Ridge
0_Peak to peak distance,1,35.03412153151596,XGBoost
0_Spectral entropy,2,17.541039360461323,XGBoost
0_Autocorrelation,3,11.540863600651177,XGBoost
0_Interquartile range,4,4.27429886833336,XGBoost
0_Absolute energy,5,4.081558152629806,XGBoost
0_Entropy,6,3.455314199704492,XGBoost
0_Spectral variation,7,2.821053399947224,XGBoost
0_Max,8,1.4741382234563276,XGBoost
0_Wavelet energy_125000000.0Hz,9,1.371030253990864,XGBoost
0_MFCC_0,10,1.2301001386397832,XGBoost
0_MFCC_5,11,1.1677034695966484,XGBoost
0_Mean diff,12,1.118553536356054,XGBoost
0_LPCC_0,13,0.9022548865974568,XGBoost
0_Histogram mode,14,0.8617416262778761,XGBoost
0_Fundamental frequency,15,0.6196241086403528,XGBoost
0_MFCC_10,16,0.5792673229578572,XGBoost
0_MFCC_8,17,0.5659119316457458,XGBoost
0_MFCC_11,18,0.5519997251821063,XGBoost
0_ECDF Percentile_1,19,0.5267412132146458,XGBoost
0_Wavelet entropy,20,0.5244414222607389,XGBoost
0_Slope,21,0.4887591023498837,XGBoost
0_MFCC_9,22,0.446854477216738,XGBoost
0_Median,23,0.4125038403600454,XGBoost
0_Wavelet absolute mean_125000000.0Hz,24,0.3595096020513525,XGBoost
0_ECDF Percentile_0,25,0.3384594911092271,XGBoost
0_LPCC_5,26,0.2732833713846903,XGBoost
0_LPCC_6,27,0.2634803644645958,XGBoost
0_Spectral positive turning points,28,0.2562063418697565,XGBoost
0_LPCC_1,29,0.2353818343173712,XGBoost
0_Negative turning points,30,0.2242961260731021,XGBoost
0_Wavelet absolute mean_27777777.78Hz,31,0.2188784729183961,XGBoost
0_Spectral decrease,32,0.1950765326745807,XGBoost
0_MFCC_4,33,0.1822967848631244,XGBoost
0_Median absolute diff,34,0.1797640921920538,XGBoost
0_Mean,35,0.1337545527525867,XGBoost
0_Maximum frequency,36,0.1323104474298655,XGBoost
0_Zero crossing rate,37,0.1284629657939075,XGBoost
0_Median frequency,38,0.0968067848905921,XGBoost
0_Neighbourhood peaks,39,0.0693269625460107,XGBoost
0_Median diff,40,0.0,XGBoost
0_Power bandwidth,41,0.0,XGBoost
0_Spectral roll-on,42,0.0,XGBoost
0_Peak to peak distance,1,11.404332950223928,SVR
0_Spectral decrease,2,9.09467656153303,SVR
0_Absolute energy,3,8.95675163795101,SVR
0_LPCC_0,4,8.916589997427664,SVR
0_ECDF Percentile_0,5,8.56079802629577,SVR
0_Spectral variation,6,8.403139776220836,SVR
0_Interquartile range,7,7.944085735574384,SVR
0_Spectral entropy,8,7.750645472207428,SVR
0_Median,9,6.974060793255905,SVR
0_Mean diff,10,6.554494512671553,SVR
0_Wavelet absolute mean_27777777.78Hz,11,6.11665826942995,SVR
0_MFCC_11,12,4.226324325176474,SVR
0_Max,13,4.0797606148428525,SVR
0_Wavelet absolute mean_125000000.0Hz,14,2.8604689338466613,SVR
0_Slope,15,2.2431748630505552,SVR
0_Mean,16,1.3247338127880948,SVR
0_Autocorrelation,17,1.280902799908966,SVR
0_MFCC_5,18,0.7274338198235621,SVR
0_MFCC_0,19,0.6140548912697438,SVR
0_MFCC_9,20,0.4863259539788837,SVR
0_Wavelet entropy,21,0.3069921601417538,SVR
0_Maximum frequency,22,0.1861428405395437,SVR
0_MFCC_10,23,0.1630120076795677,SVR
0_Wavelet energy_125000000.0Hz,24,0.1263206370366446,SVR
0_LPCC_5,25,0.0328935847249606,SVR
0_MFCC_8,26,0.0259996966822342,SVR
0_ECDF Percentile_1,27,0.0082846103138304,SVR
0_Histogram mode,28,0.0,SVR
0_Entropy,29,0.0,SVR
0_Fundamental frequency,30,0.0,SVR
0_LPCC_1,31,0.0,SVR
0_Median absolute diff,32,0.0,SVR
0_LPCC_6,33,0.0,SVR
0_MFCC_4,34,0.0,SVR
0_Median diff,35,0.0,SVR
0_Median frequency,36,0.0,SVR
0_Negative turning points,37,0.0,SVR
0_Neighbourhood peaks,38,0.0,SVR
0_Power bandwidth,39,0.0,SVR
0_Spectral roll-on,40,0.0,SVR
0_Spectral positive turning points,41,0.0,SVR
0_Zero crossing rate,42,0.0,SVR
0_Peak to peak distance,1,15.858849060228213,Random Forest
0_Spectral entropy,2,7.607790552693439,Random Forest
0_Absolute energy,3,7.327543727203444,Random Forest
0_Autocorrelation,4,5.768986742765224,Random Forest
0_Interquartile range,5,5.3334215113069785,Random Forest
0_Entropy,6,5.158766299445259,Random Forest
0_Spectral variation,7,4.952070039319085,Random Forest
0_Wavelet energy_125000000.0Hz,8,3.231202978711753,Random Forest
0_ECDF Percentile_0,9,2.4216405350489243,Random Forest
0_Histogram mode,10,2.3200903335857013,Random Forest
0_MFCC_11,11,2.1148617741550093,Random Forest
0_Wavelet absolute mean_125000000.0Hz,12,2.035846427071645,Random Forest
0_LPCC_0,13,1.2129466041908885,Random Forest
0_Wavelet absolute mean_27777777.78Hz,14,1.0349968728011103,Random Forest
0_Fundamental frequency,15,0.9927520807761392,Random Forest
0_Slope,16,0.9418265366418828,Random Forest
0_ECDF Percentile_1,17,0.925789329541572,Random Forest
0_Mean diff,18,0.9046091747221614,Random Forest
0_MFCC_0,19,0.8850555299249434,Random Forest
0_MFCC_8,20,0.8652021026485603,Random Forest
0_MFCC_9,21,0.788126871931941,Random Forest
0_Wavelet entropy,22,0.7240245569760619,Random Forest
0_Spectral decrease,23,0.5536019684109215,Random Forest
0_MFCC_10,24,0.4914401873858879,Random Forest
0_Median,25,0.4603633114308118,Random Forest
0_MFCC_5,26,0.4524860906143209,Random Forest
0_Maximum frequency,27,0.3292327025874828,Random Forest
0_Median frequency,28,0.3208062750881227,Random Forest
0_Max,29,0.3073555725331573,Random Forest
0_LPCC_1,30,0.2841658045491824,Random Forest
0_Mean,31,0.2634988771898594,Random Forest
0_LPCC_5,32,0.2264214777484303,Random Forest
0_LPCC_6,33,0.1854599402406543,Random Forest
0_Zero crossing rate,34,0.171445486951666,Random Forest
0_MFCC_4,35,0.1365906113386814,Random Forest
0_Median absolute diff,36,0.0946983911788091,Random Forest
0_Spectral positive turning points,37,0.0748759689401097,Random Forest
0_Power bandwidth,38,0.0633655828331286,Random Forest
0_Negative turning points,39,0.0466015526906819,Random Forest
0_Spectral roll-on,40,0.0169244830265641,Random Forest
0_Neighbourhood peaks,41,0.0036853529413541,Random Forest
0_Median diff,42,0.0,Random Forest
0_Maximum frequency,1,137393369.98654932,Bayesian Ridge
0_Median frequency,2,5398096.090371937,Bayesian Ridge
0_Fundamental frequency,3,2760853.568902096,Bayesian Ridge
0_Power bandwidth,4,1769546.047132194,Bayesian Ridge
0_Spectral roll-on,5,1741583.6436924697,Bayesian Ridge
0_MFCC_4,6,1568.2632664362577,Bayesian Ridge
0_MFCC_11,7,1486.5002195610764,Bayesian Ridge
0_MFCC_9,8,1314.86255097057,Bayesian Ridge
0_MFCC_5,9,1150.7745360719316,Bayesian Ridge
0_MFCC_8,10,378.7061354657765,Bayesian Ridge
0_MFCC_0,11,285.27215715143376,Bayesian Ridge
0_MFCC_10,12,205.11051765895257,Bayesian Ridge
0_Absolute energy,13,102.55198733604084,Bayesian Ridge
0_Peak to peak distance,14,8.101505143597965,Bayesian Ridge
0_Autocorrelation,15,5.930176828822988,Bayesian Ridge
0_Spectral decrease,16,5.6927163344446905,Bayesian Ridge
0_Spectral positive turning points,17,4.33328016119105,Bayesian Ridge
0_ECDF Percentile_0,18,3.7897876352186177,Bayesian Ridge
0_ECDF Percentile_1,19,2.847573899882093,Bayesian Ridge
0_Max,20,2.0622025435935813,Bayesian Ridge
0_Mean,21,2.0085849814515964,Bayesian Ridge
0_Interquartile range,22,1.432695924091412,Bayesian Ridge
0_Zero crossing rate,23,1.4193896530614212,Bayesian Ridge
0_Median,24,0.9256908829193042,Bayesian Ridge
0_Histogram mode,25,0.3254699797154739,Bayesian Ridge
0_Spectral variation,26,0.3237049378613761,Bayesian Ridge
0_Negative turning points,27,0.2322461263368479,Bayesian Ridge
0_Neighbourhood peaks,28,0.1458637710470044,Bayesian Ridge
0_Wavelet absolute mean_27777777.78Hz,29,0.1432934348662397,Bayesian Ridge
0_LPCC_0,30,0.1147993978300258,Bayesian Ridge
0_Entropy,31,0.1128838850985368,Bayesian Ridge
0_Spectral entropy,32,0.0883328867789506,Bayesian Ridge
0_LPCC_1,33,0.0812859855695853,Bayesian Ridge
0_LPCC_5,34,0.0558352969001591,Bayesian Ridge
0_Wavelet entropy,35,0.0379834232768421,Bayesian Ridge
0_Wavelet energy_125000000.0Hz,36,0.0350632863413128,Bayesian Ridge
0_LPCC_6,37,0.0193337170839523,Bayesian Ridge
0_Mean diff,38,0.0110346108693065,Bayesian Ridge
0_Slope,39,0.0087325255054524,Bayesian Ridge
0_Wavelet absolute mean_125000000.0Hz,40,0.0059531271553661,Bayesian Ridge
0_Median absolute diff,41,0.0007171488199542,Bayesian Ridge
0_Median diff,42,0.0,Bayesian Ridge
0_Peak to peak distance,1,39.49276208005572,XGBoost
0_Spectral entropy,2,19.71479012585532,XGBoost
0_Autocorrelation,3,11.777422477364048,XGBoost
0_Interquartile range,4,3.7437259811117634,XGBoost
0_Spectral variation,5,2.617192093519587,XGBoost
0_Entropy,6,1.853355435666753,XGBoost
0_Mean diff,7,1.2604915962573762,XGBoost
0_Histogram mode,8,1.1367618215977524,XGBoost
0_MFCC_9,9,1.0525827392191938,XGBoost
0_MFCC_0,10,1.0322847351885096,XGBoost
0_Max,11,0.925219730766552,XGBoost
0_Slope,12,0.778825367501999,XGBoost
0_Wavelet absolute mean_125000000.0Hz,13,0.7257037190030485,XGBoost
0_Fundamental frequency,14,0.7192794864629708,XGBoost
0_Spectral positive turning points,15,0.7095201320797827,XGBoost
0_Wavelet energy_125000000.0Hz,16,0.6538350297843416,XGBoost
0_Absolute energy,17,0.6338181941337885,XGBoost
0_LPCC_0,18,0.5528420049884667,XGBoost
0_Wavelet entropy,19,0.5408246306894966,XGBoost
0_LPCC_6,20,0.4980566695499543,XGBoost
0_Spectral decrease,21,0.4221850357499593,XGBoost
0_Maximum frequency,22,0.4123430819496823,XGBoost
0_ECDF Percentile_0,23,0.4106934902913248,XGBoost
0_MFCC_8,24,0.3977655911530368,XGBoost
0_MFCC_10,25,0.3853585822942356,XGBoost
0_MFCC_4,26,0.3222914874862259,XGBoost
0_MFCC_5,27,0.300252754784748,XGBoost
0_Wavelet absolute mean_27777777.78Hz,28,0.2609511568949867,XGBoost
0_Neighbourhood peaks,29,0.2594420045954485,XGBoost
0_ECDF Percentile_1,30,0.2199073989770065,XGBoost
0_MFCC_11,31,0.1998518086800974,XGBoost
0_LPCC_1,32,0.1875400451803889,XGBoost
0_Median,33,0.1724047858156264,XGBoost
0_Median frequency,34,0.1337693017025789,XGBoost
0_LPCC_5,35,0.1296664165951311,XGBoost
0_Mean,36,0.1166974632943048,XGBoost
0_Median absolute diff,37,0.1164999142664175,XGBoost
0_Negative turning points,38,0.0558118619650602,XGBoost
0_Zero crossing rate,39,0.015540946650505,XGBoost
0_Median diff,40,0.0,XGBoost
0_Power bandwidth,41,0.0,XGBoost
0_Spectral roll-on,42,0.0,XGBoost
0_Peak to peak distance,1,11.804412995950992,SVR
0_Spectral decrease,2,10.456794297060863,SVR
0_Spectral entropy,3,9.529856880522512,SVR
0_Interquartile range,4,9.241276743172342,SVR
0_LPCC_0,5,8.239810664806221,SVR
0_Spectral variation,6,7.763413096217741,SVR
0_ECDF Percentile_0,7,7.268106485030304,SVR
0_Mean diff,8,6.906579957661018,SVR
0_Absolute energy,9,6.222383401084104,SVR
0_Median,10,6.214567832649602,SVR
0_Wavelet absolute mean_27777777.78Hz,11,5.825967466496711,SVR
0_MFCC_11,12,4.444764786780147,SVR
0_Max,13,4.045763006046484,SVR
0_Wavelet absolute mean_125000000.0Hz,14,3.953319015144519,SVR
0_Slope,15,3.17023329753548,SVR
0_Autocorrelation,16,1.1548933422060992,SVR
0_Mean,17,1.12210409337314,SVR
0_MFCC_5,18,0.9595190594868483,SVR
0_MFCC_9,19,0.6169397176475419,SVR
0_MFCC_4,20,0.4120597027056742,SVR
0_MFCC_0,21,0.3552401072020315,SVR
0_Maximum frequency,22,0.1975626305734694,SVR
0_Wavelet entropy,23,0.1545464388948263,SVR
0_Wavelet energy_125000000.0Hz,24,0.1394998854286463,SVR
0_LPCC_6,25,0.0774396280863864,SVR
0_MFCC_8,26,0.0708721618295838,SVR
0_MFCC_10,27,0.0383853545313618,SVR
0_LPCC_5,28,0.0282966663951367,SVR
0_Zero crossing rate,29,0.0252635588300529,SVR
0_Fundamental frequency,30,0.0120065406432807,SVR
0_LPCC_1,31,0.0,SVR
0_Histogram mode,32,0.0,SVR
0_ECDF Percentile_1,33,0.0,SVR
0_Entropy,34,0.0,SVR
0_Median diff,35,0.0,SVR
0_Median absolute diff,36,0.0,SVR
0_Negative turning points,37,0.0,SVR
0_Neighbourhood peaks,38,0.0,SVR
0_Power bandwidth,39,0.0,SVR
0_Median frequency,40,0.0,SVR
0_Spectral positive turning points,41,0.0,SVR
0_Spectral roll-on,42,0.0,SVR
0_Peak to peak distance,1,15.432802404865855,Random Forest
0_Spectral entropy,2,8.774178830322874,Random Forest
0_Absolute energy,3,7.265035995416253,Random Forest
0_Autocorrelation,4,5.811817240815285,Random Forest
0_Entropy,5,5.224489897823803,Random Forest
0_Spectral variation,6,4.6510375970037305,Random Forest
0_Interquartile range,7,4.257404618135451,Random Forest
0_Wavelet energy_125000000.0Hz,8,3.450874508497694,Random Forest
0_MFCC_11,9,2.7581908823181096,Random Forest
0_ECDF Percentile_0,10,2.612340113282219,Random Forest
0_Histogram mode,11,2.4847354686732093,Random Forest
0_Wavelet absolute mean_125000000.0Hz,12,1.5722516309216152,Random Forest
0_LPCC_0,13,1.3000714455347504,Random Forest
0_Mean diff,14,1.2265672001525916,Random Forest
0_Wavelet absolute mean_27777777.78Hz,15,1.0991591445150164,Random Forest
0_Slope,16,0.8678866145983958,Random Forest
0_Fundamental frequency,17,0.8179253464172597,Random Forest
0_MFCC_0,18,0.7024285067244898,Random Forest
0_MFCC_8,19,0.6978858617876657,Random Forest
0_ECDF Percentile_1,20,0.6788527112811726,Random Forest
0_Median frequency,21,0.610533680187321,Random Forest
0_Spectral decrease,22,0.5475841115452504,Random Forest
0_Max,23,0.544578454924763,Random Forest
0_MFCC_10,24,0.5429154493408743,Random Forest
0_MFCC_9,25,0.5319355531905,Random Forest
0_Wavelet entropy,26,0.5064603205242351,Random Forest
0_Zero crossing rate,27,0.470454546352988,Random Forest
0_Median,28,0.4469658630759456,Random Forest
0_MFCC_5,29,0.4398425973403732,Random Forest
0_Maximum frequency,30,0.3868591623697662,Random Forest
0_LPCC_5,31,0.3531760545139046,Random Forest
0_LPCC_1,32,0.2756041126356771,Random Forest
0_LPCC_6,33,0.2524041098607704,Random Forest
0_Mean,34,0.2214655121547015,Random Forest
0_MFCC_4,35,0.1473410832211219,Random Forest
0_Median absolute diff,36,0.0777162163879101,Random Forest
0_Spectral positive turning points,37,0.072008235697324,Random Forest
0_Negative turning points,38,0.0373867558171352,Random Forest
0_Power bandwidth,39,0.0132995087347924,Random Forest
0_Neighbourhood peaks,40,0.0127394248828912,Random Forest
0_Spectral roll-on,41,0.0125839061161503,Random Forest
0_Median diff,42,0.0,Random Forest
0_Maximum frequency,1,8690785.927958494,Bayesian Ridge
0_Median frequency,2,2629468.399615116,Bayesian Ridge
0_Power bandwidth,3,1570355.066793418,Bayesian Ridge
0_Spectral roll-on,4,963505.9410639476,Bayesian Ridge
0_Fundamental frequency,5,599570.6546950161,Bayesian Ridge
0_MFCC_9,6,1858.3379772013616,Bayesian Ridge
0_MFCC_4,7,1745.6604799941292,Bayesian Ridge
0_MFCC_11,8,1280.1992079290887,Bayesian Ridge
0_MFCC_5,9,1268.5622752601084,Bayesian Ridge
0_MFCC_10,10,721.7996584173255,Bayesian Ridge
0_MFCC_8,11,704.0985017794412,Bayesian Ridge
0_MFCC_0,12,153.92634749569237,Bayesian Ridge
0_Absolute energy,13,74.25153472888195,Bayesian Ridge
0_Peak to peak distance,14,8.669523316457742,Bayesian Ridge
0_Spectral decrease,15,5.841886317204997,Bayesian Ridge
0_Autocorrelation,16,4.7601605940535325,Bayesian Ridge
0_Spectral positive turning points,17,4.128539325617364,Bayesian Ridge
0_ECDF Percentile_0,18,3.155644936535588,Bayesian Ridge
0_Max,19,2.667927750775831,Bayesian Ridge
0_Mean,20,2.4713740161524287,Bayesian Ridge
0_ECDF Percentile_1,21,1.3610762983066982,Bayesian Ridge
0_Zero crossing rate,22,1.1318769584285988,Bayesian Ridge
0_Median,23,0.6074314467944514,Bayesian Ridge
0_Interquartile range,24,0.4904303033808092,Bayesian Ridge
0_Histogram mode,25,0.3974649680899374,Bayesian Ridge
0_Negative turning points,26,0.3541681181959738,Bayesian Ridge
0_Spectral variation,27,0.2228796456442041,Bayesian Ridge
0_Neighbourhood peaks,28,0.1437602760528926,Bayesian Ridge
0_Spectral entropy,29,0.1277461123094896,Bayesian Ridge
0_Wavelet absolute mean_27777777.78Hz,30,0.1047661212246323,Bayesian Ridge
0_LPCC_1,31,0.0979035981604221,Bayesian Ridge
0_Entropy,32,0.0970072028231467,Bayesian Ridge
0_LPCC_0,33,0.0842285465223916,Bayesian Ridge
0_Wavelet energy_125000000.0Hz,34,0.0429485912605501,Bayesian Ridge
0_LPCC_5,35,0.0350369222386782,Bayesian Ridge
0_Wavelet entropy,36,0.0289942011370209,Bayesian Ridge
0_LPCC_6,37,0.0194887025742212,Bayesian Ridge
0_Slope,38,0.0097942182578479,Bayesian Ridge
0_Wavelet absolute mean_125000000.0Hz,39,0.0084637687994443,Bayesian Ridge
0_Mean diff,40,0.0027084785754071,Bayesian Ridge
0_Median absolute diff,41,0.0017183091248438,Bayesian Ridge
0_Median diff,42,0.0,Bayesian Ridge
0_Peak to peak distance,1,34.59964552828409,XGBoost
0_Spectral entropy,2,18.8297517762598,XGBoost
0_Autocorrelation,3,11.20602369007518,XGBoost
0_Absolute energy,4,4.269667479102934,XGBoost
0_Entropy,5,3.624344381183992,XGBoost
0_Spectral variation,6,2.7712955344555588,XGBoost
0_Interquartile range,7,1.6633114962516964,XGBoost
0_Mean diff,8,1.566107668608116,XGBoost
0_Histogram mode,9,0.8916394854826232,XGBoost
0_Fundamental frequency,10,0.7723766207403192,XGBoost
0_Slope,11,0.7160409183477053,XGBoost
0_ECDF Percentile_0,12,0.7027768517856798,XGBoost
0_MFCC_5,13,0.6917818712456774,XGBoost
0_Wavelet energy_125000000.0Hz,14,0.6479288055824736,XGBoost
0_Wavelet absolute mean_125000000.0Hz,15,0.6380778941346024,XGBoost
0_LPCC_0,16,0.6179289441727415,XGBoost
0_Max,17,0.6080020757376526,XGBoost
0_MFCC_11,18,0.5945856606578453,XGBoost
0_MFCC_8,19,0.5758589377570434,XGBoost
0_Spectral decrease,20,0.4988687661611785,XGBoost
0_MFCC_9,21,0.4945361812206605,XGBoost
0_Zero crossing rate,22,0.4128001741056639,XGBoost
0_Wavelet entropy,23,0.3176942614968867,XGBoost
0_LPCC_1,24,0.2689892017589882,XGBoost
0_LPCC_5,25,0.268084137546861,XGBoost
0_Spectral positive turning points,26,0.2469024176074812,XGBoost
0_LPCC_6,27,0.2409504539036503,XGBoost
0_MFCC_0,28,0.2367890610412384,XGBoost
0_Maximum frequency,29,0.2087680570258758,XGBoost
0_Median,30,0.2004357239461193,XGBoost
0_MFCC_10,31,0.1979356081879543,XGBoost
0_MFCC_4,32,0.1706353786317631,XGBoost
0_Median frequency,33,0.138127117657413,XGBoost
0_Mean,34,0.1262859633236192,XGBoost
0_ECDF Percentile_1,35,0.0960459188493589,XGBoost
0_Wavelet absolute mean_27777777.78Hz,36,0.0728382829425235,XGBoost
0_Median absolute diff,37,0.0609145105888446,XGBoost
0_Negative turning points,38,0.0183976147255549,XGBoost
0_Spectral roll-on,39,0.0176332472994923,XGBoost
0_Neighbourhood peaks,40,0.0096353231862187,XGBoost
0_Median diff,41,0.0,XGBoost
0_Power bandwidth,42,0.0,XGBoost
0_Peak to peak distance,1,11.831358475762489,SVR
0_Spectral entropy,2,10.61971060573555,SVR
0_ECDF Percentile_0,3,8.970170761884754,SVR
0_Spectral variation,4,8.724731152290639,SVR
0_Median,5,8.038643923217666,SVR
0_Wavelet absolute mean_27777777.78Hz,6,8.027359734937882,SVR
0_Spectral decrease,7,7.832875464720675,SVR
0_Interquartile range,8,7.5903503490879345,SVR
0_Mean diff,9,7.021501380422971,SVR
0_Max,10,6.313945089634321,SVR
0_Absolute energy,11,6.015730770187619,SVR
0_LPCC_0,12,5.766549135537304,SVR
0_Slope,13,5.405615539551988,SVR
0_Wavelet absolute mean_125000000.0Hz,14,3.034666824334271,SVR
0_MFCC_11,15,2.912120700488208,SVR
0_MFCC_5,16,2.814641432797936,SVR
0_Autocorrelation,17,2.589230210612355,SVR
0_MFCC_10,18,0.7946140132403625,SVR
0_MFCC_9,19,0.7920626665489716,SVR
0_Wavelet energy_125000000.0Hz,20,0.3346364515970833,SVR
0_Maximum frequency,21,0.3001626796606155,SVR
0_Mean,22,0.2320518440190579,SVR
0_Entropy,23,0.0642722086534061,SVR
0_Wavelet entropy,24,0.0594791521034171,SVR
0_ECDF Percentile_1,25,0.0336072235046547,SVR
0_Fundamental frequency,26,0.0,SVR
0_LPCC_1,27,0.0,SVR
0_Histogram mode,28,0.0,SVR
0_MFCC_4,29,0.0,SVR
0_Median absolute diff,30,0.0,SVR
0_MFCC_0,31,0.0,SVR
0_LPCC_6,32,0.0,SVR
0_MFCC_8,33,0.0,SVR
0_LPCC_5,34,0.0,SVR
0_Median diff,35,0.0,SVR
0_Median frequency,36,0.0,SVR
0_Negative turning points,37,0.0,SVR
0_Neighbourhood peaks,38,0.0,SVR
0_Power bandwidth,39,0.0,SVR
0_Spectral roll-on,40,0.0,SVR
0_Spectral positive turning points,41,0.0,SVR
0_Zero crossing rate,42,0.0,SVR
0_Peak to peak distance,1,13.573149013027516,Random Forest
0_Spectral entropy,2,8.760079832088222,Random Forest
0_Absolute energy,3,7.475251663134726,Random Forest
0_Autocorrelation,4,5.317854247711194,Random Forest
0_Spectral variation,5,5.3008280935036165,Random Forest
0_Interquartile range,6,4.607564533588788,Random Forest
0_Entropy,7,4.512630629973146,Random Forest
0_Wavelet energy_125000000.0Hz,8,3.4904177564365555,Random Forest
0_ECDF Percentile_0,9,3.069926075890272,Random Forest
0_Histogram mode,10,2.392567894389681,Random Forest
0_Wavelet absolute mean_125000000.0Hz,11,2.342671708893915,Random Forest
0_MFCC_11,12,1.8986462278083889,Random Forest
0_Fundamental frequency,13,1.2535270487281496,Random Forest
0_Mean diff,14,1.015627631209263,Random Forest
0_Slope,15,1.0149585178391072,Random Forest
0_Wavelet absolute mean_27777777.78Hz,16,0.9892051224543872,Random Forest
0_LPCC_0,17,0.9503850363636542,Random Forest
0_MFCC_0,18,0.7621935845216583,Random Forest
0_MFCC_8,19,0.6331361322596205,Random Forest
0_Median frequency,20,0.597685823656246,Random Forest
0_Wavelet entropy,21,0.5923191705389882,Random Forest
0_MFCC_9,22,0.5777901551186729,Random Forest
0_Median,23,0.5083772512932618,Random Forest
0_Max,24,0.5022617601099578,Random Forest
0_ECDF Percentile_1,25,0.4887932494557617,Random Forest
0_MFCC_10,26,0.461272634330485,Random Forest
0_LPCC_5,27,0.4263396225107523,Random Forest
0_Spectral decrease,28,0.3446694090083709,Random Forest
0_Maximum frequency,29,0.32400990163687,Random Forest
0_Mean,30,0.2487945554471574,Random Forest
0_Zero crossing rate,31,0.2419698787106046,Random Forest
0_MFCC_5,32,0.2394990194677531,Random Forest
0_LPCC_6,33,0.2308992438268694,Random Forest
0_LPCC_1,34,0.2033625617033492,Random Forest
0_MFCC_4,35,0.155294510489578,Random Forest
0_Power bandwidth,36,0.0654892511915415,Random Forest
0_Spectral positive turning points,37,0.0612022987513492,Random Forest
0_Median absolute diff,38,0.024788373076419,Random Forest
0_Negative turning points,39,0.0090278075783823,Random Forest
0_Neighbourhood peaks,40,0.0070351478134592,Random Forest
0_Spectral roll-on,41,0.0017937430726985,Random Forest
0_Median diff,42,0.0,Random Forest
0_Maximum frequency,1,90486501.06349096,Bayesian Ridge
0_Median frequency,2,3195166.118140161,Bayesian Ridge
0_Power bandwidth,3,1510075.841266228,Bayesian Ridge
0_Fundamental frequency,4,1275470.969221983,Bayesian Ridge
0_Spectral roll-on,5,867385.5289388257,Bayesian Ridge
0_MFCC_4,6,1431.964433465659,Bayesian Ridge
0_MFCC_5,7,1185.8198573558495,Bayesian Ridge
0_MFCC_11,8,1152.1328193751444,Bayesian Ridge
0_MFCC_9,9,982.2376103280671,Bayesian Ridge
0_MFCC_10,10,326.05597500282875,Bayesian Ridge
0_MFCC_0,11,241.35058102941903,Bayesian Ridge
0_MFCC_8,12,178.8399269995715,Bayesian Ridge
0_Absolute energy,13,67.54081647094469,Bayesian Ridge
0_Autocorrelation,14,7.16142497417597,Bayesian Ridge
0_Spectral decrease,15,6.640682565499443,Bayesian Ridge
0_Peak to peak distance,16,6.101734390542573,Bayesian Ridge
0_ECDF Percentile_0,17,3.986017569972753,Bayesian Ridge
0_Spectral positive turning points,18,3.5252357280999886,Bayesian Ridge
0_ECDF Percentile_1,19,2.6496725331628213,Bayesian Ridge
0_Max,20,1.96005684191067,Bayesian Ridge
0_Mean,21,1.8029468582015544,Bayesian Ridge
0_Median,22,0.980710942094408,Bayesian Ridge
0_Interquartile range,23,0.9330786237677036,Bayesian Ridge
0_Spectral variation,24,0.3612911312033385,Bayesian Ridge
0_Negative turning points,25,0.3252093507380403,Bayesian Ridge
0_Zero crossing rate,26,0.2366695083617563,Bayesian Ridge
0_Neighbourhood peaks,27,0.2067633151473988,Bayesian Ridge
0_Wavelet absolute mean_27777777.78Hz,28,0.1790164164921996,Bayesian Ridge
0_Histogram mode,29,0.1691715768149556,Bayesian Ridge
0_LPCC_1,30,0.1427314404188505,Bayesian Ridge
0_LPCC_0,31,0.1065144815823684,Bayesian Ridge
0_Spectral entropy,32,0.0951995098150758,Bayesian Ridge
0_Entropy,33,0.0833453201776314,Bayesian Ridge
0_Wavelet energy_125000000.0Hz,34,0.0550364991373096,Bayesian Ridge
0_Wavelet entropy,35,0.0370606603697061,Bayesian Ridge
0_LPCC_5,36,0.0287141691121469,Bayesian Ridge
0_LPCC_6,37,0.0209896228824069,Bayesian Ridge
0_Wavelet absolute mean_125000000.0Hz,38,0.0179937397869729,Bayesian Ridge
0_Slope,39,0.0114554654116522,Bayesian Ridge
0_Mean diff,40,0.0032325564163122,Bayesian Ridge
0_Median absolute diff,41,0.0015646912837791,Bayesian Ridge
0_Median diff,42,0.0001833420947433,Bayesian Ridge
0_Peak to peak distance,1,34.77353591116218,XGBoost
0_Spectral entropy,2,18.164527877555788,XGBoost
0_Autocorrelation,3,9.652485371862786,XGBoost
0_Absolute energy,4,3.924488407852779,XGBoost
0_Interquartile range,5,3.279630409483053,XGBoost
0_Spectral variation,6,3.2589288134115746,XGBoost
0_Entropy,7,2.9516797135395305,XGBoost
0_Mean diff,8,2.2781001931779703,XGBoost
0_Wavelet energy_125000000.0Hz,9,1.3276126553516838,XGBoost
0_Slope,10,1.1364419250040625,XGBoost
0_Wavelet absolute mean_125000000.0Hz,11,1.036246871372747,XGBoost
0_LPCC_0,12,0.7724301093542331,XGBoost
0_Histogram mode,13,0.7293094563682563,XGBoost
0_Fundamental frequency,14,0.6950929006246229,XGBoost
0_Max,15,0.6421651139947274,XGBoost
0_MFCC_9,16,0.5456334629663498,XGBoost
0_Mean,17,0.5090036314507946,XGBoost
0_Spectral positive turning points,18,0.4993306912514692,XGBoost
0_LPCC_5,19,0.4589175892130161,XGBoost
0_MFCC_5,20,0.4268046976909662,XGBoost
0_MFCC_8,21,0.4224745839152486,XGBoost
0_MFCC_0,22,0.3881899444059779,XGBoost
0_Wavelet entropy,23,0.3879059028292075,XGBoost
0_MFCC_11,24,0.3663905314845344,XGBoost
0_Spectral decrease,25,0.3657238800257445,XGBoost
0_LPCC_6,26,0.2672824743386359,XGBoost
0_MFCC_10,27,0.2658874240078032,XGBoost
0_LPCC_1,28,0.255972549599409,XGBoost
0_Maximum frequency,29,0.2140810784713675,XGBoost
0_Wavelet absolute mean_27777777.78Hz,30,0.1681374910969598,XGBoost
0_MFCC_4,31,0.1662136695909002,XGBoost
0_ECDF Percentile_0,32,0.1480799381576478,XGBoost
0_Zero crossing rate,33,0.1034367012592653,XGBoost
0_Median diff,34,0.0994035540029406,XGBoost
0_Median,35,0.0982888085931539,XGBoost
0_ECDF Percentile_1,36,0.0881138482049107,XGBoost
0_Neighbourhood peaks,37,0.0611154308685411,XGBoost
0_Negative turning points,38,0.0552157646425068,XGBoost
0_Median absolute diff,39,0.0280601358671983,XGBoost
0_Median frequency,40,0.0266133654336134,XGBoost
0_Power bandwidth,41,0.0,XGBoost
0_Spectral roll-on,42,0.0,XGBoost
0_ECDF Percentile_0,1,11.397264571879226,SVR
0_Peak to peak distance,2,9.529570815481202,SVR
0_Spectral entropy,3,9.526558873626108,SVR
0_Spectral decrease,4,8.895858649143273,SVR
0_LPCC_0,5,8.673665728726919,SVR
0_Interquartile range,6,8.201707719527922,SVR
0_Median,7,7.512122707550825,SVR
0_Mean diff,8,7.455937364676822,SVR
0_Spectral variation,9,7.170930241507732,SVR
0_Absolute energy,10,6.48142829812419,SVR
0_Wavelet absolute mean_27777777.78Hz,11,5.223796384081649,SVR
0_Wavelet absolute mean_125000000.0Hz,12,3.914782094599531,SVR
0_Max,13,2.792058849617941,SVR
0_MFCC_11,14,2.7158429028374367,SVR
0_Slope,15,2.673708371112001,SVR
0_MFCC_5,16,2.2539703017563464,SVR
0_Autocorrelation,17,1.7632716580405678,SVR
0_Mean,18,1.7358727242893872,SVR
0_MFCC_9,19,1.5879325500887134,SVR
0_MFCC_10,20,1.4438741330237346,SVR
0_Wavelet energy_125000000.0Hz,21,0.6033209160916352,SVR
0_MFCC_0,22,0.2256442797829552,SVR
0_Negative turning points,23,0.2161164449540004,SVR
0_Wavelet entropy,24,0.1872724027353454,SVR
0_MFCC_8,25,0.0574092531939687,SVR
0_Fundamental frequency,26,0.0492164647580366,SVR
0_ECDF Percentile_1,27,0.0282763390953395,SVR
0_Neighbourhood peaks,28,0.0128900367856652,SVR
0_Zero crossing rate,29,0.0111997891723101,SVR
0_Entropy,30,0.0,SVR
0_LPCC_1,31,0.0,SVR
0_Histogram mode,32,0.0,SVR
0_LPCC_5,33,0.0,SVR
0_LPCC_6,34,0.0,SVR
0_Median diff,35,0.0,SVR
0_Median absolute diff,36,0.0,SVR
0_Maximum frequency,37,0.0,SVR
0_MFCC_4,38,0.0,SVR
0_Power bandwidth,39,0.0,SVR
0_Median frequency,40,0.0,SVR
0_Spectral positive turning points,41,0.0,SVR
0_Spectral roll-on,42,0.0,SVR
0_Peak to peak distance,1,16.62204457652206,Random Forest
0_Spectral entropy,2,7.506283235734855,Random Forest
0_Absolute energy,3,7.328950284581145,Random Forest
0_Spectral variation,4,5.063290454457344,Random Forest
0_Entropy,5,4.714940629173688,Random Forest
0_Autocorrelation,6,4.691072846808687,Random Forest
0_Interquartile range,7,4.222830243600307,Random Forest
0_Wavelet energy_125000000.0Hz,8,3.011595639757467,Random Forest
0_Histogram mode,9,2.246667054400577,Random Forest
0_MFCC_11,10,2.077442728842441,Random Forest
0_ECDF Percentile_0,11,2.067376241652504,Random Forest
0_Wavelet absolute mean_125000000.0Hz,12,1.9362562570904924,Random Forest
0_Wavelet absolute mean_27777777.78Hz,13,1.1549702605785568,Random Forest
0_Fundamental frequency,14,1.057149000152278,Random Forest
0_Slope,15,1.0327271485635778,Random Forest
0_LPCC_0,16,1.0042748260978762,Random Forest
0_Mean diff,17,0.9592859243089912,Random Forest
0_MFCC_9,18,0.7565174490324144,Random Forest
0_ECDF Percentile_1,19,0.7270147954523872,Random Forest
0_Wavelet entropy,20,0.7168170965213795,Random Forest
0_MFCC_0,21,0.5822716400103101,Random Forest
0_MFCC_8,22,0.5630447700314648,Random Forest
0_MFCC_10,23,0.4873274509815733,Random Forest
0_Max,24,0.4841002960581836,Random Forest
0_Median frequency,25,0.4724801114075818,Random Forest
0_LPCC_5,26,0.3972619623016351,Random Forest
0_Maximum frequency,27,0.3690705023592299,Random Forest
0_Median,28,0.3590541588484853,Random Forest
0_MFCC_5,29,0.3511022852669936,Random Forest
0_Zero crossing rate,30,0.2885410377450133,Random Forest
0_Spectral decrease,31,0.2644157549903494,Random Forest
0_LPCC_1,32,0.243557518044638,Random Forest
0_LPCC_6,33,0.2101923909616094,Random Forest
0_MFCC_4,34,0.1124613897488956,Random Forest
0_Mean,35,0.1077775874262481,Random Forest
0_Negative turning points,36,0.0871253398901783,Random Forest
0_Spectral positive turning points,37,0.0759204877089592,Random Forest
0_Median absolute diff,38,0.062930749925971,Random Forest
0_Spectral roll-on,39,0.0166751373077432,Random Forest
0_Power bandwidth,40,0.0147139563333243,Random Forest
0_Neighbourhood peaks,41,0.0034274874605238,Random Forest
0_Median diff,42,0.0,Random Forest
0_Maximum frequency,1,93363127.23467156,Bayesian Ridge
0_Fundamental frequency,2,4504349.336568297,Bayesian Ridge
0_Median frequency,3,3502239.925778845,Bayesian Ridge
0_Power bandwidth,4,1713163.6882322098,Bayesian Ridge
0_Spectral roll-on,5,1380369.4289722324,Bayesian Ridge
0_MFCC_9,6,1703.3208252861752,Bayesian Ridge
0_MFCC_4,7,1579.9250510111913,Bayesian Ridge
0_MFCC_5,8,1332.111653518108,Bayesian Ridge
0_MFCC_11,9,1325.682086194238,Bayesian Ridge
0_MFCC_8,10,537.3756549424007,Bayesian Ridge
0_MFCC_10,11,459.7041604985196,Bayesian Ridge
0_MFCC_0,12,221.3075838364661,Bayesian Ridge
0_Absolute energy,13,75.23967801068129,Bayesian Ridge
0_Spectral decrease,14,6.753163702017195,Bayesian Ridge
0_Peak to peak distance,15,6.708920448988486,Bayesian Ridge
0_Autocorrelation,16,6.475366958515738,Bayesian Ridge
0_Spectral positive turning points,17,4.393937206128563,Bayesian Ridge
0_ECDF Percentile_0,18,3.244051407514407,Bayesian Ridge
0_Max,19,2.1309045265198496,Bayesian Ridge
0_ECDF Percentile_1,20,2.0867191317899514,Bayesian Ridge
0_Mean,21,1.5945168748014396,Bayesian Ridge
0_Median,22,0.9985499227170956,Bayesian Ridge
0_Interquartile range,23,0.7967154175271319,Bayesian Ridge
0_Zero crossing rate,24,0.6850680220453946,Bayesian Ridge
0_Negative turning points,25,0.6744680444860642,Bayesian Ridge
0_Wavelet absolute mean_27777777.78Hz,26,0.1725482933864301,Bayesian Ridge
0_Spectral entropy,27,0.1657630873239847,Bayesian Ridge
0_Entropy,28,0.108967860673655,Bayesian Ridge
0_Spectral variation,29,0.1004624542312739,Bayesian Ridge
0_LPCC_0,30,0.0788618370027164,Bayesian Ridge
0_Neighbourhood peaks,31,0.0511319021855472,Bayesian Ridge
0_LPCC_5,32,0.0455364904210578,Bayesian Ridge
0_Wavelet energy_125000000.0Hz,33,0.0425375268801566,Bayesian Ridge
0_LPCC_6,34,0.0260087071739618,Bayesian Ridge
0_LPCC_1,35,0.0240561637373724,Bayesian Ridge
0_Wavelet entropy,36,0.0233535853518502,Bayesian Ridge
0_Slope,37,0.0094551755640538,Bayesian Ridge
0_Mean diff,38,0.0085847588381475,Bayesian Ridge
0_Wavelet absolute mean_125000000.0Hz,39,0.0071600647250534,Bayesian Ridge
0_Histogram mode,40,0.0024658897345889,Bayesian Ridge
0_Median diff,41,0.0001984088600052,Bayesian Ridge
0_Median absolute diff,42,7.611017897782751e-05,Bayesian Ridge
0_Peak to peak distance,1,37.07148134799501,XGBoost
0_Spectral entropy,2,16.803708186803444,XGBoost
0_Autocorrelation,3,7.537018133872873,XGBoost
0_Absolute energy,4,4.028608659709244,XGBoost
0_Mean diff,5,2.892765224994037,XGBoost
0_Spectral variation,6,2.272117920160356,XGBoost
0_Entropy,7,1.9476130038402968,XGBoost
0_Interquartile range,8,1.5654497522958242,XGBoost
0_Wavelet absolute mean_125000000.0Hz,9,1.4217066498510542,XGBoost
0_Fundamental frequency,10,1.2337273852360742,XGBoost
0_Histogram mode,11,0.989863298854915,XGBoost
0_ECDF Percentile_0,12,0.908972257797668,XGBoost
0_MFCC_8,13,0.7492061834230088,XGBoost
0_Wavelet energy_125000000.0Hz,14,0.7158011373574534,XGBoost
0_Slope,15,0.5064915611987312,XGBoost
0_Negative turning points,16,0.4771622942826401,XGBoost
0_LPCC_0,17,0.4519417533587664,XGBoost
0_MFCC_11,18,0.4496156960783526,XGBoost
0_Max,19,0.4227849391606949,XGBoost
0_MFCC_5,20,0.3385561254457881,XGBoost
0_Wavelet entropy,21,0.3242152182503294,XGBoost
0_LPCC_6,22,0.3135421565665475,XGBoost
0_MFCC_10,23,0.3009547458364939,XGBoost
0_MFCC_4,24,0.2996827037738016,XGBoost
0_Spectral positive turning points,25,0.2995328828384478,XGBoost
0_Wavelet absolute mean_27777777.78Hz,26,0.2780782621611218,XGBoost
0_MFCC_9,27,0.2717790728664335,XGBoost
0_LPCC_1,28,0.2453515906672304,XGBoost
0_Spectral decrease,29,0.2211384965370099,XGBoost
0_Maximum frequency,30,0.1152107145763933,XGBoost
0_LPCC_5,31,0.1137850738948832,XGBoost
0_MFCC_0,32,0.1079144295832763,XGBoost
0_Zero crossing rate,33,0.1009449799507856,XGBoost
0_Mean,34,0.0745852547076841,XGBoost
0_Median diff,35,0.0536883159417038,XGBoost
0_ECDF Percentile_1,36,0.0495749548604091,XGBoost
0_Neighbourhood peaks,37,0.042274034611384,XGBoost
0_Median frequency,38,0.042251848232746,XGBoost
0_Median,39,0.0276722260907292,XGBoost
0_Median absolute diff,40,0.0146647563060124,XGBoost
0_Power bandwidth,41,0.0,XGBoost
0_Spectral roll-on,42,0.0,XGBoost
0_Peak to peak distance,1,12.961381073078408,SVR
0_Spectral variation,2,10.67203114492067,SVR
0_ECDF Percentile_0,3,10.05917573189245,SVR
0_Spectral entropy,4,9.523260229937428,SVR
0_LPCC_0,5,9.374617729413304,SVR
0_Spectral decrease,6,8.317024350359429,SVR
0_Interquartile range,7,7.710513913078804,SVR
0_Mean diff,8,7.679835796616604,SVR
0_Median,9,7.555894818072852,SVR
0_Absolute energy,10,7.305226783851352,SVR
0_Wavelet absolute mean_27777777.78Hz,11,6.019504707860901,SVR
0_Max,12,5.829181561911764,SVR
0_MFCC_11,13,3.979557914383709,SVR
0_Slope,14,3.523370362941692,SVR
0_Wavelet absolute mean_125000000.0Hz,15,2.738953240439958,SVR
0_MFCC_9,16,1.6097899523467316,SVR
0_Autocorrelation,17,1.4767679062744434,SVR
0_Mean,18,1.0359666877645346,SVR
0_MFCC_5,19,0.7061788204382253,SVR
0_Maximum frequency,20,0.6583793952181617,SVR
0_MFCC_4,21,0.5024350285611745,SVR
0_MFCC_0,22,0.4260289769022815,SVR
0_Wavelet entropy,23,0.4224287356954298,SVR
0_MFCC_8,24,0.1577096283540409,SVR
0_Spectral roll-on,25,0.1182963579610899,SVR
0_Wavelet energy_125000000.0Hz,26,0.084852251803659,SVR
0_Spectral positive turning points,27,0.0711661297207401,SVR
0_MFCC_10,28,0.0268115657555353,SVR
0_Negative turning points,29,0.0136545975268938,SVR
0_LPCC_1,30,0.0,SVR
0_ECDF Percentile_1,31,0.0,SVR
0_Histogram mode,32,0.0,SVR
0_Entropy,33,0.0,SVR
0_Fundamental frequency,34,0.0,SVR
0_Median diff,35,0.0,SVR
0_Median absolute diff,36,0.0,SVR
0_LPCC_5,37,0.0,SVR
0_LPCC_6,38,0.0,SVR
0_Power bandwidth,39,0.0,SVR
0_Neighbourhood peaks,40,0.0,SVR
0_Median frequency,41,0.0,SVR
0_Zero crossing rate,42,0.0,SVR
0_Peak to peak distance,1,15.78273628191234,Random Forest
0_Spectral entropy,2,9.172304599738183,Random Forest
0_Absolute energy,3,7.259919607710218,Random Forest
0_Autocorrelation,4,6.56731105971796,Random Forest
0_Entropy,5,5.540540125538161,Random Forest
0_ECDF Percentile_0,6,4.532479148702137,Random Forest
0_Spectral variation,7,4.412393525355403,Random Forest
0_Interquartile range,8,4.187129683050699,Random Forest
0_Histogram mode,9,3.25277031244353,Random Forest
0_Wavelet energy_125000000.0Hz,10,2.882099632582192,Random Forest
0_Wavelet absolute mean_125000000.0Hz,11,1.8012210901445402,Random Forest
0_MFCC_11,12,1.4019659121725712,Random Forest
0_Wavelet absolute mean_27777777.78Hz,13,1.1869738623100026,Random Forest
0_Slope,14,0.9714126976732784,Random Forest
0_Mean diff,15,0.900458904170866,Random Forest
0_MFCC_8,16,0.8093740195356925,Random Forest
0_ECDF Percentile_1,17,0.7716188382933226,Random Forest
0_MFCC_10,18,0.7170118832793084,Random Forest
0_LPCC_0,19,0.6683562348142884,Random Forest
0_MFCC_0,20,0.6016634076514591,Random Forest
0_Fundamental frequency,21,0.5788841933024428,Random Forest
0_MFCC_9,22,0.531084941210101,Random Forest
0_Spectral decrease,23,0.4999182783026559,Random Forest
0_Max,24,0.4947336379173522,Random Forest
0_Wavelet entropy,25,0.4521692679442464,Random Forest
0_Zero crossing rate,26,0.3698248715693752,Random Forest
0_Median,27,0.2992645813390768,Random Forest
0_Median frequency,28,0.2972687875489393,Random Forest
0_LPCC_1,29,0.2968303813286124,Random Forest
0_Maximum frequency,30,0.2351626680529987,Random Forest
0_LPCC_6,31,0.2195994503963739,Random Forest
0_MFCC_5,32,0.2180143764331937,Random Forest
0_Median absolute diff,33,0.2061525043543428,Random Forest
0_MFCC_4,34,0.201816260238861,Random Forest
0_LPCC_5,35,0.1932110624346261,Random Forest
0_Power bandwidth,36,0.1424515946070353,Random Forest
0_Mean,37,0.0922782692251726,Random Forest
0_Spectral positive turning points,38,0.0766185762322508,Random Forest
0_Negative turning points,39,0.0318442595918973,Random Forest
0_Spectral roll-on,40,0.0289877936442693,Random Forest
0_Neighbourhood peaks,41,0.0206570244493583,Random Forest
0_Median diff,42,0.0,Random Forest
0_Maximum frequency,1,54211823.44921031,Bayesian Ridge
0_Median frequency,2,4507565.691947614,Bayesian Ridge
0_Spectral roll-on,3,1337769.6758248776,Bayesian Ridge
0_Power bandwidth,4,1294482.2902473605,Bayesian Ridge
0_Fundamental frequency,5,369325.99291634106,Bayesian Ridge
0_MFCC_4,6,1477.97518538221,Bayesian Ridge
0_MFCC_9,7,1179.987659200461,Bayesian Ridge
0_MFCC_11,8,979.5625173629518,Bayesian Ridge
0_MFCC_5,9,972.0463798480664,Bayesian Ridge
0_MFCC_10,10,438.9168991594918,Bayesian Ridge
0_MFCC_0,11,224.4154636868504,Bayesian Ridge
0_MFCC_8,12,194.53398685240555,Bayesian Ridge
0_Absolute energy,13,77.01277600958534,Bayesian Ridge
0_Peak to peak distance,14,8.117254909310104,Bayesian Ridge
0_Spectral decrease,15,6.842525975653566,Bayesian Ridge
0_Autocorrelation,16,6.301684051094727,Bayesian Ridge
0_Spectral positive turning points,17,4.289130692025733,Bayesian Ridge
0_ECDF Percentile_0,18,3.549378389079504,Bayesian Ridge
0_Max,19,2.459982899979351,Bayesian Ridge
0_Mean,20,1.9423751995462823,Bayesian Ridge
0_ECDF Percentile_1,21,1.835132505561677,Bayesian Ridge
0_Median,22,0.9139706692419972,Bayesian Ridge
0_Interquartile range,23,0.7528775176281741,Bayesian Ridge
0_Negative turning points,24,0.3818825722543061,Bayesian Ridge
0_Zero crossing rate,25,0.3574752157938223,Bayesian Ridge
0_Spectral variation,26,0.2741610254468483,Bayesian Ridge
0_Wavelet absolute mean_27777777.78Hz,27,0.1618722816377081,Bayesian Ridge
0_Histogram mode,28,0.1598628082479277,Bayesian Ridge
0_Spectral entropy,29,0.1145142106468684,Bayesian Ridge
0_Entropy,30,0.1144190658176862,Bayesian Ridge
0_LPCC_0,31,0.0980838669553123,Bayesian Ridge
0_Neighbourhood peaks,32,0.0943510660474063,Bayesian Ridge
0_LPCC_1,33,0.0671130519734996,Bayesian Ridge
0_Wavelet energy_125000000.0Hz,34,0.0441641357439929,Bayesian Ridge
0_Wavelet entropy,35,0.0381522557510936,Bayesian Ridge
0_LPCC_5,36,0.0182669860279915,Bayesian Ridge
0_LPCC_6,37,0.0143425719341362,Bayesian Ridge
0_Wavelet absolute mean_125000000.0Hz,38,0.0122600430846181,Bayesian Ridge
0_Slope,39,0.0114829460554938,Bayesian Ridge
0_Mean diff,40,0.0037651823634742,Bayesian Ridge
0_Median absolute diff,41,0.0023760724165047,Bayesian Ridge
0_Median diff,42,0.0001660677639571,Bayesian Ridge
0_Peak to peak distance,1,33.99092842589071,XGBoost
0_Spectral entropy,2,18.10318322681493,XGBoost
0_Autocorrelation,3,8.510077900804891,XGBoost
0_Absolute energy,4,4.726292767194412,XGBoost
0_Interquartile range,5,4.724014214500911,XGBoost
0_Spectral variation,6,3.924405264513815,XGBoost
0_Entropy,7,2.6721161402034883,XGBoost
0_Histogram mode,8,1.807723493324034,XGBoost
0_Max,9,1.3101721549044043,XGBoost
0_MFCC_5,10,1.2322674357329186,XGBoost
0_MFCC_0,11,1.2111759345692894,XGBoost
0_Slope,12,0.9900976994772756,XGBoost
0_Mean diff,13,0.909179797986926,XGBoost
0_Wavelet absolute mean_125000000.0Hz,14,0.8816905856043102,XGBoost
0_Spectral decrease,15,0.867109608903403,XGBoost
0_Fundamental frequency,16,0.8201098559105151,XGBoost
0_MFCC_9,17,0.7132451812914882,XGBoost
0_Wavelet absolute mean_27777777.78Hz,18,0.6705370325506355,XGBoost
0_ECDF Percentile_1,19,0.6194011979310464,XGBoost
0_LPCC_6,20,0.5557623714187494,XGBoost
0_Wavelet energy_125000000.0Hz,21,0.5511462712752323,XGBoost
0_MFCC_10,22,0.5300650749662272,XGBoost
0_LPCC_0,23,0.4982844451493893,XGBoost
0_Wavelet entropy,24,0.4652533668257295,XGBoost
0_LPCC_1,25,0.406859250663997,XGBoost
0_ECDF Percentile_0,26,0.4005829087396462,XGBoost
0_Mean,27,0.345817364971588,XGBoost
0_MFCC_11,28,0.3439687333903586,XGBoost
0_Negative turning points,29,0.2925713694822665,XGBoost
0_Spectral positive turning points,30,0.2788236147585635,XGBoost
0_MFCC_8,31,0.2576840785432607,XGBoost
0_MFCC_4,32,0.2363934589743614,XGBoost
0_LPCC_5,33,0.2272629255820686,XGBoost
0_Median,34,0.2236961249714096,XGBoost
0_Maximum frequency,35,0.1043036702329914,XGBoost
0_Neighbourhood peaks,36,0.0816896026612647,XGBoost
0_Median diff,37,0.0455506009370088,XGBoost
0_Median frequency,38,0.02724815240254,XGBoost
0_Median absolute diff,39,0.0016303465048472,XGBoost
0_Power bandwidth,40,0.0,XGBoost
0_Spectral roll-on,41,0.0,XGBoost
0_Zero crossing rate,42,0.0,XGBoost
0_Peak to peak distance,1,11.613573134640731,SVR
0_Spectral entropy,2,8.717538827748962,SVR
0_Spectral decrease,3,8.6268107022482,SVR
0_Spectral variation,4,8.522375433322159,SVR
0_Absolute energy,5,8.245132535621048,SVR
0_Interquartile range,6,8.158980981879871,SVR
0_ECDF Percentile_0,7,7.161226339592368,SVR
0_Wavelet absolute mean_27777777.78Hz,8,6.290256086568875,SVR
0_LPCC_0,9,6.256434379838236,SVR
0_Median,10,5.891262590295754,SVR
0_Mean diff,11,5.30613151298,SVR
0_Max,12,3.637673094921983,SVR
0_Wavelet absolute mean_125000000.0Hz,13,3.2611039762843115,SVR
0_MFCC_11,14,3.037228142646867,SVR
0_Autocorrelation,15,2.249649925067145,SVR
0_Slope,16,2.130979790851649,SVR
0_MFCC_5,17,1.892563455926657,SVR
0_MFCC_9,18,1.396558205074659,SVR
0_Mean,19,1.1349352519732403,SVR
0_Wavelet entropy,20,0.4935642280733541,SVR
0_MFCC_10,21,0.3174683653439634,SVR
0_Wavelet energy_125000000.0Hz,22,0.3116151625546722,SVR
0_MFCC_8,23,0.2820737519718042,SVR
0_Maximum frequency,24,0.2744974684872417,SVR
0_ECDF Percentile_1,25,0.1542319869517238,SVR
0_LPCC_1,26,0.1038160981789319,SVR
0_Median absolute diff,27,0.0714253296682928,SVR
0_MFCC_0,28,0.0463683710128704,SVR
0_Entropy,29,0.0,SVR
0_Fundamental frequency,30,0.0,SVR
0_Histogram mode,31,0.0,SVR
0_LPCC_6,32,0.0,SVR
0_LPCC_5,33,0.0,SVR
0_MFCC_4,34,0.0,SVR
0_Median diff,35,0.0,SVR
0_Median frequency,36,0.0,SVR
0_Negative turning points,37,0.0,SVR
0_Neighbourhood peaks,38,0.0,SVR
0_Power bandwidth,39,0.0,SVR
0_Spectral roll-on,40,0.0,SVR
0_Spectral positive turning points,41,0.0,SVR
0_Zero crossing rate,42,0.0,SVR
0_Peak to peak distance,1,15.358171224133276,Random Forest
0_Absolute energy,2,8.865604407398289,Random Forest
0_Spectral entropy,3,8.247910014220416,Random Forest
0_Interquartile range,4,6.160390153090034,Random Forest
0_Autocorrelation,5,5.634559716065747,Random Forest
0_Spectral variation,6,4.844726953015407,Random Forest
0_Entropy,7,4.643114083583105,Random Forest
0_Wavelet energy_125000000.0Hz,8,3.1839018803784,Random Forest
0_ECDF Percentile_0,9,2.5638172839681266,Random Forest
0_Histogram mode,10,2.559163310181738,Random Forest
0_MFCC_11,11,2.037370376168538,Random Forest
0_Wavelet absolute mean_125000000.0Hz,12,2.0213935403396457,Random Forest
0_Wavelet absolute mean_27777777.78Hz,13,1.1945685110176094,Random Forest
0_Fundamental frequency,14,1.1396166587284997,Random Forest
0_LPCC_0,15,1.1105979508217112,Random Forest
0_ECDF Percentile_1,16,0.9868681901333854,Random Forest
0_Slope,17,0.9309885595825964,Random Forest
0_Mean diff,18,0.8261981278748795,Random Forest
0_MFCC_9,19,0.8241245667139694,Random Forest
0_MFCC_8,20,0.7257121649544335,Random Forest
0_Wavelet entropy,21,0.6935289644585573,Random Forest
0_Median frequency,22,0.5652132364390575,Random Forest
0_MFCC_0,23,0.5138053544713932,Random Forest
0_MFCC_10,24,0.465040129642794,Random Forest
0_MFCC_5,25,0.3837496245165899,Random Forest
0_Max,26,0.3469874973195216,Random Forest
0_Median,27,0.3454388958952698,Random Forest
0_Spectral decrease,28,0.3315522567251697,Random Forest
0_Maximum frequency,29,0.2759798286446523,Random Forest
0_LPCC_5,30,0.2715263212286595,Random Forest
0_LPCC_1,31,0.225695253875254,Random Forest
0_MFCC_4,32,0.2186554777520475,Random Forest
0_LPCC_6,33,0.2076413447610374,Random Forest
0_Mean,34,0.1776387788538782,Random Forest
0_Zero crossing rate,35,0.1678252721763372,Random Forest
0_Spectral positive turning points,36,0.0876622071808281,Random Forest
0_Median absolute diff,37,0.0727197484390189,Random Forest
0_Negative turning points,38,0.0268372818012411,Random Forest
0_Spectral roll-on,39,0.0125948849203685,Random Forest
0_Neighbourhood peaks,40,0.0119253298063451,Random Forest
0_Power bandwidth,41,0.0070466938519229,Random Forest
0_Median diff,42,0.0,Random Forest
0_Maximum frequency,1,63799827.36454974,Bayesian Ridge
0_Median frequency,2,3700617.046259164,Bayesian Ridge
0_Fundamental frequency,3,2292479.6528343246,Bayesian Ridge
0_Spectral roll-on,4,1571987.200723193,Bayesian Ridge
0_Power bandwidth,5,1189616.5497514657,Bayesian Ridge
0_MFCC_4,6,1552.434891752757,Bayesian Ridge
0_MFCC_11,7,1551.9608173334054,Bayesian Ridge
0_MFCC_9,8,1435.4320279528797,Bayesian Ridge
0_MFCC_5,9,1262.3278950136084,Bayesian Ridge
0_MFCC_8,10,400.3708709486212,Bayesian Ridge
0_MFCC_0,11,275.11043103473247,Bayesian Ridge
0_MFCC_10,12,187.5318697531048,Bayesian Ridge
0_Absolute energy,13,64.30259153659851,Bayesian Ridge
0_Peak to peak distance,14,7.959301181881644,Bayesian Ridge
0_Autocorrelation,15,7.535281894885287,Bayesian Ridge
0_Spectral decrease,16,3.794704881916989,Bayesian Ridge
0_ECDF Percentile_1,17,3.5358290840434665,Bayesian Ridge
0_Spectral positive turning points,18,3.466469543705747,Bayesian Ridge
0_ECDF Percentile_0,19,3.3729149682252,Bayesian Ridge
0_Max,20,2.136777423065602,Bayesian Ridge
0_Mean,21,1.6678245684160566,Bayesian Ridge
0_Interquartile range,22,1.506649100123259,Bayesian Ridge
0_Zero crossing rate,23,1.1804361015710656,Bayesian Ridge
0_Median,24,0.9727504893236724,Bayesian Ridge
0_Negative turning points,25,0.3680591986139397,Bayesian Ridge
0_Histogram mode,26,0.1649149590963268,Bayesian Ridge
0_Spectral entropy,27,0.1457533997488141,Bayesian Ridge
0_Spectral variation,28,0.1325873421884014,Bayesian Ridge
0_Entropy,29,0.127664307790118,Bayesian Ridge
0_Wavelet absolute mean_27777777.78Hz,30,0.1226494397779003,Bayesian Ridge
0_LPCC_0,31,0.068943422390353,Bayesian Ridge
0_Neighbourhood peaks,32,0.0538225362152989,Bayesian Ridge
0_LPCC_1,33,0.0477811458015847,Bayesian Ridge
0_Wavelet energy_125000000.0Hz,34,0.0231833528598241,Bayesian Ridge
0_Wavelet entropy,35,0.0230157864116455,Bayesian Ridge
0_Wavelet absolute mean_125000000.0Hz,36,0.0096522744036579,Bayesian Ridge
0_Slope,37,0.0087458700531368,Bayesian Ridge
0_Mean diff,38,0.0046699479008038,Bayesian Ridge
0_LPCC_6,39,0.0046115199376488,Bayesian Ridge
0_LPCC_5,40,0.0044719597825331,Bayesian Ridge
0_Median absolute diff,41,0.0002587047027183,Bayesian Ridge
0_Median diff,42,0.0,Bayesian Ridge
0_Peak to peak distance,1,36.433662702694846,XGBoost
0_Spectral entropy,2,17.994350513504514,XGBoost
0_Autocorrelation,3,10.979048603271073,XGBoost
0_Interquartile range,4,4.3076308558302,XGBoost
0_Entropy,5,4.07828627662488,XGBoost
0_Absolute energy,6,3.747590796236632,XGBoost
0_Spectral variation,7,3.279589424893181,XGBoost
0_Mean diff,8,1.578110206098296,XGBoost
0_Max,9,1.3040545155530798,XGBoost
0_MFCC_9,10,1.2381555241553115,XGBoost
0_Wavelet absolute mean_27777777.78Hz,11,1.1899848556129875,XGBoost
0_Histogram mode,12,1.1138407919664552,XGBoost
0_LPCC_0,13,0.887107022196055,XGBoost
0_Slope,14,0.78238632221284,XGBoost
0_MFCC_10,15,0.6315714085482679,XGBoost
0_Fundamental frequency,16,0.6234651642044388,XGBoost
0_Wavelet energy_125000000.0Hz,17,0.5805696078345182,XGBoost
0_MFCC_0,18,0.5780899579908698,XGBoost
0_LPCC_1,19,0.552877925276601,XGBoost
0_Spectral positive turning points,20,0.5430269359568753,XGBoost
0_MFCC_8,21,0.5255712591168781,XGBoost
0_ECDF Percentile_1,22,0.5223694522199529,XGBoost
0_MFCC_5,23,0.4903203112029782,XGBoost
0_LPCC_6,24,0.4554493187152781,XGBoost
0_MFCC_4,25,0.441314631894231,XGBoost
0_ECDF Percentile_0,26,0.4398235223165403,XGBoost
0_Wavelet entropy,27,0.4355756789897879,XGBoost
0_Median,28,0.4133115982254967,XGBoost
0_LPCC_5,29,0.3789315039999784,XGBoost
0_Wavelet absolute mean_125000000.0Hz,30,0.3485243662422523,XGBoost
0_Negative turning points,31,0.2739286786597222,XGBoost
0_Maximum frequency,32,0.2485506197625771,XGBoost
0_Mean,33,0.2279024763798962,XGBoost
0_Spectral decrease,34,0.2248981088119248,XGBoost
0_Median frequency,35,0.20351960632205,XGBoost
0_MFCC_11,36,0.1523708934313928,XGBoost
0_Neighbourhood peaks,37,0.140371552783375,XGBoost
0_Zero crossing rate,38,0.0686942112714051,XGBoost
0_Median absolute diff,39,0.0668594850430886,XGBoost
0_Median diff,40,0.0,XGBoost
0_Power bandwidth,41,0.0,XGBoost
0_Spectral roll-on,42,0.0,XGBoost
0_Peak to peak distance,1,9.35895177389446,SVR
0_Spectral decrease,2,8.82987798960864,SVR
0_ECDF Percentile_0,3,8.705562886324676,SVR
0_Spectral entropy,4,8.480814110443541,SVR
0_Median,5,8.4571045223083,SVR
0_Spectral variation,6,8.396519116602782,SVR
0_LPCC_0,7,8.376388298172554,SVR
0_Mean diff,8,7.962571359114017,SVR
0_Interquartile range,9,7.368785738799503,SVR
0_Wavelet absolute mean_27777777.78Hz,10,7.082901375661691,SVR
0_Absolute energy,11,6.779256481677701,SVR
0_Max,12,3.4001772223022773,SVR
0_MFCC_11,13,2.3900757712919383,SVR
0_Wavelet absolute mean_125000000.0Hz,14,2.338524780617837,SVR
0_Slope,15,2.105047028208961,SVR
0_Mean,16,1.804442754395689,SVR
0_Autocorrelation,17,1.6595750150394812,SVR
0_MFCC_5,18,1.2338077402312169,SVR
0_MFCC_9,19,0.8635626233533261,SVR
0_MFCC_10,20,0.5810541158926859,SVR
0_Median diff,21,0.3612028858304926,SVR
0_Maximum frequency,22,0.3218857324449042,SVR
0_Wavelet energy_125000000.0Hz,23,0.2968860421563393,SVR
0_Wavelet entropy,24,0.2934317673408035,SVR
0_ECDF Percentile_1,25,0.2034874912639727,SVR
0_LPCC_1,26,0.1686180253519864,SVR
0_Negative turning points,27,0.0334923389044898,SVR
0_Entropy,28,0.0260250220863914,SVR
0_MFCC_0,29,0.0156017509528019,SVR
0_Fundamental frequency,30,0.0,SVR
0_Histogram mode,31,0.0,SVR
0_LPCC_5,32,0.0,SVR
0_MFCC_4,33,0.0,SVR
0_MFCC_8,34,0.0,SVR
0_Median absolute diff,35,0.0,SVR
0_LPCC_6,36,0.0,SVR
0_Median frequency,37,0.0,SVR
0_Neighbourhood peaks,38,0.0,SVR
0_Power bandwidth,39,0.0,SVR
0_Spectral roll-on,40,0.0,SVR
0_Spectral positive turning points,41,0.0,SVR
0_Zero crossing rate,42,0.0,SVR
0_Peak to peak distance,1,15.534441681602502,Random Forest
0_Spectral entropy,2,8.256606271050714,Random Forest
0_Absolute energy,3,5.752382137692821,Random Forest
0_Spectral variation,4,5.51476183533285,Random Forest
0_Autocorrelation,5,5.447785522903068,Random Forest
0_Entropy,6,4.129907058945129,Random Forest
0_Interquartile range,7,3.802362535241773,Random Forest
0_Wavelet energy_125000000.0Hz,8,2.7778709766045364,Random Forest
0_ECDF Percentile_0,9,2.643259323338419,Random Forest
0_MFCC_11,10,2.3041945570033664,Random Forest
0_Histogram mode,11,2.253672106554266,Random Forest
0_Wavelet absolute mean_125000000.0Hz,12,1.7810495751213902,Random Forest
0_LPCC_0,13,1.3955668060645303,Random Forest
0_Mean diff,14,1.204636330786351,Random Forest
0_Wavelet absolute mean_27777777.78Hz,15,1.0958913684448923,Random Forest
0_Slope,16,1.0578045765034387,Random Forest
0_Wavelet entropy,17,1.0038845040487898,Random Forest
0_Fundamental frequency,18,0.9579989913017488,Random Forest
0_ECDF Percentile_1,19,0.8407348197662464,Random Forest
0_MFCC_9,20,0.7761963430969041,Random Forest
0_MFCC_0,21,0.6938223256154915,Random Forest
0_MFCC_8,22,0.6227332767701416,Random Forest
0_MFCC_10,23,0.4311065835104014,Random Forest
0_Median frequency,24,0.4274971623611635,Random Forest
0_Median,25,0.4173771547424917,Random Forest
0_MFCC_5,26,0.3829463809880274,Random Forest
0_Max,27,0.3735527683988136,Random Forest
0_Maximum frequency,28,0.3264104422547623,Random Forest
0_LPCC_5,29,0.3170477397766624,Random Forest
0_LPCC_1,30,0.3094508804926184,Random Forest
0_LPCC_6,31,0.2926606573280412,Random Forest
0_Mean,32,0.2839435633777174,Random Forest
0_Spectral decrease,33,0.2736349084073912,Random Forest
0_Zero crossing rate,34,0.214785369545718,Random Forest
0_MFCC_4,35,0.1754716524788721,Random Forest
0_Spectral positive turning points,36,0.0892062192954744,Random Forest
0_Negative turning points,37,0.0656051551828781,Random Forest
0_Median absolute diff,38,0.037988742437462,Random Forest
0_Power bandwidth,39,0.0163101164683699,Random Forest
0_Neighbourhood peaks,40,0.0027062446751942,Random Forest
0_Spectral roll-on,41,0.001592918972671,Random Forest
0_Median diff,42,0.0,Random Forest
0_Maximum frequency,1,155109060.14322358,Bayesian Ridge
0_Median frequency,2,3789970.019195653,Bayesian Ridge
0_Fundamental frequency,3,3499184.8053971934,Bayesian Ridge
0_Spectral roll-on,4,1633498.43184292,Bayesian Ridge
0_Power bandwidth,5,996306.8108539638,Bayesian Ridge
0_MFCC_11,6,1321.0969137887398,Bayesian Ridge
0_MFCC_4,7,1269.2931709545826,Bayesian Ridge
0_MFCC_5,8,1095.5822346236728,Bayesian Ridge
0_MFCC_9,9,883.206433407915,Bayesian Ridge
0_MFCC_0,10,297.4789977065504,Bayesian Ridge
0_MFCC_8,11,260.5032846817057,Bayesian Ridge
0_MFCC_10,12,77.06389047329381,Bayesian Ridge
0_Absolute energy,13,42.12463925839015,Bayesian Ridge
0_Autocorrelation,14,7.167174069374405,Bayesian Ridge
0_Peak to peak distance,15,5.9682562016321565,Bayesian Ridge
0_Spectral decrease,16,5.012216204296385,Bayesian Ridge
0_Spectral positive turning points,17,3.910271846141984,Bayesian Ridge
0_ECDF Percentile_0,18,3.3545698499492493,Bayesian Ridge
0_ECDF Percentile_1,19,3.119012344957227,Bayesian Ridge
0_Max,20,1.9081617392979235,Bayesian Ridge
0_Mean,21,1.7893466761208598,Bayesian Ridge
0_Interquartile range,22,1.660705811351188,Bayesian Ridge
0_Median,23,1.0797721209218325,Bayesian Ridge
0_Zero crossing rate,24,0.9972775806837072,Bayesian Ridge
0_Negative turning points,25,0.3457342104536545,Bayesian Ridge
0_Spectral variation,26,0.2607112889178791,Bayesian Ridge
0_Histogram mode,27,0.2541338490982341,Bayesian Ridge
0_Wavelet absolute mean_27777777.78Hz,28,0.1751942285539229,Bayesian Ridge
0_Spectral entropy,29,0.1127331969471093,Bayesian Ridge
0_Entropy,30,0.1057516465880256,Bayesian Ridge
0_LPCC_0,31,0.0850193152912717,Bayesian Ridge
0_Neighbourhood peaks,32,0.0700011940320082,Bayesian Ridge
0_LPCC_1,33,0.0583380572323599,Bayesian Ridge
0_LPCC_5,34,0.0420235266370618,Bayesian Ridge
0_Wavelet entropy,35,0.0352311489942314,Bayesian Ridge
0_Wavelet energy_125000000.0Hz,36,0.0322151922253674,Bayesian Ridge
0_Mean diff,37,0.015652562449019,Bayesian Ridge
0_LPCC_6,38,0.01271932074508,Bayesian Ridge
0_Slope,39,0.0084130421066472,Bayesian Ridge
0_Wavelet absolute mean_125000000.0Hz,40,0.0057381159720379,Bayesian Ridge
0_Median diff,41,0.0003839335006966,Bayesian Ridge
0_Median absolute diff,42,0.0003486230881346,Bayesian Ridge
0_Peak to peak distance,1,29.794816320984307,XGBoost
0_Spectral entropy,2,19.033377621545863,XGBoost
0_Autocorrelation,3,11.02387211410602,XGBoost
0_Spectral variation,4,4.834174952513041,XGBoost
0_Interquartile range,5,3.4238586303118,XGBoost
0_Absolute energy,6,3.0449220854947963,XGBoost
0_Entropy,7,2.582426268233173,XGBoost
0_Mean diff,8,1.8580317598450933,XGBoost
0_Slope,9,1.283839853897815,XGBoost
0_Fundamental frequency,10,1.147023064044118,XGBoost
0_LPCC_0,11,0.9524353563731848,XGBoost
0_Max,12,0.8678009059535962,XGBoost
0_MFCC_5,13,0.8131218007198223,XGBoost
0_LPCC_6,14,0.7846748298914482,XGBoost
0_MFCC_11,15,0.7837028471453735,XGBoost
0_Histogram mode,16,0.6469195739458625,XGBoost
0_Wavelet entropy,17,0.5970908986503879,XGBoost
0_MFCC_8,18,0.528165955847688,XGBoost
0_Wavelet energy_125000000.0Hz,19,0.5275902706888814,XGBoost
0_MFCC_10,20,0.5031107817067454,XGBoost
0_Wavelet absolute mean_125000000.0Hz,21,0.4706412641733885,XGBoost
0_Wavelet absolute mean_27777777.78Hz,22,0.44027955769108,XGBoost
0_Spectral decrease,23,0.3511356968168169,XGBoost
0_ECDF Percentile_1,24,0.3452247475005687,XGBoost
0_MFCC_9,25,0.3450613009640326,XGBoost
0_MFCC_4,26,0.3386794121736039,XGBoost
0_LPCC_5,27,0.3317445510156142,XGBoost
0_Spectral positive turning points,28,0.3228526552973935,XGBoost
0_MFCC_0,29,0.3173119331635533,XGBoost
0_Negative turning points,30,0.2479845394569138,XGBoost
0_Median absolute diff,31,0.237471535620714,XGBoost
0_ECDF Percentile_0,32,0.2278962590813637,XGBoost
0_LPCC_1,33,0.1635556148918346,XGBoost
0_Median,34,0.1017576867441336,XGBoost
0_Maximum frequency,35,0.0852395227216805,XGBoost
0_Mean,36,0.0794576590848465,XGBoost
0_Median diff,37,0.0708804572085539,XGBoost
0_Median frequency,38,0.0369500676090518,XGBoost
0_Zero crossing rate,39,0.0165313056205709,XGBoost
0_Neighbourhood peaks,40,0.0085263620798786,XGBoost
0_Power bandwidth,41,0.0,XGBoost
0_Spectral roll-on,42,0.0,XGBoost
0_Peak to peak distance,1,10.470560099184018,SVR
0_ECDF Percentile_0,2,10.220961593273548,SVR
0_Spectral entropy,3,10.070539174909966,SVR
0_Spectral decrease,4,9.535787747814258,SVR
0_Absolute energy,5,9.267517284413538,SVR
0_Median,6,8.51247479201481,SVR
0_Spectral variation,7,7.663040030893257,SVR
0_Mean diff,8,7.369255858952797,SVR
0_Interquartile range,9,7.364199960545264,SVR
0_LPCC_0,10,7.001169703783316,SVR
0_MFCC_11,11,6.519502266394165,SVR
0_Max,12,5.036881360722157,SVR
0_Wavelet absolute mean_125000000.0Hz,13,4.5223234257096205,SVR
0_Wavelet absolute mean_27777777.78Hz,14,4.118194108834274,SVR
0_MFCC_5,15,1.8060045707208567,SVR
0_MFCC_9,16,1.3636311048221712,SVR
0_Autocorrelation,17,1.0736844388892572,SVR
0_Mean,18,0.818356840285319,SVR
0_Slope,19,0.7604319635030504,SVR
0_MFCC_10,20,0.6026340509166646,SVR
0_Wavelet entropy,21,0.597684076636691,SVR
0_MFCC_0,22,0.4823951853207501,SVR
0_Maximum frequency,23,0.3700066517389214,SVR
0_MFCC_8,24,0.2240307556106935,SVR
0_Wavelet energy_125000000.0Hz,25,0.1640569920621003,SVR
0_Power bandwidth,26,0.109256929501197,SVR
0_LPCC_1,27,0.1064962387911107,SVR
0_ECDF Percentile_1,28,0.025310831620107,SVR
0_Entropy,29,0.0,SVR
0_Fundamental frequency,30,0.0,SVR
0_Histogram mode,31,0.0,SVR
0_LPCC_6,32,0.0,SVR
0_LPCC_5,33,0.0,SVR
0_MFCC_4,34,0.0,SVR
0_Median diff,35,0.0,SVR
0_Median absolute diff,36,0.0,SVR
0_Neighbourhood peaks,37,0.0,SVR
0_Median frequency,38,0.0,SVR
0_Negative turning points,39,0.0,SVR
0_Spectral roll-on,40,0.0,SVR
0_Spectral positive turning points,41,0.0,SVR
0_Zero crossing rate,42,0.0,SVR
0_Peak to peak distance,1,16.477189537784017,Random Forest
0_Absolute energy,2,7.967119813479623,Random Forest
0_Spectral entropy,3,7.568851930520436,Random Forest
0_Autocorrelation,4,5.732871316477655,Random Forest
0_Interquartile range,5,4.55024048058043,Random Forest
0_Wavelet energy_125000000.0Hz,6,4.398863766105785,Random Forest
0_Spectral variation,7,4.047807270762573,Random Forest
0_Entropy,8,3.551712223043698,Random Forest
0_ECDF Percentile_0,9,3.0232260270847315,Random Forest
0_MFCC_11,10,2.3240348768044883,Random Forest
0_Histogram mode,11,1.9075897258216816,Random Forest
0_Wavelet absolute mean_125000000.0Hz,12,1.8183794676279643,Random Forest
0_Wavelet absolute mean_27777777.78Hz,13,1.523411037000424,Random Forest
0_LPCC_0,14,1.4375785533219576,Random Forest
0_Mean diff,15,1.4251336560598884,Random Forest
0_Slope,16,1.1276599964546656,Random Forest
0_Fundamental frequency,17,1.0586858981389555,Random Forest
0_Wavelet entropy,18,0.9403877705588938,Random Forest
0_MFCC_0,19,0.8240608646751694,Random Forest
0_Max,20,0.7833118631895634,Random Forest
0_MFCC_9,21,0.7285331762854321,Random Forest
0_ECDF Percentile_1,22,0.589199335590191,Random Forest
0_Zero crossing rate,23,0.5891622850020725,Random Forest
0_MFCC_5,24,0.5377181450038526,Random Forest
0_Median frequency,25,0.5226604395988086,Random Forest
0_Median,26,0.4840332545938591,Random Forest
0_MFCC_4,27,0.399035356617843,Random Forest
0_LPCC_5,28,0.3879724118348211,Random Forest
0_MFCC_10,29,0.3875964688074464,Random Forest
0_LPCC_1,30,0.3757126057299473,Random Forest
0_Spectral decrease,31,0.3407907802310462,Random Forest
0_Maximum frequency,32,0.3213254974034614,Random Forest
0_MFCC_8,33,0.2832753897349039,Random Forest
0_Mean,34,0.2630383912062893,Random Forest
0_Spectral positive turning points,35,0.1833518218573183,Random Forest
0_LPCC_6,36,0.167439712237101,Random Forest
0_Negative turning points,37,0.1164729463045795,Random Forest
0_Power bandwidth,38,0.0438993770897388,Random Forest
0_Median absolute diff,39,0.0229640036272505,Random Forest
0_Neighbourhood peaks,40,0.0076635204128921,Random Forest
0_Median diff,41,0.0,Random Forest
0_Spectral roll-on,42,0.0,Random Forest
0_Maximum frequency,1,134452521.1135969,Bayesian Ridge
0_Median frequency,2,4176724.16252201,Bayesian Ridge
0_Power bandwidth,3,2049150.0508243009,Bayesian Ridge
0_Spectral roll-on,4,1590167.9663733332,Bayesian Ridge
0_Fundamental frequency,5,752091.8907131604,Bayesian Ridge
0_MFCC_11,6,1959.231583824368,Bayesian Ridge
0_MFCC_4,7,1524.1222534297765,Bayesian Ridge
0_MFCC_9,8,1320.455349353255,Bayesian Ridge
0_MFCC_5,9,1317.7256406227543,Bayesian Ridge
0_MFCC_8,10,565.0530138623487,Bayesian Ridge
0_MFCC_0,11,236.96240812577224,Bayesian Ridge
0_MFCC_10,12,64.37932304546369,Bayesian Ridge
0_Absolute energy,13,21.56515247390464,Bayesian Ridge
0_Peak to peak distance,14,6.694194177294293,Bayesian Ridge
0_Spectral decrease,15,6.554490846496717,Bayesian Ridge
0_Autocorrelation,16,6.358271123076553,Bayesian Ridge
0_Spectral positive turning points,17,4.178223134598708,Bayesian Ridge
0_ECDF Percentile_0,18,3.660666686713658,Bayesian Ridge
0_ECDF Percentile_1,19,3.1315876496479533,Bayesian Ridge
0_Max,20,2.293568000161259,Bayesian Ridge
0_Mean,21,2.1601696740733964,Bayesian Ridge
0_Interquartile range,22,1.4764067605705151,Bayesian Ridge
0_Median,23,1.045303410588914,Bayesian Ridge
0_Zero crossing rate,24,1.0356335285883975,Bayesian Ridge
0_Spectral variation,25,0.3001726301684369,Bayesian Ridge
0_Negative turning points,26,0.2933634347367144,Bayesian Ridge
0_Spectral entropy,27,0.1302095001170732,Bayesian Ridge
0_LPCC_0,28,0.1283871879612382,Bayesian Ridge
0_Histogram mode,29,0.1070573117136704,Bayesian Ridge
0_Entropy,30,0.1024513700791391,Bayesian Ridge
0_Wavelet absolute mean_27777777.78Hz,31,0.0964368630558265,Bayesian Ridge
0_LPCC_1,32,0.090121253598694,Bayesian Ridge
0_Neighbourhood peaks,33,0.0753403001357489,Bayesian Ridge
0_Wavelet energy_125000000.0Hz,34,0.0415487971365582,Bayesian Ridge
0_LPCC_5,35,0.0285739734823466,Bayesian Ridge
0_Wavelet entropy,36,0.020096622838789,Bayesian Ridge
0_Wavelet absolute mean_125000000.0Hz,37,0.0158634874739259,Bayesian Ridge
0_Slope,38,0.0097768817489299,Bayesian Ridge
0_Mean diff,39,0.001353667156996,Bayesian Ridge
0_LPCC_6,40,0.0011025039098947,Bayesian Ridge
0_Median absolute diff,41,0.0007829487157207,Bayesian Ridge
0_Median diff,42,0.0001735246446046,Bayesian Ridge
0_Peak to peak distance,1,33.86942260038349,XGBoost
0_Spectral entropy,2,17.095336643688377,XGBoost
0_Autocorrelation,3,9.97092186998402,XGBoost
0_Absolute energy,4,4.478778259492293,XGBoost
0_Entropy,5,4.155402216311048,XGBoost
0_Mean diff,6,3.245025370474968,XGBoost
0_Spectral variation,7,3.2028276163085065,XGBoost
0_Interquartile range,8,2.797462543125637,XGBoost
0_Wavelet absolute mean_125000000.0Hz,9,1.150098777542077,XGBoost
0_Histogram mode,10,0.9361170523754008,XGBoost
0_Max,11,0.9359201774784672,XGBoost
0_Fundamental frequency,12,0.8928176918466886,XGBoost
0_MFCC_11,13,0.8861799749917039,XGBoost
0_LPCC_0,14,0.7965966505970652,XGBoost
0_MFCC_5,15,0.6861382461198913,XGBoost
0_Slope,16,0.655908185724107,XGBoost
0_Wavelet energy_125000000.0Hz,17,0.6027283012676363,XGBoost
0_Zero crossing rate,18,0.5689700909207266,XGBoost
0_MFCC_4,19,0.5552568040063605,XGBoost
0_LPCC_1,20,0.5417670272397268,XGBoost
0_MFCC_9,21,0.4538616767074913,XGBoost
0_Wavelet entropy,22,0.3908892591410005,XGBoost
0_MFCC_0,23,0.3713479058045892,XGBoost
0_Median,24,0.281527378752393,XGBoost
0_Mean,25,0.2764909028759536,XGBoost
0_MFCC_10,26,0.2606823032788933,XGBoost
0_LPCC_6,27,0.2215518770489841,XGBoost
0_ECDF Percentile_0,28,0.2202408999575922,XGBoost
0_MFCC_8,29,0.2014574931469125,XGBoost
0_Spectral positive turning points,30,0.1900455458355446,XGBoost
0_ECDF Percentile_1,31,0.1483425399650509,XGBoost
0_Spectral decrease,32,0.1451018857130159,XGBoost
0_Maximum frequency,33,0.1378027893694738,XGBoost
0_LPCC_5,34,0.1351901999801397,XGBoost
0_Wavelet absolute mean_27777777.78Hz,35,0.1240317615522692,XGBoost
0_Negative turning points,36,0.1061514366772646,XGBoost
0_Neighbourhood peaks,37,0.0738265331935137,XGBoost
0_Median diff,38,0.0518074702446659,XGBoost
0_Median frequency,39,0.033532406339546,XGBoost
0_Median absolute diff,40,0.0266626692910989,XGBoost
0_Spectral roll-on,41,0.0059605438828468,XGBoost
0_Power bandwidth,42,0.0,XGBoost
0_Spectral entropy,1,12.033305705161895,SVR
0_Interquartile range,2,10.544504799239244,SVR
0_ECDF Percentile_0,3,9.737891942234798,SVR
0_Peak to peak distance,4,9.47346909327811,SVR
0_Spectral decrease,5,9.147917468187586,SVR
0_Mean diff,6,8.541760147467237,SVR
0_Median,7,8.045954860724834,SVR
0_LPCC_0,8,8.017530884998061,SVR
0_Wavelet absolute mean_27777777.78Hz,9,7.857021748603862,SVR
0_Spectral variation,10,6.970876981138855,SVR
0_Absolute energy,11,6.693277606112428,SVR
0_Slope,12,4.988170072577233,SVR
0_Wavelet absolute mean_125000000.0Hz,13,3.645870450886663,SVR
0_Max,14,2.869661385875717,SVR
0_MFCC_11,15,2.2440994769001525,SVR
0_Autocorrelation,16,2.041820371195566,SVR
0_MFCC_5,17,1.9777102184724469,SVR
0_Maximum frequency,18,0.837291755557207,SVR
0_Wavelet entropy,19,0.8155532188877891,SVR
0_MFCC_9,20,0.4488992889039381,SVR
0_Mean,21,0.4103605909021394,SVR
0_MFCC_10,22,0.3389864297968945,SVR
0_LPCC_5,23,0.1793831478384189,SVR
0_Wavelet energy_125000000.0Hz,24,0.1568869051398321,SVR
0_LPCC_1,25,0.0954773665546624,SVR
0_MFCC_0,26,0.0782154038789965,SVR
0_Spectral roll-on,27,0.0269040774727939,SVR
0_ECDF Percentile_1,28,0.0,SVR
0_Entropy,29,0.0,SVR
0_Fundamental frequency,30,0.0,SVR
0_Histogram mode,31,0.0,SVR
0_LPCC_6,32,0.0,SVR
0_MFCC_4,33,0.0,SVR
0_MFCC_8,34,0.0,SVR
0_Median diff,35,0.0,SVR
0_Median absolute diff,36,0.0,SVR
0_Negative turning points,37,0.0,SVR
0_Neighbourhood peaks,38,0.0,SVR
0_Power bandwidth,39,0.0,SVR
0_Median frequency,40,0.0,SVR
0_Spectral positive turning points,41,0.0,SVR
0_Zero crossing rate,42,0.0,SVR
0_Peak to peak distance,1,14.4373272498999,Random Forest
0_Spectral entropy,2,8.655560547284828,Random Forest
0_Absolute energy,3,6.697957320600873,Random Forest
0_Spectral variation,4,5.497751384843236,Random Forest
0_Interquartile range,5,4.580068101610485,Random Forest
0_Entropy,6,4.539355881565743,Random Forest
0_Autocorrelation,7,4.537649389805861,Random Forest
0_Wavelet energy_125000000.0Hz,8,3.094021836047134,Random Forest
0_ECDF Percentile_0,9,2.468221209956547,Random Forest
0_Histogram mode,10,2.425841796547876,Random Forest
0_MFCC_11,11,2.0822001587416983,Random Forest
0_Wavelet absolute mean_125000000.0Hz,12,1.7399038362266117,Random Forest
0_LPCC_0,13,1.2963382491988675,Random Forest
0_Wavelet absolute mean_27777777.78Hz,14,1.222510049143689,Random Forest
0_Slope,15,0.9010293658126844,Random Forest
0_MFCC_9,16,0.888559391792274,Random Forest
0_Mean diff,17,0.88165729030966,Random Forest
0_Wavelet entropy,18,0.8079889957016567,Random Forest
0_MFCC_0,19,0.754464035337178,Random Forest
0_ECDF Percentile_1,20,0.7229990829422991,Random Forest
0_MFCC_5,21,0.7202027865552421,Random Forest
0_Fundamental frequency,22,0.7056616822720507,Random Forest
0_MFCC_8,23,0.5302098555967756,Random Forest
0_Median frequency,24,0.5174599478626157,Random Forest
0_MFCC_10,25,0.4072457986243222,Random Forest
0_Spectral decrease,26,0.3687419276072799,Random Forest
0_Median,27,0.3539934034157622,Random Forest
0_Max,28,0.3521053438556847,Random Forest
0_Maximum frequency,29,0.3345909156333733,Random Forest
0_LPCC_5,30,0.2998209077296235,Random Forest
0_Zero crossing rate,31,0.2403017730045288,Random Forest
0_LPCC_1,32,0.2047526665082784,Random Forest
0_Mean,33,0.2001462657271729,Random Forest
0_LPCC_6,34,0.1961734221043531,Random Forest
0_MFCC_4,35,0.153626736593516,Random Forest
0_Spectral positive turning points,36,0.0953169012075969,Random Forest
0_Median absolute diff,37,0.0402844563156676,Random Forest
0_Negative turning points,38,0.0250049265591117,Random Forest
0_Spectral roll-on,39,0.0208254274623778,Random Forest
0_Power bandwidth,40,0.0181348293895522,Random Forest
0_Neighbourhood peaks,41,0.0053393526558298,Random Forest
0_Median diff,42,0.0,Random Forest
0_Maximum frequency,1,124995234.66119096,Bayesian Ridge
0_Median frequency,2,1868143.7613013915,Bayesian Ridge
0_Spectral roll-on,3,876205.8784782526,Bayesian Ridge
0_Power bandwidth,4,563035.7545777023,Bayesian Ridge
0_Fundamental frequency,5,268299.6958422438,Bayesian Ridge
0_MFCC_4,6,1250.4822058419682,Bayesian Ridge
0_MFCC_9,7,1191.06343260707,Bayesian Ridge
0_MFCC_11,8,1064.723443734125,Bayesian Ridge
0_MFCC_5,9,1045.4824336220115,Bayesian Ridge
0_MFCC_8,10,411.3773420925119,Bayesian Ridge
0_MFCC_10,11,308.01917479573325,Bayesian Ridge
0_MFCC_0,12,141.39612915452258,Bayesian Ridge
0_Absolute energy,13,117.9111116421617,Bayesian Ridge
0_Peak to peak distance,14,7.237315242476029,Bayesian Ridge
0_Spectral decrease,15,6.324721034584354,Bayesian Ridge
0_Autocorrelation,16,5.500192953959019,Bayesian Ridge
0_ECDF Percentile_0,17,3.382270088658023,Bayesian Ridge
0_ECDF Percentile_1,18,3.361415111279544,Bayesian Ridge
0_Spectral positive turning points,19,2.14667376784944,Bayesian Ridge
0_Max,20,2.014800597314199,Bayesian Ridge
0_Mean,21,1.7380568891515464,Bayesian Ridge
0_Zero crossing rate,22,1.1661940982104315,Bayesian Ridge
0_Interquartile range,23,1.1424160603246372,Bayesian Ridge
0_Median,24,0.9742041234464718,Bayesian Ridge
0_Spectral variation,25,0.4049906809878318,Bayesian Ridge
0_Negative turning points,26,0.2539649399925018,Bayesian Ridge
0_Wavelet absolute mean_27777777.78Hz,27,0.2321827607512352,Bayesian Ridge
0_Histogram mode,28,0.1489611997285801,Bayesian Ridge
0_LPCC_0,29,0.1431583446540665,Bayesian Ridge
0_LPCC_1,30,0.1010898445469458,Bayesian Ridge
0_Entropy,31,0.0963948795119468,Bayesian Ridge
0_Spectral entropy,32,0.0629191782291072,Bayesian Ridge
0_Neighbourhood peaks,33,0.0617055826486889,Bayesian Ridge
0_Wavelet energy_125000000.0Hz,34,0.0473758726918874,Bayesian Ridge
0_LPCC_6,35,0.0345221259279787,Bayesian Ridge
0_LPCC_5,36,0.0336670487560763,Bayesian Ridge
0_Wavelet entropy,37,0.0335840292464593,Bayesian Ridge
0_Slope,38,0.0122452342464374,Bayesian Ridge
0_Wavelet absolute mean_125000000.0Hz,39,0.0040117388385832,Bayesian Ridge
0_Mean diff,40,0.001612420387935,Bayesian Ridge
0_Median absolute diff,41,0.0015065989201883,Bayesian Ridge
0_Median diff,42,0.0002005086638959,Bayesian Ridge
0_Peak to peak distance,1,35.94242305349837,XGBoost
0_Spectral entropy,2,19.21972913343308,XGBoost
0_Autocorrelation,3,11.19000685655748,XGBoost
0_Interquartile range,4,3.1306022563627915,XGBoost
0_Entropy,5,2.7753294209755945,XGBoost
0_Spectral variation,6,2.305353590928484,XGBoost
0_Max,7,1.766062099166556,XGBoost
0_Histogram mode,8,1.4585203252284475,XGBoost
0_Mean diff,9,1.223126509236855,XGBoost
0_MFCC_11,10,1.0460119483754655,XGBoost
0_MFCC_10,11,0.8363262759326646,XGBoost
0_Wavelet energy_125000000.0Hz,12,0.7354579256070156,XGBoost
0_Fundamental frequency,13,0.7313122095276914,XGBoost
0_ECDF Percentile_1,14,0.717485338850785,XGBoost
0_LPCC_1,15,0.6031712886285971,XGBoost
0_Neighbourhood peaks,16,0.5812837861137461,XGBoost
0_Absolute energy,17,0.5610039225104108,XGBoost
0_LPCC_0,18,0.4976565565314143,XGBoost
0_Slope,19,0.4867593378932525,XGBoost
0_MFCC_5,20,0.4824901970760276,XGBoost
0_MFCC_4,21,0.4579943042578795,XGBoost
0_ECDF Percentile_0,22,0.4476346668639531,XGBoost
0_Median frequency,23,0.4223554057399432,XGBoost
0_MFCC_8,24,0.4093679839423857,XGBoost
0_Wavelet entropy,25,0.3676127381293724,XGBoost
0_LPCC_6,26,0.3412893183329454,XGBoost
0_Median,27,0.3319547255485629,XGBoost
0_Wavelet absolute mean_125000000.0Hz,28,0.2998085065009693,XGBoost
0_Wavelet absolute mean_27777777.78Hz,29,0.2928733571185421,XGBoost
0_MFCC_0,30,0.2877435411417236,XGBoost
0_LPCC_5,31,0.2126883396544804,XGBoost
0_Spectral decrease,32,0.1896973792602618,XGBoost
0_MFCC_9,33,0.1758682447616631,XGBoost
0_Spectral positive turning points,34,0.1563330229127159,XGBoost
0_Mean,35,0.1213348459461083,XGBoost
0_Median absolute diff,36,0.1186736830356221,XGBoost
0_Median diff,37,0.1124691153436899,XGBoost
0_Maximum frequency,38,0.0891952736947064,XGBoost
0_Negative turning points,39,0.0480505822328229,XGBoost
0_Power bandwidth,40,0.0,XGBoost
0_Spectral roll-on,41,0.0,XGBoost
0_Zero crossing rate,42,0.0,XGBoost
0_Peak to peak distance,1,12.052499113477506,SVR
0_Spectral variation,2,10.12478662241795,SVR
0_Spectral entropy,3,8.96973048868605,SVR
0_Mean diff,4,7.838652075361256,SVR
0_Spectral decrease,5,7.298271006171106,SVR
0_Interquartile range,6,7.120436344706418,SVR
0_ECDF Percentile_0,7,6.756788637329763,SVR
0_Median,8,6.509757574575099,SVR
0_LPCC_0,9,6.421347238516073,SVR
0_Absolute energy,10,6.122225521208464,SVR
0_Wavelet absolute mean_27777777.78Hz,11,4.643289744851744,SVR
0_Max,12,4.480976970647071,SVR
0_MFCC_11,13,4.350342407861668,SVR
0_Slope,14,4.235305531075524,SVR
0_Wavelet absolute mean_125000000.0Hz,15,2.9461650472801084,SVR
0_MFCC_5,16,2.362244875415446,SVR
0_Autocorrelation,17,1.6298046934327637,SVR
0_MFCC_9,18,0.9234026280767244,SVR
0_Maximum frequency,19,0.6997917087908099,SVR
0_MFCC_4,20,0.6594605750954607,SVR
0_MFCC_0,21,0.579335834712985,SVR
0_Mean,22,0.5390639083184787,SVR
0_MFCC_10,23,0.3287674367741601,SVR
0_Wavelet energy_125000000.0Hz,24,0.2442495694950708,SVR
0_Median diff,25,0.1723296340134221,SVR
0_MFCC_8,26,0.1015974758135049,SVR
0_ECDF Percentile_1,27,0.094636684498879,SVR
0_LPCC_1,28,0.0705558744174564,SVR
0_Negative turning points,29,0.0418796271625639,SVR
0_Fundamental frequency,30,0.023190063899925,SVR
0_Histogram mode,31,0.0,SVR
0_Entropy,32,0.0,SVR
0_LPCC_5,33,0.0,SVR
0_LPCC_6,34,0.0,SVR
0_Median absolute diff,35,0.0,SVR
0_Power bandwidth,36,0.0,SVR
0_Median frequency,37,0.0,SVR
0_Neighbourhood peaks,38,0.0,SVR
0_Spectral positive turning points,39,0.0,SVR
0_Spectral roll-on,40,0.0,SVR
0_Wavelet entropy,41,0.0,SVR
0_Zero crossing rate,42,0.0,SVR
0_Peak to peak distance,1,15.71348256186726,Random Forest
0_Spectral entropy,2,8.50833467133497,Random Forest
0_Absolute energy,3,6.948674252550862,Random Forest
0_Autocorrelation,4,4.891625857155894,Random Forest
0_Interquartile range,5,4.699260096742251,Random Forest
0_Spectral variation,6,4.417668864860806,Random Forest
0_Entropy,7,4.3619218562340825,Random Forest
0_Wavelet energy_125000000.0Hz,8,3.946934149270659,Random Forest
0_Histogram mode,9,2.881547875080413,Random Forest
0_ECDF Percentile_0,10,2.613862161330021,Random Forest
0_MFCC_11,11,1.850688158960252,Random Forest
0_Wavelet absolute mean_125000000.0Hz,12,1.83739091785703,Random Forest
0_LPCC_0,13,1.1967945935401834,Random Forest
0_Wavelet absolute mean_27777777.78Hz,14,1.1815834668927976,Random Forest
0_Mean diff,15,1.1084582842569644,Random Forest
0_Slope,16,0.9986860442245922,Random Forest
0_MFCC_0,17,0.9251059555072026,Random Forest
0_Fundamental frequency,18,0.918040935345196,Random Forest
0_MFCC_8,19,0.8339861999947269,Random Forest
0_ECDF Percentile_1,20,0.8242743454136964,Random Forest
0_MFCC_9,21,0.7205495258446705,Random Forest
0_Wavelet entropy,22,0.5958413590491515,Random Forest
0_Median,23,0.5229486568083441,Random Forest
0_Max,24,0.4410292894610981,Random Forest
0_MFCC_10,25,0.4310158101963811,Random Forest
0_Median frequency,26,0.3923513783284308,Random Forest
0_MFCC_5,27,0.3799909595921947,Random Forest
0_LPCC_5,28,0.3590314637629392,Random Forest
0_Spectral decrease,29,0.3416474497224903,Random Forest
0_Maximum frequency,30,0.3396492163386816,Random Forest
0_LPCC_6,31,0.276847294246964,Random Forest
0_Zero crossing rate,32,0.2644177079759229,Random Forest
0_LPCC_1,33,0.2467660494608572,Random Forest
0_Mean,34,0.1856189177035897,Random Forest
0_MFCC_4,35,0.1662518126699375,Random Forest
0_Median absolute diff,36,0.0741466859302794,Random Forest
0_Spectral positive turning points,37,0.0585197718738694,Random Forest
0_Power bandwidth,38,0.0548823914657036,Random Forest
0_Negative turning points,39,0.047710358869036,Random Forest
0_Spectral roll-on,40,0.0156800440354272,Random Forest
0_Neighbourhood peaks,41,0.0047996031194925,Random Forest
0_Median diff,42,0.0,Random Forest
0_Maximum frequency,1,247808374.0197902,Bayesian Ridge
0_Median frequency,2,2927657.513056252,Bayesian Ridge
0_Spectral roll-on,3,1915402.6048656525,Bayesian Ridge
0_Power bandwidth,4,884862.3913554574,Bayesian Ridge
0_Fundamental frequency,5,544035.7273951359,Bayesian Ridge
0_MFCC_4,6,1837.930374132632,Bayesian Ridge
0_MFCC_11,7,1760.577837878676,Bayesian Ridge
0_MFCC_9,8,1223.791719809353,Bayesian Ridge
0_MFCC_5,9,1103.8603471320996,Bayesian Ridge
0_MFCC_0,10,314.5694200780125,Bayesian Ridge
0_MFCC_8,11,237.1852609391073,Bayesian Ridge
0_MFCC_10,12,208.35564071236183,Bayesian Ridge
0_Absolute energy,13,175.32366912977264,Bayesian Ridge
0_Spectral decrease,14,8.137636966665871,Bayesian Ridge
0_Peak to peak distance,15,7.060307057325529,Bayesian Ridge
0_Spectral positive turning points,16,4.057497259018593,Bayesian Ridge
0_Autocorrelation,17,3.786262428369348,Bayesian Ridge
0_ECDF Percentile_0,18,3.368262913918236,Bayesian Ridge
0_ECDF Percentile_1,19,3.203778537775532,Bayesian Ridge
0_Max,20,1.9262527567828505,Bayesian Ridge
0_Median,21,1.3398074849086643,Bayesian Ridge
0_Mean,22,0.9785010459124605,Bayesian Ridge
0_Zero crossing rate,23,0.8371838761910338,Bayesian Ridge
0_Spectral entropy,24,0.2656306884742536,Bayesian Ridge
0_Neighbourhood peaks,25,0.1809507350183711,Bayesian Ridge
0_Wavelet absolute mean_27777777.78Hz,26,0.1680966040410038,Bayesian Ridge
0_Histogram mode,27,0.0918518115887667,Bayesian Ridge
0_Entropy,28,0.0780152215782565,Bayesian Ridge
0_Spectral variation,29,0.0724082016551259,Bayesian Ridge
0_LPCC_0,30,0.0677426124959888,Bayesian Ridge
0_LPCC_1,31,0.0569623517806604,Bayesian Ridge
0_Negative turning points,32,0.0525355908329416,Bayesian Ridge
0_Interquartile range,33,0.0510121282965271,Bayesian Ridge
0_Wavelet entropy,34,0.0349904610015661,Bayesian Ridge
0_Wavelet energy_125000000.0Hz,35,0.0347710830887506,Bayesian Ridge
0_LPCC_5,36,0.0169511065910125,Bayesian Ridge
0_LPCC_6,37,0.0157332569044583,Bayesian Ridge
0_Wavelet absolute mean_125000000.0Hz,38,0.0143430843456094,Bayesian Ridge
0_Mean diff,39,0.013058812629765,Bayesian Ridge
0_Slope,40,0.0098700146439096,Bayesian Ridge
0_Median absolute diff,41,0.0021239941952774,Bayesian Ridge
0_Median diff,42,0.0006363819353437,Bayesian Ridge
0_Peak to peak distance,1,34.57331805763676,XGBoost
0_Spectral entropy,2,19.23646199888892,XGBoost
0_Autocorrelation,3,8.614488316099841,XGBoost
0_Interquartile range,4,4.39851257597183,XGBoost
0_Absolute energy,5,4.045358372456456,XGBoost
0_Spectral variation,6,2.7564503174212445,XGBoost
0_Mean diff,7,2.4129520759401224,XGBoost
0_Histogram mode,8,1.7813912801558145,XGBoost
0_Entropy,9,1.7355848274712138,XGBoost
0_Wavelet absolute mean_125000000.0Hz,10,1.2752268043409878,XGBoost
0_Max,11,1.2676391289361757,XGBoost
0_Slope,12,1.232261238712196,XGBoost
0_MFCC_9,13,0.9625580129770565,XGBoost
0_MFCC_8,14,0.9223280244582022,XGBoost
0_Fundamental frequency,15,0.7874748428473871,XGBoost
0_ECDF Percentile_1,16,0.7862884419014056,XGBoost
0_MFCC_11,17,0.7791172643484546,XGBoost
0_MFCC_10,18,0.6573315590012819,XGBoost
0_Wavelet energy_125000000.0Hz,19,0.6159685045816005,XGBoost
0_Mean,20,0.5134454193189116,XGBoost
0_ECDF Percentile_0,21,0.5010460772388925,XGBoost
0_LPCC_6,22,0.4712742835610328,XGBoost
0_MFCC_5,23,0.4667379982822262,XGBoost
0_LPCC_0,24,0.4562575064896915,XGBoost
0_MFCC_0,25,0.4520245872634774,XGBoost
0_Wavelet absolute mean_27777777.78Hz,26,0.4327228624692497,XGBoost
0_MFCC_4,27,0.4093104312322412,XGBoost
0_LPCC_5,28,0.356863514744987,XGBoost
0_Wavelet entropy,29,0.32840425659058,XGBoost
0_Median,30,0.3066563055522119,XGBoost
0_Zero crossing rate,31,0.2776622558176518,XGBoost
0_Spectral positive turning points,32,0.2399437075850243,XGBoost
0_LPCC_1,33,0.2358154560916746,XGBoost
0_Neighbourhood peaks,34,0.2235059851765632,XGBoost
0_Maximum frequency,35,0.1997978658635169,XGBoost
0_Spectral decrease,36,0.1610369156380494,XGBoost
0_Negative turning points,37,0.1473683981699247,XGBoost
0_Median diff,38,0.1436620216568311,XGBoost
0_Median frequency,39,0.0972154193604985,XGBoost
0_Median absolute diff,40,0.0311529335141182,XGBoost
0_Power bandwidth,41,0.0,XGBoost
0_Spectral roll-on,42,0.0,XGBoost
0_Peak to peak distance,1,10.462992112049193,SVR
0_ECDF Percentile_0,2,10.31161949709232,SVR
0_LPCC_0,3,9.939538775851457,SVR
0_Absolute energy,4,9.476277422686149,SVR
0_Median,5,9.0276431132784,SVR
0_Spectral variation,6,8.906577131174226,SVR
0_Spectral decrease,7,8.427468751408552,SVR
0_Interquartile range,8,8.170511633969621,SVR
0_Spectral entropy,9,7.331631220106597,SVR
0_Mean diff,10,6.168286066273044,SVR
0_Wavelet absolute mean_27777777.78Hz,11,6.098231883323404,SVR
0_Max,12,6.0971741800594765,SVR
0_Mean,13,4.048690049718914,SVR
0_MFCC_11,14,3.717177782034518,SVR
0_Wavelet absolute mean_125000000.0Hz,15,2.656483718703352,SVR
0_Slope,16,2.08261811322773,SVR
0_Wavelet entropy,17,1.314281837656919,SVR
0_MFCC_9,18,0.9740420071484096,SVR
0_Autocorrelation,19,0.8526697059644555,SVR
0_ECDF Percentile_1,20,0.7843951558189514,SVR
0_Median absolute diff,21,0.5233081593275556,SVR
0_Maximum frequency,22,0.3749317449073691,SVR
0_MFCC_5,23,0.3128767861329155,SVR
0_MFCC_10,24,0.2738102603882632,SVR
0_MFCC_0,25,0.2693176057086842,SVR
0_Wavelet energy_125000000.0Hz,26,0.2575411212606125,SVR
0_Histogram mode,27,0.2555126078172788,SVR
0_Spectral roll-on,28,0.144191946369034,SVR
0_Entropy,29,0.0,SVR
0_Fundamental frequency,30,0.0,SVR
0_LPCC_1,31,0.0,SVR
0_LPCC_5,32,0.0,SVR
0_MFCC_4,33,0.0,SVR
0_MFCC_8,34,0.0,SVR
0_Median diff,35,0.0,SVR
0_LPCC_6,36,0.0,SVR
0_Negative turning points,37,0.0,SVR
0_Neighbourhood peaks,38,0.0,SVR
0_Power bandwidth,39,0.0,SVR
0_Median frequency,40,0.0,SVR
0_Spectral positive turning points,41,0.0,SVR
0_Zero crossing rate,42,0.0,SVR
0_Peak to peak distance,1,15.1077143430804,Random Forest
0_Spectral entropy,2,7.713502091034242,Random Forest
0_Absolute energy,3,6.51319610768784,Random Forest
0_Spectral variation,4,5.118647678522158,Random Forest
0_Interquartile range,5,4.642621408205464,Random Forest
0_Autocorrelation,6,4.326739164664287,Random Forest
0_Entropy,7,4.286858134193543,Random Forest
0_Wavelet energy_125000000.0Hz,8,3.355941208883776,Random Forest
0_Histogram mode,9,2.843452369720969,Random Forest
0_Wavelet absolute mean_125000000.0Hz,10,2.627711180355649,Random Forest
0_ECDF Percentile_0,11,2.400004267366852,Random Forest
0_MFCC_11,12,1.6683321719896669,Random Forest
0_Fundamental frequency,13,1.278604528681406,Random Forest
0_LPCC_0,14,1.2077165864429438,Random Forest
0_Wavelet absolute mean_27777777.78Hz,15,1.1362694729419738,Random Forest
0_Slope,16,0.933191689954372,Random Forest
0_MFCC_9,17,0.8621784198070568,Random Forest
0_ECDF Percentile_1,18,0.7644992738540285,Random Forest
0_MFCC_0,19,0.7542525142556677,Random Forest
0_Mean diff,20,0.6073147700383794,Random Forest
0_Wavelet entropy,21,0.5573130917333532,Random Forest
0_MFCC_8,22,0.5554892770709935,Random Forest
0_Median frequency,23,0.5435296681153898,Random Forest
0_Spectral decrease,24,0.4879310137995908,Random Forest
0_MFCC_10,25,0.4633673908496897,Random Forest
0_Max,26,0.43495265687434,Random Forest
0_Median,27,0.3863621823835264,Random Forest
0_Maximum frequency,28,0.3358952655690257,Random Forest
0_MFCC_5,29,0.3313447488602174,Random Forest
0_Zero crossing rate,30,0.2953496799373378,Random Forest
0_LPCC_5,31,0.2424568656707803,Random Forest
0_LPCC_1,32,0.2292844728220875,Random Forest
0_LPCC_6,33,0.2267795341184168,Random Forest
0_MFCC_4,34,0.1858056721605748,Random Forest
0_Mean,35,0.1606541706828245,Random Forest
0_Spectral positive turning points,36,0.065556968145507,Random Forest
0_Median absolute diff,37,0.0397695390382781,Random Forest
0_Spectral roll-on,38,0.0306179798829058,Random Forest
0_Negative turning points,39,0.0181946921115741,Random Forest
0_Neighbourhood peaks,40,0.0175400282125299,Random Forest
0_Power bandwidth,41,0.017138214354217,Random Forest
0_Median diff,42,0.0,Random Forest
0_Maximum frequency,1,261215700.91738245,Bayesian Ridge
0_Median frequency,2,3222220.401312813,Bayesian Ridge
0_Spectral roll-on,3,1145317.391699656,Bayesian Ridge
0_Fundamental frequency,4,550138.9170421917,Bayesian Ridge
0_Power bandwidth,5,370456.98206628347,Bayesian Ridge
0_MFCC_4,6,1211.7580443556542,Bayesian Ridge
0_MFCC_11,7,1117.7200375235905,Bayesian Ridge
0_MFCC_5,8,997.4621202190727,Bayesian Ridge
0_MFCC_9,9,817.0899043785752,Bayesian Ridge
0_MFCC_8,10,252.7553661491347,Bayesian Ridge
0_MFCC_10,11,202.19722086748448,Bayesian Ridge
0_MFCC_0,12,111.87309321786528,Bayesian Ridge
0_Absolute energy,13,41.71097552514382,Bayesian Ridge
0_Spectral decrease,14,9.887264891798132,Bayesian Ridge
0_Peak to peak distance,15,6.357532993857507,Bayesian Ridge
0_Autocorrelation,16,4.626385991273452,Bayesian Ridge
0_Spectral positive turning points,17,3.1668937439777305,Bayesian Ridge
0_ECDF Percentile_0,18,2.857597258923797,Bayesian Ridge
0_Max,19,2.4855359947305224,Bayesian Ridge
0_ECDF Percentile_1,20,2.4716174539332374,Bayesian Ridge
0_Mean,21,1.9827016458143585,Bayesian Ridge
0_Interquartile range,22,1.2408928923090463,Bayesian Ridge
0_Median,23,0.7303102634855553,Bayesian Ridge
0_Spectral variation,24,0.5997578532669873,Bayesian Ridge
0_Zero crossing rate,25,0.4239103655890382,Bayesian Ridge
0_Negative turning points,26,0.2598456043573989,Bayesian Ridge
0_Wavelet absolute mean_27777777.78Hz,27,0.2197480146332027,Bayesian Ridge
0_LPCC_0,28,0.2051135849596728,Bayesian Ridge
0_Neighbourhood peaks,29,0.155582342833533,Bayesian Ridge
0_Histogram mode,30,0.1121498421544784,Bayesian Ridge
0_Entropy,31,0.0757114016789506,Bayesian Ridge
0_Spectral entropy,32,0.0298360908459322,Bayesian Ridge
0_Wavelet energy_125000000.0Hz,33,0.0268858083885442,Bayesian Ridge
0_LPCC_5,34,0.0136918873305264,Bayesian Ridge
0_Wavelet entropy,35,0.013672653700096,Bayesian Ridge
0_LPCC_6,36,0.010596352876802,Bayesian Ridge
0_Slope,37,0.0087280455798809,Bayesian Ridge
0_Mean diff,38,0.0035817760209483,Bayesian Ridge
0_Median absolute diff,39,0.0019736893232828,Bayesian Ridge
0_LPCC_1,40,0.0014372536499181,Bayesian Ridge
0_Wavelet absolute mean_125000000.0Hz,41,0.001063436123768,Bayesian Ridge
0_Median diff,42,0.0001776842009882,Bayesian Ridge
0_Peak to peak distance,1,30.77230904843111,XGBoost
0_Spectral entropy,2,16.753046381706564,XGBoost
0_Autocorrelation,3,7.686082789635284,XGBoost
0_Entropy,4,4.703114893790461,XGBoost
0_Interquartile range,5,4.099820691688112,XGBoost
0_Spectral variation,6,3.3616419723203403,XGBoost
0_Absolute energy,7,2.462255197533592,XGBoost
0_Mean diff,8,1.8790796194401256,XGBoost
0_Histogram mode,9,1.6363625302327336,XGBoost
0_Max,10,1.4783624270576368,XGBoost
0_Slope,11,1.326680423385712,XGBoost
0_LPCC_0,12,1.1617199951506527,XGBoost
0_MFCC_11,13,1.075993803071727,XGBoost
0_Wavelet energy_125000000.0Hz,14,1.0025599124769369,XGBoost
0_Wavelet absolute mean_125000000.0Hz,15,0.976023805130211,XGBoost
0_Spectral decrease,16,0.9649177439628166,XGBoost
0_Fundamental frequency,17,0.8029433376888433,XGBoost
0_LPCC_5,18,0.6093213913722118,XGBoost
0_LPCC_1,19,0.5690552588537957,XGBoost
0_ECDF Percentile_1,20,0.556831349438429,XGBoost
0_MFCC_0,21,0.5505630224106212,XGBoost
0_Spectral positive turning points,22,0.5409784306040033,XGBoost
0_MFCC_10,23,0.5360917473819728,XGBoost
0_LPCC_6,24,0.5108503204284236,XGBoost
0_MFCC_9,25,0.4350004000611604,XGBoost
0_MFCC_4,26,0.4179299878491089,XGBoost
0_Median,27,0.4156903298893321,XGBoost
0_ECDF Percentile_0,28,0.3882138505930081,XGBoost
0_Wavelet entropy,29,0.3557471588148425,XGBoost
0_MFCC_8,30,0.327035197947733,XGBoost
0_Maximum frequency,31,0.3211273624431341,XGBoost
0_Wavelet absolute mean_27777777.78Hz,32,0.3032841822952032,XGBoost
0_MFCC_5,33,0.2786151376280312,XGBoost
0_Mean,34,0.1505555367362996,XGBoost
0_Median absolute diff,35,0.1156323949257532,XGBoost
0_Zero crossing rate,36,0.0770233896603187,XGBoost
0_Neighbourhood peaks,37,0.0704577286701649,XGBoost
0_Median frequency,38,0.067666195059816,XGBoost
0_Median diff,39,0.0290774356524149,XGBoost
0_Negative turning points,40,0.0186817001581192,XGBoost
0_Power bandwidth,41,0.0,XGBoost
0_Spectral roll-on,42,0.0,XGBoost
0_Interquartile range,1,10.70329449319522,SVR
0_Spectral variation,2,9.02171368284657,SVR
0_Wavelet absolute mean_27777777.78Hz,3,8.986701468194159,SVR
0_Spectral decrease,4,8.822004923010132,SVR
0_Median,5,8.160412907015212,SVR
0_ECDF Percentile_0,6,8.036459092037877,SVR
0_Peak to peak distance,7,8.030405118843198,SVR
0_LPCC_0,8,7.616256910087784,SVR
0_Spectral entropy,9,7.315503863679044,SVR
0_Mean diff,10,7.1317366494148136,SVR
0_Absolute energy,11,6.868444179716058,SVR
0_MFCC_11,12,4.908110099110695,SVR
0_Max,13,4.439844105337215,SVR
0_Wavelet absolute mean_125000000.0Hz,14,2.9165573317824536,SVR
0_Slope,15,2.8785091709961512,SVR
0_MFCC_5,16,2.343451953739025,SVR
0_Mean,17,2.235868584201728,SVR
0_Autocorrelation,18,2.1351367294258825,SVR
0_MFCC_9,19,0.4576083548415364,SVR
0_Maximum frequency,20,0.3433021249732289,SVR
0_Wavelet entropy,21,0.2184392062693018,SVR
0_ECDF Percentile_1,22,0.2102702629230644,SVR
0_MFCC_0,23,0.1028809501228555,SVR
0_MFCC_4,24,0.0991827060615775,SVR
0_MFCC_8,25,0.052259739930386,SVR
0_Wavelet energy_125000000.0Hz,26,0.0347013927269281,SVR
0_LPCC_1,27,0.0,SVR
0_Histogram mode,28,0.0,SVR
0_Entropy,29,0.0,SVR
0_Fundamental frequency,30,0.0,SVR
0_MFCC_10,31,0.0,SVR
0_Median absolute diff,32,0.0,SVR
0_LPCC_5,33,0.0,SVR
0_LPCC_6,34,0.0,SVR
0_Median diff,35,0.0,SVR
0_Median frequency,36,0.0,SVR
0_Negative turning points,37,0.0,SVR
0_Neighbourhood peaks,38,0.0,SVR
0_Power bandwidth,39,0.0,SVR
0_Spectral roll-on,40,0.0,SVR
0_Spectral positive turning points,41,0.0,SVR
0_Zero crossing rate,42,0.0,SVR
0_Peak to peak distance,1,16.511569722576574,Random Forest
0_Spectral entropy,2,7.777235545119411,Random Forest
0_Absolute energy,3,6.54988430768163,Random Forest
0_Spectral variation,4,5.240433552901526,Random Forest
0_Autocorrelation,5,4.831741618378648,Random Forest
0_Interquartile range,6,4.2531771547442,Random Forest
0_Entropy,7,3.922086043524789,Random Forest
0_Wavelet energy_125000000.0Hz,8,3.097575103012225,Random Forest
0_MFCC_11,9,2.7230700267386,Random Forest
0_Histogram mode,10,2.4249934089220284,Random Forest
0_Wavelet absolute mean_125000000.0Hz,11,2.341125990672813,Random Forest
0_ECDF Percentile_0,12,2.2129221969748545,Random Forest
0_LPCC_0,13,1.2959791356532837,Random Forest
0_Wavelet absolute mean_27777777.78Hz,14,1.0862571854675265,Random Forest
0_Mean diff,15,1.0439641326269442,Random Forest
0_Slope,16,0.9983074473359156,Random Forest
0_ECDF Percentile_1,17,0.903220952134362,Random Forest
0_Fundamental frequency,18,0.8786452570293254,Random Forest
0_Wavelet entropy,19,0.7749235165801676,Random Forest
0_MFCC_0,20,0.6635050009854762,Random Forest
0_MFCC_8,21,0.6116988682577079,Random Forest
0_MFCC_9,22,0.5601177744258428,Random Forest
0_Median frequency,23,0.5564361994042996,Random Forest
0_LPCC_5,24,0.4379241717240152,Random Forest
0_MFCC_10,25,0.4176185620453285,Random Forest
0_MFCC_5,26,0.3942730323621538,Random Forest
0_Median,27,0.3726083386408786,Random Forest
0_Spectral decrease,28,0.3640124631911595,Random Forest
0_Maximum frequency,29,0.3209520654100926,Random Forest
0_Mean,30,0.2838104323408256,Random Forest
0_Zero crossing rate,31,0.2705933839417994,Random Forest
0_Max,32,0.2592197548435534,Random Forest
0_LPCC_6,33,0.2355426209667853,Random Forest
0_LPCC_1,34,0.1971573915424911,Random Forest
0_MFCC_4,35,0.133316030604951,Random Forest
0_Spectral positive turning points,36,0.0769804247072898,Random Forest
0_Median absolute diff,37,0.0499206096430619,Random Forest
0_Negative turning points,38,0.0267948023858169,Random Forest
0_Spectral roll-on,39,0.0201468857422471,Random Forest
0_Power bandwidth,40,0.009729959949851,Random Forest
0_Neighbourhood peaks,41,0.0078481730269889,Random Forest
0_Median diff,42,0.0,Random Forest
0_Maximum frequency,1,168680276.1720524,Bayesian Ridge
0_Median frequency,2,3956047.200114664,Bayesian Ridge
0_Fundamental frequency,3,3755905.0545736495,Bayesian Ridge
0_Spectral roll-on,4,1999662.526665359,Bayesian Ridge
0_Power bandwidth,5,1319810.5973406166,Bayesian Ridge
0_MFCC_11,6,1922.930205049035,Bayesian Ridge
0_MFCC_4,7,1631.7821215628533,Bayesian Ridge
0_MFCC_9,8,1325.5546404311733,Bayesian Ridge
0_MFCC_5,9,1205.928118205048,Bayesian Ridge
0_MFCC_8,10,480.4397842451264,Bayesian Ridge
0_MFCC_0,11,216.30895161183176,Bayesian Ridge
0_MFCC_10,12,155.0888372306095,Bayesian Ridge
0_Absolute energy,13,27.20046783662868,Bayesian Ridge
0_Autocorrelation,14,7.462576047772451,Bayesian Ridge
0_Peak to peak distance,15,5.947838614327134,Bayesian Ridge
0_Spectral decrease,16,3.3672387671575152,Bayesian Ridge
0_ECDF Percentile_0,17,3.2281762283698714,Bayesian Ridge
0_ECDF Percentile_1,18,3.0275315797735365,Bayesian Ridge
0_Spectral positive turning points,19,2.445859020291268,Bayesian Ridge
0_Mean,20,1.9754068829061533,Bayesian Ridge
0_Max,21,1.927611860638026,Bayesian Ridge
0_Median,22,1.1327325146501204,Bayesian Ridge
0_Interquartile range,23,0.8881201262980388,Bayesian Ridge
0_Zero crossing rate,24,0.8305301826223546,Bayesian Ridge
0_Negative turning points,25,0.3662952441657147,Bayesian Ridge
0_Histogram mode,26,0.3468737072833343,Bayesian Ridge
0_Spectral variation,27,0.3385597925187122,Bayesian Ridge
0_Neighbourhood peaks,28,0.2227867084321564,Bayesian Ridge
0_Wavelet absolute mean_27777777.78Hz,29,0.1638333031279015,Bayesian Ridge
0_Spectral entropy,30,0.1224710421357082,Bayesian Ridge
0_Entropy,31,0.0912214748778446,Bayesian Ridge
0_LPCC_1,32,0.0817755057814279,Bayesian Ridge
0_Wavelet energy_125000000.0Hz,33,0.0488460115626852,Bayesian Ridge
0_LPCC_0,34,0.0464898470509659,Bayesian Ridge
0_LPCC_5,35,0.0386878001113104,Bayesian Ridge
0_Wavelet entropy,36,0.0289994320941703,Bayesian Ridge
0_LPCC_6,37,0.0109083216036316,Bayesian Ridge
0_Slope,38,0.0105082408824824,Bayesian Ridge
0_Wavelet absolute mean_125000000.0Hz,39,0.0090274907968627,Bayesian Ridge
0_Mean diff,40,0.0052279582231074,Bayesian Ridge
0_Median absolute diff,41,0.0011730499260154,Bayesian Ridge
0_Median diff,42,0.0,Bayesian Ridge
0_Peak to peak distance,1,29.273610637794658,XGBoost
0_Spectral entropy,2,15.646213685896306,XGBoost
0_Autocorrelation,3,8.43777526851417,XGBoost
0_Absolute energy,4,4.101564639892031,XGBoost
0_Spectral variation,5,3.887367130425868,XGBoost
0_Entropy,6,3.0157000638880422,XGBoost
0_Interquartile range,7,2.5565538676115245,XGBoost
0_Mean diff,8,1.288467257442161,XGBoost
0_Histogram mode,9,1.2265294903162995,XGBoost
0_ECDF Percentile_1,10,1.1967312112064306,XGBoost
0_Slope,11,1.0282393996937809,XGBoost
0_Fundamental frequency,12,0.9495774477067476,XGBoost
0_MFCC_0,13,0.8327314879340814,XGBoost
0_Wavelet absolute mean_125000000.0Hz,14,0.8299746253593187,XGBoost
0_MFCC_11,15,0.6641607715694768,XGBoost
0_Max,16,0.6494979246732085,XGBoost
0_Wavelet energy_125000000.0Hz,17,0.5835437773792104,XGBoost
0_ECDF Percentile_0,18,0.5309765905918643,XGBoost
0_LPCC_5,19,0.5219790432807571,XGBoost
0_LPCC_0,20,0.4786517415571455,XGBoost
0_MFCC_5,21,0.44896225042556,XGBoost
0_Median,22,0.3722812170754318,XGBoost
0_MFCC_8,23,0.310012721143215,XGBoost
0_Wavelet absolute mean_27777777.78Hz,24,0.2929974536471391,XGBoost
0_MFCC_10,25,0.2893540393654967,XGBoost
0_LPCC_1,26,0.2726388580537618,XGBoost
0_MFCC_9,27,0.232327126027976,XGBoost
0_Zero crossing rate,28,0.2195084867488058,XGBoost
0_LPCC_6,29,0.2068327486689231,XGBoost
0_Wavelet entropy,30,0.2011782848524518,XGBoost
0_Spectral decrease,31,0.174421434118566,XGBoost
0_Spectral positive turning points,32,0.1322006369451433,XGBoost
0_Negative turning points,33,0.1185780594782622,XGBoost
0_Maximum frequency,34,0.1174062507687962,XGBoost
0_Mean,35,0.1113886722120913,XGBoost
0_MFCC_4,36,0.104757484134936,XGBoost
0_Neighbourhood peaks,37,0.0771092973770441,XGBoost
0_Median absolute diff,38,0.0117157597921788,XGBoost
0_Median frequency,39,0.0070210911510221,XGBoost
0_Power bandwidth,40,2.5383688296036195e-05,XGBoost
0_Median diff,41,0.0,XGBoost
0_Spectral roll-on,42,0.0,XGBoost
0_Spectral variation,1,9.634678898285404,SVR
0_ECDF Percentile_0,2,9.269859179565628,SVR
0_Peak to peak distance,3,8.768393912858123,SVR
0_Spectral entropy,4,8.462812878868451,SVR
0_Interquartile range,5,7.763172906717177,SVR
0_Absolute energy,6,7.07422199221548,SVR
0_Mean diff,7,6.869527777140116,SVR
0_LPCC_0,8,6.521719368646584,SVR
0_Wavelet absolute mean_27777777.78Hz,9,6.157702117672019,SVR
0_Spectral decrease,10,5.8452763494151085,SVR
0_Median,11,5.657463012879047,SVR
0_Wavelet absolute mean_125000000.0Hz,12,3.480333754463367,SVR
0_Slope,13,3.444814067765435,SVR
0_Autocorrelation,14,2.4107016337129075,SVR
0_MFCC_11,15,2.257021282673556,SVR
0_MFCC_5,16,1.719852498760309,SVR
0_Max,17,1.6226319651133967,SVR
0_Mean,18,1.408581137433846,SVR
0_MFCC_9,19,0.5767063985147163,SVR
0_Wavelet entropy,20,0.2042351048615519,SVR
0_Negative turning points,21,0.1864004009083374,SVR
0_MFCC_10,22,0.1826948961690188,SVR
0_MFCC_0,23,0.1045672100723014,SVR
0_Wavelet energy_125000000.0Hz,24,0.1039011512664513,SVR
0_Zero crossing rate,25,0.0849908100221835,SVR
0_Maximum frequency,26,0.0826979619434429,SVR
0_ECDF Percentile_1,27,0.011981233627283,SVR
0_Histogram mode,28,0.0,SVR
0_Entropy,29,0.0,SVR
0_Fundamental frequency,30,0.0,SVR
0_LPCC_1,31,0.0,SVR
0_LPCC_6,32,0.0,SVR
0_LPCC_5,33,0.0,SVR
0_MFCC_8,34,0.0,SVR
0_Median diff,35,0.0,SVR
0_Median absolute diff,36,0.0,SVR
0_MFCC_4,37,0.0,SVR
0_Median frequency,38,0.0,SVR
0_Power bandwidth,39,0.0,SVR
0_Neighbourhood peaks,40,0.0,SVR
0_Spectral positive turning points,41,0.0,SVR
0_Spectral roll-on,42,0.0,SVR
0_Peak to peak distance,1,16.918201938079978,Random Forest
0_Spectral entropy,2,8.03499710392362,Random Forest
0_Absolute energy,3,6.603830501484667,Random Forest
0_Autocorrelation,4,5.455458603511012,Random Forest
0_Interquartile range,5,5.33077757993273,Random Forest
0_Entropy,6,5.236954398436922,Random Forest
0_Spectral variation,7,5.07486476112176,Random Forest
0_Wavelet energy_125000000.0Hz,8,2.660718342268117,Random Forest
0_ECDF Percentile_0,9,2.518533631082919,Random Forest
0_Histogram mode,10,2.4427525422392726,Random Forest
0_Wavelet absolute mean_125000000.0Hz,11,2.4348631700626338,Random Forest
0_MFCC_11,12,1.8292099124605368,Random Forest
0_LPCC_0,13,1.1250929726470178,Random Forest
0_Slope,14,0.9919972562804666,Random Forest
0_MFCC_9,15,0.8994831293761886,Random Forest
0_Fundamental frequency,16,0.8911041448181184,Random Forest
0_Wavelet absolute mean_27777777.78Hz,17,0.8285794007005014,Random Forest
0_Wavelet entropy,18,0.7532402908617087,Random Forest
0_Mean diff,19,0.7367020629687312,Random Forest
0_ECDF Percentile_1,20,0.7363005411680013,Random Forest
0_MFCC_0,21,0.6726170186895953,Random Forest
0_Spectral decrease,22,0.5844500362123519,Random Forest
0_Median frequency,23,0.5054544919856668,Random Forest
0_MFCC_8,24,0.5039033130449515,Random Forest
0_Zero crossing rate,25,0.4345467547455803,Random Forest
0_Max,26,0.4078507524627107,Random Forest
0_Mean,27,0.393878256701585,Random Forest
0_Median,28,0.3593919844877907,Random Forest
0_MFCC_5,29,0.3372883482905958,Random Forest
0_MFCC_10,30,0.3261943355572099,Random Forest
0_Maximum frequency,31,0.3248550205173205,Random Forest
0_LPCC_5,32,0.2748619223571382,Random Forest
0_LPCC_6,33,0.2593750432059014,Random Forest
0_LPCC_1,34,0.2137562091846562,Random Forest
0_MFCC_4,35,0.1593535019763823,Random Forest
0_Spectral positive turning points,36,0.0573751794252699,Random Forest
0_Median absolute diff,37,0.0456165372542105,Random Forest
0_Power bandwidth,38,0.0229120952530453,Random Forest
0_Negative turning points,39,0.0116844329148841,Random Forest
0_Neighbourhood peaks,40,0.0029502162292134,Random Forest
0_Spectral roll-on,41,0.0013266519187639,Random Forest
0_Median diff,42,0.0,Random Forest
0_Maximum frequency,1,266119100.1748719,Bayesian Ridge
0_Median frequency,2,2923581.03702858,Bayesian Ridge
0_Fundamental frequency,3,2007621.1379316563,Bayesian Ridge
0_Power bandwidth,4,1363479.074820915,Bayesian Ridge
0_Spectral roll-on,5,895277.5659241946,Bayesian Ridge
0_MFCC_4,6,1510.358301747743,Bayesian Ridge
0_MFCC_9,7,1295.8172195778204,Bayesian Ridge
0_MFCC_11,8,1223.779501262293,Bayesian Ridge
0_MFCC_5,9,1125.9979574761542,Bayesian Ridge
0_MFCC_8,10,349.76717428762834,Bayesian Ridge
0_MFCC_10,11,326.9131271878057,Bayesian Ridge
0_MFCC_0,12,161.9918599217084,Bayesian Ridge
0_Absolute energy,13,73.08638888571892,Bayesian Ridge
0_Peak to peak distance,14,7.698250877690826,Bayesian Ridge
0_Autocorrelation,15,6.768962910547292,Bayesian Ridge
0_ECDF Percentile_0,16,3.780028411588008,Bayesian Ridge
0_ECDF Percentile_1,17,3.263590951391312,Bayesian Ridge
0_Spectral positive turning points,18,2.855061328539572,Bayesian Ridge
0_Mean,19,2.1667116252635337,Bayesian Ridge
0_Max,20,2.11106243316397,Bayesian Ridge
0_Spectral decrease,21,2.0746554655552227,Bayesian Ridge
0_Interquartile range,22,1.6725026301125925,Bayesian Ridge
0_Zero crossing rate,23,1.4018503589365423,Bayesian Ridge
0_Median,24,0.9993113698392714,Bayesian Ridge
0_Negative turning points,25,0.4701621265907051,Bayesian Ridge
0_Spectral variation,26,0.3883104473414105,Bayesian Ridge
0_Histogram mode,27,0.1900378040401459,Bayesian Ridge
0_Wavelet absolute mean_27777777.78Hz,28,0.1880473863875294,Bayesian Ridge
0_Neighbourhood peaks,29,0.1255977986786382,Bayesian Ridge
0_Entropy,30,0.0990804845823246,Bayesian Ridge
0_LPCC_1,31,0.097471162617269,Bayesian Ridge
0_Spectral entropy,32,0.0896153013617123,Bayesian Ridge
0_LPCC_0,33,0.0799572729489723,Bayesian Ridge
0_Wavelet energy_125000000.0Hz,34,0.0416328597736895,Bayesian Ridge
0_LPCC_5,35,0.0361609262456403,Bayesian Ridge
0_Wavelet entropy,36,0.0325833742046678,Bayesian Ridge
0_Slope,37,0.0109611974176143,Bayesian Ridge
0_LPCC_6,38,0.0092802928003783,Bayesian Ridge
0_Wavelet absolute mean_125000000.0Hz,39,0.0036143144812338,Bayesian Ridge
0_Mean diff,40,0.000656806068043,Bayesian Ridge
0_Median absolute diff,41,0.0002413727959968,Bayesian Ridge
0_Median diff,42,0.0001909398316477,Bayesian Ridge
0_Peak to peak distance,1,30.50599956718542,XGBoost
0_Spectral entropy,2,18.61332170737636,XGBoost
0_Autocorrelation,3,11.82656722443476,XGBoost
0_Interquartile range,4,5.450398482657099,XGBoost
0_Entropy,5,3.189148977384329,XGBoost
0_Spectral variation,6,2.486936760993862,XGBoost
0_Absolute energy,7,2.280042869373411,XGBoost
0_Slope,8,1.7646695763337732,XGBoost
0_Wavelet absolute mean_125000000.0Hz,9,1.718087594676824,XGBoost
0_Histogram mode,10,1.498651324917873,XGBoost
0_Max,11,1.4086283599239462,XGBoost
0_MFCC_5,12,1.3902150036939114,XGBoost
0_MFCC_11,13,1.3393725795748648,XGBoost
0_Mean diff,14,0.9614264580726622,XGBoost
0_Median,15,0.8264100203831994,XGBoost
0_MFCC_9,16,0.6980728002588573,XGBoost
0_Fundamental frequency,17,0.6730235722353064,XGBoost
0_Wavelet energy_125000000.0Hz,18,0.6377455109307855,XGBoost
0_Wavelet absolute mean_27777777.78Hz,19,0.634588145988683,XGBoost
0_LPCC_0,20,0.631662624353667,XGBoost
0_Zero crossing rate,21,0.6156399627625946,XGBoost
0_ECDF Percentile_0,22,0.6066626176138722,XGBoost
0_MFCC_0,23,0.5872313015396396,XGBoost
0_MFCC_8,24,0.5587779537080475,XGBoost
0_LPCC_5,25,0.5431577822400567,XGBoost
0_LPCC_6,26,0.5136520255754233,XGBoost
0_MFCC_4,27,0.5094853081030151,XGBoost
0_Wavelet entropy,28,0.4848062886148071,XGBoost
0_Spectral positive turning points,29,0.472252558822185,XGBoost
0_Mean,30,0.4478754450238618,XGBoost
0_MFCC_10,31,0.4127063543210427,XGBoost
0_ECDF Percentile_1,32,0.3734555997442764,XGBoost
0_LPCC_1,33,0.3235908191241945,XGBoost
0_Negative turning points,34,0.2749241285773615,XGBoost
0_Maximum frequency,35,0.2161063032387446,XGBoost
0_Median frequency,36,0.1435543580075105,XGBoost
0_Neighbourhood peaks,37,0.1182768905359009,XGBoost
0_Spectral decrease,38,0.0923299552166834,XGBoost
0_Median diff,39,0.0854055234422286,XGBoost
0_Median absolute diff,40,0.050161632284522,XGBoost
0_Power bandwidth,41,0.0,XGBoost
0_Spectral roll-on,42,0.0,XGBoost
0_Spectral entropy,1,11.777651716439378,SVR
0_Wavelet absolute mean_27777777.78Hz,2,10.345673230983678,SVR
0_ECDF Percentile_0,3,10.256537308287209,SVR
0_Spectral decrease,4,9.909978216448131,SVR
0_Interquartile range,5,9.74073638569261,SVR
0_Mean diff,6,9.657347463823116,SVR
0_Peak to peak distance,7,9.18057808878413,SVR
0_Spectral variation,8,7.139604739521456,SVR
0_LPCC_0,9,6.667591632744354,SVR
0_Absolute energy,10,6.085247017664435,SVR
0_Median,11,5.693596999453712,SVR
0_Slope,12,4.181365444028391,SVR
0_Max,13,3.759162170536691,SVR
0_Wavelet absolute mean_125000000.0Hz,14,2.91584009302598,SVR
0_MFCC_11,15,2.667498542808001,SVR
0_MFCC_5,16,1.8980637300183056,SVR
0_Wavelet energy_125000000.0Hz,17,1.56038222207388,SVR
0_Mean,18,1.5108785936315887,SVR
0_Autocorrelation,19,1.4448973928528237,SVR
0_MFCC_9,20,0.6299144728516514,SVR
0_MFCC_10,21,0.5657340998349889,SVR
0_Maximum frequency,22,0.3320415747171916,SVR
0_MFCC_0,23,0.162709316495951,SVR
0_MFCC_4,24,0.1203042659886423,SVR
0_Spectral roll-on,25,0.0876956408868276,SVR
0_Fundamental frequency,26,0.0697462164312264,SVR
0_MFCC_8,27,0.0413163697201417,SVR
0_Negative turning points,28,0.0226637060633162,SVR
0_ECDF Percentile_1,29,0.0,SVR
0_Entropy,30,0.0,SVR
0_LPCC_1,31,0.0,SVR
0_Histogram mode,32,0.0,SVR
0_LPCC_5,33,0.0,SVR
0_LPCC_6,34,0.0,SVR
0_Median diff,35,0.0,SVR
0_Median absolute diff,36,0.0,SVR
0_Median frequency,37,0.0,SVR
0_Neighbourhood peaks,38,0.0,SVR
0_Power bandwidth,39,0.0,SVR
0_Spectral positive turning points,40,0.0,SVR
0_Wavelet entropy,41,0.0,SVR
0_Zero crossing rate,42,0.0,SVR
0_Peak to peak distance,1,16.05409166449786,Random Forest
0_Spectral entropy,2,8.006906447438203,Random Forest
0_Autocorrelation,3,6.875635450280829,Random Forest
0_Absolute energy,4,5.2120119202092265,Random Forest
0_Interquartile range,5,4.774803983805392,Random Forest
0_Entropy,6,4.678896069935027,Random Forest
0_Spectral variation,7,4.36778494915987,Random Forest
0_ECDF Percentile_0,8,3.764169138038468,Random Forest
0_MFCC_11,9,2.800435849881545,Random Forest
0_Histogram mode,10,2.555956076455613,Random Forest
0_Wavelet energy_125000000.0Hz,11,2.090232498048866,Random Forest
0_Wavelet absolute mean_125000000.0Hz,12,1.898203806474463,Random Forest
0_ECDF Percentile_1,13,1.6423582058123,Random Forest
0_LPCC_0,14,1.579008171767058,Random Forest
0_Slope,15,1.351709925832848,Random Forest
0_Fundamental frequency,16,1.230158003702946,Random Forest
0_Wavelet absolute mean_27777777.78Hz,17,1.056218911973014,Random Forest
0_MFCC_0,18,1.0114600495262074,Random Forest
0_Mean diff,19,1.0072642203315476,Random Forest
0_MFCC_8,20,0.6442897568911004,Random Forest
0_Wavelet entropy,21,0.6180717178937047,Random Forest
0_Median frequency,22,0.5703471106509369,Random Forest
0_MFCC_5,23,0.5657342008116966,Random Forest
0_MFCC_4,24,0.5651164869073778,Random Forest
0_Median,25,0.5642367482248694,Random Forest
0_Max,26,0.5377106118374815,Random Forest
0_MFCC_9,27,0.5315491104361602,Random Forest
0_Spectral decrease,28,0.5170240919522942,Random Forest
0_MFCC_10,29,0.4797042766956769,Random Forest
0_Mean,30,0.3440384526210526,Random Forest
0_LPCC_6,31,0.3148027530370901,Random Forest
0_Zero crossing rate,32,0.2953513641697665,Random Forest
0_Maximum frequency,33,0.2934677854549139,Random Forest
0_LPCC_5,34,0.2690851520365104,Random Forest
0_LPCC_1,35,0.2027045972852037,Random Forest
0_Spectral positive turning points,36,0.138343000447005,Random Forest
0_Median absolute diff,37,0.0311992608418067,Random Forest
0_Spectral roll-on,38,0.0147434395561615,Random Forest
0_Negative turning points,39,0.010295202293992,Random Forest
0_Median diff,40,0.0,Random Forest
0_Power bandwidth,41,0.0,Random Forest
0_Neighbourhood peaks,42,0.0,Random Forest
0_Maximum frequency,1,193830133.2807181,Bayesian Ridge
0_Fundamental frequency,2,5602404.102474054,Bayesian Ridge
0_Median frequency,3,3172444.964096751,Bayesian Ridge
0_Power bandwidth,4,1526467.7396783195,Bayesian Ridge
0_Spectral roll-on,5,1506868.3689054062,Bayesian Ridge
0_MFCC_11,6,1441.997269110584,Bayesian Ridge
0_MFCC_4,7,1359.3223801484207,Bayesian Ridge
0_MFCC_5,8,1075.1556485288029,Bayesian Ridge
0_MFCC_9,9,1016.895538867196,Bayesian Ridge
0_MFCC_8,10,453.3131574423825,Bayesian Ridge
0_MFCC_0,11,239.4777258471375,Bayesian Ridge
0_Absolute energy,12,95.294229906797,Bayesian Ridge
0_MFCC_10,13,83.71765302963527,Bayesian Ridge
0_Autocorrelation,14,7.932601888636095,Bayesian Ridge
0_Peak to peak distance,15,6.7589239119023,Bayesian Ridge
0_Spectral decrease,16,4.13072946519114,Bayesian Ridge
0_ECDF Percentile_0,17,3.432364087187949,Bayesian Ridge
0_ECDF Percentile_1,18,3.320197743547993,Bayesian Ridge
0_Spectral positive turning points,19,3.156668947309893,Bayesian Ridge
0_Max,20,2.0235981928072664,Bayesian Ridge
0_Mean,21,1.6328993992761889,Bayesian Ridge
0_Zero crossing rate,22,1.3109815394476532,Bayesian Ridge
0_Median,23,0.9069485284980568,Bayesian Ridge
0_Interquartile range,24,0.4109590185902862,Bayesian Ridge
0_Negative turning points,25,0.4086868019450645,Bayesian Ridge
0_Histogram mode,26,0.3128324827258918,Bayesian Ridge
0_Wavelet absolute mean_27777777.78Hz,27,0.2436664647183307,Bayesian Ridge
0_Spectral entropy,28,0.1658698464532059,Bayesian Ridge
0_Spectral variation,29,0.16056937282524,Bayesian Ridge
0_Entropy,30,0.110492938197586,Bayesian Ridge
0_LPCC_1,31,0.0812659180500188,Bayesian Ridge
0_Neighbourhood peaks,32,0.0735844599019358,Bayesian Ridge
0_LPCC_0,33,0.0683026891231221,Bayesian Ridge
0_Wavelet energy_125000000.0Hz,34,0.0657003083824359,Bayesian Ridge
0_LPCC_5,35,0.0630122584838506,Bayesian Ridge
0_Wavelet entropy,36,0.0162574865915186,Bayesian Ridge
0_Slope,37,0.0111057425414769,Bayesian Ridge
0_LPCC_6,38,0.00919322745488,Bayesian Ridge
0_Mean diff,39,0.008686934069694,Bayesian Ridge
0_Wavelet absolute mean_125000000.0Hz,40,0.006201106747499,Bayesian Ridge
0_Median absolute diff,41,0.0006888615122263,Bayesian Ridge
0_Median diff,42,0.0,Bayesian Ridge
0_Peak to peak distance,1,33.41511189149243,XGBoost
0_Spectral entropy,2,19.472098678030008,XGBoost
0_Autocorrelation,3,10.858903864101698,XGBoost
0_Interquartile range,4,4.23303016556306,XGBoost
0_Absolute energy,5,4.204625839538129,XGBoost
0_Spectral variation,6,3.5703178989892503,XGBoost
0_Entropy,7,2.937375357735017,XGBoost
0_Mean diff,8,1.5050772030845287,XGBoost
0_Fundamental frequency,9,1.1651799830101432,XGBoost
0_Max,10,1.0927112902337064,XGBoost
0_Slope,11,0.866689387921741,XGBoost
0_Histogram mode,12,0.8541442086664031,XGBoost
0_MFCC_5,13,0.6404763058091822,XGBoost
0_LPCC_0,14,0.6370700361911206,XGBoost
0_LPCC_6,15,0.5916674216940999,XGBoost
0_MFCC_11,16,0.5288724283077134,XGBoost
0_MFCC_9,17,0.5142741285181917,XGBoost
0_MFCC_0,18,0.4346488606612508,XGBoost
0_Wavelet absolute mean_125000000.0Hz,19,0.4110999003411582,XGBoost
0_MFCC_10,20,0.4106752431382114,XGBoost
0_Wavelet energy_125000000.0Hz,21,0.3744802010784548,XGBoost
0_Spectral positive turning points,22,0.3421054779625809,XGBoost
0_ECDF Percentile_1,23,0.3337404810654621,XGBoost
0_LPCC_1,24,0.3329423240176092,XGBoost
0_LPCC_5,25,0.3039070189542758,XGBoost
0_Wavelet entropy,26,0.2926897720870873,XGBoost
0_Spectral decrease,27,0.2431081915162503,XGBoost
0_MFCC_8,28,0.2312316637249819,XGBoost
0_Maximum frequency,29,0.2288852875627576,XGBoost
0_ECDF Percentile_0,30,0.2279788300361483,XGBoost
0_Wavelet absolute mean_27777777.78Hz,31,0.2242863842371852,XGBoost
0_MFCC_4,32,0.2109420784236241,XGBoost
0_Mean,33,0.1461782269317657,XGBoost
0_Median,34,0.1009815689291494,XGBoost
0_Median frequency,35,0.0989885634571314,XGBoost
0_Zero crossing rate,36,0.0817014246667424,XGBoost
0_Neighbourhood peaks,37,0.062062330603227,XGBoost
0_Median absolute diff,38,0.0186834238708019,XGBoost
0_Negative turning points,39,0.0078449024627606,XGBoost
0_Median diff,40,0.0,XGBoost
0_Power bandwidth,41,0.0,XGBoost
0_Spectral roll-on,42,0.0,XGBoost
0_Interquartile range,1,11.917709055636632,SVR
0_Peak to peak distance,2,11.669972996929884,SVR
0_Spectral variation,3,10.143491432219747,SVR
0_ECDF Percentile_0,4,9.014034415758546,SVR
0_Spectral decrease,5,8.506356031729906,SVR
0_Wavelet absolute mean_27777777.78Hz,6,7.739157978678961,SVR
0_Absolute energy,7,7.386676348936699,SVR
0_Spectral entropy,8,7.195032466173304,SVR
0_LPCC_0,9,7.008216218630737,SVR
0_Median,10,6.449100032057364,SVR
0_Mean diff,11,5.27700400557125,SVR
0_Max,12,4.539913377900274,SVR
0_MFCC_11,13,3.6971632581740574,SVR
0_Wavelet absolute mean_125000000.0Hz,14,2.9142614315971325,SVR
0_Slope,15,2.8387182973435414,SVR
0_Autocorrelation,16,1.9799662259162456,SVR
0_MFCC_5,17,1.647324049267522,SVR
0_Mean,18,1.0435363513124043,SVR
0_MFCC_9,19,0.4888548817660688,SVR
0_Wavelet energy_125000000.0Hz,20,0.3391481321296116,SVR
0_LPCC_1,21,0.2166160258499104,SVR
0_LPCC_5,22,0.1291476738799559,SVR
0_MFCC_8,23,0.1291401759738207,SVR
0_MFCC_10,24,0.1185698758935267,SVR
0_Maximum frequency,25,0.0809881460690658,SVR
0_Wavelet entropy,26,0.0621879836499086,SVR
0_Spectral roll-on,27,0.0537074318968304,SVR
0_Fundamental frequency,28,0.0212120268177132,SVR
0_ECDF Percentile_1,29,0.0,SVR
0_Entropy,30,0.0,SVR
0_Histogram mode,31,0.0,SVR
0_LPCC_6,32,0.0,SVR
0_MFCC_0,33,0.0,SVR
0_MFCC_4,34,0.0,SVR
0_Median diff,35,0.0,SVR
0_Median absolute diff,36,0.0,SVR
0_Negative turning points,37,0.0,SVR
0_Neighbourhood peaks,38,0.0,SVR
0_Power bandwidth,39,0.0,SVR
0_Median frequency,40,0.0,SVR
0_Spectral positive turning points,41,0.0,SVR
0_Zero crossing rate,42,0.0,SVR
0_Peak to peak distance,1,16.232466749150976,Random Forest
0_Absolute energy,2,8.25840281104791,Random Forest
0_Spectral entropy,3,6.755808858644644,Random Forest
0_Autocorrelation,4,5.6399025450090425,Random Forest
0_Interquartile range,5,4.7478755976503,Random Forest
0_Entropy,6,4.651610696033838,Random Forest
0_Spectral variation,7,4.507195792583205,Random Forest
0_Wavelet energy_125000000.0Hz,8,3.096218869335881,Random Forest
0_ECDF Percentile_0,9,2.873224341739606,Random Forest
0_Histogram mode,10,2.5330436806216445,Random Forest
0_MFCC_11,11,2.2595739762465783,Random Forest
0_Wavelet absolute mean_125000000.0Hz,12,2.159183172439512,Random Forest
0_LPCC_0,13,1.4248152663290117,Random Forest
0_Wavelet absolute mean_27777777.78Hz,14,1.3628154193324038,Random Forest
0_Fundamental frequency,15,0.9633941457281278,Random Forest
0_MFCC_9,16,0.926711608074784,Random Forest
0_ECDF Percentile_1,17,0.8446679320210048,Random Forest
0_Slope,18,0.7442994865253411,Random Forest
0_Mean diff,19,0.6676141973166804,Random Forest
0_Max,20,0.6285530144087503,Random Forest
0_MFCC_8,21,0.6035081235869246,Random Forest
0_MFCC_0,22,0.5990994117211781,Random Forest
0_Wavelet entropy,23,0.5469730991989609,Random Forest
0_MFCC_5,24,0.4972859942974911,Random Forest
0_Median,25,0.4832779746191185,Random Forest
0_Spectral decrease,26,0.4587225922625744,Random Forest
0_MFCC_10,27,0.3901461307898085,Random Forest
0_Maximum frequency,28,0.3515730447816585,Random Forest
0_Median frequency,29,0.3147742757510085,Random Forest
0_LPCC_5,30,0.3079504072262284,Random Forest
0_LPCC_6,31,0.2773191350619309,Random Forest
0_Mean,32,0.2695914424534227,Random Forest
0_Zero crossing rate,33,0.257348865708212,Random Forest
0_MFCC_4,34,0.2541774522125721,Random Forest
0_LPCC_1,35,0.2046041550750844,Random Forest
0_Spectral positive turning points,36,0.0574045290915605,Random Forest
0_Median absolute diff,37,0.0568800454000011,Random Forest
0_Negative turning points,38,0.0153235421091007,Random Forest
0_Power bandwidth,39,0.0151101021806398,Random Forest
0_Spectral roll-on,40,0.0128553534093623,Random Forest
0_Neighbourhood peaks,41,0.0126173848993144,Random Forest
0_Median diff,42,0.0,Random Forest
0_Maximum frequency,1,224560433.7371989,Bayesian Ridge
0_Median frequency,2,3808378.421578221,Bayesian Ridge
0_Fundamental frequency,3,1490609.9163798208,Bayesian Ridge
0_Spectral roll-on,4,1352609.9503759712,Bayesian Ridge
0_Power bandwidth,5,885995.9315349893,Bayesian Ridge
0_MFCC_11,6,1665.199850554506,Bayesian Ridge
0_MFCC_4,7,1547.6346133414154,Bayesian Ridge
0_MFCC_5,8,1288.456842064612,Bayesian Ridge
0_MFCC_9,9,1164.088310725446,Bayesian Ridge
0_MFCC_10,10,319.202028592811,Bayesian Ridge
0_MFCC_8,11,254.44697252554488,Bayesian Ridge
0_MFCC_0,12,250.6584584713353,Bayesian Ridge
0_Absolute energy,13,75.84582234112544,Bayesian Ridge
0_Peak to peak distance,14,7.47406693700126,Bayesian Ridge
0_Autocorrelation,15,5.890471666162431,Bayesian Ridge
0_Spectral decrease,16,5.803372116539515,Bayesian Ridge
0_Spectral positive turning points,17,5.47259207049649,Bayesian Ridge
0_ECDF Percentile_0,18,3.746416329338891,Bayesian Ridge
0_ECDF Percentile_1,19,2.4696183392308644,Bayesian Ridge
0_Max,20,2.0203735722004565,Bayesian Ridge
0_Mean,21,1.3654352076571603,Bayesian Ridge
0_Median,22,1.141239924406616,Bayesian Ridge
0_Zero crossing rate,23,0.8487382063888588,Bayesian Ridge
0_Wavelet absolute mean_27777777.78Hz,24,0.2264211451741088,Bayesian Ridge
0_Spectral entropy,25,0.1997292567665584,Bayesian Ridge
0_Neighbourhood peaks,26,0.1761011417726408,Bayesian Ridge
0_Histogram mode,27,0.163347187697838,Bayesian Ridge
0_Spectral variation,28,0.1584376504711505,Bayesian Ridge
0_Entropy,29,0.0828835148511772,Bayesian Ridge
0_Interquartile range,30,0.0670818930282351,Bayesian Ridge
0_LPCC_1,31,0.0650526002346585,Bayesian Ridge
0_Wavelet entropy,32,0.0494210142569857,Bayesian Ridge
0_Wavelet energy_125000000.0Hz,33,0.0466222738384267,Bayesian Ridge
0_LPCC_5,34,0.0256505200413352,Bayesian Ridge
0_LPCC_0,35,0.0202935796206695,Bayesian Ridge
0_Negative turning points,36,0.0097148847762836,Bayesian Ridge
0_Slope,37,0.0095690637795261,Bayesian Ridge
0_Mean diff,38,0.0080044988026582,Bayesian Ridge
0_Wavelet absolute mean_125000000.0Hz,39,0.005802935339295,Bayesian Ridge
0_Median absolute diff,40,0.0024137159299742,Bayesian Ridge
0_LPCC_6,41,0.0014760065901292,Bayesian Ridge
0_Median diff,42,0.000158069266504,Bayesian Ridge
0_Peak to peak distance,1,34.58149909271387,XGBoost
0_Spectral entropy,2,15.064390152755257,XGBoost
0_Autocorrelation,3,9.956996051981548,XGBoost
0_Interquartile range,4,4.649325881605907,XGBoost
0_Absolute energy,5,4.366558175805519,XGBoost
0_Spectral variation,6,3.983404490597112,XGBoost
0_Entropy,7,3.776942276516121,XGBoost
0_Max,8,1.3891572776342278,XGBoost
0_LPCC_0,9,1.079318866649022,XGBoost
0_MFCC_0,10,1.0322380671673144,XGBoost
0_Slope,11,1.001209923630953,XGBoost
0_Mean diff,12,1.0006262450924144,XGBoost
0_Histogram mode,13,0.93687302922414,XGBoost
0_Fundamental frequency,14,0.8909996658496873,XGBoost
0_MFCC_5,15,0.81526464337005,XGBoost
0_MFCC_9,16,0.7585452553108646,XGBoost
0_Wavelet absolute mean_125000000.0Hz,17,0.7166993199136574,XGBoost
0_MFCC_11,18,0.6692311856582761,XGBoost
0_Wavelet entropy,19,0.565925083515607,XGBoost
0_MFCC_8,20,0.55054618754598,XGBoost
0_MFCC_10,21,0.5446135354058195,XGBoost
0_LPCC_6,22,0.5087114350737694,XGBoost
0_Spectral decrease,23,0.489062017538026,XGBoost
0_Wavelet energy_125000000.0Hz,24,0.3764393838002037,XGBoost
0_MFCC_4,25,0.3717347261351844,XGBoost
0_Wavelet absolute mean_27777777.78Hz,26,0.3564705757329861,XGBoost
0_LPCC_1,27,0.2544651440296633,XGBoost
0_Maximum frequency,28,0.2248814821284886,XGBoost
0_ECDF Percentile_0,29,0.2151825581104806,XGBoost
0_Median absolute diff,30,0.2150408221443494,XGBoost
0_ECDF Percentile_1,31,0.1808368335998772,XGBoost
0_Mean,32,0.1637997171870743,XGBoost
0_LPCC_5,33,0.1285191416811198,XGBoost
0_Spectral positive turning points,34,0.1141579257387978,XGBoost
0_Median,35,0.1022839702043682,XGBoost
0_Negative turning points,36,0.060638372517998,XGBoost
0_Median diff,37,0.0437694262574116,XGBoost
0_Neighbourhood peaks,38,0.0295519805225233,XGBoost
0_Zero crossing rate,39,0.0083397773447136,XGBoost
0_Median frequency,40,0.004062717950344,XGBoost
0_Power bandwidth,41,0.0,XGBoost
0_Spectral roll-on,42,0.0,XGBoost
0_Median,1,10.435906486163669,SVR
0_Peak to peak distance,2,10.071375981340902,SVR
0_Mean diff,3,9.848361158361598,SVR
0_Wavelet absolute mean_27777777.78Hz,4,9.62974830134942,SVR
0_Spectral variation,5,9.278465763480527,SVR
0_ECDF Percentile_0,6,9.176311791206397,SVR
0_Spectral entropy,7,9.121495619582255,SVR
0_Spectral decrease,8,8.2683974707702,SVR
0_LPCC_0,9,7.592196407659168,SVR
0_Interquartile range,10,7.1903848771688565,SVR
0_Absolute energy,11,6.503264935779447,SVR
0_Slope,12,4.205243149725553,SVR
0_MFCC_11,13,3.494005662411058,SVR
0_Max,14,3.326234218254324,SVR
0_Mean,15,2.1056676705200394,SVR
0_Wavelet absolute mean_125000000.0Hz,16,2.079148229741158,SVR
0_Autocorrelation,17,1.4171397427124095,SVR
0_MFCC_5,18,1.2439433865021268,SVR
0_MFCC_9,19,0.6410213327321469,SVR
0_Wavelet energy_125000000.0Hz,20,0.4457329105859795,SVR
0_Wavelet entropy,21,0.3169789450253285,SVR
0_MFCC_4,22,0.2630999777827211,SVR
0_Spectral roll-on,23,0.0886753861943331,SVR
0_LPCC_1,24,0.0677900173837906,SVR
0_ECDF Percentile_1,25,0.0569227534907491,SVR
0_Fundamental frequency,26,0.0092750716064468,SVR
0_Histogram mode,27,0.0,SVR
0_Entropy,28,0.0,SVR
0_Maximum frequency,29,0.0,SVR
0_LPCC_5,30,0.0,SVR
0_MFCC_10,31,0.0,SVR
0_MFCC_0,32,0.0,SVR
0_LPCC_6,33,0.0,SVR
0_MFCC_8,34,0.0,SVR
0_Median diff,35,0.0,SVR
0_Median absolute diff,36,0.0,SVR
0_Negative turning points,37,0.0,SVR
0_Neighbourhood peaks,38,0.0,SVR
0_Power bandwidth,39,0.0,SVR
0_Median frequency,40,0.0,SVR
0_Spectral positive turning points,41,0.0,SVR
0_Zero crossing rate,42,0.0,SVR
0_Peak to peak distance,1,15.38777682437024,Random Forest
0_Spectral entropy,2,8.269897078914196,Random Forest
0_Absolute energy,3,6.9048043975194044,Random Forest
0_Autocorrelation,4,5.716058037222331,Random Forest
0_Spectral variation,5,5.516028536619573,Random Forest
0_Interquartile range,6,4.230005934555858,Random Forest
0_Entropy,7,3.508080836863737,Random Forest
0_Wavelet energy_125000000.0Hz,8,2.656980802458789,Random Forest
0_Histogram mode,9,2.615532934037115,Random Forest
0_ECDF Percentile_0,10,2.1943297326663034,Random Forest
0_Wavelet absolute mean_125000000.0Hz,11,2.039904670551015,Random Forest
0_MFCC_11,12,2.000988054280822,Random Forest
0_Slope,13,1.326368221463356,Random Forest
0_Wavelet absolute mean_27777777.78Hz,14,1.2277244891163892,Random Forest
0_LPCC_0,15,1.196090014278408,Random Forest
0_Fundamental frequency,16,0.958543471966808,Random Forest
0_Mean diff,17,0.9320958530808487,Random Forest
0_MFCC_0,18,0.8704978626960502,Random Forest
0_MFCC_9,19,0.8164007111832188,Random Forest
0_MFCC_8,20,0.6945428161635683,Random Forest
0_Wavelet entropy,21,0.6894339444008964,Random Forest
0_ECDF Percentile_1,22,0.6515192536101369,Random Forest
0_Median frequency,23,0.6474876633198001,Random Forest
0_MFCC_10,24,0.4599942773770697,Random Forest
0_Median,25,0.436233878373603,Random Forest
0_Spectral decrease,26,0.4360910098644283,Random Forest
0_Maximum frequency,27,0.349663618068754,Random Forest
0_MFCC_5,28,0.3423090261201064,Random Forest
0_Max,29,0.3121991641759872,Random Forest
0_LPCC_5,30,0.2441029965259912,Random Forest
0_LPCC_6,31,0.1969129822775411,Random Forest
0_MFCC_4,32,0.1913510894251132,Random Forest
0_LPCC_1,33,0.190433744071455,Random Forest
0_Mean,34,0.1896937601738298,Random Forest
0_Zero crossing rate,35,0.185125420318668,Random Forest
0_Spectral positive turning points,36,0.0664453209056363,Random Forest
0_Power bandwidth,37,0.0343181222339471,Random Forest
0_Negative turning points,38,0.0297069773084173,Random Forest
0_Neighbourhood peaks,39,0.0210893815560887,Random Forest
0_Spectral roll-on,40,0.0176492009929847,Random Forest
0_Median absolute diff,41,0.0105344370502978,Random Forest
0_Median diff,42,0.0,Random Forest
0_Maximum frequency,1,128841976.50645985,Bayesian Ridge
0_Median frequency,2,3047475.414679835,Bayesian Ridge
0_Power bandwidth,3,1802431.941656911,Bayesian Ridge
0_Spectral roll-on,4,1249424.707794452,Bayesian Ridge
0_Fundamental frequency,5,995067.4806556228,Bayesian Ridge
0_MFCC_4,6,1446.727144671357,Bayesian Ridge
0_MFCC_11,7,1321.5832285205709,Bayesian Ridge
0_MFCC_9,8,1205.29209297257,Bayesian Ridge
0_MFCC_5,9,1046.8371419272405,Bayesian Ridge
0_MFCC_8,10,344.7388174533125,Bayesian Ridge
0_MFCC_0,11,236.8160871683054,Bayesian Ridge
0_MFCC_10,12,168.34400072342171,Bayesian Ridge
0_Absolute energy,13,42.97264685906181,Bayesian Ridge
0_Autocorrelation,14,6.234018157457753,Bayesian Ridge
0_Peak to peak distance,15,6.22254737050563,Bayesian Ridge
0_Spectral decrease,16,5.889420678082484,Bayesian Ridge
0_Spectral positive turning points,17,5.568356458424999,Bayesian Ridge
0_ECDF Percentile_0,18,3.5256248600880227,Bayesian Ridge
0_ECDF Percentile_1,19,2.784922282558296,Bayesian Ridge
0_Max,20,2.1382285221783355,Bayesian Ridge
0_Mean,21,2.127708740186898,Bayesian Ridge
0_Median,22,1.0955779473787748,Bayesian Ridge
0_Zero crossing rate,23,0.9905400436836956,Bayesian Ridge
0_Interquartile range,24,0.787677635438179,Bayesian Ridge
0_Spectral variation,25,0.2952749972866808,Bayesian Ridge
0_Negative turning points,26,0.2845186260397213,Bayesian Ridge
0_Wavelet absolute mean_27777777.78Hz,27,0.1724105664346745,Bayesian Ridge
0_Spectral entropy,28,0.1499170768340665,Bayesian Ridge
0_Entropy,29,0.0866102332791337,Bayesian Ridge
0_LPCC_0,30,0.0774047563515605,Bayesian Ridge
0_Histogram mode,31,0.0640137202087389,Bayesian Ridge
0_LPCC_1,32,0.0612650682171456,Bayesian Ridge
0_Wavelet energy_125000000.0Hz,33,0.0474017458011385,Bayesian Ridge
0_Neighbourhood peaks,34,0.0452796041447355,Bayesian Ridge
0_Wavelet entropy,35,0.0437156978143801,Bayesian Ridge
0_LPCC_5,36,0.0233672177395152,Bayesian Ridge
0_LPCC_6,37,0.0153379411338193,Bayesian Ridge
0_Mean diff,38,0.0116116359024525,Bayesian Ridge
0_Slope,39,0.0099809691129614,Bayesian Ridge
0_Wavelet absolute mean_125000000.0Hz,40,0.0098330340037264,Bayesian Ridge
0_Median absolute diff,41,0.0010888243096922,Bayesian Ridge
0_Median diff,42,0.0001745644249057,Bayesian Ridge
0_Peak to peak distance,1,29.46370225629104,XGBoost
0_Spectral entropy,2,19.81957315838952,XGBoost
0_Autocorrelation,3,10.710048679797351,XGBoost
0_Spectral variation,4,4.119073963007579,XGBoost
0_Absolute energy,5,3.5987503005204107,XGBoost
0_Interquartile range,6,3.390922774794697,XGBoost
0_Mean diff,7,3.008774444815391,XGBoost
0_Entropy,8,1.90743959227996,XGBoost
0_Histogram mode,9,1.2814181661592174,XGBoost
0_Wavelet energy_125000000.0Hz,10,0.9923878693337868,XGBoost
0_Max,11,0.9004224916388589,XGBoost
0_LPCC_0,12,0.8791418971247974,XGBoost
0_Wavelet entropy,13,0.6026610980261116,XGBoost
0_Fundamental frequency,14,0.5585539995213348,XGBoost
0_Wavelet absolute mean_27777777.78Hz,15,0.5336841526224589,XGBoost
0_Slope,16,0.5024368167586004,XGBoost
0_MFCC_11,17,0.4780031795255842,XGBoost
0_MFCC_5,18,0.43193810695149,XGBoost
0_Spectral positive turning points,19,0.430321671714075,XGBoost
0_MFCC_9,20,0.3979736663318549,XGBoost
0_Spectral decrease,21,0.3863391521948081,XGBoost
0_LPCC_6,22,0.3522851517767334,XGBoost
0_MFCC_10,23,0.2988451834823936,XGBoost
0_MFCC_8,24,0.2934520044382661,XGBoost
0_Wavelet absolute mean_125000000.0Hz,25,0.2882900030219927,XGBoost
0_Median,26,0.2670725585110486,XGBoost
0_MFCC_0,27,0.2624365205917274,XGBoost
0_Maximum frequency,28,0.2409908609646062,XGBoost
0_MFCC_4,29,0.2302276861758282,XGBoost
0_Negative turning points,30,0.2251948922089612,XGBoost
0_Neighbourhood peaks,31,0.2204483661113928,XGBoost
0_LPCC_5,32,0.2048603717434529,XGBoost
0_ECDF Percentile_0,33,0.134780431783696,XGBoost
0_ECDF Percentile_1,34,0.1209240467374523,XGBoost
0_Mean,35,0.1191441818473239,XGBoost
0_Median absolute diff,36,0.1174496824022381,XGBoost
0_LPCC_1,37,0.0943726285057142,XGBoost
0_Median diff,38,0.0858511718610922,XGBoost
0_Zero crossing rate,39,0.0736468376266459,XGBoost
0_Median frequency,40,0.06177270732522,XGBoost
0_Power bandwidth,41,0.0,XGBoost
0_Spectral roll-on,42,0.0,XGBoost
0_Interquartile range,1,10.55151615551777,SVR
0_Spectral variation,2,10.209210535407152,SVR
0_Peak to peak distance,3,9.568441639626624,SVR
0_ECDF Percentile_0,4,9.336065266232724,SVR
0_Spectral entropy,5,8.669818863445073,SVR
0_Wavelet absolute mean_27777777.78Hz,6,8.290468231709575,SVR
0_Spectral decrease,7,7.4336677884921585,SVR
0_Absolute energy,8,6.9248074166016655,SVR
0_Mean diff,9,6.571933579961067,SVR
0_LPCC_0,10,5.298432843932235,SVR
0_Median,11,4.60639727689859,SVR
0_Slope,12,3.27195127862094,SVR
0_Autocorrelation,13,2.584220299763056,SVR
0_MFCC_11,14,2.1539801832299643,SVR
0_MFCC_5,15,1.9701951577956405,SVR
0_Wavelet absolute mean_125000000.0Hz,16,1.9238069475973232,SVR
0_Max,17,1.2453237532422192,SVR
0_Mean,18,1.0938215491896062,SVR
0_Maximum frequency,19,0.8344284684099941,SVR
0_Wavelet energy_125000000.0Hz,20,0.3883022718519863,SVR
0_MFCC_10,21,0.3434671057933824,SVR
0_MFCC_9,22,0.2425044498010155,SVR
0_Negative turning points,23,0.2226984513546329,SVR
0_Wavelet entropy,24,0.204081117553715,SVR
0_MFCC_0,25,0.1435582453235765,SVR
0_MFCC_8,26,0.0424401496631852,SVR
0_LPCC_1,27,0.0,SVR
0_Histogram mode,28,0.0,SVR
0_Entropy,29,0.0,SVR
0_Fundamental frequency,30,0.0,SVR
0_ECDF Percentile_1,31,0.0,SVR
0_LPCC_6,32,0.0,SVR
0_LPCC_5,33,0.0,SVR
0_MFCC_4,34,0.0,SVR
0_Median diff,35,0.0,SVR
0_Median absolute diff,36,0.0,SVR
0_Median frequency,37,0.0,SVR
0_Neighbourhood peaks,38,0.0,SVR
0_Power bandwidth,39,0.0,SVR
0_Spectral roll-on,40,0.0,SVR
0_Spectral positive turning points,41,0.0,SVR
0_Zero crossing rate,42,0.0,SVR
0_Peak to peak distance,1,16.515362249107174,Random Forest
0_Spectral entropy,2,8.113074037102296,Random Forest
0_Absolute energy,3,7.987649073677538,Random Forest
0_Autocorrelation,4,5.776505733804219,Random Forest
0_Spectral variation,5,5.02498654163309,Random Forest
0_Interquartile range,6,4.1788911155698125,Random Forest
0_Entropy,7,3.9044939845753888,Random Forest
0_Wavelet energy_125000000.0Hz,8,3.2096927808357103,Random Forest
0_MFCC_11,9,2.698550505300767,Random Forest
0_Histogram mode,10,2.636315251270935,Random Forest
0_ECDF Percentile_0,11,2.622053491965805,Random Forest
0_Wavelet absolute mean_125000000.0Hz,12,2.0760851501447184,Random Forest
0_Fundamental frequency,13,1.1687347370050076,Random Forest
0_Wavelet absolute mean_27777777.78Hz,14,1.1589497864406555,Random Forest
0_LPCC_0,15,1.0638057594336567,Random Forest
0_Mean diff,16,0.8460040191727379,Random Forest
0_Slope,17,0.8428634111047838,Random Forest
0_ECDF Percentile_1,18,0.8109822009216995,Random Forest
0_MFCC_9,19,0.7136100274153749,Random Forest
0_Median frequency,20,0.5937194727002176,Random Forest
0_MFCC_0,21,0.5553663872365995,Random Forest
0_MFCC_10,22,0.5523513523993471,Random Forest
0_MFCC_8,23,0.5454763174047093,Random Forest
0_Median,24,0.5064092963688925,Random Forest
0_Wavelet entropy,25,0.4930442698276797,Random Forest
0_MFCC_5,26,0.4593871776056862,Random Forest
0_Spectral decrease,27,0.4194161629076582,Random Forest
0_Maximum frequency,28,0.3878394436812029,Random Forest
0_Max,29,0.3689588571643339,Random Forest
0_LPCC_6,30,0.314875782297862,Random Forest
0_Mean,31,0.2728294290232783,Random Forest
0_LPCC_1,32,0.2354615624263727,Random Forest
0_MFCC_4,33,0.2265387081787493,Random Forest
0_LPCC_5,34,0.2255648976965322,Random Forest
0_Zero crossing rate,35,0.1414969299206433,Random Forest
0_Spectral positive turning points,36,0.0704484330440949,Random Forest
0_Negative turning points,37,0.0501283239212818,Random Forest
0_Power bandwidth,38,0.0362223597119251,Random Forest
0_Median absolute diff,39,0.015081234442691,Random Forest
0_Neighbourhood peaks,40,0.0086602196639403,Random Forest
0_Spectral roll-on,41,0.0055487970834908,Random Forest
0_Median diff,42,0.0,Random Forest
0_Maximum frequency,1,60171113.40569955,Bayesian Ridge
0_Median frequency,2,3752461.085309022,Bayesian Ridge
0_Power bandwidth,3,1619902.6880640048,Bayesian Ridge
0_Spectral roll-on,4,1095388.9451630097,Bayesian Ridge
0_Fundamental frequency,5,514650.7719931154,Bayesian Ridge
0_MFCC_4,6,1383.699990674177,Bayesian Ridge
0_MFCC_11,7,1239.5241113981683,Bayesian Ridge
0_MFCC_5,8,1094.3442603695976,Bayesian Ridge
0_MFCC_9,9,1017.5628872494084,Bayesian Ridge
0_MFCC_8,10,342.45894571001367,Bayesian Ridge
0_MFCC_0,11,219.4331238660465,Bayesian Ridge
0_MFCC_10,12,205.80649075129625,Bayesian Ridge
0_Absolute energy,13,102.5310453070575,Bayesian Ridge
0_Peak to peak distance,14,7.706933533897259,Bayesian Ridge
0_Autocorrelation,15,6.613953948235825,Bayesian Ridge
0_Spectral positive turning points,16,4.351407909123293,Bayesian Ridge
0_Spectral decrease,17,4.308886422956899,Bayesian Ridge
0_ECDF Percentile_0,18,3.5721893749079427,Bayesian Ridge
0_Max,19,2.4251554711931744,Bayesian Ridge
0_ECDF Percentile_1,20,2.1474845703101164,Bayesian Ridge
0_Mean,21,2.010166744832393,Bayesian Ridge
0_Median,22,0.8764361339092115,Bayesian Ridge
0_Wavelet absolute mean_27777777.78Hz,23,0.2454444080829961,Bayesian Ridge
0_Negative turning points,24,0.2384445052196685,Bayesian Ridge
0_Zero crossing rate,25,0.2250762669955524,Bayesian Ridge
0_Interquartile range,26,0.1991357119828246,Bayesian Ridge
0_Spectral entropy,27,0.1936211860795477,Bayesian Ridge
0_Neighbourhood peaks,28,0.1520099899796015,Bayesian Ridge
0_Histogram mode,29,0.1369374887189197,Bayesian Ridge
0_Spectral variation,30,0.1270158731622541,Bayesian Ridge
0_Entropy,31,0.1093079185263334,Bayesian Ridge
0_Wavelet energy_125000000.0Hz,32,0.0670203035476977,Bayesian Ridge
0_LPCC_1,33,0.0587641501208457,Bayesian Ridge
0_LPCC_0,34,0.0398548536460579,Bayesian Ridge
0_LPCC_5,35,0.0229775070223115,Bayesian Ridge
0_Wavelet entropy,36,0.0223273506631541,Bayesian Ridge
0_Slope,37,0.0098684402179086,Bayesian Ridge
0_LPCC_6,38,0.0064831203429162,Bayesian Ridge
0_Wavelet absolute mean_125000000.0Hz,39,0.0064509881423205,Bayesian Ridge
0_Mean diff,40,0.0037180559075155,Bayesian Ridge
0_Median absolute diff,41,0.0006060177961199,Bayesian Ridge
0_Median diff,42,0.0,Bayesian Ridge
0_Peak to peak distance,1,39.15178376159011,XGBoost
0_Spectral entropy,2,16.60146063022353,XGBoost
0_Autocorrelation,3,12.434426409833009,XGBoost
0_Interquartile range,4,4.041774337262471,XGBoost
0_Spectral variation,5,2.723530626538521,XGBoost
0_Histogram mode,6,1.7752338983924123,XGBoost
0_Mean diff,7,1.6368809572802236,XGBoost
0_Max,8,1.5260504150014065,XGBoost
0_Fundamental frequency,9,1.1270476935128373,XGBoost
0_MFCC_11,10,1.0353003869106996,XGBoost
0_Entropy,11,0.9330449919474614,XGBoost
0_MFCC_10,12,0.72027791173656,XGBoost
0_Wavelet energy_125000000.0Hz,13,0.6933978244925538,XGBoost
0_LPCC_6,14,0.6094306954057577,XGBoost
0_Maximum frequency,15,0.5975643594951369,XGBoost
0_LPCC_1,16,0.5933399658387531,XGBoost
0_Absolute energy,17,0.5033619782265897,XGBoost
0_Wavelet entropy,18,0.4915055294432986,XGBoost
0_Spectral positive turning points,19,0.4720945350510379,XGBoost
0_MFCC_4,20,0.4508552614059919,XGBoost
0_Wavelet absolute mean_27777777.78Hz,21,0.4478643922732522,XGBoost
0_MFCC_5,22,0.4415143958799851,XGBoost
0_MFCC_8,23,0.4367700486253948,XGBoost
0_Slope,24,0.3838821368794888,XGBoost
0_Mean,25,0.36942869549493,XGBoost
0_LPCC_5,26,0.3383378452206031,XGBoost
0_Negative turning points,27,0.3125222957135489,XGBoost
0_Wavelet absolute mean_125000000.0Hz,28,0.2610505085891423,XGBoost
0_MFCC_9,29,0.2610333120196436,XGBoost
0_MFCC_0,30,0.2532769814294452,XGBoost
0_ECDF Percentile_0,31,0.2303445418798675,XGBoost
0_Spectral decrease,32,0.2239699297431236,XGBoost
0_Neighbourhood peaks,33,0.1982958269066798,XGBoost
0_LPCC_0,34,0.1956357630432274,XGBoost
0_Median,35,0.1940867500256747,XGBoost
0_Median absolute diff,36,0.1783398665537436,XGBoost
0_ECDF Percentile_1,37,0.162500898742179,XGBoost
0_Median frequency,38,0.0760176820198695,XGBoost
0_Zero crossing rate,39,0.0273560433943445,XGBoost
0_Median diff,40,0.0,XGBoost
0_Power bandwidth,41,0.0,XGBoost
0_Spectral roll-on,42,0.0,XGBoost
0_Peak to peak distance,1,11.956551242140431,SVR
0_Spectral decrease,2,11.332076422310626,SVR
0_Interquartile range,3,10.116774201783969,SVR
0_LPCC_0,4,9.356260249438964,SVR
0_Spectral variation,5,8.68880968028549,SVR
0_Mean diff,6,8.415743456043266,SVR
0_Absolute energy,7,8.398068281305903,SVR
0_ECDF Percentile_0,8,8.333232317782713,SVR
0_Spectral entropy,9,8.151419055675056,SVR
0_Median,10,7.084939273267599,SVR
0_Wavelet absolute mean_27777777.78Hz,11,5.67906582017446,SVR
0_Max,12,4.655367584013536,SVR
0_MFCC_11,13,4.201477856080031,SVR
0_Slope,14,2.89869919477091,SVR
0_Wavelet absolute mean_125000000.0Hz,15,2.8847507339652485,SVR
0_MFCC_5,16,1.8279967176270595,SVR
0_Mean,17,1.5774690750970466,SVR
0_Autocorrelation,18,0.796359044831767,SVR
0_MFCC_9,19,0.6966227638383369,SVR
0_Maximum frequency,20,0.4892231211011316,SVR
0_MFCC_4,21,0.2202555801456302,SVR
0_Negative turning points,22,0.2031609476642518,SVR
0_Wavelet entropy,23,0.2030664524798519,SVR
0_MFCC_10,24,0.1952801886327126,SVR
0_MFCC_0,25,0.1745796516957316,SVR
0_ECDF Percentile_1,26,0.0,SVR
0_LPCC_1,27,0.0,SVR
0_Histogram mode,28,0.0,SVR
0_Entropy,29,0.0,SVR
0_Fundamental frequency,30,0.0,SVR
0_LPCC_6,31,0.0,SVR
0_Median absolute diff,32,0.0,SVR
0_LPCC_5,33,0.0,SVR
0_MFCC_8,34,0.0,SVR
0_Median diff,35,0.0,SVR
0_Power bandwidth,36,0.0,SVR
0_Median frequency,37,0.0,SVR
0_Neighbourhood peaks,38,0.0,SVR
0_Spectral positive turning points,39,0.0,SVR
0_Spectral roll-on,40,0.0,SVR
0_Wavelet energy_125000000.0Hz,41,0.0,SVR
0_Zero crossing rate,42,0.0,SVR
0_Peak to peak distance,1,16.890388468007018,Random Forest
0_Spectral entropy,2,8.552404735820684,Random Forest
0_Absolute energy,3,7.890041444507319,Random Forest
0_Spectral variation,4,4.95258886549159,Random Forest
0_Entropy,5,4.794125151041554,Random Forest
0_Autocorrelation,6,4.49878536075078,Random Forest
0_Interquartile range,7,4.453949262224923,Random Forest
0_Wavelet energy_125000000.0Hz,8,2.9668196120229924,Random Forest
0_ECDF Percentile_0,9,2.59629868278328,Random Forest
0_MFCC_11,10,2.5275665344435487,Random Forest
0_Histogram mode,11,2.457704161103683,Random Forest
0_Wavelet absolute mean_125000000.0Hz,12,1.8126614164680632,Random Forest
0_Wavelet absolute mean_27777777.78Hz,13,1.1950607696527111,Random Forest
0_Slope,14,1.120290061056226,Random Forest
0_LPCC_0,15,1.0685630922628622,Random Forest
0_MFCC_9,16,0.932798424409128,Random Forest
0_Wavelet entropy,17,0.911450797223851,Random Forest
0_Mean diff,18,0.8189562433278109,Random Forest
0_ECDF Percentile_1,19,0.8189499800500264,Random Forest
0_MFCC_8,20,0.676651326266451,Random Forest
0_MFCC_0,21,0.6624582410721652,Random Forest
0_Fundamental frequency,22,0.6385186542802644,Random Forest
0_Spectral decrease,23,0.5008823593048846,Random Forest
0_Median,24,0.4910676808758171,Random Forest
0_Median frequency,25,0.4818814846370834,Random Forest
0_Max,26,0.4528722489408257,Random Forest
0_MFCC_5,27,0.4209268813805732,Random Forest
0_MFCC_10,28,0.3525601977486357,Random Forest
0_Maximum frequency,29,0.3238933054379925,Random Forest
0_Mean,30,0.2858531573499941,Random Forest
0_MFCC_4,31,0.2576537054784635,Random Forest
0_LPCC_5,32,0.2339144695994289,Random Forest
0_Zero crossing rate,33,0.2324772028533781,Random Forest
0_LPCC_6,34,0.1983456444992683,Random Forest
0_LPCC_1,35,0.1931140116722981,Random Forest
0_Power bandwidth,36,0.0736954781646529,Random Forest
0_Negative turning points,37,0.0651534514138164,Random Forest
0_Median absolute diff,38,0.0615018500311299,Random Forest
0_Spectral positive turning points,39,0.0559104344611987,Random Forest
0_Neighbourhood peaks,40,0.0109604382951743,Random Forest
0_Spectral roll-on,41,0.0055674200352902,Random Forest
0_Median diff,42,0.0,Random Forest
0_Maximum frequency,1,165017501.6100137,Bayesian Ridge
0_Median frequency,2,2419668.8068090663,Bayesian Ridge
0_Spectral roll-on,3,1912826.8100642709,Bayesian Ridge
0_Power bandwidth,4,1469591.279788445,Bayesian Ridge
0_Fundamental frequency,5,657526.2773567055,Bayesian Ridge
0_MFCC_11,6,1891.4202615080496,Bayesian Ridge
0_MFCC_4,7,1522.5740783545364,Bayesian Ridge
0_MFCC_5,8,1020.6512055913122,Bayesian Ridge
0_MFCC_9,9,988.81333763586,Bayesian Ridge
0_MFCC_0,10,330.71655001067535,Bayesian Ridge
0_MFCC_8,11,288.6915056838041,Bayesian Ridge
0_Absolute energy,12,198.12665327220657,Bayesian Ridge
0_MFCC_10,13,11.22028148484758,Bayesian Ridge
0_Spectral decrease,14,8.116158980507597,Bayesian Ridge
0_Peak to peak distance,15,7.514340459815486,Bayesian Ridge
0_Autocorrelation,16,3.941033410263477,Bayesian Ridge
0_ECDF Percentile_0,17,3.7217195435766577,Bayesian Ridge
0_Spectral positive turning points,18,3.5352953457615666,Bayesian Ridge
0_ECDF Percentile_1,19,3.3484538455115582,Bayesian Ridge
0_Max,20,1.9722742526115564,Bayesian Ridge
0_Mean,21,1.3017864629505596,Bayesian Ridge
0_Median,22,1.285949392218582,Bayesian Ridge
0_Zero crossing rate,23,1.1683425892710146,Bayesian Ridge
0_Interquartile range,24,0.8249002977006,Bayesian Ridge
0_Negative turning points,25,0.2061621775326339,Bayesian Ridge
0_Wavelet absolute mean_27777777.78Hz,26,0.1933042003925931,Bayesian Ridge
0_Spectral entropy,27,0.179273901598687,Bayesian Ridge
0_LPCC_0,28,0.1409373853170018,Bayesian Ridge
0_Spectral variation,29,0.1241641613171332,Bayesian Ridge
0_Entropy,30,0.0756736778664952,Bayesian Ridge
0_Histogram mode,31,0.075134239676274,Bayesian Ridge
0_LPCC_5,32,0.0636792222900344,Bayesian Ridge
0_Wavelet entropy,33,0.044693955729116,Bayesian Ridge
0_Wavelet energy_125000000.0Hz,34,0.0437787995508947,Bayesian Ridge
0_Neighbourhood peaks,35,0.042769623770215,Bayesian Ridge
0_LPCC_1,36,0.0323916268288079,Bayesian Ridge
0_LPCC_6,37,0.0102404737398676,Bayesian Ridge
0_Slope,38,0.0098428919875581,Bayesian Ridge
0_Mean diff,39,0.0093106219487509,Bayesian Ridge
0_Wavelet absolute mean_125000000.0Hz,40,0.0026998575940939,Bayesian Ridge
0_Median absolute diff,41,0.0004386797101354,Bayesian Ridge
0_Median diff,42,9.200684754626211e-15,Bayesian Ridge
0_Peak to peak distance,1,38.15355141433674,XGBoost
0_Spectral entropy,2,19.564971627461155,XGBoost
0_Autocorrelation,3,8.152248351000795,XGBoost
0_Interquartile range,4,4.156805141022337,XGBoost
0_Histogram mode,5,2.5687351182563187,XGBoost
0_MFCC_0,6,2.1955253452614696,XGBoost
0_Entropy,7,1.9233914320845489,XGBoost
0_Spectral variation,8,1.9059200708690296,XGBoost
0_Mean diff,9,0.8790687580866944,XGBoost
0_LPCC_0,10,0.7898747368531931,XGBoost
0_MFCC_5,11,0.7075854686019514,XGBoost
0_ECDF Percentile_0,12,0.637390781327886,XGBoost
0_MFCC_11,13,0.571939978575663,XGBoost
0_Absolute energy,14,0.5636277022504674,XGBoost
0_ECDF Percentile_1,15,0.5446796288777551,XGBoost
0_Slope,16,0.5407572579913414,XGBoost
0_Spectral positive turning points,17,0.4620898251679937,XGBoost
0_Fundamental frequency,18,0.4258389575476929,XGBoost
0_LPCC_6,19,0.3569328236974248,XGBoost
0_MFCC_9,20,0.3511124445604674,XGBoost
0_Median,21,0.3429835639956762,XGBoost
0_LPCC_1,22,0.284277387195222,XGBoost
0_Wavelet absolute mean_27777777.78Hz,23,0.2794453882024215,XGBoost
0_Wavelet entropy,24,0.2744188281999777,XGBoost
0_MFCC_10,25,0.2650921832461289,XGBoost
0_MFCC_8,26,0.2623871370400978,XGBoost
0_LPCC_5,27,0.25067865762349,XGBoost
0_Max,28,0.2184374425680361,XGBoost
0_Wavelet energy_125000000.0Hz,29,0.19269254400427,XGBoost
0_Negative turning points,30,0.1522113959167016,XGBoost
0_Neighbourhood peaks,31,0.1513975601561922,XGBoost
0_Wavelet absolute mean_125000000.0Hz,32,0.1304190774960579,XGBoost
0_Maximum frequency,33,0.1294051871401801,XGBoost
0_MFCC_4,34,0.1092042295318458,XGBoost
0_Spectral decrease,35,0.1087620200065446,XGBoost
0_Mean,36,0.0925427636041659,XGBoost
0_Median frequency,37,0.0173008264661456,XGBoost
0_Zero crossing rate,38,0.011867984604055,XGBoost
0_Median absolute diff,39,6.33049041886504e-06,XGBoost
0_Median diff,40,0.0,XGBoost
0_Power bandwidth,41,0.0,XGBoost
0_Spectral roll-on,42,0.0,XGBoost
0_Peak to peak distance,1,12.071654341172168,SVR
0_ECDF Percentile_0,2,11.115800262765626,SVR
0_Spectral variation,3,10.473210446632397,SVR
0_Spectral decrease,4,8.566100375804725,SVR
0_Wavelet absolute mean_27777777.78Hz,5,8.435686264434057,SVR
0_Spectral entropy,6,7.378209416261334,SVR
0_Interquartile range,7,7.264101104274194,SVR
0_LPCC_0,8,7.097987855454432,SVR
0_Mean diff,9,6.67936986940486,SVR
0_Median,10,6.101272160947103,SVR
0_Absolute energy,11,6.085326620099322,SVR
0_Max,12,5.269258755248057,SVR
0_MFCC_11,13,3.5834519629592334,SVR
0_Slope,14,3.4407246698161265,SVR
0_Wavelet absolute mean_125000000.0Hz,15,2.843504582975132,SVR
0_Mean,16,2.0890928449831896,SVR
0_Autocorrelation,17,1.9956742751646583,SVR
0_MFCC_5,18,1.82461483716618,SVR
0_Wavelet energy_125000000.0Hz,19,0.6624489298908571,SVR
0_MFCC_9,20,0.5352444799417446,SVR
0_Wavelet entropy,21,0.352557857520688,SVR
0_MFCC_0,22,0.1610786779342368,SVR
0_MFCC_8,23,0.1332595633656887,SVR
0_MFCC_10,24,0.0594659260432384,SVR
0_ECDF Percentile_1,25,0.0152371567771682,SVR
0_LPCC_1,26,0.0132433093335473,SVR
0_Negative turning points,27,0.0118237586492644,SVR
0_Histogram mode,28,0.0,SVR
0_Entropy,29,0.0,SVR
0_Fundamental frequency,30,0.0,SVR
0_LPCC_5,31,0.0,SVR
0_LPCC_6,32,0.0,SVR
0_Maximum frequency,33,0.0,SVR
0_MFCC_4,34,0.0,SVR
0_Median diff,35,0.0,SVR
0_Median absolute diff,36,0.0,SVR
0_Median frequency,37,0.0,SVR
0_Neighbourhood peaks,38,0.0,SVR
0_Power bandwidth,39,0.0,SVR
0_Spectral roll-on,40,0.0,SVR
0_Spectral positive turning points,41,0.0,SVR
0_Zero crossing rate,42,0.0,SVR
0_Peak to peak distance,1,17.478469838755235,Random Forest
0_Spectral entropy,2,8.393503657645606,Random Forest
0_Spectral variation,3,5.776159002250156,Random Forest
0_Autocorrelation,4,5.450616141339423,Random Forest
0_Absolute energy,5,5.228548736619141,Random Forest
0_Interquartile range,6,4.013323131245251,Random Forest
0_Wavelet energy_125000000.0Hz,7,3.746214218465208,Random Forest
0_Entropy,8,3.61021012896276,Random Forest
0_Wavelet absolute mean_125000000.0Hz,9,2.742878789112717,Random Forest
0_Histogram mode,10,2.670902031331757,Random Forest
0_MFCC_11,11,2.13847916949826,Random Forest
0_ECDF Percentile_0,12,1.8171472725284905,Random Forest
0_LPCC_0,13,1.5133434011384226,Random Forest
0_Slope,14,1.153560755062227,Random Forest
0_Wavelet absolute mean_27777777.78Hz,15,1.05463051650549,Random Forest
0_Mean diff,16,0.9309422354763373,Random Forest
0_MFCC_0,17,0.8292441586551567,Random Forest
0_Wavelet entropy,18,0.8142289926250464,Random Forest
0_Median frequency,19,0.69584939977061,Random Forest
0_ECDF Percentile_1,20,0.6609828699479501,Random Forest
0_Maximum frequency,21,0.6565743280904986,Random Forest
0_MFCC_9,22,0.6494691469101855,Random Forest
0_Fundamental frequency,23,0.5878356283846,Random Forest
0_MFCC_8,24,0.5369873790843412,Random Forest
0_MFCC_10,25,0.5023390674314772,Random Forest
0_MFCC_5,26,0.4353601947151436,Random Forest
0_Max,27,0.3775715995110572,Random Forest
0_Mean,28,0.338186513687484,Random Forest
0_Median,29,0.3130293605248134,Random Forest
0_LPCC_5,30,0.2296536120412561,Random Forest
0_LPCC_1,31,0.2229051602224508,Random Forest
0_MFCC_4,32,0.2150994935465044,Random Forest
0_LPCC_6,33,0.2074881439327883,Random Forest
0_Spectral decrease,34,0.2013363922944292,Random Forest
0_Zero crossing rate,35,0.1775712757393717,Random Forest
0_Spectral positive turning points,36,0.1116715683732181,Random Forest
0_Median absolute diff,37,0.0908669578570872,Random Forest
0_Negative turning points,38,0.0455353265682856,Random Forest
0_Power bandwidth,39,0.0235222106138865,Random Forest
0_Spectral roll-on,40,0.0073919327527284,Random Forest
0_Neighbourhood peaks,41,0.0016175275241335,Random Forest
0_Median diff,42,0.0,Random Forest
0_Maximum frequency,1,86590514.8803088,Bayesian Ridge
0_Median frequency,2,6744862.37860625,Bayesian Ridge
0_Power bandwidth,3,1305993.3263798633,Bayesian Ridge
0_Spectral roll-on,4,1239466.7576118985,Bayesian Ridge
0_Fundamental frequency,5,4221.551663597395,Bayesian Ridge
0_MFCC_11,6,1356.7523456431115,Bayesian Ridge
0_MFCC_4,7,1000.879320471313,Bayesian Ridge
0_MFCC_5,8,892.8529425377884,Bayesian Ridge
0_MFCC_9,9,616.1520500039029,Bayesian Ridge
0_MFCC_8,10,337.78711257214314,Bayesian Ridge
0_MFCC_0,11,149.4388529117164,Bayesian Ridge
0_Absolute energy,12,72.89448355902206,Bayesian Ridge
0_MFCC_10,13,7.548138657686167,Bayesian Ridge
0_Peak to peak distance,14,6.732633460655942,Bayesian Ridge
0_Autocorrelation,15,6.6317385091375884,Bayesian Ridge
0_Spectral decrease,16,4.964840609719388,Bayesian Ridge
0_ECDF Percentile_0,17,2.9691748350478644,Bayesian Ridge
0_ECDF Percentile_1,18,2.4779160790221613,Bayesian Ridge
0_Max,19,2.083758007910833,Bayesian Ridge
0_Mean,20,1.6315025183796923,Bayesian Ridge
0_Spectral positive turning points,21,1.4700290298862162,Bayesian Ridge
0_Median,22,0.6398771761791565,Bayesian Ridge
0_Negative turning points,23,0.5192852042293248,Bayesian Ridge
0_Spectral variation,24,0.4967986887184955,Bayesian Ridge
0_Zero crossing rate,25,0.4363504514312367,Bayesian Ridge
0_Wavelet absolute mean_27777777.78Hz,26,0.1966601746225872,Bayesian Ridge
0_Neighbourhood peaks,27,0.1492422811772592,Bayesian Ridge
0_Spectral entropy,28,0.1266752304497682,Bayesian Ridge
0_Entropy,29,0.1163778255743649,Bayesian Ridge
0_Histogram mode,30,0.099412848694099,Bayesian Ridge
0_LPCC_0,31,0.0914834829261276,Bayesian Ridge
0_LPCC_1,32,0.0865017036687266,Bayesian Ridge
0_Interquartile range,33,0.0857485521258074,Bayesian Ridge
0_Wavelet energy_125000000.0Hz,34,0.0598645239330439,Bayesian Ridge
0_LPCC_5,35,0.0466679338712828,Bayesian Ridge
0_LPCC_6,36,0.023682870182471,Bayesian Ridge
0_Wavelet absolute mean_125000000.0Hz,37,0.0108430141039296,Bayesian Ridge
0_Slope,38,0.0082563562908613,Bayesian Ridge
0_Wavelet entropy,39,0.0056183791781725,Bayesian Ridge
0_Mean diff,40,0.003679300008979,Bayesian Ridge
0_Median diff,41,0.0001979203943023,Bayesian Ridge
0_Median absolute diff,42,0.0001225036062728,Bayesian Ridge
0_Peak to peak distance,1,37.605769275909765,XGBoost
0_Spectral entropy,2,19.819282348441828,XGBoost
0_Autocorrelation,3,12.067667982286466,XGBoost
0_Interquartile range,4,3.9559331309059016,XGBoost
0_Spectral variation,5,1.8334787565711104,XGBoost
0_Histogram mode,6,1.6253211874301237,XGBoost
0_Entropy,7,1.586071811166933,XGBoost
0_Max,8,1.562175199368721,XGBoost
0_Mean diff,9,1.2224717696192364,XGBoost
0_Fundamental frequency,10,0.8485175960406659,XGBoost
0_MFCC_10,11,0.8110370398283006,XGBoost
0_Absolute energy,12,0.7949362239243463,XGBoost
0_MFCC_5,13,0.671376769151011,XGBoost
0_Slope,14,0.6412441710089334,XGBoost
0_LPCC_0,15,0.6182288371408977,XGBoost
0_ECDF Percentile_1,16,0.608967945144698,XGBoost
0_Wavelet energy_125000000.0Hz,17,0.5963666202072053,XGBoost
0_Wavelet entropy,18,0.5935557981458182,XGBoost
0_MFCC_9,19,0.5833942595930148,XGBoost
0_MFCC_4,20,0.441381119876479,XGBoost
0_Wavelet absolute mean_125000000.0Hz,21,0.4073601931650812,XGBoost
0_MFCC_11,22,0.3885680048745126,XGBoost
0_Wavelet absolute mean_27777777.78Hz,23,0.3716061373377217,XGBoost
0_LPCC_6,24,0.3674855473285619,XGBoost
0_MFCC_8,25,0.3345712025475998,XGBoost
0_MFCC_0,26,0.3296768717877565,XGBoost
0_Spectral positive turning points,27,0.2752952984222521,XGBoost
0_ECDF Percentile_0,28,0.2644643704441687,XGBoost
0_LPCC_5,29,0.256635303821663,XGBoost
0_Median frequency,30,0.2335802240811289,XGBoost
0_Mean,31,0.2298644603626181,XGBoost
0_Maximum frequency,32,0.2236326718701048,XGBoost
0_Spectral decrease,33,0.2218562130197882,XGBoost
0_LPCC_1,34,0.1867694536624476,XGBoost
0_Median absolute diff,35,0.1316735771284749,XGBoost
0_Median,36,0.124418773938405,XGBoost
0_Negative turning points,37,0.0816993431216726,XGBoost
0_Median diff,38,0.0673714035473763,XGBoost
0_Spectral roll-on,39,0.024244518041114,XGBoost
0_Zero crossing rate,40,0.0178585345268249,XGBoost
0_Neighbourhood peaks,41,0.0080539002507924,XGBoost
0_Power bandwidth,42,0.0,XGBoost
0_Interquartile range,1,10.3357619361167,SVR
0_Spectral decrease,2,9.81292807231595,SVR
0_Wavelet absolute mean_27777777.78Hz,3,9.482370442283958,SVR
0_Spectral variation,4,9.33384750418358,SVR
0_ECDF Percentile_0,5,8.746658254539224,SVR
0_Peak to peak distance,6,7.817836957061112,SVR
0_Spectral entropy,7,7.761656562852895,SVR
0_LPCC_0,8,7.211603749428277,SVR
0_Mean diff,9,6.893166397190717,SVR
0_Median,10,6.40992184552977,SVR
0_Absolute energy,11,6.234483286679288,SVR
0_Max,12,5.790167976600383,SVR
0_MFCC_11,13,4.907512151280968,SVR
0_Wavelet absolute mean_125000000.0Hz,14,3.739837764950469,SVR
0_Mean,15,3.004606655160376,SVR
0_MFCC_5,16,2.3547812982226257,SVR
0_Autocorrelation,17,2.111107174644901,SVR
0_Slope,18,1.3890087233523425,SVR
0_MFCC_9,19,1.06878610831219,SVR
0_MFCC_4,20,0.4547133266677436,SVR
0_MFCC_10,21,0.3513581553455149,SVR
0_Wavelet energy_125000000.0Hz,22,0.2183558653104574,SVR
0_Wavelet entropy,23,0.1953727745122186,SVR
0_MFCC_0,24,0.1110730555112755,SVR
0_MFCC_8,25,0.0965636972708381,SVR
0_Spectral positive turning points,26,0.0814236874621488,SVR
0_ECDF Percentile_1,27,0.0446657078383246,SVR
0_Maximum frequency,28,0.0365330314650607,SVR
0_Zero crossing rate,29,0.0186191611500309,SVR
0_Fundamental frequency,30,0.0,SVR
0_LPCC_1,31,0.0,SVR
0_Histogram mode,32,0.0,SVR
0_Entropy,33,0.0,SVR
0_LPCC_6,34,0.0,SVR
0_Median diff,35,0.0,SVR
0_Median absolute diff,36,0.0,SVR
0_LPCC_5,37,0.0,SVR
0_Neighbourhood peaks,38,0.0,SVR
0_Power bandwidth,39,0.0,SVR
0_Median frequency,40,0.0,SVR
0_Negative turning points,41,0.0,SVR
0_Spectral roll-on,42,0.0,SVR
0_Peak to peak distance,1,15.99821861533807,Random Forest
0_Spectral entropy,2,7.951876960437652,Random Forest
0_Autocorrelation,3,7.158073760881679,Random Forest
0_Absolute energy,4,6.201142605916162,Random Forest
0_Spectral variation,5,4.638828742067377,Random Forest
0_Entropy,6,4.1113670803682485,Random Forest
0_Interquartile range,7,4.102528175935333,Random Forest
0_Histogram mode,8,2.9446858068195327,Random Forest
0_Wavelet energy_125000000.0Hz,9,2.863561649863918,Random Forest
0_ECDF Percentile_0,10,2.4952404664504195,Random Forest
0_MFCC_11,11,1.7687117475002234,Random Forest
0_Wavelet absolute mean_125000000.0Hz,12,1.7626590425040884,Random Forest
0_LPCC_0,13,1.4899330994212838,Random Forest
0_Wavelet absolute mean_27777777.78Hz,14,1.3328328246039185,Random Forest
0_Fundamental frequency,15,0.9648129660825552,Random Forest
0_ECDF Percentile_1,16,0.7848422598680483,Random Forest
0_Slope,17,0.779297326553147,Random Forest
0_MFCC_9,18,0.7648903670645706,Random Forest
0_MFCC_8,19,0.6797984837995767,Random Forest
0_Wavelet entropy,20,0.6182756216378418,Random Forest
0_Mean diff,21,0.5845499680930439,Random Forest
0_Median frequency,22,0.5222251585913513,Random Forest
0_Spectral decrease,23,0.4874312388158402,Random Forest
0_MFCC_10,24,0.4812982504306982,Random Forest
0_MFCC_5,25,0.4708577160040925,Random Forest
0_MFCC_0,26,0.4689371534077138,Random Forest
0_Median,27,0.3896328626010412,Random Forest
0_Max,28,0.3865909941455659,Random Forest
0_Maximum frequency,29,0.336314310913269,Random Forest
0_LPCC_6,30,0.2926255300390845,Random Forest
0_Mean,31,0.2494200183646597,Random Forest
0_Zero crossing rate,32,0.2276053813596877,Random Forest
0_LPCC_5,33,0.2115377114821379,Random Forest
0_LPCC_1,34,0.1952808453839272,Random Forest
0_MFCC_4,35,0.1601105931619803,Random Forest
0_Spectral positive turning points,36,0.096744422223807,Random Forest
0_Negative turning points,37,0.0579006640860034,Random Forest
0_Spectral roll-on,38,0.0435151669258872,Random Forest
0_Power bandwidth,39,0.0424318717916806,Random Forest
0_Median absolute diff,40,0.032706282487822,Random Forest
0_Neighbourhood peaks,41,0.0210145845937232,Random Forest
0_Median diff,42,0.0,Random Forest
0_Maximum frequency,1,154972908.60315228,Bayesian Ridge
0_Median frequency,2,4049111.098229948,Bayesian Ridge
0_Spectral roll-on,3,1502067.3327882849,Bayesian Ridge
0_Power bandwidth,4,1130249.2383765148,Bayesian Ridge
0_Fundamental frequency,5,822229.3499661688,Bayesian Ridge
0_MFCC_11,6,2151.6872772658285,Bayesian Ridge
0_MFCC_4,7,1476.9577500924938,Bayesian Ridge
0_MFCC_9,8,1186.0232707407345,Bayesian Ridge
0_MFCC_5,9,885.7765952743623,Bayesian Ridge
0_MFCC_8,10,456.5384437496056,Bayesian Ridge
0_MFCC_0,11,289.1371334358538,Bayesian Ridge
0_Absolute energy,12,154.6380959275755,Bayesian Ridge
0_MFCC_10,13,57.81046794960093,Bayesian Ridge
0_Spectral decrease,14,8.600244556400597,Bayesian Ridge
0_Autocorrelation,15,6.985618579767981,Bayesian Ridge
0_Peak to peak distance,16,6.251713813947621,Bayesian Ridge
0_Spectral positive turning points,17,4.771918745324543,Bayesian Ridge
0_ECDF Percentile_0,18,3.7577183343893217,Bayesian Ridge
0_ECDF Percentile_1,19,3.1132143359482387,Bayesian Ridge
0_Max,20,1.984476708209706,Bayesian Ridge
0_Mean,21,1.4090710390579415,Bayesian Ridge
0_Median,22,1.1929772092634718,Bayesian Ridge
0_Zero crossing rate,23,1.1443784372467056,Bayesian Ridge
0_Interquartile range,24,0.5943822081270231,Bayesian Ridge
0_Spectral variation,25,0.1885273823192585,Bayesian Ridge
0_Wavelet absolute mean_27777777.78Hz,26,0.17931684462351,Bayesian Ridge
0_Histogram mode,27,0.1696216095914292,Bayesian Ridge
0_Spectral entropy,28,0.1691918067466139,Bayesian Ridge
0_Neighbourhood peaks,29,0.1669436420522083,Bayesian Ridge
0_Negative turning points,30,0.1122116290930233,Bayesian Ridge
0_LPCC_0,31,0.1014484547285656,Bayesian Ridge
0_LPCC_1,32,0.0796741037150576,Bayesian Ridge
0_Entropy,33,0.0664515662531071,Bayesian Ridge
0_Wavelet entropy,34,0.0460991010068681,Bayesian Ridge
0_Wavelet energy_125000000.0Hz,35,0.0275908352055906,Bayesian Ridge
0_Mean diff,36,0.0110580132425062,Bayesian Ridge
0_LPCC_5,37,0.0088911776984146,Bayesian Ridge
0_Wavelet absolute mean_125000000.0Hz,38,0.0079118837701494,Bayesian Ridge
0_Slope,39,0.0077558178137955,Bayesian Ridge
0_LPCC_6,40,0.0076426235745014,Bayesian Ridge
0_Median absolute diff,41,0.0003515449474871,Bayesian Ridge
0_Median diff,42,0.0,Bayesian Ridge
0_Peak to peak distance,1,30.254959649942137,XGBoost
0_Spectral entropy,2,18.207156112907143,XGBoost
0_Autocorrelation,3,12.295221649828184,XGBoost
0_Interquartile range,4,5.020611202032988,XGBoost
0_Spectral variation,5,4.135701317270536,XGBoost
0_Absolute energy,6,3.434351777055176,XGBoost
0_Entropy,7,2.1930147426414304,XGBoost
0_Mean diff,8,1.3375221575219185,XGBoost
0_LPCC_0,9,1.2003910454517932,XGBoost
0_Slope,10,1.1528164822874594,XGBoost
0_Fundamental frequency,11,1.0830370898450417,XGBoost
0_MFCC_9,12,0.9969389021799278,XGBoost
0_Histogram mode,13,0.8955160907932868,XGBoost
0_MFCC_0,14,0.7880958036955446,XGBoost
0_Max,15,0.752732606030566,XGBoost
0_Wavelet energy_125000000.0Hz,16,0.649078073646625,XGBoost
0_Wavelet absolute mean_125000000.0Hz,17,0.6246464326242607,XGBoost
0_MFCC_11,18,0.6116834834250312,XGBoost
0_MFCC_8,19,0.5600851912548145,XGBoost
0_Spectral positive turning points,20,0.5449381171243265,XGBoost
0_LPCC_6,21,0.5444809624411476,XGBoost
0_Wavelet entropy,22,0.4440150506812458,XGBoost
0_ECDF Percentile_0,23,0.411240292639782,XGBoost
0_MFCC_10,24,0.4104756176683431,XGBoost
0_MFCC_5,25,0.322701850648783,XGBoost
0_LPCC_1,26,0.2770642008679297,XGBoost
0_LPCC_5,27,0.2300453220185513,XGBoost
0_Spectral decrease,28,0.2214469848660752,XGBoost
0_Median absolute diff,29,0.217290737004578,XGBoost
0_ECDF Percentile_1,30,0.2072526664252704,XGBoost
0_Wavelet absolute mean_27777777.78Hz,31,0.1985388181714961,XGBoost
0_Mean,32,0.172603939889806,XGBoost
0_MFCC_4,33,0.1652898735825593,XGBoost
0_Neighbourhood peaks,34,0.1613125968974083,XGBoost
0_Maximum frequency,35,0.1544185397550463,XGBoost
0_Median,36,0.1193784054055809,XGBoost
0_Median frequency,37,0.0752462615035474,XGBoost
0_Zero crossing rate,38,0.0396155501226584,XGBoost
0_Negative turning points,39,0.0389052610814881,XGBoost
0_Median diff,40,0.0,XGBoost
0_Power bandwidth,41,0.0,XGBoost
0_Spectral roll-on,42,0.0,XGBoost
0_ECDF Percentile_0,1,11.356941072368842,SVR
0_Peak to peak distance,2,11.02826849705616,SVR
0_Median,3,9.360736887119046,SVR
0_Spectral entropy,4,9.304632446607544,SVR
0_Spectral variation,5,9.009152128660205,SVR
0_LPCC_0,6,8.708742929237713,SVR
0_Spectral decrease,7,8.30954850526647,SVR
0_Interquartile range,8,8.087209829971322,SVR
0_Absolute energy,9,7.373023636781967,SVR
0_Wavelet absolute mean_27777777.78Hz,10,7.333702315013241,SVR
0_Mean diff,11,7.209305984382774,SVR
0_Max,12,4.141487728678229,SVR
0_Wavelet absolute mean_125000000.0Hz,13,4.067077091148874,SVR
0_Slope,14,3.573479947828551,SVR
0_MFCC_11,15,2.6522738002484867,SVR
0_MFCC_5,16,1.542599373256894,SVR
0_Autocorrelation,17,1.2834731290392645,SVR
0_Mean,18,1.1837098443355702,SVR
0_Wavelet energy_125000000.0Hz,19,0.7128716019843802,SVR
0_MFCC_9,20,0.6303138440275481,SVR
0_Wavelet entropy,21,0.6024733967247395,SVR
0_ECDF Percentile_1,22,0.1817421726913781,SVR
0_MFCC_10,23,0.1681751558258588,SVR
0_LPCC_5,24,0.1451648381280742,SVR
0_MFCC_0,25,0.067159884503074,SVR
0_Spectral roll-on,26,0.0521993339537755,SVR
0_Entropy,27,0.0281039094606282,SVR
0_Maximum frequency,28,0.0198837984645854,SVR
0_Fundamental frequency,29,0.0,SVR
0_Histogram mode,30,0.0,SVR
0_LPCC_1,31,0.0,SVR
0_LPCC_6,32,0.0,SVR
0_MFCC_4,33,0.0,SVR
0_MFCC_8,34,0.0,SVR
0_Median diff,35,0.0,SVR
0_Median absolute diff,36,0.0,SVR
0_Negative turning points,37,0.0,SVR
0_Neighbourhood peaks,38,0.0,SVR
0_Power bandwidth,39,0.0,SVR
0_Median frequency,40,0.0,SVR
0_Spectral positive turning points,41,0.0,SVR
0_Zero crossing rate,42,0.0,SVR
0_Peak to peak distance,1,15.463221968672734,Random Forest
0_Spectral entropy,2,7.632850626874036,Random Forest
0_Autocorrelation,3,7.209352870534393,Random Forest
0_Absolute energy,4,6.257052999745852,Random Forest
0_Spectral variation,5,5.472748887305242,Random Forest
0_Interquartile range,6,4.769456274815027,Random Forest
0_Wavelet energy_125000000.0Hz,7,4.112380762649203,Random Forest
0_Entropy,8,3.993685483176277,Random Forest
0_ECDF Percentile_0,9,3.045726405662796,Random Forest
0_MFCC_11,10,2.2980195426538126,Random Forest
0_Wavelet absolute mean_125000000.0Hz,11,2.296689078592882,Random Forest
0_Histogram mode,12,2.0081790015064187,Random Forest
0_LPCC_0,13,1.6243544060200457,Random Forest
0_Wavelet absolute mean_27777777.78Hz,14,1.347991468117479,Random Forest
0_MFCC_8,15,1.0644119339185456,Random Forest
0_Slope,16,1.045679591690314,Random Forest
0_Mean diff,17,1.015956277246525,Random Forest
0_MFCC_9,18,0.971794900663414,Random Forest
0_MFCC_0,19,0.9434299125539448,Random Forest
0_ECDF Percentile_1,20,0.8596072522711783,Random Forest
0_Fundamental frequency,21,0.6278443835555266,Random Forest
0_Median frequency,22,0.5756265150291845,Random Forest
0_MFCC_10,23,0.5547809703108854,Random Forest
0_Wavelet entropy,24,0.4859613522143412,Random Forest
0_MFCC_5,25,0.4797268126238913,Random Forest
0_Spectral decrease,26,0.4397519989850309,Random Forest
0_Maximum frequency,27,0.4199343368537414,Random Forest
0_Max,28,0.3737547708540999,Random Forest
0_Median,29,0.356098537980835,Random Forest
0_Mean,30,0.293905086009639,Random Forest
0_LPCC_5,31,0.2374374004928085,Random Forest
0_Zero crossing rate,32,0.2374105383626496,Random Forest
0_LPCC_6,33,0.2355017055709225,Random Forest
0_LPCC_1,34,0.2021899163036529,Random Forest
0_MFCC_4,35,0.1221808068958033,Random Forest
0_Spectral positive turning points,36,0.1116674051807805,Random Forest
0_Power bandwidth,37,0.0512344296852747,Random Forest
0_Negative turning points,38,0.0455392808965717,Random Forest
0_Median absolute diff,39,0.0331017876079927,Random Forest
0_Spectral roll-on,40,0.0250076811674671,Random Forest
0_Neighbourhood peaks,41,0.0069936555792577,Random Forest
0_Median diff,42,0.0,Random Forest
0_Maximum frequency,1,320442790.73918825,Bayesian Ridge
0_Median frequency,2,3534751.043979058,Bayesian Ridge
0_Fundamental frequency,3,1346946.3331896227,Bayesian Ridge
0_Power bandwidth,4,1286255.0115868505,Bayesian Ridge
0_Spectral roll-on,5,705337.1647117223,Bayesian Ridge
0_MFCC_4,6,1323.2881668211942,Bayesian Ridge
0_MFCC_9,7,1284.1422739101486,Bayesian Ridge
0_MFCC_11,8,1223.1006184624982,Bayesian Ridge
0_MFCC_5,9,1080.8598853475924,Bayesian Ridge
0_MFCC_8,10,484.8807127179724,Bayesian Ridge
0_MFCC_10,11,270.73976331211344,Bayesian Ridge
0_MFCC_0,12,215.54032320043493,Bayesian Ridge
0_Absolute energy,13,120.20926192792142,Bayesian Ridge
0_Autocorrelation,14,7.878707610891882,Bayesian Ridge
0_Peak to peak distance,15,7.399556192932394,Bayesian Ridge
0_Spectral positive turning points,16,4.9777542854400485,Bayesian Ridge
0_Spectral decrease,17,4.7262393551438295,Bayesian Ridge
0_ECDF Percentile_0,18,3.771240165630112,Bayesian Ridge
0_ECDF Percentile_1,19,3.4913465759475253,Bayesian Ridge
0_Max,20,2.189818155283887,Bayesian Ridge
0_Mean,21,1.6096475096258942,Bayesian Ridge
0_Zero crossing rate,22,1.3528803266032774,Bayesian Ridge
0_Median,23,1.0554691582182705,Bayesian Ridge
0_Interquartile range,24,0.5523927939037856,Bayesian Ridge
0_Spectral variation,25,0.2523881399397557,Bayesian Ridge
0_Negative turning points,26,0.2186191963329227,Bayesian Ridge
0_Wavelet absolute mean_27777777.78Hz,27,0.1883921254379582,Bayesian Ridge
0_LPCC_1,28,0.1827609463121788,Bayesian Ridge
0_Spectral entropy,29,0.1489793512104916,Bayesian Ridge
0_Entropy,30,0.1242140174127786,Bayesian Ridge
0_Histogram mode,31,0.0795784309758852,Bayesian Ridge
0_Wavelet energy_125000000.0Hz,32,0.0585439670856525,Bayesian Ridge
0_LPCC_5,33,0.0541675057169547,Bayesian Ridge
0_LPCC_0,34,0.0426035606798125,Bayesian Ridge
0_Wavelet entropy,35,0.0313258379161871,Bayesian Ridge
0_LPCC_6,36,0.0268026865555265,Bayesian Ridge
0_Wavelet absolute mean_125000000.0Hz,37,0.0160005107776898,Bayesian Ridge
0_Neighbourhood peaks,38,0.0125086582413845,Bayesian Ridge
0_Slope,39,0.0094764705499506,Bayesian Ridge
0_Mean diff,40,0.0068351199399575,Bayesian Ridge
0_Median absolute diff,41,0.0003757072348066,Bayesian Ridge
0_Median diff,42,0.0,Bayesian Ridge
0_Peak to peak distance,1,37.27713586496853,XGBoost
0_Spectral entropy,2,19.761557136307346,XGBoost
0_Autocorrelation,3,13.535812543202937,XGBoost
0_Interquartile range,4,5.255980218775258,XGBoost
0_Spectral variation,5,2.923340424898143,XGBoost
0_Mean diff,6,1.9708395853068683,XGBoost
0_Entropy,7,1.8324415263787848,XGBoost
0_Max,8,1.2449876538610705,XGBoost
0_Histogram mode,9,1.2133324256597395,XGBoost
0_Wavelet absolute mean_125000000.0Hz,10,1.2060173586566003,XGBoost
0_MFCC_9,11,0.9183982128233336,XGBoost
0_Absolute energy,12,0.8685155686580267,XGBoost
0_MFCC_11,13,0.787616726469,XGBoost
0_LPCC_0,14,0.7802168032482266,XGBoost
0_MFCC_0,15,0.701090180878962,XGBoost
0_Wavelet entropy,16,0.6550225425767247,XGBoost
0_MFCC_10,17,0.6346798206713673,XGBoost
0_Fundamental frequency,18,0.6344643281757836,XGBoost
0_ECDF Percentile_0,19,0.576553325453897,XGBoost
0_LPCC_6,20,0.5695166588985672,XGBoost
0_Spectral positive turning points,21,0.5400266459486758,XGBoost
0_MFCC_5,22,0.5197393797363157,XGBoost
0_Wavelet energy_125000000.0Hz,23,0.4781453835704675,XGBoost
0_MFCC_4,24,0.4372119679171594,XGBoost
0_Median,25,0.3954741470165551,XGBoost
0_MFCC_8,26,0.390147760005047,XGBoost
0_LPCC_1,27,0.3598807866303251,XGBoost
0_LPCC_5,28,0.3584239731825887,XGBoost
0_Wavelet absolute mean_27777777.78Hz,29,0.354758939497297,XGBoost
0_ECDF Percentile_1,30,0.2784302764306466,XGBoost
0_Slope,31,0.2757072240389883,XGBoost
0_Maximum frequency,32,0.2573618795384032,XGBoost
0_Median absolute diff,33,0.2419159835716087,XGBoost
0_Spectral decrease,34,0.1619796141222119,XGBoost
0_Mean,35,0.1366177077220132,XGBoost
0_Median frequency,36,0.0374159461736678,XGBoost
0_Negative turning points,37,0.0190417818129062,XGBoost
0_Neighbourhood peaks,38,0.0183449644545714,XGBoost
0_Median diff,39,0.0,XGBoost
0_Power bandwidth,40,0.0,XGBoost
0_Spectral roll-on,41,0.0,XGBoost
0_Zero crossing rate,42,0.0,XGBoost
0_ECDF Percentile_0,1,10.42212486035756,SVR
0_Peak to peak distance,2,10.362954725871674,SVR
0_Spectral entropy,3,8.383927426564142,SVR
0_Spectral variation,4,8.321625958236774,SVR
0_Spectral decrease,5,8.273005875905492,SVR
0_Interquartile range,6,8.049325202771549,SVR
0_Mean diff,7,7.712936138623495,SVR
0_Median,8,6.714737545249904,SVR
0_LPCC_0,9,6.442891757355747,SVR
0_Slope,10,6.00067376480397,SVR
0_Wavelet absolute mean_27777777.78Hz,11,5.964830858588056,SVR
0_Max,12,5.736799173855859,SVR
0_Absolute energy,13,5.426234060305453,SVR
0_Wavelet absolute mean_125000000.0Hz,14,4.413350633272035,SVR
0_MFCC_11,15,3.2383062450289986,SVR
0_Mean,16,1.999986419926346,SVR
0_Wavelet energy_125000000.0Hz,17,1.552854970403652,SVR
0_Autocorrelation,18,1.5267396873703047,SVR
0_MFCC_9,19,0.8651413577966224,SVR
0_MFCC_5,20,0.7644456982717794,SVR
0_Maximum frequency,21,0.7364199299753982,SVR
0_Wavelet entropy,22,0.3922098724391735,SVR
0_MFCC_10,23,0.3700106498611373,SVR
0_Median diff,24,0.2813778335953406,SVR
0_MFCC_4,25,0.2524941728354871,SVR
0_Spectral roll-on,26,0.069870411346744,SVR
0_Median absolute diff,27,0.0425905683241677,SVR
0_ECDF Percentile_1,28,0.0099572176291235,SVR
0_Entropy,29,0.0,SVR
0_Fundamental frequency,30,0.0,SVR
0_LPCC_1,31,0.0,SVR
0_Histogram mode,32,0.0,SVR
0_LPCC_5,33,0.0,SVR
0_MFCC_8,34,0.0,SVR
0_MFCC_0,35,0.0,SVR
0_LPCC_6,36,0.0,SVR
0_Negative turning points,37,0.0,SVR
0_Neighbourhood peaks,38,0.0,SVR
0_Power bandwidth,39,0.0,SVR
0_Median frequency,40,0.0,SVR
0_Spectral positive turning points,41,0.0,SVR
0_Zero crossing rate,42,0.0,SVR
0_Peak to peak distance,1,15.385080693077052,Random Forest
0_Spectral entropy,2,8.907512412927112,Random Forest
0_Absolute energy,3,6.408782849442277,Random Forest
0_Entropy,4,5.393771832960751,Random Forest
0_Spectral variation,5,5.208711968965891,Random Forest
0_Autocorrelation,6,5.1519024296019245,Random Forest
0_Interquartile range,7,4.437400996227003,Random Forest
0_Histogram mode,8,3.1979332239399656,Random Forest
0_ECDF Percentile_0,9,2.9644943812082207,Random Forest
0_Wavelet energy_125000000.0Hz,10,2.6143964298896494,Random Forest
0_Wavelet absolute mean_125000000.0Hz,11,2.416218752372016,Random Forest
0_MFCC_11,12,2.391657755648405,Random Forest
0_Mean diff,13,1.4198183526267607,Random Forest
0_LPCC_0,14,1.414572893171509,Random Forest
0_MFCC_0,15,1.361866129723129,Random Forest
0_Fundamental frequency,16,1.3314068546327456,Random Forest
0_Slope,17,1.1946363872321943,Random Forest
0_ECDF Percentile_1,18,1.0830110732107427,Random Forest
0_Wavelet absolute mean_27777777.78Hz,19,1.0651846441409862,Random Forest
0_MFCC_5,20,0.7364659655785192,Random Forest
0_Wavelet entropy,21,0.6664417452375094,Random Forest
0_MFCC_9,22,0.640899086373051,Random Forest
0_MFCC_10,23,0.5817098477995023,Random Forest
0_Median frequency,24,0.5612415246078122,Random Forest
0_Max,25,0.4601619865225627,Random Forest
0_MFCC_8,26,0.4306474229721971,Random Forest
0_Median,27,0.3701032308695215,Random Forest
0_Spectral decrease,28,0.3412522198437404,Random Forest
0_LPCC_6,29,0.3376781512809917,Random Forest
0_LPCC_5,30,0.337183188807778,Random Forest
0_Maximum frequency,31,0.2990086096473658,Random Forest
0_LPCC_1,32,0.2970420435616747,Random Forest
0_Mean,33,0.2755750146259242,Random Forest
0_Zero crossing rate,34,0.1672787709914147,Random Forest
0_Spectral positive turning points,35,0.1274971295455471,Random Forest
0_MFCC_4,36,0.1271953835635755,Random Forest
0_Median absolute diff,37,0.0676227978274226,Random Forest
0_Negative turning points,38,0.0131476191990077,Random Forest
0_Power bandwidth,39,0.0116028035163879,Random Forest
0_Neighbourhood peaks,40,0.0031923646859824,Random Forest
0_Spectral roll-on,41,0.0010020895729462,Random Forest
0_Median diff,42,0.0,Random Forest
0_Maximum frequency,1,64380983.77011365,Bayesian Ridge
0_Fundamental frequency,2,3968763.355653537,Bayesian Ridge
0_Median frequency,3,3574461.5050920653,Bayesian Ridge
0_Spectral roll-on,4,1354587.061751766,Bayesian Ridge
0_Power bandwidth,5,993716.7870142884,Bayesian Ridge
0_MFCC_11,6,1698.027261794084,Bayesian Ridge
0_MFCC_4,7,1675.6107066571533,Bayesian Ridge
0_MFCC_9,8,1197.0128720604405,Bayesian Ridge
0_MFCC_5,9,1144.3905105468446,Bayesian Ridge
0_MFCC_8,10,506.1859916166155,Bayesian Ridge
0_MFCC_0,11,294.9664154282991,Bayesian Ridge
0_MFCC_10,12,139.4250299739819,Bayesian Ridge
0_Absolute energy,13,112.08264824114724,Bayesian Ridge
0_Peak to peak distance,14,7.374335627022668,Bayesian Ridge
0_Spectral decrease,15,6.229434813035211,Bayesian Ridge
0_Autocorrelation,16,5.786245396492011,Bayesian Ridge
0_ECDF Percentile_0,17,4.062540545560355,Bayesian Ridge
0_ECDF Percentile_1,18,2.501981365007401,Bayesian Ridge
0_Spectral positive turning points,19,2.4733993978808453,Bayesian Ridge
0_Mean,20,2.200518082803377,Bayesian Ridge
0_Max,21,2.1466370103641514,Bayesian Ridge
0_Interquartile range,22,1.0050586550194185,Bayesian Ridge
0_Median,23,0.8914226774553972,Bayesian Ridge
0_Zero crossing rate,24,0.790841302813084,Bayesian Ridge
0_Negative turning points,25,0.2697205187167438,Bayesian Ridge
0_Wavelet absolute mean_27777777.78Hz,26,0.1585569145485097,Bayesian Ridge
0_Spectral entropy,27,0.1453151905360346,Bayesian Ridge
0_Spectral variation,28,0.1286171806287127,Bayesian Ridge
0_Histogram mode,29,0.1011659080316531,Bayesian Ridge
0_Entropy,30,0.0979567241359587,Bayesian Ridge
0_LPCC_0,31,0.0975802084544795,Bayesian Ridge
0_LPCC_1,32,0.0848446860363985,Bayesian Ridge
0_Neighbourhood peaks,33,0.0760433635879984,Bayesian Ridge
0_LPCC_5,34,0.0411209040079986,Bayesian Ridge
0_Wavelet energy_125000000.0Hz,35,0.0357280025944415,Bayesian Ridge
0_Wavelet entropy,36,0.0323972256827889,Bayesian Ridge
0_LPCC_6,37,0.0170231917569224,Bayesian Ridge
0_Slope,38,0.010337074656511,Bayesian Ridge
0_Wavelet absolute mean_125000000.0Hz,39,0.0089839803423569,Bayesian Ridge
0_Mean diff,40,0.0075706401941085,Bayesian Ridge
0_Median diff,41,0.0003881008807713,Bayesian Ridge
0_Median absolute diff,42,0.0002195699991078,Bayesian Ridge
0_Peak to peak distance,1,37.77894231318288,XGBoost
0_Spectral entropy,2,18.9409904040598,XGBoost
0_Autocorrelation,3,6.528104380968461,XGBoost
0_Interquartile range,4,4.318849798053876,XGBoost
0_Mean diff,5,3.669652512939896,XGBoost
0_Absolute energy,6,2.950609696031237,XGBoost
0_Spectral variation,7,2.921196466174412,XGBoost
0_Entropy,8,1.603175143072878,XGBoost
0_Fundamental frequency,9,1.5101244172862416,XGBoost
0_Wavelet absolute mean_125000000.0Hz,10,1.3574467955308034,XGBoost
0_Slope,11,1.256208602184802,XGBoost
0_LPCC_0,12,1.2381890756858829,XGBoost
0_Histogram mode,13,1.115292511784161,XGBoost
0_Wavelet energy_125000000.0Hz,14,0.9681008237697182,XGBoost
0_MFCC_11,15,0.8669172407283138,XGBoost
0_Max,16,0.7751151555431386,XGBoost
0_Wavelet entropy,17,0.7291391897618459,XGBoost
0_MFCC_10,18,0.7024673555397891,XGBoost
0_MFCC_8,19,0.6515291508117067,XGBoost
0_Spectral positive turning points,20,0.6065669153794644,XGBoost
0_MFCC_9,21,0.5953738712372261,XGBoost
0_MFCC_0,22,0.5333475053790024,XGBoost
0_Mean,23,0.4801926943258381,XGBoost
0_LPCC_1,24,0.4533490551371749,XGBoost
0_Median,25,0.3668418378150713,XGBoost
0_LPCC_6,26,0.3615026225697249,XGBoost
0_MFCC_5,27,0.3221750557227061,XGBoost
0_Maximum frequency,28,0.2997603751247128,XGBoost
0_ECDF Percentile_1,29,0.2972601611163467,XGBoost
0_LPCC_5,30,0.2794864124254012,XGBoost
0_MFCC_4,31,0.2724971242687976,XGBoost
0_Wavelet absolute mean_27777777.78Hz,32,0.2639051657995829,XGBoost
0_ECDF Percentile_0,33,0.2579341519235633,XGBoost
0_Spectral decrease,34,0.2071317566366245,XGBoost
0_Negative turning points,35,0.1888631285535172,XGBoost
0_Median absolute diff,36,0.1364639447617033,XGBoost
0_Zero crossing rate,37,0.0666693197285135,XGBoost
0_Neighbourhood peaks,38,0.0540737659912556,XGBoost
0_Median diff,39,0.0147539682249228,XGBoost
0_Median frequency,40,0.0,XGBoost
0_Power bandwidth,41,0.0,XGBoost
0_Spectral roll-on,42,0.0,XGBoost
0_Peak to peak distance,1,14.08912949731064,SVR
0_Spectral entropy,2,11.23978569224644,SVR
0_Interquartile range,3,9.12282018036058,SVR
0_ECDF Percentile_0,4,8.314660176560336,SVR
0_Mean diff,5,7.840092669699548,SVR
0_Spectral decrease,6,7.749847782122236,SVR
0_Spectral variation,7,7.294918935268045,SVR
0_Max,8,6.86425606711774,SVR
0_Median,9,6.726688731563868,SVR
0_LPCC_0,10,6.620596552806249,SVR
0_Absolute energy,11,6.507745228767737,SVR
0_Wavelet absolute mean_27777777.78Hz,12,6.1798737888678605,SVR
0_Wavelet absolute mean_125000000.0Hz,13,3.892953593961882,SVR
0_Slope,14,3.8741988819311497,SVR
0_MFCC_11,15,3.3009922926346347,SVR
0_Autocorrelation,16,2.0690230678071835,SVR
0_Mean,17,1.711160830938932,SVR
0_MFCC_5,18,1.409947115052931,SVR
0_Maximum frequency,19,0.6365548416620009,SVR
0_Wavelet entropy,20,0.4697537118708993,SVR
0_MFCC_0,21,0.318608330968272,SVR
0_MFCC_4,22,0.306460092908512,SVR
0_Wavelet energy_125000000.0Hz,23,0.2941147609827072,SVR
0_MFCC_9,24,0.2807859250835335,SVR
0_Histogram mode,25,0.1571369491862785,SVR
0_Median absolute diff,26,0.13125318530087,SVR
0_Median diff,27,0.1170954406410332,SVR
0_LPCC_1,28,0.0665632250860297,SVR
0_MFCC_8,29,0.0264258640661689,SVR
0_Fundamental frequency,30,0.0147431953439194,SVR
0_Negative turning points,31,0.0136350941191276,SVR
0_Entropy,32,0.0,SVR
0_ECDF Percentile_1,33,0.0,SVR
0_LPCC_6,34,0.0,SVR
0_LPCC_5,35,0.0,SVR
0_MFCC_10,36,0.0,SVR
0_Median frequency,37,0.0,SVR
0_Neighbourhood peaks,38,0.0,SVR
0_Power bandwidth,39,0.0,SVR
0_Spectral roll-on,40,0.0,SVR
0_Spectral positive turning points,41,0.0,SVR
0_Zero crossing rate,42,0.0,SVR
0_Peak to peak distance,1,15.387812753220793,Random Forest
0_Spectral entropy,2,7.9677653504003105,Random Forest
0_Absolute energy,3,6.9540476681761145,Random Forest
0_Spectral variation,4,5.690116030743988,Random Forest
0_Interquartile range,5,5.253152396902119,Random Forest
0_Entropy,6,4.6250827626601625,Random Forest
0_Autocorrelation,7,4.606357382019722,Random Forest
0_Wavelet energy_125000000.0Hz,8,3.9337851602738656,Random Forest
0_ECDF Percentile_0,9,3.4039583338922905,Random Forest
0_Wavelet absolute mean_125000000.0Hz,10,2.168622082772645,Random Forest
0_Histogram mode,11,2.0171122259941567,Random Forest
0_MFCC_11,12,2.011538450173343,Random Forest
0_LPCC_0,13,1.2894177650534937,Random Forest
0_Mean diff,14,1.194342080050916,Random Forest
0_Slope,15,1.170262731743569,Random Forest
0_Wavelet absolute mean_27777777.78Hz,16,1.100859381049773,Random Forest
0_MFCC_0,17,0.9263204703934762,Random Forest
0_ECDF Percentile_1,18,0.8693041038676395,Random Forest
0_Fundamental frequency,19,0.8133670812119264,Random Forest
0_MFCC_9,20,0.6740506052578956,Random Forest
0_Median frequency,21,0.667488532441544,Random Forest
0_Wavelet entropy,22,0.5692306636867774,Random Forest
0_Max,23,0.5520745943238958,Random Forest
0_MFCC_8,24,0.5134010770882946,Random Forest
0_MFCC_10,25,0.4582025497932142,Random Forest
0_Spectral decrease,26,0.4518563817189346,Random Forest
0_Median,27,0.4108259409794506,Random Forest
0_Zero crossing rate,28,0.3826856919874671,Random Forest
0_Maximum frequency,29,0.3547840319489596,Random Forest
0_MFCC_5,30,0.3539398824291148,Random Forest
0_LPCC_6,31,0.2929423134001903,Random Forest
0_LPCC_5,32,0.2621870301245441,Random Forest
0_MFCC_4,33,0.2431660311115439,Random Forest
0_Mean,34,0.1963863702232716,Random Forest
0_LPCC_1,35,0.1714648983616227,Random Forest
0_Median absolute diff,36,0.1170358113280186,Random Forest
0_Spectral positive turning points,37,0.0624117510838705,Random Forest
0_Negative turning points,38,0.0229153465723929,Random Forest
0_Power bandwidth,39,0.021250118736426,Random Forest
0_Spectral roll-on,40,0.0082820834771419,Random Forest
0_Neighbourhood peaks,41,0.0032985822817931,Random Forest
0_Median diff,42,0.0,Random Forest
0_Maximum frequency,1,215563618.1031004,Bayesian Ridge
0_Median frequency,2,3080626.93748826,Bayesian Ridge
0_Spectral roll-on,3,1381445.221565144,Bayesian Ridge
0_Fundamental frequency,4,620252.4389918284,Bayesian Ridge
0_Power bandwidth,5,520799.64842528285,Bayesian Ridge
0_MFCC_4,6,1716.2502157971874,Bayesian Ridge
0_MFCC_11,7,1674.7447544673068,Bayesian Ridge
0_MFCC_9,8,1122.1251778050394,Bayesian Ridge
0_MFCC_5,9,1111.7051596008776,Bayesian Ridge
0_MFCC_0,10,338.9199865730025,Bayesian Ridge
0_Absolute energy,11,204.7974047787553,Bayesian Ridge
0_MFCC_10,12,197.0956339998376,Bayesian Ridge
0_MFCC_8,13,188.3890392130536,Bayesian Ridge
0_Peak to peak distance,14,7.762566427757488,Bayesian Ridge
0_Spectral decrease,15,6.831174087388203,Bayesian Ridge
0_Autocorrelation,16,5.662463879155456,Bayesian Ridge
0_ECDF Percentile_0,17,3.791017583528965,Bayesian Ridge
0_ECDF Percentile_1,18,3.4009859762752583,Bayesian Ridge
0_Spectral positive turning points,19,2.3458763435273835,Bayesian Ridge
0_Max,20,2.1117080988256167,Bayesian Ridge
0_Mean,21,1.222956601222558,Bayesian Ridge
0_Median,22,1.2046298959136308,Bayesian Ridge
0_Zero crossing rate,23,0.8587655912782459,Bayesian Ridge
0_Interquartile range,24,0.6430028776002378,Bayesian Ridge
0_Histogram mode,25,0.2447428258940469,Bayesian Ridge
0_Spectral entropy,26,0.1921613869928505,Bayesian Ridge
0_Wavelet absolute mean_27777777.78Hz,27,0.1861034521507423,Bayesian Ridge
0_Neighbourhood peaks,28,0.1425557348346178,Bayesian Ridge
0_Spectral variation,29,0.1165095206625266,Bayesian Ridge
0_Entropy,30,0.0851907195649186,Bayesian Ridge
0_LPCC_0,31,0.0680181282139967,Bayesian Ridge
0_LPCC_1,32,0.065719852092548,Bayesian Ridge
0_Negative turning points,33,0.0554170887521566,Bayesian Ridge
0_Wavelet entropy,34,0.0465589557614879,Bayesian Ridge
0_Wavelet energy_125000000.0Hz,35,0.0270453135226533,Bayesian Ridge
0_LPCC_5,36,0.0234554047608777,Bayesian Ridge
0_Mean diff,37,0.0125412309870407,Bayesian Ridge
0_Slope,38,0.0103686813291845,Bayesian Ridge
0_LPCC_6,39,0.0101957243185558,Bayesian Ridge
0_Wavelet absolute mean_125000000.0Hz,40,0.0075343659283997,Bayesian Ridge
0_Median absolute diff,41,0.001935631866921,Bayesian Ridge
0_Median diff,42,0.0001906991148207,Bayesian Ridge
0_Peak to peak distance,1,33.656189501213035,XGBoost
0_Spectral entropy,2,19.062262265914864,XGBoost
0_Autocorrelation,3,12.168139129594213,XGBoost
0_Interquartile range,4,3.9705047621422143,XGBoost
0_Spectral variation,5,2.8373461872841546,XGBoost
0_Absolute energy,6,2.717360482122191,XGBoost
0_Mean diff,7,2.5402891487537884,XGBoost
0_Entropy,8,1.91546849782616,XGBoost
0_Slope,9,1.36670347692507,XGBoost
0_Histogram mode,10,1.2059497903178136,XGBoost
0_Wavelet absolute mean_125000000.0Hz,11,0.8618017888888094,XGBoost
0_MFCC_10,12,0.8340783193003388,XGBoost
0_MFCC_9,13,0.72205032416073,XGBoost
0_LPCC_0,14,0.6979805742415913,XGBoost
0_Max,15,0.6707989323976139,XGBoost
0_MFCC_11,16,0.6123762720675827,XGBoost
0_Fundamental frequency,17,0.605135738240679,XGBoost
0_Wavelet energy_125000000.0Hz,18,0.6050894377500753,XGBoost
0_LPCC_6,19,0.5501394565009823,XGBoost
0_MFCC_4,20,0.4604354090673227,XGBoost
0_MFCC_0,21,0.4360244239013642,XGBoost
0_LPCC_1,22,0.4045253672810892,XGBoost
0_LPCC_5,23,0.2976887850530911,XGBoost
0_MFCC_8,24,0.2283034732412547,XGBoost
0_ECDF Percentile_0,25,0.2231647949979951,XGBoost
0_MFCC_5,26,0.1986511242817466,XGBoost
0_Wavelet entropy,27,0.1964931294654806,XGBoost
0_Median frequency,28,0.1618107808232308,XGBoost
0_Median absolute diff,29,0.1534238295691708,XGBoost
0_ECDF Percentile_1,30,0.141436867385668,XGBoost
0_Median,31,0.1388966364886611,XGBoost
0_Wavelet absolute mean_27777777.78Hz,32,0.1281947938277076,XGBoost
0_Spectral positive turning points,33,0.1212584702349578,XGBoost
0_Spectral decrease,34,0.0985309637648363,XGBoost
0_Mean,35,0.0872614761014779,XGBoost
0_Maximum frequency,36,0.0849571809499835,XGBoost
0_Negative turning points,37,0.0586241699336717,XGBoost
0_Zero crossing rate,38,0.0523645855019489,XGBoost
0_Neighbourhood peaks,39,0.0234508565907677,XGBoost
0_Power bandwidth,40,0.0053355354785919,XGBoost
0_Median diff,41,0.0,XGBoost
0_Spectral roll-on,42,0.0,XGBoost
0_Spectral entropy,1,10.352709182778852,SVR
0_Mean diff,2,10.067340172159591,SVR
0_Peak to peak distance,3,9.867210740347868,SVR
0_Interquartile range,4,9.4161062755864,SVR
0_Spectral decrease,5,9.348872179743124,SVR
0_ECDF Percentile_0,6,9.33063108501009,SVR
0_Spectral variation,7,8.400551095638676,SVR
0_Absolute energy,8,8.234684537714001,SVR
0_LPCC_0,9,7.909455913799998,SVR
0_Median,10,7.688139830780387,SVR
0_Wavelet absolute mean_27777777.78Hz,11,7.5406591979861775,SVR
0_Max,12,5.012719646620477,SVR
0_Slope,13,3.7520464433314458,SVR
0_MFCC_11,14,3.69026057856096,SVR
0_Wavelet absolute mean_125000000.0Hz,15,3.3206163956197776,SVR
0_Autocorrelation,16,1.8829812588110275,SVR
0_MFCC_5,17,1.681329677564147,SVR
0_Mean,18,0.7095379843849042,SVR
0_MFCC_9,19,0.6571298675693084,SVR
0_Wavelet energy_125000000.0Hz,20,0.477354040903388,SVR
0_Wavelet entropy,21,0.4109976641676853,SVR
0_MFCC_10,22,0.3126751549916923,SVR
0_MFCC_0,23,0.2953966815656176,SVR
0_Negative turning points,24,0.1572001319154833,SVR
0_Maximum frequency,25,0.1415643372723233,SVR
0_ECDF Percentile_1,26,0.0496430492802803,SVR
0_LPCC_1,27,0.0,SVR
0_Histogram mode,28,0.0,SVR
0_Entropy,29,0.0,SVR
0_Fundamental frequency,30,0.0,SVR
0_LPCC_5,31,0.0,SVR
0_LPCC_6,32,0.0,SVR
0_MFCC_4,33,0.0,SVR
0_MFCC_8,34,0.0,SVR
0_Median diff,35,0.0,SVR
0_Median absolute diff,36,0.0,SVR
0_Median frequency,37,0.0,SVR
0_Neighbourhood peaks,38,0.0,SVR
0_Power bandwidth,39,0.0,SVR
0_Spectral roll-on,40,0.0,SVR
0_Spectral positive turning points,41,0.0,SVR
0_Zero crossing rate,42,0.0,SVR
0_Peak to peak distance,1,15.070847870311804,Random Forest
0_Spectral entropy,2,8.206947762311469,Random Forest
0_Absolute energy,3,7.053212185696915,Random Forest
0_Spectral variation,4,5.260098968339169,Random Forest
0_Autocorrelation,5,5.004083824141201,Random Forest
0_Entropy,6,4.628377853972745,Random Forest
0_Interquartile range,7,4.211710010038511,Random Forest
0_Histogram mode,8,2.7850471463573245,Random Forest
0_Wavelet energy_125000000.0Hz,9,2.716018471214781,Random Forest
0_Wavelet absolute mean_125000000.0Hz,10,2.7153086997999183,Random Forest
0_MFCC_11,11,2.4245722175351507,Random Forest
0_ECDF Percentile_0,12,2.2511330760176445,Random Forest
0_LPCC_0,13,1.2029847008274783,Random Forest
0_Wavelet absolute mean_27777777.78Hz,14,1.191731530681532,Random Forest
0_Fundamental frequency,15,1.1352623875423336,Random Forest
0_Slope,16,0.9934338298526668,Random Forest
0_Mean diff,17,0.80607156625113,Random Forest
0_ECDF Percentile_1,18,0.7833592710169028,Random Forest
0_Wavelet entropy,19,0.7184259938541953,Random Forest
0_MFCC_0,20,0.7067112817772199,Random Forest
0_MFCC_9,21,0.6505988371576962,Random Forest
0_MFCC_10,22,0.5378811233392451,Random Forest
0_MFCC_8,23,0.5197303764007363,Random Forest
0_Median,24,0.4755952980553265,Random Forest
0_MFCC_5,25,0.4259677244142629,Random Forest
0_LPCC_5,26,0.3724109247502948,Random Forest
0_Max,27,0.3515122989760868,Random Forest
0_Maximum frequency,28,0.3496004203382414,Random Forest
0_Spectral decrease,29,0.3270457729010301,Random Forest
0_Median frequency,30,0.2674391635811577,Random Forest
0_Zero crossing rate,31,0.2154577914571079,Random Forest
0_LPCC_6,32,0.2011031400860908,Random Forest
0_LPCC_1,33,0.1925184386053976,Random Forest
0_MFCC_4,34,0.1904093064766144,Random Forest
0_Mean,35,0.1699806625203307,Random Forest
0_Spectral positive turning points,36,0.0587292839440206,Random Forest
0_Median absolute diff,37,0.0328114180979629,Random Forest
0_Power bandwidth,38,0.0182780166355272,Random Forest
0_Spectral roll-on,39,0.0164640248284985,Random Forest
0_Negative turning points,40,0.0162292274142925,Random Forest
0_Neighbourhood peaks,41,0.0108127011901388,Random Forest
0_Median diff,42,0.0,Random Forest
0_Maximum frequency,1,172202647.00946608,Bayesian Ridge
0_Fundamental frequency,2,5847057.241635561,Bayesian Ridge
0_Median frequency,3,3003713.257345328,Bayesian Ridge
0_Power bandwidth,4,1694010.687742582,Bayesian Ridge
0_Spectral roll-on,5,989560.3483100795,Bayesian Ridge
0_MFCC_4,6,1559.101053801629,Bayesian Ridge
0_MFCC_11,7,1396.8806134469996,Bayesian Ridge
0_MFCC_9,8,1173.1123962535598,Bayesian Ridge
0_MFCC_5,9,1137.3945576783428,Bayesian Ridge
0_MFCC_8,10,387.1335319531703,Bayesian Ridge
0_MFCC_0,11,325.71525800547056,Bayesian Ridge
0_MFCC_10,12,140.71588702947253,Bayesian Ridge
0_Absolute energy,13,26.00043936832168,Bayesian Ridge
0_Autocorrelation,14,6.791525820396107,Bayesian Ridge
0_Peak to peak distance,15,6.673943741169742,Bayesian Ridge
0_Spectral positive turning points,16,4.584674427264274,Bayesian Ridge
0_Spectral decrease,17,4.514337997353636,Bayesian Ridge
0_ECDF Percentile_0,18,3.614216584193669,Bayesian Ridge
0_ECDF Percentile_1,19,2.574199296906974,Bayesian Ridge
0_Max,20,1.9540220431009845,Bayesian Ridge
0_Mean,21,1.7474207189737705,Bayesian Ridge
0_Zero crossing rate,22,1.0289256523505903,Bayesian Ridge
0_Interquartile range,23,0.9448276104961466,Bayesian Ridge
0_Median,24,0.892764439822491,Bayesian Ridge
0_Spectral variation,25,0.3068049345523961,Bayesian Ridge
0_Negative turning points,26,0.296806847588541,Bayesian Ridge
0_Wavelet absolute mean_27777777.78Hz,27,0.1647853981094551,Bayesian Ridge
0_Entropy,28,0.1312170000860768,Bayesian Ridge
0_Histogram mode,29,0.1055046307641906,Bayesian Ridge
0_Spectral entropy,30,0.1044388324807348,Bayesian Ridge
0_Wavelet energy_125000000.0Hz,31,0.0546985553048579,Bayesian Ridge
0_Wavelet entropy,32,0.054211332707314,Bayesian Ridge
0_Neighbourhood peaks,33,0.0532648490134938,Bayesian Ridge
0_LPCC_0,34,0.0503417076773477,Bayesian Ridge
0_LPCC_1,35,0.0362055527745157,Bayesian Ridge
0_LPCC_5,36,0.020153847985308,Bayesian Ridge
0_Mean diff,37,0.0156619527726696,Bayesian Ridge
0_LPCC_6,38,0.0125802613376268,Bayesian Ridge
0_Slope,39,0.0110434240174048,Bayesian Ridge
0_Wavelet absolute mean_125000000.0Hz,40,0.0076347226544482,Bayesian Ridge
0_Median absolute diff,41,0.0007798513212149,Bayesian Ridge
0_Median diff,42,0.0,Bayesian Ridge
0_Peak to peak distance,1,37.08898636026483,XGBoost
0_Spectral entropy,2,18.7276235918856,XGBoost
0_Autocorrelation,3,11.939810091159432,XGBoost
0_Interquartile range,4,3.3809896904687085,XGBoost
0_Entropy,5,2.3676725961585223,XGBoost
0_Spectral variation,6,1.781540516654774,XGBoost
0_Histogram mode,7,1.537927651676846,XGBoost
0_Max,8,1.5053347776994734,XGBoost
0_Fundamental frequency,9,0.9123115933823084,XGBoost
0_Mean diff,10,0.8656060188650774,XGBoost
0_LPCC_0,11,0.6989459776560467,XGBoost
0_MFCC_4,12,0.6909654681475831,XGBoost
0_Wavelet energy_125000000.0Hz,13,0.6662489669588083,XGBoost
0_MFCC_9,14,0.5386131704975696,XGBoost
0_MFCC_10,15,0.5213839296982932,XGBoost
0_Wavelet absolute mean_27777777.78Hz,16,0.5163719099317988,XGBoost
0_Slope,17,0.4130247339985646,XGBoost
0_MFCC_5,18,0.4125725475283031,XGBoost
0_Wavelet entropy,19,0.383137698342651,XGBoost
0_MFCC_11,20,0.3753047976887476,XGBoost
0_Absolute energy,21,0.33843249628176,XGBoost
0_MFCC_0,22,0.313080256869085,XGBoost
0_ECDF Percentile_0,23,0.2986101683222378,XGBoost
0_LPCC_1,24,0.2770011893177406,XGBoost
0_Maximum frequency,25,0.2648686083822201,XGBoost
0_LPCC_5,26,0.2615629267892799,XGBoost
0_Spectral positive turning points,27,0.2238018013263741,XGBoost
0_Negative turning points,28,0.2214806011036038,XGBoost
0_Mean,29,0.2107539661521713,XGBoost
0_Median,30,0.2039685181601593,XGBoost
0_MFCC_8,31,0.1707507141492018,XGBoost
0_LPCC_6,32,0.1368058757607204,XGBoost
0_Spectral decrease,33,0.1304956203109274,XGBoost
0_Wavelet absolute mean_125000000.0Hz,34,0.1297437345904609,XGBoost
0_ECDF Percentile_1,35,0.0877679454129189,XGBoost
0_Median absolute diff,36,0.0627990781545639,XGBoost
0_Neighbourhood peaks,37,0.0479448406608154,XGBoost
0_Zero crossing rate,38,0.0278052358190218,XGBoost
0_Median frequency,39,0.0171025407383839,XGBoost
0_Median diff,40,0.0,XGBoost
0_Power bandwidth,41,0.0,XGBoost
0_Spectral roll-on,42,0.0,XGBoost
0_Interquartile range,1,10.428910138132345,SVR
0_Median,2,10.140873828757016,SVR
0_Peak to peak distance,3,9.2081384119284,SVR
0_ECDF Percentile_0,4,8.942464822209775,SVR
0_Spectral entropy,5,8.896670082777263,SVR
0_Spectral variation,6,8.856146683701413,SVR
0_Spectral decrease,7,7.476454797628634,SVR
0_Mean diff,8,7.028979366890765,SVR
0_LPCC_0,9,6.815588681946961,SVR
0_Wavelet absolute mean_27777777.78Hz,10,6.215665506867995,SVR
0_Absolute energy,11,5.632683669255819,SVR
0_Slope,12,5.011323642732946,SVR
0_Wavelet absolute mean_125000000.0Hz,13,4.849283832124893,SVR
0_Autocorrelation,14,2.847966895563529,SVR
0_Mean,15,2.2756949366058947,SVR
0_Max,16,2.2696422494124344,SVR
0_MFCC_11,17,1.459157634917614,SVR
0_MFCC_5,18,1.0128758766065498,SVR
0_Wavelet entropy,19,0.8446221263741646,SVR
0_MFCC_9,20,0.3923204143034655,SVR
0_ECDF Percentile_1,21,0.3663374513022246,SVR
0_Maximum frequency,22,0.3416013731898339,SVR
0_MFCC_10,23,0.3302000090959799,SVR
0_MFCC_0,24,0.2022402370982684,SVR
0_Wavelet energy_125000000.0Hz,25,0.0446176039523856,SVR
0_LPCC_5,26,0.0326358190908266,SVR
0_Spectral positive turning points,27,0.020958795876006,SVR
0_Histogram mode,28,0.0,SVR
0_Entropy,29,0.0,SVR
0_Fundamental frequency,30,0.0,SVR
0_LPCC_1,31,0.0,SVR
0_LPCC_6,32,0.0,SVR
0_MFCC_4,33,0.0,SVR
0_MFCC_8,34,0.0,SVR
0_Median diff,35,0.0,SVR
0_Median absolute diff,36,0.0,SVR
0_Negative turning points,37,0.0,SVR
0_Neighbourhood peaks,38,0.0,SVR
0_Power bandwidth,39,0.0,SVR
0_Median frequency,40,0.0,SVR
0_Spectral roll-on,41,0.0,SVR
0_Zero crossing rate,42,0.0,SVR
0_Peak to peak distance,1,15.806551216158333,Random Forest
0_Spectral entropy,2,7.503817868228523,Random Forest
0_Absolute energy,3,6.32901875709151,Random Forest
0_Spectral variation,4,4.970857025960796,Random Forest
0_Interquartile range,5,4.332291159200094,Random Forest
0_Autocorrelation,6,4.177865544306083,Random Forest
0_Entropy,7,4.001847656070641,Random Forest
0_Wavelet energy_125000000.0Hz,8,3.4823989763146104,Random Forest
0_Histogram mode,9,3.0137781933576573,Random Forest
0_ECDF Percentile_0,10,2.4250243412467496,Random Forest
0_Wavelet absolute mean_125000000.0Hz,11,2.340574106581307,Random Forest
0_MFCC_11,12,1.6369261629580365,Random Forest
0_Wavelet absolute mean_27777777.78Hz,13,1.4598075818256315,Random Forest
0_Fundamental frequency,14,1.3810391281525176,Random Forest
0_Slope,15,1.3458066428351372,Random Forest
0_LPCC_0,16,1.1521727800601316,Random Forest
0_Mean diff,17,1.0496414539551515,Random Forest
0_MFCC_0,18,0.9647201633390042,Random Forest
0_Wavelet entropy,19,0.8381393042551512,Random Forest
0_MFCC_9,20,0.8092827140265106,Random Forest
0_Median frequency,21,0.7449467240414273,Random Forest
0_ECDF Percentile_1,22,0.618210923510324,Random Forest
0_MFCC_8,23,0.608479436241913,Random Forest
0_MFCC_10,24,0.5452344142641405,Random Forest
0_MFCC_5,25,0.5371966790709413,Random Forest
0_Median,26,0.4629617017912251,Random Forest
0_Max,27,0.3993157939156749,Random Forest
0_Spectral decrease,28,0.3830576364813993,Random Forest
0_Maximum frequency,29,0.3144022768535962,Random Forest
0_LPCC_1,30,0.2976206167106671,Random Forest
0_LPCC_6,31,0.2653677347252611,Random Forest
0_LPCC_5,32,0.2596560950195883,Random Forest
0_Mean,33,0.2168043011279155,Random Forest
0_MFCC_4,34,0.1695550847489929,Random Forest
0_Zero crossing rate,35,0.1551980826844151,Random Forest
0_Spectral positive turning points,36,0.0702735299107928,Random Forest
0_Negative turning points,37,0.0457942725654691,Random Forest
0_Median absolute diff,38,0.045165992704841,Random Forest
0_Power bandwidth,39,0.0303265890168646,Random Forest
0_Neighbourhood peaks,40,0.0052220630755492,Random Forest
0_Spectral roll-on,41,0.0033197924757997,Random Forest
0_Median diff,42,0.0,Random Forest
0_Maximum frequency,1,202333612.23724315,Bayesian Ridge
0_Median frequency,2,3100827.7338217786,Bayesian Ridge
0_Fundamental frequency,3,1988166.5933636744,Bayesian Ridge
0_Spectral roll-on,4,1010640.5475850902,Bayesian Ridge
0_Power bandwidth,5,961849.04424503,Bayesian Ridge
0_MFCC_4,6,1253.663347700171,Bayesian Ridge
0_MFCC_5,7,920.2665598296428,Bayesian Ridge
0_MFCC_11,8,918.2701905521898,Bayesian Ridge
0_MFCC_9,9,779.58618933694,Bayesian Ridge
0_MFCC_10,10,235.0203862811052,Bayesian Ridge
0_MFCC_0,11,196.92770583471727,Bayesian Ridge
0_MFCC_8,12,152.69258963245105,Bayesian Ridge
0_Absolute energy,13,124.94840362051788,Bayesian Ridge
0_Spectral decrease,14,7.700132627626802,Bayesian Ridge
0_Peak to peak distance,15,7.262557771330275,Bayesian Ridge
0_Autocorrelation,16,5.636079931732558,Bayesian Ridge
0_ECDF Percentile_1,17,4.425237030007875,Bayesian Ridge
0_ECDF Percentile_0,18,3.2083846515524126,Bayesian Ridge
0_Spectral positive turning points,19,2.1934014848724805,Bayesian Ridge
0_Max,20,2.107176326366023,Bayesian Ridge
0_Mean,21,1.5319500587486987,Bayesian Ridge
0_Interquartile range,22,1.3079754056951507,Bayesian Ridge
0_Median,23,1.2300304766197492,Bayesian Ridge
0_Zero crossing rate,24,0.4741233512749878,Bayesian Ridge
0_Spectral variation,25,0.4156726815198371,Bayesian Ridge
0_Negative turning points,26,0.3418208881867259,Bayesian Ridge
0_Wavelet absolute mean_27777777.78Hz,27,0.244391823500141,Bayesian Ridge
0_LPCC_0,28,0.1451700807313709,Bayesian Ridge
0_LPCC_1,29,0.0923775372679299,Bayesian Ridge
0_Entropy,30,0.0890907206170391,Bayesian Ridge
0_Histogram mode,31,0.0839410518775391,Bayesian Ridge
0_Wavelet energy_125000000.0Hz,32,0.0532138176980166,Bayesian Ridge
0_Spectral entropy,33,0.0408641505683763,Bayesian Ridge
0_Wavelet entropy,34,0.0308444484665109,Bayesian Ridge
0_LPCC_5,35,0.0296015763865175,Bayesian Ridge
0_Neighbourhood peaks,36,0.016266701752795,Bayesian Ridge
0_LPCC_6,37,0.0144813820218731,Bayesian Ridge
0_Slope,38,0.0116796640391605,Bayesian Ridge
0_Wavelet absolute mean_125000000.0Hz,39,0.0108784680671917,Bayesian Ridge
0_Mean diff,40,0.0027919194393905,Bayesian Ridge
0_Median diff,41,0.0003962727550264,Bayesian Ridge
0_Median absolute diff,42,3.862839912480397e-05,Bayesian Ridge
0_Peak to peak distance,1,29.82950615848837,XGBoost
0_Spectral entropy,2,16.714537414081146,XGBoost
0_Autocorrelation,3,12.901183001375202,XGBoost
0_Interquartile range,4,4.2092522240944215,XGBoost
0_Absolute energy,5,3.397516230033588,XGBoost
0_Spectral variation,6,2.475476484811057,XGBoost
0_Entropy,7,2.390760585763741,XGBoost
0_Mean diff,8,1.6139156965617714,XGBoost
0_Wavelet absolute mean_125000000.0Hz,9,1.588114194582589,XGBoost
0_Wavelet energy_125000000.0Hz,10,1.541979718624117,XGBoost
0_Histogram mode,11,1.1988963053921082,XGBoost
0_Fundamental frequency,12,0.9448568434591094,XGBoost
0_Max,13,0.8417153757789481,XGBoost
0_MFCC_11,14,0.7859328951988369,XGBoost
0_Slope,15,0.7371139516897499,XGBoost
0_MFCC_10,16,0.6898694530542941,XGBoost
0_ECDF Percentile_0,17,0.6566756170621763,XGBoost
0_Median absolute diff,18,0.6376938513313732,XGBoost
0_Wavelet entropy,19,0.5092633269136149,XGBoost
0_LPCC_5,20,0.5006636760214966,XGBoost
0_LPCC_0,21,0.4831491006163259,XGBoost
0_MFCC_9,22,0.432885766065245,XGBoost
0_Median,23,0.3778225676029609,XGBoost
0_ECDF Percentile_1,24,0.3746181800273558,XGBoost
0_MFCC_4,25,0.366045724151687,XGBoost
0_LPCC_6,26,0.3197182348332059,XGBoost
0_Mean,27,0.3031398645480474,XGBoost
0_Wavelet absolute mean_27777777.78Hz,28,0.2879701569549739,XGBoost
0_MFCC_8,29,0.2704369286116212,XGBoost
0_Maximum frequency,30,0.2423212241213769,XGBoost
0_MFCC_0,31,0.2300083080481738,XGBoost
0_Median diff,32,0.1921070542951425,XGBoost
0_Spectral decrease,33,0.151020944941168,XGBoost
0_MFCC_5,34,0.1313995927509541,XGBoost
0_Spectral positive turning points,35,0.1252365197657917,XGBoost
0_LPCC_1,36,0.115151219935948,XGBoost
0_Neighbourhood peaks,37,0.0873934222125759,XGBoost
0_Negative turning points,38,0.0615190389122813,XGBoost
0_Median frequency,39,0.0118929288347562,XGBoost
0_Power bandwidth,40,0.0,XGBoost
0_Spectral roll-on,41,0.0,XGBoost
0_Zero crossing rate,42,0.0,XGBoost
0_Spectral variation,1,10.334602653442245,SVR
0_Peak to peak distance,2,10.293520643925516,SVR
0_ECDF Percentile_0,3,9.552661432355135,SVR
0_Spectral decrease,4,9.256585368826716,SVR
0_Wavelet absolute mean_27777777.78Hz,5,9.133412707202051,SVR
0_Interquartile range,6,8.796448781576665,SVR
0_Median,7,8.405774750673576,SVR
0_Mean diff,8,7.918037474254591,SVR
0_Absolute energy,9,7.019604766009595,SVR
0_Spectral entropy,10,6.600297101609631,SVR
0_LPCC_0,11,6.523447439610068,SVR
0_MFCC_11,12,5.39613438865189,SVR
0_Slope,13,3.4104044784206224,SVR
0_Max,14,3.023350188380104,SVR
0_Wavelet absolute mean_125000000.0Hz,15,2.373262619474376,SVR
0_MFCC_5,16,1.6792936868241344,SVR
0_Autocorrelation,17,1.428541354866568,SVR
0_Mean,18,1.1542575162146909,SVR
0_MFCC_9,19,0.7826165939772419,SVR
0_MFCC_4,20,0.3720354549022425,SVR
0_Median diff,21,0.2588422625857134,SVR
0_LPCC_5,22,0.2224767733997788,SVR
0_Wavelet energy_125000000.0Hz,23,0.2084314350052883,SVR
0_Wavelet entropy,24,0.1810468696121839,SVR
0_ECDF Percentile_1,25,0.1475819199761499,SVR
0_Maximum frequency,26,0.1026614215216222,SVR
0_Spectral roll-on,27,0.0639990432626533,SVR
0_MFCC_0,28,0.0385895117224363,SVR
0_Negative turning points,29,0.0071294558396399,SVR
0_Fundamental frequency,30,0.0,SVR
0_LPCC_1,31,0.0,SVR
0_Histogram mode,32,0.0,SVR
0_Entropy,33,0.0,SVR
0_MFCC_8,34,0.0,SVR
0_Median absolute diff,35,0.0,SVR
0_LPCC_6,36,0.0,SVR
0_MFCC_10,37,0.0,SVR
0_Median frequency,38,0.0,SVR
0_Power bandwidth,39,0.0,SVR
0_Neighbourhood peaks,40,0.0,SVR
0_Spectral positive turning points,41,0.0,SVR
0_Zero crossing rate,42,0.0,SVR
0_Peak to peak distance,1,15.6325283072462,Random Forest
0_Spectral entropy,2,8.112189783723599,Random Forest
0_Absolute energy,3,7.300439948642121,Random Forest
0_Autocorrelation,4,4.907076445318836,Random Forest
0_Spectral variation,5,4.7328843547213815,Random Forest
0_Interquartile range,6,4.159615573146868,Random Forest
0_Entropy,7,3.549315769681596,Random Forest
0_Wavelet energy_125000000.0Hz,8,3.527519858919883,Random Forest
0_Histogram mode,9,3.053217619929385,Random Forest
0_ECDF Percentile_0,10,2.143889333297033,Random Forest
0_MFCC_11,11,2.121946548517088,Random Forest
0_Wavelet absolute mean_125000000.0Hz,12,2.018674432312087,Random Forest
0_Fundamental frequency,13,1.299717613370872,Random Forest
0_Wavelet absolute mean_27777777.78Hz,14,1.2329071685671342,Random Forest
0_LPCC_0,15,1.1244562799570077,Random Forest
0_Slope,16,1.0948023935273137,Random Forest
0_ECDF Percentile_1,17,1.0834537530899204,Random Forest
0_MFCC_9,18,0.8250162505074867,Random Forest
0_MFCC_8,19,0.799700415336496,Random Forest
0_Mean diff,20,0.7938034457102106,Random Forest
0_MFCC_0,21,0.700918807019464,Random Forest
0_Median frequency,22,0.6157737650810275,Random Forest
0_Wavelet entropy,23,0.5632069487031975,Random Forest
0_MFCC_5,24,0.5168042765341387,Random Forest
0_MFCC_10,25,0.5028914474232354,Random Forest
0_Spectral decrease,26,0.477899297851068,Random Forest
0_Median,27,0.4392384465278592,Random Forest
0_Max,28,0.4289964470747548,Random Forest
0_LPCC_5,29,0.330492140013251,Random Forest
0_Maximum frequency,30,0.3271176294579637,Random Forest
0_Zero crossing rate,31,0.254620457710512,Random Forest
0_Mean,32,0.222782628761131,Random Forest
0_LPCC_6,33,0.1957629717238867,Random Forest
0_LPCC_1,34,0.1526635552074371,Random Forest
0_MFCC_4,35,0.1433696766713867,Random Forest
0_Median absolute diff,36,0.085282545796999,Random Forest
0_Power bandwidth,37,0.0649226278814797,Random Forest
0_Spectral positive turning points,38,0.0548395461415483,Random Forest
0_Spectral roll-on,39,0.0369620099212043,Random Forest
0_Negative turning points,40,0.0303045832463384,Random Forest
0_Neighbourhood peaks,41,0.0057102185315142,Random Forest
0_Median diff,42,0.0,Random Forest
0_Maximum frequency,1,88927167.4363845,Bayesian Ridge
0_Median frequency,2,3758016.091452466,Bayesian Ridge
0_Power bandwidth,3,1767258.394022895,Bayesian Ridge
0_Spectral roll-on,4,1390823.6680857628,Bayesian Ridge
0_Fundamental frequency,5,193468.1331664224,Bayesian Ridge
0_MFCC_4,6,1597.5710542593802,Bayesian Ridge
0_MFCC_9,7,1371.93583171605,Bayesian Ridge
0_MFCC_5,8,1209.722287652085,Bayesian Ridge
0_MFCC_11,9,1160.5748771519875,Bayesian Ridge
0_MFCC_10,10,330.0275991513331,Bayesian Ridge
0_MFCC_8,11,309.6938480553715,Bayesian Ridge
0_MFCC_0,12,243.5021547326722,Bayesian Ridge
0_Absolute energy,13,91.03425898079368,Bayesian Ridge
0_Peak to peak distance,14,7.470260856035328,Bayesian Ridge
0_Spectral decrease,15,6.776133187568719,Bayesian Ridge
0_Autocorrelation,16,5.235387961393657,Bayesian Ridge
0_ECDF Percentile_1,17,3.848388161005072,Bayesian Ridge
0_ECDF Percentile_0,18,3.229552328864892,Bayesian Ridge
0_Max,19,2.005756775771304,Bayesian Ridge
0_Spectral positive turning points,20,1.8924932254437257,Bayesian Ridge
0_Mean,21,1.533229820770548,Bayesian Ridge
0_Interquartile range,22,1.296777233326884,Bayesian Ridge
0_Median,23,1.105856089689371,Bayesian Ridge
0_Zero crossing rate,24,0.9629134778268896,Bayesian Ridge
0_Negative turning points,25,0.3869480704119385,Bayesian Ridge
0_Spectral variation,26,0.3487285792896921,Bayesian Ridge
0_Wavelet absolute mean_27777777.78Hz,27,0.1920348946735476,Bayesian Ridge
0_LPCC_0,28,0.1237627558093181,Bayesian Ridge
0_Entropy,29,0.1169858838440488,Bayesian Ridge
0_Spectral entropy,30,0.0845189609978291,Bayesian Ridge
0_Neighbourhood peaks,31,0.0729604392652775,Bayesian Ridge
0_Histogram mode,32,0.0696120197274842,Bayesian Ridge
0_LPCC_1,33,0.0496000359105367,Bayesian Ridge
0_Wavelet entropy,34,0.0356099981848124,Bayesian Ridge
0_Wavelet energy_125000000.0Hz,35,0.023618329153999,Bayesian Ridge
0_LPCC_5,36,0.020314862175595,Bayesian Ridge
0_LPCC_6,37,0.0147507679233482,Bayesian Ridge
0_Mean diff,38,0.0093257358350761,Bayesian Ridge
0_Slope,39,0.009264456843826,Bayesian Ridge
0_Wavelet absolute mean_125000000.0Hz,40,0.0016569536262611,Bayesian Ridge
0_Median diff,41,0.0003888590510455,Bayesian Ridge
0_Median absolute diff,42,0.0002551048014124,Bayesian Ridge
0_Peak to peak distance,1,33.027053348207446,XGBoost
0_Spectral entropy,2,17.856266067714436,XGBoost
0_Autocorrelation,3,9.982357273939453,XGBoost
0_Absolute energy,4,3.9554160769455446,XGBoost
0_Interquartile range,5,3.602409777358765,XGBoost
0_Spectral variation,6,2.781587282386546,XGBoost
0_Entropy,7,2.295227206779892,XGBoost
0_Max,8,1.5600437793092798,XGBoost
0_Fundamental frequency,9,1.1987180902297292,XGBoost
0_Mean diff,10,1.1743194903993976,XGBoost
0_Histogram mode,11,1.1157542901674906,XGBoost
0_Slope,12,1.0825035214876138,XGBoost
0_LPCC_0,13,0.9007459727454934,XGBoost
0_MFCC_0,14,0.8675791535457595,XGBoost
0_MFCC_10,15,0.8185702173242966,XGBoost
0_Wavelet absolute mean_125000000.0Hz,16,0.7689669294857733,XGBoost
0_MFCC_11,17,0.7384736753097424,XGBoost
0_MFCC_9,18,0.6858573845533651,XGBoost
0_MFCC_5,19,0.5912382111242662,XGBoost
0_Wavelet energy_125000000.0Hz,20,0.5689207109733176,XGBoost
0_Spectral positive turning points,21,0.4674660105607163,XGBoost
0_Mean,22,0.4669912333165605,XGBoost
0_Wavelet absolute mean_27777777.78Hz,23,0.4535918655086308,XGBoost
0_MFCC_8,24,0.3289407208689799,XGBoost
0_MFCC_4,25,0.3131419394270517,XGBoost
0_Spectral decrease,26,0.3091080634512007,XGBoost
0_LPCC_5,27,0.2866429431977682,XGBoost
0_ECDF Percentile_0,28,0.2866354865757128,XGBoost
0_ECDF Percentile_1,29,0.2853225430721726,XGBoost
0_Wavelet entropy,30,0.2707964423192354,XGBoost
0_Median absolute diff,31,0.2694211623593542,XGBoost
0_LPCC_6,32,0.2648049174822867,XGBoost
0_Median,33,0.2382048014629011,XGBoost
0_Negative turning points,34,0.1717120015776793,XGBoost
0_LPCC_1,35,0.1547678056700775,XGBoost
0_Maximum frequency,36,0.1208983457160492,XGBoost
0_Zero crossing rate,37,0.083451796708256,XGBoost
0_Median frequency,38,0.068180153058966,XGBoost
0_Neighbourhood peaks,39,0.0582304055935393,XGBoost
0_Median diff,40,0.0,XGBoost
0_Power bandwidth,41,0.0,XGBoost
0_Spectral roll-on,42,0.0,XGBoost
0_Spectral entropy,1,9.184027090128517,SVR
0_Interquartile range,2,9.175789986509358,SVR
0_Peak to peak distance,3,8.142323793191606,SVR
0_LPCC_0,4,7.906366920033676,SVR
0_Absolute energy,5,7.659398248605994,SVR
0_Spectral decrease,6,7.496175748530515,SVR
0_ECDF Percentile_0,7,7.169855023090626,SVR
0_Wavelet absolute mean_27777777.78Hz,8,6.79920555867086,SVR
0_Median,9,6.664480961290723,SVR
0_Spectral variation,10,6.362419541759252,SVR
0_Mean diff,11,5.227641227408608,SVR
0_MFCC_11,12,3.542599065583204,SVR
0_Slope,13,2.983739747791041,SVR
0_Max,14,2.6334579310455912,SVR
0_Wavelet absolute mean_125000000.0Hz,15,2.171648714225689,SVR
0_Autocorrelation,16,1.908341589616877,SVR
0_MFCC_5,17,1.333038981969027,SVR
0_Mean,18,1.1281670343073182,SVR
0_MFCC_10,19,1.1109834178260607,SVR
0_MFCC_9,20,1.0034016253993234,SVR
0_Wavelet entropy,21,0.9147674578688796,SVR
0_Maximum frequency,22,0.8562418431186674,SVR
0_LPCC_1,23,0.5110161607586726,SVR
0_MFCC_4,24,0.1524147351492231,SVR
0_Wavelet energy_125000000.0Hz,25,0.11796823802496,SVR
0_MFCC_0,26,0.0576066282703719,SVR
0_Spectral roll-on,27,0.028009051973574,SVR
0_ECDF Percentile_1,28,0.0,SVR
0_Entropy,29,0.0,SVR
0_Fundamental frequency,30,0.0,SVR
0_Histogram mode,31,0.0,SVR
0_LPCC_6,32,0.0,SVR
0_LPCC_5,33,0.0,SVR
0_MFCC_8,34,0.0,SVR
0_Median diff,35,0.0,SVR
0_Median absolute diff,36,0.0,SVR
0_Negative turning points,37,0.0,SVR
0_Neighbourhood peaks,38,0.0,SVR
0_Power bandwidth,39,0.0,SVR
0_Median frequency,40,0.0,SVR
0_Spectral positive turning points,41,0.0,SVR
0_Zero crossing rate,42,0.0,SVR
0_Peak to peak distance,1,15.359647713397631,Random Forest
0_Spectral entropy,2,7.711249160942901,Random Forest
0_Absolute energy,3,6.679378619432821,Random Forest
0_Autocorrelation,4,6.131986105868099,Random Forest
0_Entropy,5,4.092215865149425,Random Forest
0_Spectral variation,6,3.931455737068008,Random Forest
0_Interquartile range,7,3.4171543492398526,Random Forest
0_Histogram mode,8,2.4974974451257697,Random Forest
0_Wavelet energy_125000000.0Hz,9,2.4804785889150263,Random Forest
0_ECDF Percentile_0,10,2.1049601090277075,Random Forest
0_Wavelet absolute mean_125000000.0Hz,11,1.9801321658013544,Random Forest
0_MFCC_11,12,1.4753010314427624,Random Forest
0_LPCC_0,13,1.3800284469777877,Random Forest
0_Fundamental frequency,14,1.1853295759071285,Random Forest
0_MFCC_8,15,0.9663825945216538,Random Forest
0_Wavelet absolute mean_27777777.78Hz,16,0.9316401945262832,Random Forest
0_MFCC_9,17,0.9063120700373,Random Forest
0_Slope,18,0.7964100993228146,Random Forest
0_Wavelet entropy,19,0.7162582836640846,Random Forest
0_Median frequency,20,0.672423498430134,Random Forest
0_ECDF Percentile_1,21,0.6148350586178789,Random Forest
0_MFCC_10,22,0.5444038811677913,Random Forest
0_Mean diff,23,0.5255549830633834,Random Forest
0_MFCC_0,24,0.4833571655066374,Random Forest
0_Median,25,0.4534013125314377,Random Forest
0_MFCC_5,26,0.4376025248033307,Random Forest
0_Max,27,0.3999638103309863,Random Forest
0_Spectral decrease,28,0.376749956079262,Random Forest
0_LPCC_5,29,0.3590552638365111,Random Forest
0_Maximum frequency,30,0.3360395487678237,Random Forest
0_LPCC_1,31,0.2643008497164739,Random Forest
0_LPCC_6,32,0.241293866192239,Random Forest
0_Mean,33,0.1845085033168861,Random Forest
0_Zero crossing rate,34,0.1708553179887433,Random Forest
0_MFCC_4,35,0.1428561515366037,Random Forest
0_Spectral positive turning points,36,0.1063979711582263,Random Forest
0_Median absolute diff,37,0.0816944998332609,Random Forest
0_Spectral roll-on,38,0.0383041552682717,Random Forest
0_Negative turning points,39,0.0378412554168452,Random Forest
0_Power bandwidth,40,0.0237814422510564,Random Forest
0_Neighbourhood peaks,41,0.0114660509931544,Random Forest
0_Median diff,42,0.0,Random Forest
0_Maximum frequency,1,55606908.62820934,Bayesian Ridge
0_Fundamental frequency,2,2020642.613283396,Bayesian Ridge
0_Median frequency,3,1746268.3388477317,Bayesian Ridge
0_Spectral roll-on,4,973370.0293453236,Bayesian Ridge
0_Power bandwidth,5,871042.5650744975,Bayesian Ridge
0_MFCC_4,6,1483.4132359683183,Bayesian Ridge
0_MFCC_11,7,1483.3811696580397,Bayesian Ridge
0_MFCC_5,8,1083.416504223029,Bayesian Ridge
0_MFCC_9,9,1025.7182218822538,Bayesian Ridge
0_MFCC_8,10,393.6738868708301,Bayesian Ridge
0_MFCC_0,11,208.1467112886092,Bayesian Ridge
0_MFCC_10,12,151.166102384129,Bayesian Ridge
0_Absolute energy,13,35.61079081924848,Bayesian Ridge
0_Peak to peak distance,14,6.171785767006844,Bayesian Ridge
0_Autocorrelation,15,6.119736868955265,Bayesian Ridge
0_Spectral decrease,16,5.772681513766456,Bayesian Ridge
0_ECDF Percentile_0,17,3.2976953852121023,Bayesian Ridge
0_ECDF Percentile_1,18,3.297396838034625,Bayesian Ridge
0_Spectral positive turning points,19,1.931839654502586,Bayesian Ridge
0_Max,20,1.8940873544080623,Bayesian Ridge
0_Interquartile range,21,1.7544577996598143,Bayesian Ridge
0_Mean,22,1.406115280669512,Bayesian Ridge
0_Median,23,1.1467051072407062,Bayesian Ridge
0_Zero crossing rate,24,1.0458222036146227,Bayesian Ridge
0_Negative turning points,25,0.4062929297719619,Bayesian Ridge
0_Histogram mode,26,0.3368248791355638,Bayesian Ridge
0_Spectral variation,27,0.2917786778551344,Bayesian Ridge
0_Wavelet absolute mean_27777777.78Hz,28,0.1613630879995578,Bayesian Ridge
0_LPCC_0,29,0.1068778182405075,Bayesian Ridge
0_Entropy,30,0.093898206843965,Bayesian Ridge
0_Spectral entropy,31,0.0630416302296492,Bayesian Ridge
0_Wavelet energy_125000000.0Hz,32,0.0453977083903166,Bayesian Ridge
0_Neighbourhood peaks,33,0.0347276685833718,Bayesian Ridge
0_Wavelet entropy,34,0.0317143327408275,Bayesian Ridge
0_LPCC_1,35,0.0312124692445034,Bayesian Ridge
0_LPCC_5,36,0.0246264669483986,Bayesian Ridge
0_LPCC_6,37,0.0144197016291329,Bayesian Ridge
0_Slope,38,0.0087994941648422,Bayesian Ridge
0_Wavelet absolute mean_125000000.0Hz,39,0.0050218580035879,Bayesian Ridge
0_Mean diff,40,0.0030830813966034,Bayesian Ridge
0_Median absolute diff,41,0.0003192983937172,Bayesian Ridge
0_Median diff,42,0.0001986569917373,Bayesian Ridge
0_Peak to peak distance,1,30.43582620846648,XGBoost
0_Spectral entropy,2,16.16064041492139,XGBoost
0_Autocorrelation,3,10.858593107551092,XGBoost
0_Absolute energy,4,3.1457386327289054,XGBoost
0_Entropy,5,3.0613825547334894,XGBoost
0_Interquartile range,6,1.9994079466875008,XGBoost
0_Spectral variation,7,1.835790528098617,XGBoost
0_Histogram mode,8,1.1592167833374498,XGBoost
0_Mean diff,9,1.0875841143536846,XGBoost
0_Fundamental frequency,10,0.9473522667557004,XGBoost
0_Wavelet energy_125000000.0Hz,11,0.9441339190331598,XGBoost
0_MFCC_5,12,0.8612679638549683,XGBoost
0_Wavelet absolute mean_125000000.0Hz,13,0.7334265341993422,XGBoost
0_Max,14,0.6879615199169762,XGBoost
0_LPCC_0,15,0.6260674833235641,XGBoost
0_Wavelet entropy,16,0.5854460476353145,XGBoost
0_LPCC_1,17,0.5548899731155484,XGBoost
0_Slope,18,0.4825278051439674,XGBoost
0_MFCC_11,19,0.4528626645484318,XGBoost
0_MFCC_10,20,0.3790367643591638,XGBoost
0_MFCC_4,21,0.3663893221354731,XGBoost
0_LPCC_5,22,0.3603032131793597,XGBoost
0_LPCC_6,23,0.3529861280653315,XGBoost
0_MFCC_9,24,0.3440728618659701,XGBoost
0_MFCC_8,25,0.3378500687892238,XGBoost
0_ECDF Percentile_0,26,0.3221074728466569,XGBoost
0_Negative turning points,27,0.2432906900653616,XGBoost
0_MFCC_0,28,0.2410474234427016,XGBoost
0_Maximum frequency,29,0.2004574009884149,XGBoost
0_Mean,30,0.1981551523139235,XGBoost
0_Median,31,0.1646690039129306,XGBoost
0_Spectral decrease,32,0.1445597225646488,XGBoost
0_ECDF Percentile_1,33,0.1265250835176558,XGBoost
0_Spectral positive turning points,34,0.1246086691283931,XGBoost
0_Wavelet absolute mean_27777777.78Hz,35,0.1213653618539373,XGBoost
0_Neighbourhood peaks,36,0.115329207575197,XGBoost
0_Median diff,37,0.0894038351883491,XGBoost
0_Zero crossing rate,38,0.0566830008452136,XGBoost
0_Median frequency,39,0.034618246144553,XGBoost
0_Median absolute diff,40,0.0,XGBoost
0_Power bandwidth,41,0.0,XGBoost
0_Spectral roll-on,42,0.0,XGBoost
0_Peak to peak distance,1,10.82128279450638,SVR
0_Wavelet absolute mean_27777777.78Hz,2,9.445992426841489,SVR
0_ECDF Percentile_0,3,9.106851976485064,SVR
0_Spectral entropy,4,9.066661651172534,SVR
0_LPCC_0,5,8.980066315899364,SVR
0_Spectral variation,6,8.732986990726452,SVR
0_Spectral decrease,7,7.945507753290412,SVR
0_Mean diff,8,7.884142888433135,SVR
0_Interquartile range,9,6.887490503243518,SVR
0_Median,10,6.878623655901527,SVR
0_Max,11,5.515064610427175,SVR
0_Absolute energy,12,5.163245332332155,SVR
0_MFCC_11,13,3.999904128513719,SVR
0_Slope,14,3.7799046283941258,SVR
0_Wavelet absolute mean_125000000.0Hz,15,1.777220593404728,SVR
0_MFCC_5,16,1.1104659762346802,SVR
0_Mean,17,0.9978924532752774,SVR
0_MFCC_9,18,0.8851509658991688,SVR
0_Autocorrelation,19,0.7613100191084418,SVR
0_Wavelet entropy,20,0.5948838204014986,SVR
0_MFCC_10,21,0.539198637369182,SVR
0_Maximum frequency,22,0.4998174805634969,SVR
0_MFCC_0,23,0.185458786874443,SVR
0_Wavelet energy_125000000.0Hz,24,0.0616391419383175,SVR
0_ECDF Percentile_1,25,0.0523478199132007,SVR
0_Neighbourhood peaks,26,0.0360135302303541,SVR
0_Zero crossing rate,27,0.0186358077060627,SVR
0_Histogram mode,28,0.0,SVR
0_Entropy,29,0.0,SVR
0_Fundamental frequency,30,0.0,SVR
0_LPCC_1,31,0.0,SVR
0_LPCC_6,32,0.0,SVR
0_LPCC_5,33,0.0,SVR
0_MFCC_8,34,0.0,SVR
0_Median diff,35,0.0,SVR
0_Median absolute diff,36,0.0,SVR
0_MFCC_4,37,0.0,SVR
0_Negative turning points,38,0.0,SVR
0_Power bandwidth,39,0.0,SVR
0_Median frequency,40,0.0,SVR
0_Spectral positive turning points,41,0.0,SVR
0_Spectral roll-on,42,0.0,SVR
0_Peak to peak distance,1,17.69186106688344,Random Forest
0_Spectral entropy,2,8.057534343496927,Random Forest
0_Absolute energy,3,6.654971919507161,Random Forest
0_Spectral variation,4,5.197496962930138,Random Forest
0_Entropy,5,4.279118434685282,Random Forest
0_Autocorrelation,6,4.0920583416440826,Random Forest
0_Wavelet energy_125000000.0Hz,7,3.9812125190342456,Random Forest
0_Interquartile range,8,3.492568172675992,Random Forest
0_ECDF Percentile_0,9,2.811044796595226,Random Forest
0_Histogram mode,10,2.4654746522982447,Random Forest
0_Wavelet absolute mean_125000000.0Hz,11,2.01808556469675,Random Forest
0_LPCC_0,12,1.5871291672240944,Random Forest
0_MFCC_11,13,1.37776676786039,Random Forest
0_MFCC_9,14,1.31759806565512,Random Forest
0_Slope,15,1.2944612248687697,Random Forest
0_Wavelet absolute mean_27777777.78Hz,16,1.0417494969462822,Random Forest
0_ECDF Percentile_1,17,0.8086736002352088,Random Forest
0_Mean diff,18,0.771286626234154,Random Forest
0_MFCC_8,19,0.7104314123415076,Random Forest
0_Fundamental frequency,20,0.6828432084772116,Random Forest
0_Median,21,0.5482486391228004,Random Forest
0_Maximum frequency,22,0.5118645833264569,Random Forest
0_Wavelet entropy,23,0.4880052295619002,Random Forest
0_Spectral decrease,24,0.4510701222117369,Random Forest
0_MFCC_0,25,0.4495895489544608,Random Forest
0_Median frequency,26,0.4093195262978474,Random Forest
0_LPCC_5,27,0.3397316766953717,Random Forest
0_MFCC_10,28,0.3187984583349276,Random Forest
0_Zero crossing rate,29,0.286900421206653,Random Forest
0_MFCC_5,30,0.2819801925684946,Random Forest
0_LPCC_1,31,0.267459854667075,Random Forest
0_Max,32,0.2513435537221531,Random Forest
0_MFCC_4,33,0.2471100059322391,Random Forest
0_LPCC_6,34,0.2330498075658456,Random Forest
0_Mean,35,0.1919032757485285,Random Forest
0_Negative turning points,36,0.1209323698659738,Random Forest
0_Spectral positive turning points,37,0.1027177548992757,Random Forest
0_Neighbourhood peaks,38,0.0507497697502374,Random Forest
0_Power bandwidth,39,0.0318148789142568,Random Forest
0_Median absolute diff,40,0.024331283647567,Random Forest
0_Spectral roll-on,41,0.0026226911544799,Random Forest
0_Median diff,42,0.0,Random Forest
0_Maximum frequency,1,135590991.6193643,Bayesian Ridge
0_Median frequency,2,2429549.522453026,Bayesian Ridge
0_Spectral roll-on,3,873610.0420342248,Bayesian Ridge
0_Power bandwidth,4,816565.9217584641,Bayesian Ridge
0_Fundamental frequency,5,582339.1926088362,Bayesian Ridge
0_MFCC_11,6,1827.340030073388,Bayesian Ridge
0_MFCC_4,7,1279.6346345443658,Bayesian Ridge
0_MFCC_5,8,964.1677415681964,Bayesian Ridge
0_MFCC_9,9,829.7739519239614,Bayesian Ridge
0_MFCC_0,10,292.72122846980915,Bayesian Ridge
0_MFCC_8,11,229.2567537114309,Bayesian Ridge
0_Absolute energy,12,96.69696317548896,Bayesian Ridge
0_MFCC_10,13,54.78936987537272,Bayesian Ridge
0_Spectral decrease,14,6.498073610915235,Bayesian Ridge
0_Peak to peak distance,15,6.18266452675094,Bayesian Ridge
0_Autocorrelation,16,5.541602463677447,Bayesian Ridge
0_ECDF Percentile_0,17,3.5726101722606,Bayesian Ridge
0_ECDF Percentile_1,18,3.396416957077053,Bayesian Ridge
0_Spectral positive turning points,19,3.053357895985312,Bayesian Ridge
0_Max,20,1.835675332178167,Bayesian Ridge
0_Interquartile range,21,1.443674950563802,Bayesian Ridge
0_Median,22,1.2608976778257692,Bayesian Ridge
0_Mean,23,1.123003836281433,Bayesian Ridge
0_Zero crossing rate,24,1.0468363619486685,Bayesian Ridge
0_Spectral variation,25,0.2672443734973482,Bayesian Ridge
0_Wavelet absolute mean_27777777.78Hz,26,0.2035514551462093,Bayesian Ridge
0_Neighbourhood peaks,27,0.1610488559861295,Bayesian Ridge
0_Histogram mode,28,0.1370718626968123,Bayesian Ridge
0_Spectral entropy,29,0.1370189827969306,Bayesian Ridge
0_Negative turning points,30,0.0897843978966355,Bayesian Ridge
0_LPCC_1,31,0.076092415264926,Bayesian Ridge
0_Entropy,32,0.0756095295475449,Bayesian Ridge
0_LPCC_0,33,0.0746546223641837,Bayesian Ridge
0_Wavelet entropy,34,0.0449298075026732,Bayesian Ridge
0_LPCC_5,35,0.0352042250683799,Bayesian Ridge
0_Wavelet energy_125000000.0Hz,36,0.0277594028451584,Bayesian Ridge
0_LPCC_6,37,0.0128160905960289,Bayesian Ridge
0_Mean diff,38,0.0117924828474355,Bayesian Ridge
0_Slope,39,0.0091523234513674,Bayesian Ridge
0_Wavelet absolute mean_125000000.0Hz,40,0.0051058052644809,Bayesian Ridge
0_Median absolute diff,41,0.0003067310532272,Bayesian Ridge
0_Median diff,42,0.0001084620197484,Bayesian Ridge
0_Peak to peak distance,1,37.7029010113916,XGBoost
0_Spectral entropy,2,17.22680849834923,XGBoost
0_Autocorrelation,3,11.274792058202127,XGBoost
0_Interquartile range,4,3.307450211892029,XGBoost
0_Entropy,5,2.018033633154693,XGBoost
0_Spectral variation,6,1.7617878078429028,XGBoost
0_Max,7,1.2134330226709753,XGBoost
0_MFCC_9,8,1.1788820470511605,XGBoost
0_Wavelet energy_125000000.0Hz,9,1.1686458243076994,XGBoost
0_Mean diff,10,1.1037667627887182,XGBoost
0_LPCC_0,11,1.0082254831273112,XGBoost
0_Histogram mode,12,0.8363468414555458,XGBoost
0_Wavelet entropy,13,0.7231066719011717,XGBoost
0_MFCC_10,14,0.7167875075209886,XGBoost
0_MFCC_11,15,0.6911714732474957,XGBoost
0_Slope,16,0.6162164173586914,XGBoost
0_Absolute energy,17,0.6113656046452,XGBoost
0_Fundamental frequency,18,0.6039441719378035,XGBoost
0_MFCC_4,19,0.5915609447440753,XGBoost
0_MFCC_0,20,0.4714468484101971,XGBoost
0_LPCC_5,21,0.4695393713107952,XGBoost
0_Maximum frequency,22,0.4651741515390574,XGBoost
0_LPCC_6,23,0.4153248706453791,XGBoost
0_MFCC_5,24,0.3730835575606674,XGBoost
0_Wavelet absolute mean_125000000.0Hz,25,0.3660731883520881,XGBoost
0_Spectral positive turning points,26,0.3055318080171322,XGBoost
0_LPCC_1,27,0.2965644510703781,XGBoost
0_Mean,28,0.2934865276306868,XGBoost
0_MFCC_8,29,0.2652147645884504,XGBoost
0_ECDF Percentile_0,30,0.2553747972026467,XGBoost
0_Negative turning points,31,0.1872572621423751,XGBoost
0_Median absolute diff,32,0.1738403765447436,XGBoost
0_Neighbourhood peaks,33,0.172533997200476,XGBoost
0_Median,34,0.1612110281580438,XGBoost
0_Wavelet absolute mean_27777777.78Hz,35,0.1398604096052547,XGBoost
0_ECDF Percentile_1,36,0.1121725769427915,XGBoost
0_Zero crossing rate,37,0.1121524476441244,XGBoost
0_Spectral decrease,38,0.0898381276826063,XGBoost
0_Median frequency,39,0.0197591407974561,XGBoost
0_Median diff,40,0.0060175316572189,XGBoost
0_Power bandwidth,41,0.0,XGBoost
0_Spectral roll-on,42,0.0,XGBoost
0_Peak to peak distance,1,10.942185899069957,SVR
0_ECDF Percentile_0,2,9.726071998572335,SVR
0_Wavelet absolute mean_27777777.78Hz,3,9.550535705104542,SVR
0_Spectral entropy,4,9.50825104401468,SVR
0_Spectral decrease,5,8.469376582247024,SVR
0_LPCC_0,6,8.106575181092428,SVR
0_Spectral variation,7,7.988358177177745,SVR
0_Interquartile range,8,7.631942908067928,SVR
0_Median,9,7.4159375010632225,SVR
0_Absolute energy,10,7.363012736043756,SVR
0_Mean diff,11,6.502733360059912,SVR
0_Max,12,5.260623242018441,SVR
0_Slope,13,4.548217439000266,SVR
0_MFCC_11,14,3.640262741456064,SVR
0_Wavelet absolute mean_125000000.0Hz,15,2.9132105304105003,SVR
0_MFCC_5,16,2.722188919770625,SVR
0_Mean,17,1.5074209556052092,SVR
0_Autocorrelation,18,1.2861135461929027,SVR
0_Wavelet entropy,19,0.5596281065686071,SVR
0_ECDF Percentile_1,20,0.4890827334177743,SVR
0_MFCC_0,21,0.4700314868410266,SVR
0_Maximum frequency,22,0.465850851539859,SVR
0_Wavelet energy_125000000.0Hz,23,0.4232884627763287,SVR
0_MFCC_9,24,0.1831861437704749,SVR
0_Median absolute diff,25,0.1434851986085558,SVR
0_MFCC_10,26,0.1025832455966578,SVR
0_MFCC_4,27,0.0747687986521466,SVR
0_Spectral positive turning points,28,0.0082895296343548,SVR
0_Entropy,29,0.0,SVR
0_Fundamental frequency,30,0.0,SVR
0_LPCC_1,31,0.0,SVR
0_Histogram mode,32,0.0,SVR
0_LPCC_5,33,0.0,SVR
0_MFCC_8,34,0.0,SVR
0_Median diff,35,0.0,SVR
0_LPCC_6,36,0.0,SVR
0_Negative turning points,37,0.0,SVR
0_Neighbourhood peaks,38,0.0,SVR
0_Power bandwidth,39,0.0,SVR
0_Median frequency,40,0.0,SVR
0_Spectral roll-on,41,0.0,SVR
0_Zero crossing rate,42,0.0,SVR
0_Peak to peak distance,1,16.06953177940656,Random Forest
0_Spectral entropy,2,7.772458678409628,Random Forest
0_Absolute energy,3,7.166309468616297,Random Forest
0_Spectral variation,4,5.239986379292715,Random Forest
0_Entropy,5,5.067462777592855,Random Forest
0_Interquartile range,6,4.708972673138153,Random Forest
0_Autocorrelation,7,4.649590818166391,Random Forest
0_Wavelet energy_125000000.0Hz,8,3.401269020721829,Random Forest
0_ECDF Percentile_0,9,3.2342810437009373,Random Forest
0_Histogram mode,10,3.066311245577673,Random Forest
0_MFCC_11,11,2.601187024809141,Random Forest
0_Wavelet absolute mean_125000000.0Hz,12,2.2183427670976217,Random Forest
0_LPCC_0,13,1.467341169523673,Random Forest
0_Wavelet absolute mean_27777777.78Hz,14,1.1617454035185897,Random Forest
0_MFCC_9,15,0.964468553803815,Random Forest
0_Slope,16,0.954807817628716,Random Forest
0_MFCC_0,17,0.942827639604205,Random Forest
0_Mean diff,18,0.8305264091838307,Random Forest
0_Fundamental frequency,19,0.7045359278703571,Random Forest
0_MFCC_8,20,0.6742266513671108,Random Forest
0_MFCC_5,21,0.595654816617964,Random Forest
0_Wavelet entropy,22,0.553723553562855,Random Forest
0_ECDF Percentile_1,23,0.5363265050753797,Random Forest
0_Median frequency,24,0.5034698132683834,Random Forest
0_Spectral decrease,25,0.4632830101939694,Random Forest
0_Max,26,0.4540210011006023,Random Forest
0_Maximum frequency,27,0.4070283516112715,Random Forest
0_Median,28,0.383986148705481,Random Forest
0_MFCC_10,29,0.3744931402367695,Random Forest
0_LPCC_5,30,0.3711341443647785,Random Forest
0_LPCC_6,31,0.259830767064852,Random Forest
0_Zero crossing rate,32,0.2497587177253017,Random Forest
0_LPCC_1,33,0.2036243461055681,Random Forest
0_MFCC_4,34,0.1730870712650784,Random Forest
0_Mean,35,0.1552149410535891,Random Forest
0_Spectral positive turning points,36,0.0808772392145668,Random Forest
0_Power bandwidth,37,0.0766950007398923,Random Forest
0_Median absolute diff,38,0.0321548345000793,Random Forest
0_Negative turning points,39,0.0297059288999997,Random Forest
0_Spectral roll-on,40,0.0108817380064477,Random Forest
0_Neighbourhood peaks,41,0.0080400762498999,Random Forest
0_Median diff,42,0.0,Random Forest
0_Maximum frequency,1,256784315.9783153,Bayesian Ridge
0_Median frequency,2,3439533.340094675,Bayesian Ridge
0_Power bandwidth,3,2416352.52693604,Bayesian Ridge
0_Spectral roll-on,4,1087401.4171454154,Bayesian Ridge
0_Fundamental frequency,5,128020.8864567995,Bayesian Ridge
0_MFCC_4,6,1166.9731883044165,Bayesian Ridge
0_MFCC_11,7,998.8895147697506,Bayesian Ridge
0_MFCC_5,8,948.4115067729464,Bayesian Ridge
0_MFCC_9,9,921.3021090867298,Bayesian Ridge
0_MFCC_8,10,271.00214269021063,Bayesian Ridge
0_MFCC_10,11,267.0132661421836,Bayesian Ridge
0_MFCC_0,12,160.28049080860998,Bayesian Ridge
0_Absolute energy,13,67.54945033103968,Bayesian Ridge
0_Spectral decrease,14,7.389959716191726,Bayesian Ridge
0_Peak to peak distance,15,7.198267388492764,Bayesian Ridge
0_Autocorrelation,16,5.36065663287897,Bayesian Ridge
0_ECDF Percentile_1,17,4.9196507928396125,Bayesian Ridge
0_ECDF Percentile_0,18,3.3908033803459987,Bayesian Ridge
0_Spectral positive turning points,19,3.3595597465917297,Bayesian Ridge
0_Interquartile range,20,2.155137110231688,Bayesian Ridge
0_Max,21,1.9946468611844843,Bayesian Ridge
0_Mean,22,1.4462445080052997,Bayesian Ridge
0_Median,23,1.1001320514927946,Bayesian Ridge
0_Zero crossing rate,24,0.8532885047885003,Bayesian Ridge
0_Spectral variation,25,0.6513662634862479,Bayesian Ridge
0_Negative turning points,26,0.2274920027574744,Bayesian Ridge
0_LPCC_0,27,0.2075650672881561,Bayesian Ridge
0_Wavelet absolute mean_27777777.78Hz,28,0.1788259801282177,Bayesian Ridge
0_Entropy,29,0.1109279278234156,Bayesian Ridge
0_LPCC_1,30,0.0944347383957615,Bayesian Ridge
0_Histogram mode,31,0.0932647829203214,Bayesian Ridge
0_Neighbourhood peaks,32,0.0759202497441831,Bayesian Ridge
0_Wavelet energy_125000000.0Hz,33,0.0497528473507314,Bayesian Ridge
0_Wavelet entropy,34,0.0384465675623753,Bayesian Ridge
0_Spectral entropy,35,0.0219194809455223,Bayesian Ridge
0_LPCC_5,36,0.0157053300121116,Bayesian Ridge
0_Wavelet absolute mean_125000000.0Hz,37,0.0138668195373687,Bayesian Ridge
0_LPCC_6,38,0.0122632095724014,Bayesian Ridge
0_Slope,39,0.0099184760107816,Bayesian Ridge
0_Mean diff,40,0.0037954356708833,Bayesian Ridge
0_Median absolute diff,41,0.0011309156394283,Bayesian Ridge
0_Median diff,42,0.0001974692555458,Bayesian Ridge
0_Peak to peak distance,1,35.02058095976599,XGBoost
0_Spectral entropy,2,18.71428735174929,XGBoost
0_Autocorrelation,3,9.551823539766422,XGBoost
0_Absolute energy,4,4.831422377472245,XGBoost
0_Interquartile range,5,4.518113069179002,XGBoost
0_Entropy,6,3.273264560067778,XGBoost
0_Spectral variation,7,2.904902576884378,XGBoost
0_Wavelet absolute mean_125000000.0Hz,8,1.9245491625035804,XGBoost
0_Max,9,1.6900979190642011,XGBoost
0_Mean diff,10,1.3629274693566371,XGBoost
0_Histogram mode,11,1.0476924573113986,XGBoost
0_MFCC_11,12,1.0132328053908422,XGBoost
0_Fundamental frequency,13,0.9306083747064072,XGBoost
0_Wavelet energy_125000000.0Hz,14,0.8653503143294404,XGBoost
0_MFCC_9,15,0.7138183738994722,XGBoost
0_LPCC_0,16,0.6842709464352579,XGBoost
0_ECDF Percentile_1,17,0.5335990121038009,XGBoost
0_LPCC_6,18,0.4544366527947598,XGBoost
0_Wavelet absolute mean_27777777.78Hz,19,0.4083105401137843,XGBoost
0_Median,20,0.4008922934881723,XGBoost
0_Wavelet entropy,21,0.4005842970704969,XGBoost
0_MFCC_0,22,0.3932362633398423,XGBoost
0_Median frequency,23,0.3851518912810833,XGBoost
0_LPCC_5,24,0.3727462443887567,XGBoost
0_Slope,25,0.3291101773989384,XGBoost
0_MFCC_10,26,0.3137974215991796,XGBoost
0_MFCC_8,27,0.2970501441624014,XGBoost
0_MFCC_5,28,0.2873880346573889,XGBoost
0_LPCC_1,29,0.2641941219617924,XGBoost
0_Maximum frequency,30,0.1812439393565058,XGBoost
0_Spectral positive turning points,31,0.1323027363209674,XGBoost
0_ECDF Percentile_0,32,0.1322306028867761,XGBoost
0_MFCC_4,33,0.1305350898211201,XGBoost
0_Median absolute diff,34,0.0669439098936816,XGBoost
0_Neighbourhood peaks,35,0.0611316499516368,XGBoost
0_Median diff,36,0.0503543267409006,XGBoost
0_Mean,37,0.0374653360294799,XGBoost
0_Spectral decrease,38,0.0283454005591571,XGBoost
0_Negative turning points,39,0.0096110358516375,XGBoost
0_Power bandwidth,40,0.0,XGBoost
0_Spectral roll-on,41,0.0,XGBoost
0_Zero crossing rate,42,0.0,XGBoost
0_ECDF Percentile_0,1,10.85823746687484,SVR
0_Spectral variation,2,9.51737397024006,SVR
0_Median,3,9.44875033612712,SVR
0_Absolute energy,4,9.06559531659514,SVR
0_Peak to peak distance,5,8.712532403700422,SVR
0_Interquartile range,6,8.52479068939486,SVR
0_Spectral entropy,7,8.286662083880618,SVR
0_Wavelet absolute mean_27777777.78Hz,8,7.792101892610447,SVR
0_Spectral decrease,9,7.772547817802844,SVR
0_LPCC_0,10,7.737200926361257,SVR
0_Mean diff,11,6.85321404192359,SVR
0_Max,12,3.7386436380382704,SVR
0_MFCC_11,13,3.6768963703666895,SVR
0_Wavelet absolute mean_125000000.0Hz,14,3.5742124657213945,SVR
0_Slope,15,3.3086333211236,SVR
0_ECDF Percentile_1,16,1.1979150915835337,SVR
0_Autocorrelation,17,1.0910938698563066,SVR
0_MFCC_5,18,1.047727191119729,SVR
0_Wavelet energy_125000000.0Hz,19,0.9445637399712202,SVR
0_MFCC_9,20,0.3015400535989762,SVR
0_Mean,21,0.2034588238713193,SVR
0_MFCC_4,22,0.1642970833651126,SVR
0_Wavelet entropy,23,0.106585999892567,SVR
0_Maximum frequency,24,0.0859478975321008,SVR
0_MFCC_0,25,0.0487907577788835,SVR
0_MFCC_10,26,0.0379498262059613,SVR
0_Power bandwidth,27,0.0350294819414808,SVR
0_Negative turning points,28,0.0315157784324331,SVR
0_Entropy,29,0.0,SVR
0_Fundamental frequency,30,0.0,SVR
0_LPCC_1,31,0.0,SVR
0_Histogram mode,32,0.0,SVR
0_LPCC_6,33,0.0,SVR
0_MFCC_8,34,0.0,SVR
0_Median diff,35,0.0,SVR
0_Median absolute diff,36,0.0,SVR
0_LPCC_5,37,0.0,SVR
0_Neighbourhood peaks,38,0.0,SVR
0_Median frequency,39,0.0,SVR
0_Spectral roll-on,40,0.0,SVR
0_Spectral positive turning points,41,0.0,SVR
0_Zero crossing rate,42,0.0,SVR
0_Peak to peak distance,1,14.76946446188365,Random Forest
0_Spectral entropy,2,7.884442110450806,Random Forest
0_Absolute energy,3,7.26890885473599,Random Forest
0_Autocorrelation,4,5.339677569238749,Random Forest
0_Spectral variation,5,5.3016461039840665,Random Forest
0_Entropy,6,4.381609401125205,Random Forest
0_Interquartile range,7,4.205482702773764,Random Forest
0_ECDF Percentile_0,8,2.643408341390073,Random Forest
0_Wavelet energy_125000000.0Hz,9,2.626608094934902,Random Forest
0_Histogram mode,10,2.544542920748836,Random Forest
0_Wavelet absolute mean_125000000.0Hz,11,2.151238398540704,Random Forest
0_MFCC_11,12,2.0504481064226794,Random Forest
0_LPCC_0,13,1.1962487249699845,Random Forest
0_Wavelet absolute mean_27777777.78Hz,14,1.140311595132124,Random Forest
0_Slope,15,1.1187008629982522,Random Forest
0_Fundamental frequency,16,1.0712222809517442,Random Forest
0_MFCC_9,17,0.8516669799012441,Random Forest
0_Mean diff,18,0.8401364349043774,Random Forest
0_MFCC_8,19,0.710056601535638,Random Forest
0_Wavelet entropy,20,0.6842839723858362,Random Forest
0_MFCC_0,21,0.6606277605562002,Random Forest
0_MFCC_5,22,0.5746310035092602,Random Forest
0_ECDF Percentile_1,23,0.5405310392097491,Random Forest
0_MFCC_10,24,0.4580464623896171,Random Forest
0_Median,25,0.4272155949719016,Random Forest
0_Maximum frequency,26,0.4069401954028678,Random Forest
0_Spectral decrease,27,0.3904565521667711,Random Forest
0_Median frequency,28,0.3027571443936324,Random Forest
0_LPCC_5,29,0.3024133569454075,Random Forest
0_Max,30,0.299536767796753,Random Forest
0_Zero crossing rate,31,0.2597341983810999,Random Forest
0_LPCC_1,32,0.2529159103416527,Random Forest
0_Mean,33,0.244447483720444,Random Forest
0_MFCC_4,34,0.2102774655977885,Random Forest
0_LPCC_6,35,0.1892028916935591,Random Forest
0_Spectral positive turning points,36,0.1174123191979248,Random Forest
0_Median absolute diff,37,0.0663860444130996,Random Forest
0_Negative turning points,38,0.0281347312116374,Random Forest
0_Spectral roll-on,39,0.012534638675861,Random Forest
0_Neighbourhood peaks,40,0.0114530349226978,Random Forest
0_Power bandwidth,41,0.0058773249304542,Random Forest
0_Median diff,42,0.0,Random Forest
0_Maximum frequency,1,314883399.2543161,Bayesian Ridge
0_Fundamental frequency,2,2558044.608004101,Bayesian Ridge
0_Median frequency,3,2424862.5522931614,Bayesian Ridge
0_Power bandwidth,4,1248872.353483613,Bayesian Ridge
0_Spectral roll-on,5,873395.9225226459,Bayesian Ridge
0_MFCC_11,6,1632.756733748049,Bayesian Ridge
0_MFCC_4,7,1603.5015490139967,Bayesian Ridge
0_MFCC_5,8,1219.4642023031056,Bayesian Ridge
0_MFCC_9,9,1162.8570142528065,Bayesian Ridge
0_MFCC_8,10,488.3392643607915,Bayesian Ridge
0_MFCC_0,11,233.255808593146,Bayesian Ridge
0_MFCC_10,12,105.92362462370798,Bayesian Ridge
0_Absolute energy,13,64.57582085931686,Bayesian Ridge
0_Autocorrelation,14,7.378159920695212,Bayesian Ridge
0_Peak to peak distance,15,6.100708368726276,Bayesian Ridge
0_Spectral decrease,16,5.041209232461315,Bayesian Ridge
0_ECDF Percentile_0,17,3.824747046364708,Bayesian Ridge
0_ECDF Percentile_1,18,3.7275004503919686,Bayesian Ridge
0_Max,19,2.0691425855804857,Bayesian Ridge
0_Spectral positive turning points,20,1.8354984304112203,Bayesian Ridge
0_Mean,21,1.422643861502371,Bayesian Ridge
0_Median,22,1.154505190521749,Bayesian Ridge
0_Zero crossing rate,23,1.0086073866914305,Bayesian Ridge
0_Interquartile range,24,0.7375616556781607,Bayesian Ridge
0_Negative turning points,25,0.3061582172187689,Bayesian Ridge
0_Wavelet absolute mean_27777777.78Hz,26,0.1790260360730102,Bayesian Ridge
0_Spectral entropy,27,0.1732792146815277,Bayesian Ridge
0_Spectral variation,28,0.1559144616449598,Bayesian Ridge
0_LPCC_1,29,0.1315141592215147,Bayesian Ridge
0_Neighbourhood peaks,30,0.111403634735367,Bayesian Ridge
0_Entropy,31,0.1031866500607998,Bayesian Ridge
0_Wavelet energy_125000000.0Hz,32,0.0739841037574468,Bayesian Ridge
0_Histogram mode,33,0.0698321331984836,Bayesian Ridge
0_LPCC_5,34,0.0481489485692501,Bayesian Ridge
0_LPCC_0,35,0.0395399586859812,Bayesian Ridge
0_Wavelet entropy,36,0.0241173362100523,Bayesian Ridge
0_Wavelet absolute mean_125000000.0Hz,37,0.0146170475124175,Bayesian Ridge
0_Slope,38,0.0096687686771161,Bayesian Ridge
0_Mean diff,39,0.0041225458609184,Bayesian Ridge
0_LPCC_6,40,0.00394292475098,Bayesian Ridge
0_Median absolute diff,41,0.0007228464351271,Bayesian Ridge
0_Median diff,42,0.000588543312773,Bayesian Ridge
0_Peak to peak distance,1,34.62801942110513,XGBoost
0_Spectral entropy,2,21.02995413536053,XGBoost
0_Autocorrelation,3,12.565571446213127,XGBoost
0_Interquartile range,4,3.727938574022552,XGBoost
0_Spectral variation,5,2.3586328560880068,XGBoost
0_Entropy,6,1.7417617937443772,XGBoost
0_Mean diff,7,1.4809045103070408,XGBoost
0_Histogram mode,8,1.3791672499958427,XGBoost
0_Max,9,1.1710570207417632,XGBoost
0_LPCC_0,10,0.9266820968513376,XGBoost
0_Fundamental frequency,11,0.7633580824884274,XGBoost
0_MFCC_11,12,0.6375872576523575,XGBoost
0_MFCC_10,13,0.6166081276241688,XGBoost
0_Absolute energy,14,0.5296053376856571,XGBoost
0_MFCC_9,15,0.4957744477499277,XGBoost
0_ECDF Percentile_0,16,0.4868966150368251,XGBoost
0_Slope,17,0.4854591733947397,XGBoost
0_Wavelet absolute mean_27777777.78Hz,18,0.4332607209599888,XGBoost
0_MFCC_8,19,0.4332508200715916,XGBoost
0_Wavelet energy_125000000.0Hz,20,0.4176560840879877,XGBoost
0_LPCC_6,21,0.4038096292401974,XGBoost
0_Wavelet entropy,22,0.3808621846205244,XGBoost
0_Spectral positive turning points,23,0.3541969585154205,XGBoost
0_MFCC_5,24,0.323911737425377,XGBoost
0_LPCC_5,25,0.3160857900798942,XGBoost
0_Median,26,0.2770060303332906,XGBoost
0_Mean,27,0.2697890760411818,XGBoost
0_Wavelet absolute mean_125000000.0Hz,28,0.2687692862603812,XGBoost
0_MFCC_4,29,0.2497265207755379,XGBoost
0_LPCC_1,30,0.2487939662260934,XGBoost
0_Maximum frequency,31,0.2305768277454811,XGBoost
0_Median diff,32,0.21996303332448,XGBoost
0_ECDF Percentile_1,33,0.1715013527476539,XGBoost
0_Spectral decrease,34,0.1423590692179898,XGBoost
0_MFCC_0,35,0.1188697689868199,XGBoost
0_Neighbourhood peaks,36,0.0874585065356145,XGBoost
0_Median absolute diff,37,0.0735369235972563,XGBoost
0_Zero crossing rate,38,0.0244658466304341,XGBoost
0_Negative turning points,39,0.004298009780546,XGBoost
0_Median frequency,40,0.0,XGBoost
0_Power bandwidth,41,0.0,XGBoost
0_Spectral roll-on,42,0.0,XGBoost
0_Spectral entropy,1,13.622535733733647,SVR
0_Peak to peak distance,2,9.691839130797913,SVR
0_Wavelet absolute mean_27777777.78Hz,3,9.44376697624423,SVR
0_Interquartile range,4,9.414420700908892,SVR
0_Spectral decrease,5,7.890918570206903,SVR
0_Spectral variation,6,7.432584977781742,SVR
0_ECDF Percentile_0,7,7.269973937782407,SVR
0_Mean diff,8,7.216329524121008,SVR
0_LPCC_0,9,7.135658194192774,SVR
0_Median,10,7.064043318405603,SVR
0_Absolute energy,11,5.7215269200366095,SVR
0_Max,12,5.710115632286005,SVR
0_MFCC_11,13,4.403275224101112,SVR
0_Wavelet absolute mean_125000000.0Hz,14,4.018237192234217,SVR
0_Mean,15,2.634101529904893,SVR
0_MFCC_5,16,2.1797773673166563,SVR
0_Slope,17,1.469455988195354,SVR
0_Maximum frequency,18,1.3370051673964134,SVR
0_MFCC_9,19,1.303721412932075,SVR
0_Autocorrelation,20,1.1854047320542889,SVR
0_Wavelet entropy,21,0.892990160538644,SVR
0_MFCC_10,22,0.6880636693908428,SVR
0_Wavelet energy_125000000.0Hz,23,0.4380453024045982,SVR
0_MFCC_4,24,0.3093256350034449,SVR
0_MFCC_0,25,0.2593896939001293,SVR
0_Median absolute diff,26,0.2507969686783581,SVR
0_Median diff,27,0.1582736292690645,SVR
0_Histogram mode,28,0.1479369493358918,SVR
0_MFCC_8,29,0.1221308172838868,SVR
0_ECDF Percentile_1,30,0.0276688927608045,SVR
0_LPCC_1,31,0.0,SVR
0_Fundamental frequency,32,0.0,SVR
0_Entropy,33,0.0,SVR
0_LPCC_6,34,0.0,SVR
0_LPCC_5,35,0.0,SVR
0_Median frequency,36,0.0,SVR
0_Negative turning points,37,0.0,SVR
0_Neighbourhood peaks,38,0.0,SVR
0_Power bandwidth,39,0.0,SVR
0_Spectral roll-on,40,0.0,SVR
0_Spectral positive turning points,41,0.0,SVR
0_Zero crossing rate,42,0.0,SVR
0_Peak to peak distance,1,16.699576134633514,Random Forest
0_Spectral entropy,2,7.843415888948054,Random Forest
0_Absolute energy,3,5.465574376547151,Random Forest
0_Autocorrelation,4,5.300737803029392,Random Forest
0_Spectral variation,5,5.08495841922288,Random Forest
0_Entropy,6,4.125263333076114,Random Forest
0_Wavelet energy_125000000.0Hz,7,3.939082921871607,Random Forest
0_Interquartile range,8,3.6851169181188577,Random Forest
0_MFCC_11,9,2.514334572755732,Random Forest
0_ECDF Percentile_0,10,2.460157751773452,Random Forest
0_Histogram mode,11,2.345673525216679,Random Forest
0_Wavelet absolute mean_125000000.0Hz,12,1.9591448405099416,Random Forest
0_Fundamental frequency,13,1.732940891614308,Random Forest
0_Wavelet absolute mean_27777777.78Hz,14,1.4074553191184065,Random Forest
0_Mean diff,15,0.9905367744741342,Random Forest
0_Slope,16,0.9545944805700336,Random Forest
0_LPCC_0,17,0.9389780570352452,Random Forest
0_Median frequency,18,0.854358781415224,Random Forest
0_Wavelet entropy,19,0.7765734932863461,Random Forest
0_ECDF Percentile_1,20,0.7536558822196596,Random Forest
0_MFCC_0,21,0.7482106549811238,Random Forest
0_MFCC_8,22,0.6789192287341382,Random Forest
0_Max,23,0.6467421812269836,Random Forest
0_MFCC_9,24,0.620072943283928,Random Forest
0_Maximum frequency,25,0.443306952584721,Random Forest
0_MFCC_10,26,0.4350657192448774,Random Forest
0_MFCC_5,27,0.432104185122655,Random Forest
0_Zero crossing rate,28,0.4303770110226859,Random Forest
0_Median,29,0.4194723506308471,Random Forest
0_Spectral decrease,30,0.4032812250188241,Random Forest
0_LPCC_5,31,0.2962969377848009,Random Forest
0_MFCC_4,32,0.2090405871359009,Random Forest
0_LPCC_6,33,0.1946854969720977,Random Forest
0_Mean,34,0.1705629362272099,Random Forest
0_LPCC_1,35,0.1520712430758401,Random Forest
0_Spectral positive turning points,36,0.1021677026883388,Random Forest
0_Spectral roll-on,37,0.055799785041809,Random Forest
0_Median absolute diff,38,0.0245967853079239,Random Forest
0_Negative turning points,39,0.0233094195028146,Random Forest
0_Power bandwidth,40,0.020832151333491,Random Forest
0_Neighbourhood peaks,41,0.0040895046273867,Random Forest
0_Median diff,42,0.0,Random Forest
0_Maximum frequency,1,9388187.436628573,Bayesian Ridge
0_Median frequency,2,4596674.213133539,Bayesian Ridge
0_Fundamental frequency,3,2282130.857197263,Bayesian Ridge
0_Spectral roll-on,4,2080633.1987812333,Bayesian Ridge
0_Power bandwidth,5,1314180.0262850826,Bayesian Ridge
0_MFCC_11,6,1441.2033092344982,Bayesian Ridge
0_MFCC_4,7,1323.6925888485578,Bayesian Ridge
0_MFCC_9,8,1235.0483027773787,Bayesian Ridge
0_MFCC_5,9,1128.5233093418683,Bayesian Ridge
0_MFCC_8,10,428.4313712565249,Bayesian Ridge
0_MFCC_0,11,225.62529589718653,Bayesian Ridge
0_MFCC_10,12,176.78892259630473,Bayesian Ridge
0_Spectral decrease,13,6.482571611719811,Bayesian Ridge
0_Spectral positive turning points,14,6.397075006031251,Bayesian Ridge
0_Peak to peak distance,15,6.378938136675909,Bayesian Ridge
0_Autocorrelation,16,6.180567778700847,Bayesian Ridge
0_ECDF Percentile_0,17,3.132608697480673,Bayesian Ridge
0_ECDF Percentile_1,18,2.232961180144204,Bayesian Ridge
0_Max,19,2.2042239566772373,Bayesian Ridge
0_Mean,20,1.7367339559189998,Bayesian Ridge
0_Median,21,1.0750514710423065,Bayesian Ridge
0_Zero crossing rate,22,1.016524767550536,Bayesian Ridge
0_Absolute energy,23,0.9427779502389732,Bayesian Ridge
0_Interquartile range,24,0.3522418279272732,Bayesian Ridge
0_Negative turning points,25,0.2758334879760058,Bayesian Ridge
0_Wavelet absolute mean_27777777.78Hz,26,0.2562754019206616,Bayesian Ridge
0_Spectral variation,27,0.2207496516517814,Bayesian Ridge
0_Spectral entropy,28,0.1605545874280812,Bayesian Ridge
0_Neighbourhood peaks,29,0.1593842472975449,Bayesian Ridge
0_Histogram mode,30,0.1132001826667135,Bayesian Ridge
0_Entropy,31,0.0888901415496416,Bayesian Ridge
0_LPCC_0,32,0.0809451163078101,Bayesian Ridge
0_LPCC_1,33,0.065260311624973,Bayesian Ridge
0_Wavelet energy_125000000.0Hz,34,0.0432641149902953,Bayesian Ridge
0_Wavelet entropy,35,0.0263556365020401,Bayesian Ridge
0_LPCC_5,36,0.0235213670871422,Bayesian Ridge
0_Slope,37,0.0107190381454457,Bayesian Ridge
0_Mean diff,38,0.0087408070639728,Bayesian Ridge
0_LPCC_6,39,0.006612784473427,Bayesian Ridge
0_Wavelet absolute mean_125000000.0Hz,40,0.0035480885755255,Bayesian Ridge
0_Median diff,41,0.0001562903879902,Bayesian Ridge
0_Median absolute diff,42,0.0001015953643034,Bayesian Ridge
0_Peak to peak distance,1,38.15666316518088,XGBoost
0_Spectral entropy,2,20.9535831008836,XGBoost
0_Autocorrelation,3,10.603560366783292,XGBoost
0_Interquartile range,4,3.893473667639805,XGBoost
0_Spectral variation,5,2.718348505142394,XGBoost
0_Entropy,6,2.6635157303239523,XGBoost
0_Max,7,2.2909620306565124,XGBoost
0_Histogram mode,8,1.3185723016572497,XGBoost
0_Fundamental frequency,9,1.2022161823555824,XGBoost
0_Mean diff,10,1.189309032847608,XGBoost
0_Wavelet energy_125000000.0Hz,11,0.8676217730407288,XGBoost
0_MFCC_5,12,0.7894853455934052,XGBoost
0_MFCC_9,13,0.7598038163118063,XGBoost
0_Wavelet absolute mean_125000000.0Hz,14,0.7436492193347156,XGBoost
0_Absolute energy,15,0.7000721212836603,XGBoost
0_LPCC_5,16,0.6113854585466598,XGBoost
0_MFCC_8,17,0.5997937337833147,XGBoost
0_LPCC_1,18,0.5978036010350412,XGBoost
0_Wavelet entropy,19,0.5837493432724228,XGBoost
0_Slope,20,0.5279131974081974,XGBoost
0_MFCC_10,21,0.5181085996184499,XGBoost
0_Maximum frequency,22,0.4325446795140082,XGBoost
0_MFCC_4,23,0.4179863310971608,XGBoost
0_Spectral positive turning points,24,0.3985021648321299,XGBoost
0_ECDF Percentile_0,25,0.3839769695022453,XGBoost
0_Mean,26,0.3746717167336494,XGBoost
0_MFCC_11,27,0.3414191413788124,XGBoost
0_MFCC_0,28,0.3298881015644719,XGBoost
0_LPCC_0,29,0.3195246085329603,XGBoost
0_Median,30,0.2970256050799662,XGBoost
0_LPCC_6,31,0.2958975365040823,XGBoost
0_Wavelet absolute mean_27777777.78Hz,32,0.2570920565396548,XGBoost
0_Median frequency,33,0.2167204079727332,XGBoost
0_ECDF Percentile_1,34,0.2061886357530952,XGBoost
0_Median absolute diff,35,0.188869122827022,XGBoost
0_Spectral decrease,36,0.1478693885788322,XGBoost
0_Neighbourhood peaks,37,0.1197748405800512,XGBoost
0_Zero crossing rate,38,0.0112808399995168,XGBoost
0_Median diff,39,0.0,XGBoost
0_Negative turning points,40,0.0,XGBoost
0_Power bandwidth,41,0.0,XGBoost
0_Spectral roll-on,42,0.0,XGBoost
0_Interquartile range,1,10.511468199693017,SVR
0_Spectral entropy,2,10.207061377421692,SVR
0_Peak to peak distance,3,9.775472537088058,SVR
0_ECDF Percentile_0,4,8.27074711130463,SVR
0_LPCC_0,5,8.025722359456795,SVR
0_Mean diff,6,7.988183556573484,SVR
0_Spectral decrease,7,7.926870341978347,SVR
0_Wavelet absolute mean_27777777.78Hz,8,7.18856596901792,SVR
0_Median,9,6.736596976429652,SVR
0_Spectral variation,10,6.504412776699759,SVR
0_Absolute energy,11,5.591544632486652,SVR
0_Slope,12,4.742436246217559,SVR
0_Max,13,4.239062731443288,SVR
0_MFCC_11,14,3.0457866629400376,SVR
0_Wavelet absolute mean_125000000.0Hz,15,2.9234665862544005,SVR
0_Mean,16,1.2008412217350914,SVR
0_MFCC_5,17,0.8274221903609473,SVR
0_Autocorrelation,18,0.82625604248154,SVR
0_MFCC_9,19,0.728928826490004,SVR
0_MFCC_4,20,0.5067226046008217,SVR
0_Wavelet energy_125000000.0Hz,21,0.4516704649519087,SVR
0_Wavelet entropy,22,0.2789103603656009,SVR
0_MFCC_10,23,0.277755015944583,SVR
0_Median diff,24,0.1539430939033445,SVR
0_ECDF Percentile_1,25,0.0885888275240212,SVR
0_Maximum frequency,26,0.0258226952223315,SVR
0_Spectral roll-on,27,0.0245723318025206,SVR
0_Histogram mode,28,0.0,SVR
0_Entropy,29,0.0,SVR
0_Fundamental frequency,30,0.0,SVR
0_LPCC_1,31,0.0,SVR
0_MFCC_0,32,0.0,SVR
0_LPCC_5,33,0.0,SVR
0_MFCC_8,34,0.0,SVR
0_Median absolute diff,35,0.0,SVR
0_LPCC_6,36,0.0,SVR
0_Negative turning points,37,0.0,SVR
0_Neighbourhood peaks,38,0.0,SVR
0_Power bandwidth,39,0.0,SVR
0_Median frequency,40,0.0,SVR
0_Spectral positive turning points,41,0.0,SVR
0_Zero crossing rate,42,0.0,SVR
0_Peak to peak distance,1,15.933512835955876,Random Forest
0_Spectral entropy,2,9.07960896513736,Random Forest
0_Absolute energy,3,5.7962782926141045,Random Forest
0_Spectral variation,4,5.096278268962812,Random Forest
0_Autocorrelation,5,4.999249679647589,Random Forest
0_Interquartile range,6,3.7297554381206304,Random Forest
0_Entropy,7,3.67619144926272,Random Forest
0_Wavelet energy_125000000.0Hz,8,3.413215632925051,Random Forest
0_Histogram mode,9,2.7624263652417342,Random Forest
0_MFCC_11,10,1.982334071721757,Random Forest
0_Wavelet absolute mean_125000000.0Hz,11,1.7046930993629308,Random Forest
0_ECDF Percentile_0,12,1.4837274356757602,Random Forest
0_Slope,13,1.3117627967797532,Random Forest
0_Wavelet absolute mean_27777777.78Hz,14,1.1594045833594244,Random Forest
0_Fundamental frequency,15,1.1400752975065884,Random Forest
0_Mean diff,16,1.071844767134311,Random Forest
0_ECDF Percentile_1,17,0.9845049010399962,Random Forest
0_LPCC_0,18,0.980258289452875,Random Forest
0_MFCC_9,19,0.8623534754282872,Random Forest
0_MFCC_0,20,0.7798696319229356,Random Forest
0_Wavelet entropy,21,0.6083915813849541,Random Forest
0_MFCC_8,22,0.5814452539978083,Random Forest
0_MFCC_10,23,0.565654288662287,Random Forest
0_Spectral decrease,24,0.5324354777157307,Random Forest
0_Median frequency,25,0.4630360568944675,Random Forest
0_Median,26,0.3946595886959771,Random Forest
0_MFCC_5,27,0.3729951735201913,Random Forest
0_Maximum frequency,28,0.3241487422326036,Random Forest
0_Mean,29,0.2993479691334379,Random Forest
0_Zero crossing rate,30,0.2545269771254467,Random Forest
0_Max,31,0.2456568177627167,Random Forest
0_LPCC_1,32,0.2075529269744719,Random Forest
0_LPCC_5,33,0.2053941992818998,Random Forest
0_LPCC_6,34,0.1843268173431512,Random Forest
0_MFCC_4,35,0.1836054677652155,Random Forest
0_Spectral positive turning points,36,0.1029096477992366,Random Forest
0_Power bandwidth,37,0.0569394928502539,Random Forest
0_Negative turning points,38,0.0411826692770856,Random Forest
0_Median absolute diff,39,0.0208379760353515,Random Forest
0_Neighbourhood peaks,40,0.0084724301392212,Random Forest
0_Spectral roll-on,41,0.0066393138967454,Random Forest
0_Median diff,42,0.0,Random Forest
0_Maximum frequency,1,10313294.8079942,Bayesian Ridge
0_Median frequency,2,5202555.438005422,Bayesian Ridge
0_Power bandwidth,3,1562407.956917805,Bayesian Ridge
0_Spectral roll-on,4,1416730.5447278016,Bayesian Ridge
0_Fundamental frequency,5,1373520.7352086494,Bayesian Ridge
0_MFCC_4,6,1395.8026422035905,Bayesian Ridge
0_MFCC_9,7,1331.1196040961731,Bayesian Ridge
0_MFCC_11,8,1283.3598856631595,Bayesian Ridge
0_MFCC_5,9,1236.1868212987372,Bayesian Ridge
0_MFCC_8,10,404.8656982506004,Bayesian Ridge
0_MFCC_10,11,296.7758283384523,Bayesian Ridge
0_MFCC_0,12,224.34521733422545,Bayesian Ridge
0_Absolute energy,13,97.83981145934082,Bayesian Ridge
0_Peak to peak distance,14,5.683365407208318,Bayesian Ridge
0_Spectral decrease,15,5.274727335579414,Bayesian Ridge
0_Autocorrelation,16,4.144738004076701,Bayesian Ridge
0_ECDF Percentile_0,17,3.044459795775662,Bayesian Ridge
0_Spectral positive turning points,18,2.262536645112693,Bayesian Ridge
0_ECDF Percentile_1,19,2.10047758216106,Bayesian Ridge
0_Max,20,1.8857136573119453,Bayesian Ridge
0_Mean,21,1.807938944861308,Bayesian Ridge
0_Zero crossing rate,22,0.9393404882031312,Bayesian Ridge
0_Median,23,0.8151583866995527,Bayesian Ridge
0_Interquartile range,24,0.69273233447509,Bayesian Ridge
0_Negative turning points,25,0.392181593843519,Bayesian Ridge
0_Spectral variation,26,0.2745533117892997,Bayesian Ridge
0_Histogram mode,27,0.2532058408044382,Bayesian Ridge
0_Wavelet absolute mean_27777777.78Hz,28,0.203985409963577,Bayesian Ridge
0_Spectral entropy,29,0.150641080151547,Bayesian Ridge
0_Entropy,30,0.0910263783535203,Bayesian Ridge
0_Neighbourhood peaks,31,0.0860779868320062,Bayesian Ridge
0_LPCC_1,32,0.0780766296109127,Bayesian Ridge
0_LPCC_0,33,0.0487545087284259,Bayesian Ridge
0_Wavelet energy_125000000.0Hz,34,0.0421784761335252,Bayesian Ridge
0_Wavelet entropy,35,0.0288773385436619,Bayesian Ridge
0_LPCC_5,36,0.0283394970739683,Bayesian Ridge
0_LPCC_6,37,0.0150074705305799,Bayesian Ridge
0_Mean diff,38,0.0140980013632447,Bayesian Ridge
0_Slope,39,0.0096997740654565,Bayesian Ridge
0_Median diff,40,0.0003026699807729,Bayesian Ridge
0_Median absolute diff,41,0.0003022845662036,Bayesian Ridge
0_Wavelet absolute mean_125000000.0Hz,42,3.821203305327397e-05,Bayesian Ridge
0_Peak to peak distance,1,31.154877895474183,XGBoost
0_Spectral entropy,2,20.20080455711696,XGBoost
0_Autocorrelation,3,9.501652058267592,XGBoost
0_Interquartile range,4,4.437187641594436,XGBoost
0_Spectral variation,5,3.2728465289436293,XGBoost
0_Absolute energy,6,2.379281530406822,XGBoost
0_Mean diff,7,2.0704098804315247,XGBoost
0_Entropy,8,1.9533046636840483,XGBoost
0_Wavelet energy_125000000.0Hz,9,1.3608958451690771,XGBoost
0_Slope,10,1.2014808785467097,XGBoost
0_Histogram mode,11,1.1842609001727775,XGBoost
0_Max,12,1.1052296818206089,XGBoost
0_Fundamental frequency,13,0.8263904026279842,XGBoost
0_MFCC_5,14,0.7847499387482181,XGBoost
0_MFCC_11,15,0.7462891518350688,XGBoost
0_MFCC_9,16,0.7440530264554546,XGBoost
0_MFCC_10,17,0.6065557334827881,XGBoost
0_LPCC_6,18,0.5942334500109777,XGBoost
0_Median,19,0.5294839580483423,XGBoost
0_Wavelet absolute mean_125000000.0Hz,20,0.5104212449639105,XGBoost
0_Wavelet entropy,21,0.4924874382816255,XGBoost
0_LPCC_1,22,0.4348731343819449,XGBoost
0_LPCC_5,23,0.3809090737897283,XGBoost
0_MFCC_8,24,0.3620857427218308,XGBoost
0_Wavelet absolute mean_27777777.78Hz,25,0.3534500607070824,XGBoost
0_Spectral positive turning points,26,0.3530125733172521,XGBoost
0_Maximum frequency,27,0.3262538656249642,XGBoost
0_LPCC_0,28,0.2958661707984903,XGBoost
0_MFCC_4,29,0.2802234310184294,XGBoost
0_ECDF Percentile_1,30,0.2780354198947549,XGBoost
0_Spectral decrease,31,0.2629853665639957,XGBoost
0_Mean,32,0.260599791651095,XGBoost
0_Zero crossing rate,33,0.2106976635287204,XGBoost
0_MFCC_0,34,0.2101223102241134,XGBoost
0_ECDF Percentile_0,35,0.2002268738520642,XGBoost
0_Median frequency,36,0.1376193351268768,XGBoost
0_Negative turning points,37,0.1197832739648719,XGBoost
0_Neighbourhood peaks,38,0.0344497603207826,XGBoost
0_Median absolute diff,39,0.0227450046062469,XGBoost
0_Median diff,40,0.0,XGBoost
0_Power bandwidth,41,0.0,XGBoost
0_Spectral roll-on,42,0.0,XGBoost
0_Spectral variation,1,9.791020283924665,SVR
0_Interquartile range,2,9.43908460967673,SVR
0_Wavelet absolute mean_27777777.78Hz,3,8.756689485951323,SVR
0_Peak to peak distance,4,8.263086957094426,SVR
0_Median,5,8.255978609607325,SVR
0_Spectral entropy,6,8.075920766152295,SVR
0_ECDF Percentile_0,7,7.670799014923509,SVR
0_Mean diff,8,7.5673731296433,SVR
0_LPCC_0,9,7.148452285834805,SVR
0_Spectral decrease,10,7.12270211677694,SVR
0_Absolute energy,11,6.781000708357483,SVR
0_Max,12,4.163447886611828,SVR
0_Wavelet absolute mean_125000000.0Hz,13,3.330794031308349,SVR
0_Slope,14,3.013675249161267,SVR
0_MFCC_11,15,2.4023080794627467,SVR
0_Mean,16,2.3924759361441748,SVR
0_Autocorrelation,17,1.3178339683190543,SVR
0_MFCC_5,18,1.0961572766521828,SVR
0_ECDF Percentile_1,19,0.8214603998506748,SVR
0_Wavelet entropy,20,0.5895951534074747,SVR
0_MFCC_10,21,0.3843847747220119,SVR
0_MFCC_9,22,0.2368069173439238,SVR
0_Median diff,23,0.1790661895467212,SVR
0_LPCC_1,24,0.0857345468551493,SVR
0_Wavelet energy_125000000.0Hz,25,0.0750737546271874,SVR
0_MFCC_4,26,0.0691576112588164,SVR
0_Maximum frequency,27,0.0564944614208119,SVR
0_MFCC_0,28,0.0241763553905934,SVR
0_Entropy,29,0.0,SVR
0_Fundamental frequency,30,0.0,SVR
0_Histogram mode,31,0.0,SVR
0_LPCC_6,32,0.0,SVR
0_LPCC_5,33,0.0,SVR
0_MFCC_8,34,0.0,SVR
0_Median absolute diff,35,0.0,SVR
0_Median frequency,36,0.0,SVR
0_Negative turning points,37,0.0,SVR
0_Neighbourhood peaks,38,0.0,SVR
0_Power bandwidth,39,0.0,SVR
0_Spectral roll-on,40,0.0,SVR
0_Spectral positive turning points,41,0.0,SVR
0_Zero crossing rate,42,0.0,SVR
0_Peak to peak distance,1,14.446464074650844,Random Forest
0_Spectral entropy,2,8.182626624929691,Random Forest
0_Absolute energy,3,7.05772530885247,Random Forest
0_Autocorrelation,4,5.688074924802654,Random Forest
0_Spectral variation,5,5.264258409098628,Random Forest
0_Entropy,6,3.94643308899696,Random Forest
0_Interquartile range,7,3.6352306058248174,Random Forest
0_Wavelet energy_125000000.0Hz,8,3.280173429092493,Random Forest
0_ECDF Percentile_0,9,2.831734476581649,Random Forest
0_Histogram mode,10,2.449790813672295,Random Forest
0_MFCC_11,11,1.9374154881021008,Random Forest
0_Wavelet absolute mean_125000000.0Hz,12,1.863457304998456,Random Forest
0_Slope,13,1.2292382307095375,Random Forest
0_LPCC_0,14,1.0966443259316652,Random Forest
0_Fundamental frequency,15,1.0610126697876334,Random Forest
0_Median frequency,16,0.8868851108456655,Random Forest
0_Mean diff,17,0.8648948578418075,Random Forest
0_MFCC_0,18,0.857242814375662,Random Forest
0_MFCC_8,19,0.8392009556948828,Random Forest
0_Wavelet absolute mean_27777777.78Hz,20,0.7618889442285989,Random Forest
0_Wavelet entropy,21,0.5739801256793474,Random Forest
0_MFCC_9,22,0.5622380794774277,Random Forest
0_MFCC_5,23,0.5041578185216367,Random Forest
0_ECDF Percentile_1,24,0.4873890698256126,Random Forest
0_Spectral decrease,25,0.4800789161917135,Random Forest
0_Median,26,0.4683876665342134,Random Forest
0_MFCC_10,27,0.3672789076970889,Random Forest
0_Max,28,0.3183563317112935,Random Forest
0_Zero crossing rate,29,0.2924859884850992,Random Forest
0_Mean,30,0.2661086258910906,Random Forest
0_LPCC_1,31,0.2622303935236608,Random Forest
0_Maximum frequency,32,0.2590983833844618,Random Forest
0_LPCC_6,33,0.2556144542397932,Random Forest
0_LPCC_5,34,0.1977686810573252,Random Forest
0_MFCC_4,35,0.1522164723262501,Random Forest
0_Spectral positive turning points,36,0.0651621336943624,Random Forest
0_Power bandwidth,37,0.0411451517557104,Random Forest
0_Median absolute diff,38,0.0269555971225723,Random Forest
0_Spectral roll-on,39,0.0269542880217234,Random Forest
0_Negative turning points,40,0.0268059179385813,Random Forest
0_Neighbourhood peaks,41,0.0042865911077708,Random Forest
0_Median diff,42,0.0,Random Forest
0_Maximum frequency,1,130214855.62454516,Bayesian Ridge
0_Median frequency,2,5738972.324272716,Bayesian Ridge
0_Spectral roll-on,3,1724633.210240984,Bayesian Ridge
0_Power bandwidth,4,1486731.7219494088,Bayesian Ridge
0_Fundamental frequency,5,1131826.0271085112,Bayesian Ridge
0_MFCC_4,6,1341.6770752697962,Bayesian Ridge
0_MFCC_11,7,1229.355193761986,Bayesian Ridge
0_MFCC_5,8,984.8697757335912,Bayesian Ridge
0_MFCC_9,9,864.612161284907,Bayesian Ridge
0_MFCC_8,10,259.28565361362007,Bayesian Ridge
0_MFCC_0,11,242.4843779488936,Bayesian Ridge
0_MFCC_10,12,85.48150173063043,Bayesian Ridge
0_Absolute energy,13,42.81775526798104,Bayesian Ridge
0_Spectral decrease,14,6.6385719928463445,Bayesian Ridge
0_Autocorrelation,15,6.584035758602169,Bayesian Ridge
0_Peak to peak distance,16,5.723681835266352,Bayesian Ridge
0_ECDF Percentile_0,17,3.4029199325287243,Bayesian Ridge
0_Spectral positive turning points,18,3.045551054727212,Bayesian Ridge
0_ECDF Percentile_1,19,2.7578576946960265,Bayesian Ridge
0_Max,20,2.1847255570678423,Bayesian Ridge
0_Mean,21,1.861849824989113,Bayesian Ridge
0_Interquartile range,22,1.0516028196022635,Bayesian Ridge
0_Median,23,1.022273234346796,Bayesian Ridge
0_Zero crossing rate,24,0.7030888258144894,Bayesian Ridge
0_Spectral variation,25,0.2835034503645343,Bayesian Ridge
0_Negative turning points,26,0.2686476751572141,Bayesian Ridge
0_Wavelet absolute mean_27777777.78Hz,27,0.2095139862876727,Bayesian Ridge
0_Histogram mode,28,0.1962073263537671,Bayesian Ridge
0_Spectral entropy,29,0.124293669714901,Bayesian Ridge
0_LPCC_0,30,0.0996920162393835,Bayesian Ridge
0_LPCC_1,31,0.0974763069311198,Bayesian Ridge
0_Neighbourhood peaks,32,0.0626340444444864,Bayesian Ridge
0_Entropy,33,0.0574361225830101,Bayesian Ridge
0_Wavelet energy_125000000.0Hz,34,0.0369874761972079,Bayesian Ridge
0_Wavelet entropy,35,0.0287599873854481,Bayesian Ridge
0_LPCC_5,36,0.0272716941716044,Bayesian Ridge
0_LPCC_6,37,0.0147478026675653,Bayesian Ridge
0_Mean diff,38,0.0114686651336396,Bayesian Ridge
0_Wavelet absolute mean_125000000.0Hz,39,0.0093963722971179,Bayesian Ridge
0_Slope,40,0.0088903868033676,Bayesian Ridge
0_Median absolute diff,41,0.0009660647261982,Bayesian Ridge
0_Median diff,42,0.0002688764883948,Bayesian Ridge
0_Peak to peak distance,1,29.20366904018981,XGBoost
0_Spectral entropy,2,18.69951669060705,XGBoost
0_Autocorrelation,3,10.014923990821837,XGBoost
0_Spectral variation,4,3.5871785591096312,XGBoost
0_Absolute energy,5,3.395078860422596,XGBoost
0_Interquartile range,6,2.658186341370022,XGBoost
0_Entropy,7,2.59261022938791,XGBoost
0_Mean diff,8,1.987872908334776,XGBoost
0_Wavelet absolute mean_125000000.0Hz,9,1.1727956578872476,XGBoost
0_Histogram mode,10,1.1292149312677482,XGBoost
0_Slope,11,0.9290313084168362,XGBoost
0_Fundamental frequency,12,0.7759594514184939,XGBoost
0_Max,13,0.7694168816016985,XGBoost
0_MFCC_11,14,0.7434327247690254,XGBoost
0_MFCC_5,15,0.7141362556820734,XGBoost
0_Wavelet energy_125000000.0Hz,16,0.6352797766037908,XGBoost
0_ECDF Percentile_1,17,0.5612188048169018,XGBoost
0_LPCC_0,18,0.5322200107438798,XGBoost
0_MFCC_8,19,0.4920528755166877,XGBoost
0_MFCC_10,20,0.4697989317405966,XGBoost
0_LPCC_5,21,0.4425863439941158,XGBoost
0_LPCC_6,22,0.3653165336123977,XGBoost
0_MFCC_9,23,0.3590804603140491,XGBoost
0_MFCC_0,24,0.3452791504162053,XGBoost
0_Spectral positive turning points,25,0.3339015564819798,XGBoost
0_Wavelet entropy,26,0.3132010776969294,XGBoost
0_Median frequency,27,0.2748710632021851,XGBoost
0_Median absolute diff,28,0.2737737206985553,XGBoost
0_Spectral decrease,29,0.2310081714827566,XGBoost
0_Median,30,0.2221778364108876,XGBoost
0_MFCC_4,31,0.2186454535779853,XGBoost
0_Mean,32,0.1849470502844701,XGBoost
0_ECDF Percentile_0,33,0.184554090722107,XGBoost
0_LPCC_1,34,0.1794851859857638,XGBoost
0_Wavelet absolute mean_27777777.78Hz,35,0.1739305103194589,XGBoost
0_Maximum frequency,36,0.1673709057266513,XGBoost
0_Negative turning points,37,0.0907994352523237,XGBoost
0_Neighbourhood peaks,38,0.0495064749902114,XGBoost
0_Zero crossing rate,39,0.0432973613917827,XGBoost
0_Median diff,40,0.0106198031296332,XGBoost
0_Power bandwidth,41,0.0,XGBoost
0_Spectral roll-on,42,0.0,XGBoost
0_Peak to peak distance,1,11.436158160200849,SVR
0_LPCC_0,2,10.545618360096311,SVR
0_Spectral entropy,3,9.859649953804418,SVR
0_ECDF Percentile_0,4,9.747758345938328,SVR
0_Spectral decrease,5,8.965712533214289,SVR
0_Spectral variation,6,8.877781194926877,SVR
0_Interquartile range,7,8.263964099594924,SVR
0_Median,8,7.802741142142183,SVR
0_Wavelet absolute mean_27777777.78Hz,9,7.558290954158971,SVR
0_Wavelet absolute mean_125000000.0Hz,10,6.1101902664527215,SVR
0_Mean diff,11,5.957932787860951,SVR
0_Max,12,5.633192382209717,SVR
0_Absolute energy,13,5.603559486224901,SVR
0_Slope,14,2.8813231811168043,SVR
0_MFCC_11,15,2.464339433315925,SVR
0_MFCC_5,16,1.6896178103779749,SVR
0_Mean,17,1.2354179747369032,SVR
0_MFCC_9,18,0.9794747280029626,SVR
0_MFCC_10,19,0.6603421409173453,SVR
0_Autocorrelation,20,0.6466996534767561,SVR
0_Maximum frequency,21,0.5510571851978331,SVR
0_MFCC_4,22,0.2364477394323567,SVR
0_Wavelet energy_125000000.0Hz,23,0.207263658430661,SVR
0_Wavelet entropy,24,0.1983238485604484,SVR
0_ECDF Percentile_1,25,0.1250778667380803,SVR
0_Fundamental frequency,26,0.0,SVR
0_LPCC_1,27,0.0,SVR
0_Histogram mode,28,0.0,SVR
0_Entropy,29,0.0,SVR
0_Median absolute diff,30,0.0,SVR
0_MFCC_0,31,0.0,SVR
0_LPCC_6,32,0.0,SVR
0_LPCC_5,33,0.0,SVR
0_MFCC_8,34,0.0,SVR
0_Median diff,35,0.0,SVR
0_Median frequency,36,0.0,SVR
0_Negative turning points,37,0.0,SVR
0_Neighbourhood peaks,38,0.0,SVR
0_Power bandwidth,39,0.0,SVR
0_Spectral roll-on,40,0.0,SVR
0_Spectral positive turning points,41,0.0,SVR
0_Zero crossing rate,42,0.0,SVR
0_Peak to peak distance,1,15.756138512421828,Random Forest
0_Spectral entropy,2,8.301260147671462,Random Forest
0_Absolute energy,3,7.250904044999687,Random Forest
0_Autocorrelation,4,5.217074159052729,Random Forest
0_Spectral variation,5,4.99401348164426,Random Forest
0_Entropy,6,4.722445448229236,Random Forest
0_Interquartile range,7,4.506603982371868,Random Forest
0_Histogram mode,8,2.887847813668994,Random Forest
0_ECDF Percentile_0,9,2.7553039691299777,Random Forest
0_Wavelet energy_125000000.0Hz,10,2.644223324967692,Random Forest
0_MFCC_11,11,1.99425931036352,Random Forest
0_Wavelet absolute mean_27777777.78Hz,12,1.6691834332800155,Random Forest
0_Wavelet absolute mean_125000000.0Hz,13,1.5887559149835804,Random Forest
0_Fundamental frequency,14,1.107128605813673,Random Forest
0_LPCC_0,15,1.0730385768136317,Random Forest
0_Slope,16,0.927582978546992,Random Forest
0_MFCC_9,17,0.8400614747888095,Random Forest
0_Wavelet entropy,18,0.8039367889093314,Random Forest
0_Median frequency,19,0.6915723727785206,Random Forest
0_MFCC_0,20,0.6801616270872066,Random Forest
0_Mean diff,21,0.6219248864818131,Random Forest
0_ECDF Percentile_1,22,0.5995877781647415,Random Forest
0_Max,23,0.5526571676265137,Random Forest
0_MFCC_8,24,0.5221395167808203,Random Forest
0_MFCC_5,25,0.5021531367957127,Random Forest
0_MFCC_10,26,0.4981460290646804,Random Forest
0_Median,27,0.3702621549025798,Random Forest
0_Spectral decrease,28,0.3490407979812706,Random Forest
0_Maximum frequency,29,0.3076700722537779,Random Forest
0_LPCC_5,30,0.2119455637354171,Random Forest
0_LPCC_1,31,0.2049213324235054,Random Forest
0_LPCC_6,32,0.1931394009100351,Random Forest
0_Zero crossing rate,33,0.1913599917647817,Random Forest
0_Mean,34,0.1674185221995615,Random Forest
0_MFCC_4,35,0.1399559210996531,Random Forest
0_Median absolute diff,36,0.132786917424295,Random Forest
0_Spectral positive turning points,37,0.0604992862679296,Random Forest
0_Power bandwidth,38,0.0335207736992587,Random Forest
0_Negative turning points,39,0.029236594890741,Random Forest
0_Spectral roll-on,40,0.0226603605325333,Random Forest
0_Neighbourhood peaks,41,0.0051535995874709,Random Forest
0_Median diff,42,0.0,Random Forest
0_Maximum frequency,1,110645686.74933352,Bayesian Ridge
0_Median frequency,2,3569989.014345598,Bayesian Ridge
0_Spectral roll-on,3,1388353.2621988382,Bayesian Ridge
0_Power bandwidth,4,1252401.0051210397,Bayesian Ridge
0_Fundamental frequency,5,5292.502209633138,Bayesian Ridge
0_MFCC_4,6,1338.0925092822836,Bayesian Ridge
0_MFCC_5,7,1204.9221959213353,Bayesian Ridge
0_MFCC_9,8,1181.992600370883,Bayesian Ridge
0_MFCC_11,9,1157.2972804557448,Bayesian Ridge
0_MFCC_8,10,370.5941604693477,Bayesian Ridge
0_MFCC_10,11,293.800786968137,Bayesian Ridge
0_MFCC_0,12,202.49206046719976,Bayesian Ridge
0_Absolute energy,13,124.60130607363052,Bayesian Ridge
0_Peak to peak distance,14,8.234205056185322,Bayesian Ridge
0_Autocorrelation,15,6.608256462620824,Bayesian Ridge
0_Spectral decrease,16,4.047729152050101,Bayesian Ridge
0_ECDF Percentile_0,17,3.4765588834797345,Bayesian Ridge
0_Max,18,2.621997285014005,Bayesian Ridge
0_ECDF Percentile_1,19,2.278317667498681,Bayesian Ridge
0_Mean,20,2.170025859427016,Bayesian Ridge
0_Spectral positive turning points,21,2.123598000905402,Bayesian Ridge
0_Zero crossing rate,22,1.391692522294716,Bayesian Ridge
0_Interquartile range,23,0.84496243572096,Bayesian Ridge
0_Median,24,0.7793474755565825,Bayesian Ridge
0_Negative turning points,25,0.2600684322069398,Bayesian Ridge
0_Wavelet absolute mean_27777777.78Hz,26,0.1922175893597055,Bayesian Ridge
0_Spectral entropy,27,0.19174761223985,Bayesian Ridge
0_Entropy,28,0.1340424289878277,Bayesian Ridge
0_Histogram mode,29,0.1276746595955633,Bayesian Ridge
0_LPCC_0,30,0.062294173560867,Bayesian Ridge
0_LPCC_1,31,0.0569206343257595,Bayesian Ridge
0_Spectral variation,32,0.0507886706269408,Bayesian Ridge
0_Wavelet energy_125000000.0Hz,33,0.0297778940451188,Bayesian Ridge
0_Wavelet entropy,34,0.0097217898798477,Bayesian Ridge
0_LPCC_5,35,0.0096303632090128,Bayesian Ridge
0_Slope,36,0.0094846453795099,Bayesian Ridge
0_Wavelet absolute mean_125000000.0Hz,37,0.007418784863733,Bayesian Ridge
0_Neighbourhood peaks,38,0.0035514742501675,Bayesian Ridge
0_Mean diff,39,0.0035259580610675,Bayesian Ridge
0_Median absolute diff,40,0.0011886974553655,Bayesian Ridge
0_LPCC_6,41,0.0010851862334032,Bayesian Ridge
0_Median diff,42,0.0,Bayesian Ridge
0_Peak to peak distance,1,32.29082797669891,XGBoost
0_Spectral entropy,2,18.348920634297343,XGBoost
0_Autocorrelation,3,9.050428138454258,XGBoost
0_Interquartile range,4,4.194021842926491,XGBoost
0_Absolute energy,5,4.134682020721772,XGBoost
0_Entropy,6,3.190643240880404,XGBoost
0_Spectral variation,7,3.124598599176652,XGBoost
0_Histogram mode,8,1.3216243321172894,XGBoost
0_Wavelet absolute mean_125000000.0Hz,9,1.11991282054144,XGBoost
0_Fundamental frequency,10,1.0906617687324676,XGBoost
0_ECDF Percentile_1,11,1.0635705263877904,XGBoost
0_MFCC_5,12,1.0132988517561303,XGBoost
0_LPCC_0,13,0.8605283906763731,XGBoost
0_Mean diff,14,0.8307737848991531,XGBoost
0_Max,15,0.8301060417074714,XGBoost
0_Slope,16,0.6328503205596779,XGBoost
0_MFCC_9,17,0.6233902099798745,XGBoost
0_MFCC_0,18,0.6121425520412624,XGBoost
0_Wavelet absolute mean_27777777.78Hz,19,0.6045649058296655,XGBoost
0_MFCC_10,20,0.5174760757712337,XGBoost
0_ECDF Percentile_0,21,0.4276370832733808,XGBoost
0_MFCC_11,22,0.3722458325585971,XGBoost
0_LPCC_5,23,0.3718067112958682,XGBoost
0_Wavelet entropy,24,0.3480431107409298,XGBoost
0_LPCC_6,25,0.3163322097706299,XGBoost
0_Spectral decrease,26,0.2768001312726488,XGBoost
0_Wavelet energy_125000000.0Hz,27,0.2314870408623168,XGBoost
0_Spectral positive turning points,28,0.217051140724495,XGBoost
0_LPCC_1,29,0.2161676446725925,XGBoost
0_Median absolute diff,30,0.2103454011912146,XGBoost
0_Mean,31,0.198878126352032,XGBoost
0_Median,32,0.1932118950401743,XGBoost
0_MFCC_8,33,0.193166084938248,XGBoost
0_Maximum frequency,34,0.1787653480797385,XGBoost
0_MFCC_4,35,0.1467727245567366,XGBoost
0_Zero crossing rate,36,0.069508770118095,XGBoost
0_Median frequency,37,0.031953779657185,XGBoost
0_Negative turning points,38,0.0107166013429562,XGBoost
0_Spectral roll-on,39,0.0099907700995604,XGBoost
0_Neighbourhood peaks,40,0.0012846014261245,XGBoost
0_Median diff,41,0.0,XGBoost
0_Power bandwidth,42,0.0,XGBoost
0_Spectral decrease,1,10.168671699931704,SVR
0_Interquartile range,2,9.892905164635224,SVR
0_Peak to peak distance,3,9.141044718227926,SVR
0_Spectral entropy,4,8.866882735971666,SVR
0_Spectral variation,5,8.729537878282297,SVR
0_ECDF Percentile_0,6,8.433077351071214,SVR
0_Wavelet absolute mean_27777777.78Hz,7,7.283145535329696,SVR
0_LPCC_0,8,7.271111282115123,SVR
0_Median,9,6.536285994315373,SVR
0_Mean diff,10,6.064600601437825,SVR
0_Absolute energy,11,5.963188030361843,SVR
0_Max,12,4.278820272170581,SVR
0_Wavelet absolute mean_125000000.0Hz,13,4.110930693333235,SVR
0_MFCC_11,14,4.042001703643645,SVR
0_Slope,15,2.693077766956603,SVR
0_Autocorrelation,16,2.4745488785937457,SVR
0_MFCC_5,17,2.048028607705491,SVR
0_MFCC_9,18,1.3639490142005046,SVR
0_Mean,19,0.846180618945558,SVR
0_Wavelet energy_125000000.0Hz,20,0.5817054114252957,SVR
0_MFCC_10,21,0.5698825190398732,SVR
0_Maximum frequency,22,0.5253143183148787,SVR
0_Wavelet entropy,23,0.3193146518364249,SVR
0_ECDF Percentile_1,24,0.2360796924580968,SVR
0_LPCC_1,25,0.1445057823696712,SVR
0_MFCC_4,26,0.0622951756935655,SVR
0_LPCC_5,27,0.0597347342853844,SVR
0_MFCC_0,28,0.0130031598850207,SVR
0_Entropy,29,0.0,SVR
0_Fundamental frequency,30,0.0,SVR
0_Histogram mode,31,0.0,SVR
0_Median absolute diff,32,0.0,SVR
0_LPCC_6,33,0.0,SVR
0_MFCC_8,34,0.0,SVR
0_Median diff,35,0.0,SVR
0_Median frequency,36,0.0,SVR
0_Negative turning points,37,0.0,SVR
0_Neighbourhood peaks,38,0.0,SVR
0_Power bandwidth,39,0.0,SVR
0_Spectral roll-on,40,0.0,SVR
0_Spectral positive turning points,41,0.0,SVR
0_Zero crossing rate,42,0.0,SVR
0_Peak to peak distance,1,15.103702576715753,Random Forest
0_Spectral entropy,2,8.496829171732735,Random Forest
0_Autocorrelation,3,6.1669656703722735,Random Forest
0_Absolute energy,4,5.737349286909851,Random Forest
0_Entropy,5,4.938171480374197,Random Forest
0_Spectral variation,6,4.816328436535951,Random Forest
0_Interquartile range,7,4.457208204930217,Random Forest
0_Wavelet energy_125000000.0Hz,8,3.125241986897964,Random Forest
0_Histogram mode,9,2.721994851948833,Random Forest
0_ECDF Percentile_0,10,2.692204510020881,Random Forest
0_MFCC_11,11,2.170212276060872,Random Forest
0_Wavelet absolute mean_125000000.0Hz,12,2.1199946562467216,Random Forest
0_Wavelet absolute mean_27777777.78Hz,13,1.3697906378936604,Random Forest
0_LPCC_0,14,1.295703212542766,Random Forest
0_Fundamental frequency,15,1.028957219048931,Random Forest
0_ECDF Percentile_1,16,0.9690629156262612,Random Forest
0_MFCC_9,17,0.923334098699879,Random Forest
0_Slope,18,0.8942353725862421,Random Forest
0_Mean diff,19,0.8562435312063877,Random Forest
0_MFCC_0,20,0.7751976633312878,Random Forest
0_Wavelet entropy,21,0.7498829937550199,Random Forest
0_Median frequency,22,0.6215709523614652,Random Forest
0_MFCC_8,23,0.5757063812393421,Random Forest
0_Spectral decrease,24,0.4291689450538715,Random Forest
0_Median,25,0.3880411097017504,Random Forest
0_MFCC_5,26,0.3609249169898919,Random Forest
0_LPCC_6,27,0.3397398150756722,Random Forest
0_Max,28,0.3359788760113549,Random Forest
0_MFCC_10,29,0.3198803120214414,Random Forest
0_LPCC_5,30,0.2470680448241532,Random Forest
0_Maximum frequency,31,0.243150136822105,Random Forest
0_Mean,32,0.2403735969759058,Random Forest
0_Zero crossing rate,33,0.234922860858147,Random Forest
0_LPCC_1,34,0.2126005013528939,Random Forest
0_MFCC_4,35,0.1367674155968979,Random Forest
0_Spectral positive turning points,36,0.0695654628645512,Random Forest
0_Power bandwidth,37,0.0690854532722694,Random Forest
0_Negative turning points,38,0.0270615989490722,Random Forest
0_Spectral roll-on,39,0.0214199237633186,Random Forest
0_Median absolute diff,40,0.0096903512873065,Random Forest
0_Neighbourhood peaks,41,0.0052809925310934,Random Forest
0_Median diff,42,0.0,Random Forest
0_Maximum frequency,1,149248429.09426615,Bayesian Ridge
0_Median frequency,2,2301499.8097533733,Bayesian Ridge
0_Power bandwidth,3,1735244.6281238324,Bayesian Ridge
0_Fundamental frequency,4,1373602.5089329986,Bayesian Ridge
0_Spectral roll-on,5,1242724.1291658685,Bayesian Ridge
0_MFCC_11,6,1754.6497082570734,Bayesian Ridge
0_MFCC_4,7,1249.0906823970995,Bayesian Ridge
0_MFCC_9,8,1143.7925952539924,Bayesian Ridge
0_MFCC_5,9,981.7660845095972,Bayesian Ridge
0_MFCC_8,10,294.9905698068104,Bayesian Ridge
0_MFCC_0,11,251.194991304438,Bayesian Ridge
0_MFCC_10,12,125.43303538721204,Bayesian Ridge
0_Absolute energy,13,101.22603334648352,Bayesian Ridge
0_Spectral decrease,14,8.302470784496775,Bayesian Ridge
0_Peak to peak distance,15,6.4781343059386245,Bayesian Ridge
0_Autocorrelation,16,6.228450815161351,Bayesian Ridge
0_Spectral positive turning points,17,5.827826628797643,Bayesian Ridge
0_ECDF Percentile_0,18,3.641799721705503,Bayesian Ridge
0_ECDF Percentile_1,19,3.5623265166997906,Bayesian Ridge
0_Max,20,2.0328039200597807,Bayesian Ridge
0_Interquartile range,21,1.948000264999185,Bayesian Ridge
0_Mean,22,1.415866366049269,Bayesian Ridge
0_Median,23,1.2532332238636494,Bayesian Ridge
0_Zero crossing rate,24,1.1373170079252124,Bayesian Ridge
0_Histogram mode,25,0.2342026290311757,Bayesian Ridge
0_Spectral variation,26,0.2211744987746904,Bayesian Ridge
0_Wavelet absolute mean_27777777.78Hz,27,0.2131374822621134,Bayesian Ridge
0_Spectral entropy,28,0.1817086830075712,Bayesian Ridge
0_Neighbourhood peaks,29,0.1097414148469521,Bayesian Ridge
0_LPCC_0,30,0.0996032704453589,Bayesian Ridge
0_Entropy,31,0.0523758831707367,Bayesian Ridge
0_Wavelet energy_125000000.0Hz,32,0.0447088166516249,Bayesian Ridge
0_Wavelet entropy,33,0.0390755358526589,Bayesian Ridge
0_LPCC_1,34,0.0359504968394557,Bayesian Ridge
0_Mean diff,35,0.0116136514293943,Bayesian Ridge
0_Negative turning points,36,0.0108327277512399,Bayesian Ridge
0_Slope,37,0.0085045027136402,Bayesian Ridge
0_Wavelet absolute mean_125000000.0Hz,38,0.0078199719485524,Bayesian Ridge
0_LPCC_6,39,0.0055588354318242,Bayesian Ridge
0_LPCC_5,40,0.0036753520296232,Bayesian Ridge
0_Median absolute diff,41,0.0002704400091202,Bayesian Ridge
0_Median diff,42,0.0,Bayesian Ridge
0_Peak to peak distance,1,33.48979807316872,XGBoost
0_Spectral entropy,2,18.43868603281452,XGBoost
0_Autocorrelation,3,15.131575778152046,XGBoost
0_Interquartile range,4,3.481495352489345,XGBoost
0_Spectral variation,5,2.6858735499529782,XGBoost
0_Histogram mode,6,2.17411443941975,XGBoost
0_Entropy,7,1.838770669797746,XGBoost
0_Max,8,1.4045866763863717,XGBoost
0_LPCC_0,9,1.4002435328896463,XGBoost
0_Wavelet energy_125000000.0Hz,10,1.2434677252321191,XGBoost
0_Mean diff,11,1.157484994825969,XGBoost
0_MFCC_9,12,1.090078842503453,XGBoost
0_Fundamental frequency,13,0.928053815275431,XGBoost
0_LPCC_6,14,0.7840790189983787,XGBoost
0_Absolute energy,15,0.7753978403658298,XGBoost
0_MFCC_0,16,0.6789254285518699,XGBoost
0_MFCC_11,17,0.6210053434386851,XGBoost
0_Wavelet absolute mean_125000000.0Hz,18,0.6183926042215593,XGBoost
0_Wavelet entropy,19,0.6153840367386738,XGBoost
0_Spectral positive turning points,20,0.6135510481395449,XGBoost
0_MFCC_8,21,0.5795218703723511,XGBoost
0_Maximum frequency,22,0.4937800249072412,XGBoost
0_LPCC_1,23,0.4644575142196689,XGBoost
0_Spectral decrease,24,0.4474910389677933,XGBoost
0_MFCC_10,25,0.4371278387571375,XGBoost
0_MFCC_4,26,0.4150655050507434,XGBoost
0_Slope,27,0.3325593187617758,XGBoost
0_ECDF Percentile_1,28,0.329903361865754,XGBoost
0_Mean,29,0.329508427681867,XGBoost
0_ECDF Percentile_0,30,0.3219761371457328,XGBoost
0_LPCC_5,31,0.3205255463229494,XGBoost
0_Wavelet absolute mean_27777777.78Hz,32,0.3045855049370476,XGBoost
0_Median,33,0.3027414979809895,XGBoost
0_MFCC_5,34,0.2872847549211235,XGBoost
0_Negative turning points,35,0.1432952397711575,XGBoost
0_Median frequency,36,0.1366651790698369,XGBoost
0_Neighbourhood peaks,37,0.1345832176700233,XGBoost
0_Zero crossing rate,38,0.0545651647284627,XGBoost
0_Median diff,39,0.0,XGBoost
0_Median absolute diff,40,0.0,XGBoost
0_Power bandwidth,41,0.0,XGBoost
0_Spectral roll-on,42,0.0,XGBoost
0_Spectral variation,1,10.501946034412189,SVR
0_LPCC_0,2,9.395005034062155,SVR
0_Peak to peak distance,3,9.228392024016015,SVR
0_Spectral entropy,4,9.004526764608737,SVR
0_Spectral decrease,5,8.910898983398035,SVR
0_ECDF Percentile_0,6,8.715576994744724,SVR
0_Interquartile range,7,8.691651187377792,SVR
0_Mean diff,8,7.285343842869113,SVR
0_Wavelet absolute mean_27777777.78Hz,9,7.065026163067648,SVR
0_Absolute energy,10,6.150689202812212,SVR
0_Median,11,5.659784436441129,SVR
0_MFCC_11,12,4.766679663910025,SVR
0_Wavelet absolute mean_125000000.0Hz,13,4.745960989847128,SVR
0_Max,14,3.987237190339287,SVR
0_Slope,15,3.0096773417817992,SVR
0_Mean,16,1.7959020028407386,SVR
0_Autocorrelation,17,1.7726754937781,SVR
0_MFCC_5,18,1.1158450771125568,SVR
0_Wavelet entropy,19,0.3412888121725597,SVR
0_Maximum frequency,20,0.3312893903398271,SVR
0_MFCC_9,21,0.2724948337924313,SVR
0_Wavelet energy_125000000.0Hz,22,0.2451683432266393,SVR
0_MFCC_0,23,0.1864090157836302,SVR
0_MFCC_10,24,0.0936332912256807,SVR
0_ECDF Percentile_1,25,0.0749072010813813,SVR
0_Spectral roll-on,26,0.036198054574135,SVR
0_LPCC_1,27,0.0,SVR
0_Histogram mode,28,0.0,SVR
0_Entropy,29,0.0,SVR
0_Fundamental frequency,30,0.0,SVR
0_LPCC_5,31,0.0,SVR
0_LPCC_6,32,0.0,SVR
0_MFCC_4,33,0.0,SVR
0_MFCC_8,34,0.0,SVR
0_Median diff,35,0.0,SVR
0_Median absolute diff,36,0.0,SVR
0_Negative turning points,37,0.0,SVR
0_Neighbourhood peaks,38,0.0,SVR
0_Power bandwidth,39,0.0,SVR
0_Median frequency,40,0.0,SVR
0_Spectral positive turning points,41,0.0,SVR
0_Zero crossing rate,42,0.0,SVR
0_Peak to peak distance,1,16.785692144205306,Random Forest
0_Absolute energy,2,7.487758352326634,Random Forest
0_Spectral entropy,3,7.088596915649788,Random Forest
0_Autocorrelation,4,6.550873509502505,Random Forest
0_Spectral variation,5,5.310679119122224,Random Forest
0_Entropy,6,3.719707219381778,Random Forest
0_Interquartile range,7,3.2349399623626685,Random Forest
0_Wavelet energy_125000000.0Hz,8,3.211332168229064,Random Forest
0_ECDF Percentile_0,9,2.6557042873249546,Random Forest
0_Histogram mode,10,2.4731587445289214,Random Forest
0_Wavelet absolute mean_125000000.0Hz,11,2.0860822757991646,Random Forest
0_MFCC_11,12,1.919041223103476,Random Forest
0_LPCC_0,13,1.202572622734727,Random Forest
0_Slope,14,1.0600894791273865,Random Forest
0_Wavelet absolute mean_27777777.78Hz,15,1.0295404195265143,Random Forest
0_Mean diff,16,0.9921749751760937,Random Forest
0_Fundamental frequency,17,0.8590873152526408,Random Forest
0_MFCC_0,18,0.8526145260862267,Random Forest
0_ECDF Percentile_1,19,0.7563540478818039,Random Forest
0_MFCC_8,20,0.6824425341256504,Random Forest
0_MFCC_9,21,0.6637901629052593,Random Forest
0_Wavelet entropy,22,0.6041205276615531,Random Forest
0_MFCC_10,23,0.4906914025142168,Random Forest
0_Spectral decrease,24,0.4706240431684924,Random Forest
0_MFCC_5,25,0.3692023775527565,Random Forest
0_Median,26,0.3080684456682685,Random Forest
0_Median frequency,27,0.3019253110432375,Random Forest
0_LPCC_6,28,0.2845479821256245,Random Forest
0_Max,29,0.2733002174733983,Random Forest
0_LPCC_5,30,0.2618240455163176,Random Forest
0_MFCC_4,31,0.2404507157274988,Random Forest
0_Mean,32,0.2361549476739833,Random Forest
0_Maximum frequency,33,0.2213551054129222,Random Forest
0_LPCC_1,34,0.2203583480505661,Random Forest
0_Zero crossing rate,35,0.1660897652225259,Random Forest
0_Spectral positive turning points,36,0.0962185365573193,Random Forest
0_Negative turning points,37,0.0386111345591334,Random Forest
0_Power bandwidth,38,0.03126605698963,Random Forest
0_Median absolute diff,39,0.0259610360887056,Random Forest
0_Neighbourhood peaks,40,0.0218353798295992,Random Forest
0_Spectral roll-on,41,0.001234368677934,Random Forest
0_Median diff,42,0.0,Random Forest
0_Maximum frequency,1,32600529.832101192,Bayesian Ridge
0_Median frequency,2,2806957.5838320483,Bayesian Ridge
0_Spectral roll-on,3,1252866.7555392974,Bayesian Ridge
0_Fundamental frequency,4,790945.431702537,Bayesian Ridge
0_Power bandwidth,5,650635.3071838681,Bayesian Ridge
0_MFCC_11,6,2021.490630069988,Bayesian Ridge
0_MFCC_4,7,1572.7829325958337,Bayesian Ridge
0_MFCC_5,8,1096.7172489940813,Bayesian Ridge
0_MFCC_9,9,902.9880152529008,Bayesian Ridge
0_MFCC_0,10,345.49979237253706,Bayesian Ridge
0_MFCC_8,11,283.61826867791683,Bayesian Ridge
0_Absolute energy,12,93.88297273862176,Bayesian Ridge
0_MFCC_10,13,17.27315338862525,Bayesian Ridge
0_Autocorrelation,14,7.019990260857011,Bayesian Ridge
0_Spectral decrease,15,5.904063330755727,Bayesian Ridge
0_Peak to peak distance,16,5.711913563184324,Bayesian Ridge
0_Spectral positive turning points,17,4.260497564513671,Bayesian Ridge
0_ECDF Percentile_0,18,3.641532888774571,Bayesian Ridge
0_ECDF Percentile_1,19,2.804756646171503,Bayesian Ridge
0_Max,20,1.7305192872813606,Bayesian Ridge
0_Mean,21,1.4483803574398224,Bayesian Ridge
0_Interquartile range,22,1.1362455246480363,Bayesian Ridge
0_Median,23,1.0108142082686356,Bayesian Ridge
0_Zero crossing rate,24,0.7736470657930518,Bayesian Ridge
0_Histogram mode,25,0.3990301330293045,Bayesian Ridge
0_Spectral entropy,26,0.1993757064255839,Bayesian Ridge
0_Wavelet absolute mean_27777777.78Hz,27,0.1625597105905767,Bayesian Ridge
0_Spectral variation,28,0.1341628613866774,Bayesian Ridge
0_Negative turning points,29,0.1113019204430402,Bayesian Ridge
0_Neighbourhood peaks,30,0.0889872923651911,Bayesian Ridge
0_LPCC_0,31,0.0531367274191925,Bayesian Ridge
0_LPCC_1,32,0.0459006785997195,Bayesian Ridge
0_Entropy,33,0.0456158143168927,Bayesian Ridge
0_Wavelet entropy,34,0.043132707422269,Bayesian Ridge
0_Wavelet energy_125000000.0Hz,35,0.0349071923033752,Bayesian Ridge
0_Mean diff,36,0.015275110913287,Bayesian Ridge
0_LPCC_6,37,0.0146975904285064,Bayesian Ridge
0_Wavelet absolute mean_125000000.0Hz,38,0.0100150953671091,Bayesian Ridge
0_Slope,39,0.0082326706609568,Bayesian Ridge
0_LPCC_5,40,0.0064412696938261,Bayesian Ridge
0_Median absolute diff,41,0.0010603749154604,Bayesian Ridge
0_Median diff,42,0.0,Bayesian Ridge
0_Peak to peak distance,1,34.95568284614099,XGBoost
0_Spectral entropy,2,17.802723736945413,XGBoost
0_Autocorrelation,3,14.274728183707497,XGBoost
0_Interquartile range,4,3.518771507815086,XGBoost
0_Spectral variation,5,2.1513794800026345,XGBoost
0_Entropy,6,1.9197282663410304,XGBoost
0_Max,7,1.5611192287915696,XGBoost
0_Mean diff,8,1.5207794928615297,XGBoost
0_Histogram mode,9,0.9168323555378244,XGBoost
0_MFCC_9,10,0.8453314257395145,XGBoost
0_LPCC_0,11,0.81700107834513,XGBoost
0_MFCC_11,12,0.7090204916056247,XGBoost
0_MFCC_0,13,0.6304525307050596,XGBoost
0_MFCC_4,14,0.5583080977720517,XGBoost
0_Wavelet energy_125000000.0Hz,15,0.5292214576378464,XGBoost
0_Absolute energy,16,0.5203997954626258,XGBoost
0_Wavelet absolute mean_125000000.0Hz,17,0.4785483239414171,XGBoost
0_MFCC_8,18,0.4649196851903572,XGBoost
0_LPCC_5,19,0.4505662266727226,XGBoost
0_Wavelet entropy,20,0.4429470394085471,XGBoost
0_MFCC_10,21,0.4313785352232555,XGBoost
0_Negative turning points,22,0.346928376680985,XGBoost
0_Slope,23,0.3436686985919872,XGBoost
0_Median absolute diff,24,0.2674676118592422,XGBoost
0_LPCC_6,25,0.2423372144773757,XGBoost
0_Fundamental frequency,26,0.2418227534820636,XGBoost
0_Median frequency,27,0.2354446121111511,XGBoost
0_Spectral positive turning points,28,0.2331604868092264,XGBoost
0_Maximum frequency,29,0.2086241779257854,XGBoost
0_MFCC_5,30,0.1970870725198338,XGBoost
0_Wavelet absolute mean_27777777.78Hz,31,0.1948070405256002,XGBoost
0_ECDF Percentile_0,32,0.1598121057077,XGBoost
0_ECDF Percentile_1,33,0.1574327396225185,XGBoost
0_LPCC_1,34,0.1284297484553108,XGBoost
0_Spectral decrease,35,0.127677135224392,XGBoost
0_Mean,36,0.0924117591219643,XGBoost
0_Median,37,0.08885966786171,XGBoost
0_Neighbourhood peaks,38,0.0833235144133989,XGBoost
0_Power bandwidth,39,0.0088563217639923,XGBoost
0_Zero crossing rate,40,0.0036166710103551,XGBoost
0_Median diff,41,0.0,XGBoost
0_Spectral roll-on,42,0.0,XGBoost
0_Peak to peak distance,1,11.605654551318596,SVR
0_ECDF Percentile_0,2,9.910223864417937,SVR
0_Interquartile range,3,9.590215896282944,SVR
0_Mean diff,4,8.690094510027153,SVR
0_Spectral entropy,5,8.547946365958891,SVR
0_Absolute energy,6,8.480247370788971,SVR
0_Spectral decrease,7,7.923197991459677,SVR
0_Spectral variation,8,7.717941846614279,SVR
0_LPCC_0,9,7.582701805407564,SVR
0_Median,10,7.375374699093316,SVR
0_Max,11,5.769750224613515,SVR
0_Wavelet absolute mean_27777777.78Hz,12,5.767729652309887,SVR
0_Slope,13,4.826273234410236,SVR
0_Wavelet absolute mean_125000000.0Hz,14,3.5167187549419374,SVR
0_MFCC_11,15,3.145328739632212,SVR
0_Autocorrelation,16,1.7624617944163008,SVR
0_MFCC_5,17,1.6148473807262258,SVR
0_Wavelet energy_125000000.0Hz,18,1.4029041024011475,SVR
0_Mean,19,1.272689852289174,SVR
0_MFCC_9,20,0.5924853426323478,SVR
0_Wavelet entropy,21,0.5086933484393861,SVR
0_ECDF Percentile_1,22,0.1834882984461386,SVR
0_Spectral roll-on,23,0.092150934326382,SVR
0_LPCC_5,24,0.0681069463536559,SVR
0_MFCC_10,25,0.0502619188410112,SVR
0_MFCC_0,26,0.0484009421289524,SVR
0_Fundamental frequency,27,0.0262802777177796,SVR
0_Maximum frequency,28,0.0106488267591948,SVR
0_Entropy,29,0.0,SVR
0_Histogram mode,30,0.0,SVR
0_LPCC_1,31,0.0,SVR
0_LPCC_6,32,0.0,SVR
0_MFCC_4,33,0.0,SVR
0_MFCC_8,34,0.0,SVR
0_Median diff,35,0.0,SVR
0_Median absolute diff,36,0.0,SVR
0_Negative turning points,37,0.0,SVR
0_Neighbourhood peaks,38,0.0,SVR
0_Power bandwidth,39,0.0,SVR
0_Median frequency,40,0.0,SVR
0_Spectral positive turning points,41,0.0,SVR
0_Zero crossing rate,42,0.0,SVR
0_Peak to peak distance,1,14.131167774180229,Random Forest
0_Spectral entropy,2,8.367093833970062,Random Forest
0_Absolute energy,3,7.459119573489201,Random Forest
0_Autocorrelation,4,5.582932914250592,Random Forest
0_Spectral variation,5,5.50638654224438,Random Forest
0_Interquartile range,6,5.444322867003798,Random Forest
0_Entropy,7,4.796215786385599,Random Forest
0_Wavelet energy_125000000.0Hz,8,3.8181659330092375,Random Forest
0_MFCC_11,9,3.1883178666111083,Random Forest
0_Histogram mode,10,2.81925782610687,Random Forest
0_ECDF Percentile_0,11,2.582568369470288,Random Forest
0_Wavelet absolute mean_125000000.0Hz,12,1.8500339598288769,Random Forest
0_Mean diff,13,1.378328485974297,Random Forest
0_Slope,14,1.171270713904066,Random Forest
0_Wavelet entropy,15,1.002283745035374,Random Forest
0_Wavelet absolute mean_27777777.78Hz,16,0.9918684200858076,Random Forest
0_LPCC_0,17,0.9759080576578776,Random Forest
0_MFCC_8,18,0.7946700096765843,Random Forest
0_ECDF Percentile_1,19,0.7897484236441553,Random Forest
0_MFCC_9,20,0.7130569602726022,Random Forest
0_MFCC_0,21,0.6948814733087395,Random Forest
0_Fundamental frequency,22,0.6702732763066888,Random Forest
0_Median frequency,23,0.6626353786801297,Random Forest
0_Median,24,0.6090053962865224,Random Forest
0_MFCC_10,25,0.5818276734203097,Random Forest
0_Maximum frequency,26,0.490976243781671,Random Forest
0_Max,27,0.4614487117186187,Random Forest
0_LPCC_6,28,0.3676691657339224,Random Forest
0_Spectral decrease,29,0.333605124896206,Random Forest
0_LPCC_1,30,0.3214980454487414,Random Forest
0_Zero crossing rate,31,0.311066788184146,Random Forest
0_LPCC_5,32,0.297186342405776,Random Forest
0_Mean,33,0.2897255317054067,Random Forest
0_MFCC_5,34,0.2813011440511793,Random Forest
0_Power bandwidth,35,0.2002484781503677,Random Forest
0_MFCC_4,36,0.1350365396654233,Random Forest
0_Spectral positive turning points,37,0.1133162296202654,Random Forest
0_Negative turning points,38,0.0475536812579569,Random Forest
0_Median absolute diff,39,0.0163577693755428,Random Forest
0_Spectral roll-on,40,0.0158884226371844,Random Forest
0_Neighbourhood peaks,41,0.0046656430512666,Random Forest
0_Median diff,42,0.0,Random Forest
0_Maximum frequency,1,131443661.3662154,Bayesian Ridge
0_Median frequency,2,4632728.326347057,Bayesian Ridge
0_Fundamental frequency,3,2232958.313898072,Bayesian Ridge
0_Power bandwidth,4,1695964.376233375,Bayesian Ridge
0_Spectral roll-on,5,1394016.2550836296,Bayesian Ridge
0_MFCC_11,6,1378.525276629301,Bayesian Ridge
0_MFCC_5,7,938.4646706450906,Bayesian Ridge
0_MFCC_4,8,911.2396389355964,Bayesian Ridge
0_MFCC_9,9,727.2058684890786,Bayesian Ridge
0_MFCC_8,10,309.6471739764405,Bayesian Ridge
0_MFCC_0,11,176.33778767881637,Bayesian Ridge
0_Absolute energy,12,89.5618676380285,Bayesian Ridge
0_MFCC_10,13,9.605022401634743,Bayesian Ridge
0_Peak to peak distance,14,7.834956968222544,Bayesian Ridge
0_Autocorrelation,15,7.581797782084524,Bayesian Ridge
0_Spectral decrease,16,5.009248991197165,Bayesian Ridge
0_Spectral positive turning points,17,4.445945710380856,Bayesian Ridge
0_ECDF Percentile_0,18,3.006312780576369,Bayesian Ridge
0_Max,19,2.305698003350769,Bayesian Ridge
0_ECDF Percentile_1,20,1.7637505000595433,Bayesian Ridge
0_Mean,21,1.7608557812955568,Bayesian Ridge
0_Median,22,0.5932947359479815,Bayesian Ridge
0_Negative turning points,23,0.4196403329624219,Bayesian Ridge
0_Spectral variation,24,0.3673977271758196,Bayesian Ridge
0_Zero crossing rate,25,0.2748984145118793,Bayesian Ridge
0_Wavelet absolute mean_27777777.78Hz,26,0.1581339847216114,Bayesian Ridge
0_Entropy,27,0.1384677400410947,Bayesian Ridge
0_Spectral entropy,28,0.1297259287475149,Bayesian Ridge
0_Neighbourhood peaks,29,0.1116544175575138,Bayesian Ridge
0_LPCC_0,30,0.0847593607346337,Bayesian Ridge
0_Histogram mode,31,0.0721367698733601,Bayesian Ridge
0_LPCC_1,32,0.0469457509117363,Bayesian Ridge
0_Wavelet energy_125000000.0Hz,33,0.0403871601214756,Bayesian Ridge
0_Interquartile range,34,0.0376032559688054,Bayesian Ridge
0_LPCC_6,35,0.0134737416678174,Bayesian Ridge
0_Slope,36,0.0119873510621084,Bayesian Ridge
0_Wavelet absolute mean_125000000.0Hz,37,0.0078377554881423,Bayesian Ridge
0_LPCC_5,38,0.0076984088791396,Bayesian Ridge
0_Wavelet entropy,39,0.0039864682832912,Bayesian Ridge
0_Median absolute diff,40,0.0005604250336368,Bayesian Ridge
0_Mean diff,41,0.0004595046088488,Bayesian Ridge
0_Median diff,42,0.0001822573013707,Bayesian Ridge
0_Peak to peak distance,1,32.02207099646113,XGBoost
0_Spectral entropy,2,19.828064842042725,XGBoost
0_Autocorrelation,3,11.871504359627265,XGBoost
0_Entropy,4,4.375292851293334,XGBoost
0_Interquartile range,5,4.038938862550446,XGBoost
0_Absolute energy,6,3.0814167954950915,XGBoost
0_Spectral variation,7,2.643288450654844,XGBoost
0_Slope,8,1.77448782548771,XGBoost
0_Mean diff,9,1.736138194413421,XGBoost
0_Max,10,1.6004334145500636,XGBoost
0_Histogram mode,11,1.430551589169726,XGBoost
0_Wavelet absolute mean_125000000.0Hz,12,1.3441109311198198,XGBoost
0_MFCC_11,13,1.0319757857935503,XGBoost
0_Fundamental frequency,14,0.7732002605151385,XGBoost
0_MFCC_5,15,0.7255351039513944,XGBoost
0_MFCC_10,16,0.7205149144617842,XGBoost
0_Spectral positive turning points,17,0.6610626201092574,XGBoost
0_Wavelet absolute mean_27777777.78Hz,18,0.5282095926744865,XGBoost
0_ECDF Percentile_1,19,0.5043745562460273,XGBoost
0_LPCC_0,20,0.493770625915875,XGBoost
0_LPCC_6,21,0.4887423018145685,XGBoost
0_MFCC_8,22,0.4754977788845698,XGBoost
0_ECDF Percentile_0,23,0.4695127048391849,XGBoost
0_Median,24,0.4646352296564108,XGBoost
0_Wavelet entropy,25,0.4138083148156292,XGBoost
0_MFCC_9,26,0.4127014052233349,XGBoost
0_Wavelet energy_125000000.0Hz,27,0.4089306573908776,XGBoost
0_Spectral decrease,28,0.4011511198338121,XGBoost
0_LPCC_1,29,0.3970955676127536,XGBoost
0_MFCC_0,30,0.3893702951039498,XGBoost
0_LPCC_5,31,0.3185829754968484,XGBoost
0_Maximum frequency,32,0.3099347331425797,XGBoost
0_MFCC_4,33,0.235076004778097,XGBoost
0_Median absolute diff,34,0.1529063280135393,XGBoost
0_Mean,35,0.1041840504255145,XGBoost
0_Negative turning points,36,0.0996929254010319,XGBoost
0_Median diff,37,0.0923507182871302,XGBoost
0_Median frequency,38,0.0726837584684292,XGBoost
0_Zero crossing rate,39,0.0534615988979737,XGBoost
0_Neighbourhood peaks,40,0.0461307095910112,XGBoost
0_Power bandwidth,41,0.0,XGBoost
0_Spectral roll-on,42,0.0,XGBoost
0_ECDF Percentile_0,1,11.13620007464754,SVR
0_Peak to peak distance,2,10.86803793321647,SVR
0_Spectral variation,3,10.543180715014744,SVR
0_Spectral entropy,4,9.241237506530336,SVR
0_LPCC_0,5,9.232095901323849,SVR
0_Median,6,9.118994920267124,SVR
0_Absolute energy,7,8.927216832783143,SVR
0_Spectral decrease,8,8.079824026752059,SVR
0_Mean diff,9,7.332621658504036,SVR
0_Interquartile range,10,6.3487298460240496,SVR
0_Wavelet absolute mean_27777777.78Hz,11,6.128156477996964,SVR
0_Max,12,4.261655291193796,SVR
0_MFCC_11,13,2.855958406030533,SVR
0_Slope,14,2.619112342801714,SVR
0_Wavelet absolute mean_125000000.0Hz,15,2.367606570557297,SVR
0_Mean,16,1.5411906623372529,SVR
0_MFCC_5,17,1.2151219504931567,SVR
0_MFCC_9,18,1.0115590543616777,SVR
0_Autocorrelation,19,0.8678500607924773,SVR
0_Maximum frequency,20,0.5138942428086373,SVR
0_MFCC_10,21,0.474253436403351,SVR
0_MFCC_0,22,0.3809956853051448,SVR
0_MFCC_8,23,0.1915336346262041,SVR
0_Wavelet entropy,24,0.1148516923890029,SVR
0_LPCC_5,25,0.1092208086972539,SVR
0_ECDF Percentile_1,26,0.1040905735434058,SVR
0_Wavelet energy_125000000.0Hz,27,0.0791845251548905,SVR
0_MFCC_4,28,0.0521628138117489,SVR
0_Fundamental frequency,29,0.0064006519306495,SVR
0_Entropy,30,0.0,SVR
0_LPCC_1,31,0.0,SVR
0_Histogram mode,32,0.0,SVR
0_LPCC_6,33,0.0,SVR
0_Median absolute diff,34,0.0,SVR
0_Median diff,35,0.0,SVR
0_Median frequency,36,0.0,SVR
0_Negative turning points,37,0.0,SVR
0_Neighbourhood peaks,38,0.0,SVR
0_Power bandwidth,39,0.0,SVR
0_Spectral roll-on,40,0.0,SVR
0_Spectral positive turning points,41,0.0,SVR
0_Zero crossing rate,42,0.0,SVR
0_Peak to peak distance,1,14.495892389877078,Random Forest
0_Absolute energy,2,8.456027052179044,Random Forest
0_Spectral entropy,3,8.086527423286997,Random Forest
0_Spectral variation,4,4.984687006403195,Random Forest
0_Autocorrelation,5,4.975314986453423,Random Forest
0_Interquartile range,6,4.299069832707073,Random Forest
0_ECDF Percentile_0,7,4.161556246617623,Random Forest
0_Entropy,8,3.613379692759985,Random Forest
0_Wavelet energy_125000000.0Hz,9,2.629351283105339,Random Forest
0_Histogram mode,10,2.589481849328489,Random Forest
0_Wavelet absolute mean_125000000.0Hz,11,2.4993081030877304,Random Forest
0_MFCC_11,12,1.949114121757184,Random Forest
0_LPCC_0,13,1.3774194267606363,Random Forest
0_MFCC_9,14,1.3622271294118529,Random Forest
0_Wavelet absolute mean_27777777.78Hz,15,1.22900882201797,Random Forest
0_Fundamental frequency,16,1.1474991813324396,Random Forest
0_Slope,17,1.1226139216797115,Random Forest
0_ECDF Percentile_1,18,1.090068084351315,Random Forest
0_Median frequency,19,0.8116717739413182,Random Forest
0_Mean diff,20,0.8069984707841649,Random Forest
0_MFCC_0,21,0.7724162871476262,Random Forest
0_MFCC_8,22,0.7572945346032578,Random Forest
0_Spectral decrease,23,0.6387934826595708,Random Forest
0_Max,24,0.5538459966800954,Random Forest
0_Maximum frequency,25,0.4994223174649603,Random Forest
0_Median,26,0.4706483710176,Random Forest
0_Wavelet entropy,27,0.4541388592099772,Random Forest
0_MFCC_10,28,0.4141096849719373,Random Forest
0_MFCC_5,29,0.4064954337768257,Random Forest
0_Mean,30,0.3897297953659668,Random Forest
0_LPCC_1,31,0.2979488546916594,Random Forest
0_Zero crossing rate,32,0.2606450346586605,Random Forest
0_LPCC_5,33,0.2213685931034697,Random Forest
0_LPCC_6,34,0.2068329277005356,Random Forest
0_Spectral positive turning points,35,0.1678686850354075,Random Forest
0_Negative turning points,36,0.1548047947848837,Random Forest
0_MFCC_4,37,0.1273985086093346,Random Forest
0_Median absolute diff,38,0.124064528937141,Random Forest
0_Neighbourhood peaks,39,0.021373987024029,Random Forest
0_Spectral roll-on,40,0.0099442742377519,Random Forest
0_Median diff,41,0.0,Random Forest
0_Power bandwidth,42,0.0,Random Forest
0_Maximum frequency,1,97908220.1413746,Bayesian Ridge
0_Median frequency,2,5571814.115593974,Bayesian Ridge
0_Fundamental frequency,3,3455992.5369332656,Bayesian Ridge
0_Power bandwidth,4,1536881.0692327106,Bayesian Ridge
0_Spectral roll-on,5,1227895.4299819688,Bayesian Ridge
0_MFCC_9,6,1814.97681409538,Bayesian Ridge
0_MFCC_4,7,1652.092082702576,Bayesian Ridge
0_MFCC_5,8,1271.0216344435394,Bayesian Ridge
0_MFCC_11,9,1140.1170747555643,Bayesian Ridge
0_MFCC_8,10,559.4684968830446,Bayesian Ridge
0_MFCC_10,11,441.93693409070704,Bayesian Ridge
0_MFCC_0,12,172.67499951927394,Bayesian Ridge
0_Absolute energy,13,93.8257345036106,Bayesian Ridge
0_Peak to peak distance,14,7.618295004553564,Bayesian Ridge
0_Spectral decrease,15,6.747526779182651,Bayesian Ridge
0_Spectral positive turning points,16,5.5308130857268,Bayesian Ridge
0_Autocorrelation,17,4.9477964862301,Bayesian Ridge
0_ECDF Percentile_0,18,3.6450296257756434,Bayesian Ridge
0_Max,19,2.605009666776816,Bayesian Ridge
0_Mean,20,2.0325902972902075,Bayesian Ridge
0_ECDF Percentile_1,21,1.6934723577998771,Bayesian Ridge
0_Interquartile range,22,1.2767475623426134,Bayesian Ridge
0_Zero crossing rate,23,1.0616980114183463,Bayesian Ridge
0_Median,24,1.0209853029012357,Bayesian Ridge
0_Negative turning points,25,0.4239568732392822,Bayesian Ridge
0_Histogram mode,26,0.3088890891551988,Bayesian Ridge
0_Spectral variation,27,0.2771220717388251,Bayesian Ridge
0_Wavelet absolute mean_27777777.78Hz,28,0.1679177354482151,Bayesian Ridge
0_Spectral entropy,29,0.1299416014814381,Bayesian Ridge
0_LPCC_0,30,0.1017062981514423,Bayesian Ridge
0_Neighbourhood peaks,31,0.088030289430943,Bayesian Ridge
0_Entropy,32,0.0831165675896886,Bayesian Ridge
0_LPCC_1,33,0.0359931599803894,Bayesian Ridge
0_LPCC_6,34,0.0344926887922581,Bayesian Ridge
0_LPCC_5,35,0.0331616417369694,Bayesian Ridge
0_Wavelet energy_125000000.0Hz,36,0.0267707833999119,Bayesian Ridge
0_Wavelet entropy,37,0.0253748130833804,Bayesian Ridge
0_Mean diff,38,0.0104034079322586,Bayesian Ridge
0_Slope,39,0.0096637128247209,Bayesian Ridge
0_Wavelet absolute mean_125000000.0Hz,40,0.0014752294600135,Bayesian Ridge
0_Median absolute diff,41,0.0006207192527229,Bayesian Ridge
0_Median diff,42,0.0003620217559521,Bayesian Ridge
0_Peak to peak distance,1,39.27084318262239,XGBoost
0_Spectral entropy,2,20.05880540570453,XGBoost
0_Autocorrelation,3,9.430865333007423,XGBoost
0_Interquartile range,4,5.145768293917934,XGBoost
0_Histogram mode,5,2.354378514555111,XGBoost
0_MFCC_0,6,2.1167472807790046,XGBoost
0_Spectral variation,7,1.860505245487704,XGBoost
0_Entropy,8,1.0624416775269718,XGBoost
0_ECDF Percentile_0,9,0.8413960868865424,XGBoost
0_ECDF Percentile_1,10,0.7138845761104793,XGBoost
0_Mean diff,11,0.6777722848619548,XGBoost
0_Fundamental frequency,12,0.551727916246998,XGBoost
0_Slope,13,0.5375874276521003,XGBoost
0_LPCC_0,14,0.4135182727454474,XGBoost
0_Absolute energy,15,0.405881597727342,XGBoost
0_Max,16,0.3541800677099498,XGBoost
0_MFCC_5,17,0.3206895383322382,XGBoost
0_Spectral positive turning points,18,0.3136727568024518,XGBoost
0_Wavelet absolute mean_125000000.0Hz,19,0.3097445151410065,XGBoost
0_MFCC_10,20,0.3058847373900448,XGBoost
0_Median,21,0.3016074675632408,XGBoost
0_MFCC_11,22,0.2911207058421491,XGBoost
0_MFCC_8,23,0.2904184427716642,XGBoost
0_LPCC_1,24,0.2522804544996168,XGBoost
0_Wavelet entropy,25,0.2513851256312594,XGBoost
0_LPCC_6,26,0.2209392585883115,XGBoost
0_Wavelet absolute mean_27777777.78Hz,27,0.2185663327776293,XGBoost
0_MFCC_4,28,0.1733423451081966,XGBoost
0_Wavelet energy_125000000.0Hz,29,0.1624141597650499,XGBoost
0_MFCC_9,30,0.1569522600617318,XGBoost
0_Median diff,31,0.1364920785276995,XGBoost
0_LPCC_5,32,0.1338003801935779,XGBoost
0_Maximum frequency,33,0.1192986256912641,XGBoost
0_Neighbourhood peaks,34,0.0668508601959154,XGBoost
0_Negative turning points,35,0.0625214943641622,XGBoost
0_Spectral decrease,36,0.0571115993767957,XGBoost
0_Mean,37,0.0474327610468647,XGBoost
0_Median frequency,38,0.0460748621258419,XGBoost
0_Zero crossing rate,39,0.0148777176556798,XGBoost
0_Median absolute diff,40,0.0127504748764137,XGBoost
0_Power bandwidth,41,0.0020994608273108,XGBoost
0_Spectral roll-on,42,0.0,XGBoost
0_Peak to peak distance,1,10.600270970751806,SVR
0_Interquartile range,2,9.508200922888498,SVR
0_ECDF Percentile_0,3,8.626468032616149,SVR
0_Spectral decrease,4,8.615970378079401,SVR
0_Spectral entropy,5,8.463907949412203,SVR
0_LPCC_0,6,8.374855734637373,SVR
0_Spectral variation,7,7.863495886206879,SVR
0_Absolute energy,8,6.5569325456124,SVR
0_Wavelet absolute mean_27777777.78Hz,9,6.210383500479848,SVR
0_Median,10,5.602711261046412,SVR
0_Mean diff,11,5.3505930956681365,SVR
0_MFCC_11,12,5.057278973494527,SVR
0_Wavelet absolute mean_125000000.0Hz,13,4.69527314853316,SVR
0_Slope,14,3.472047081029153,SVR
0_Max,15,3.176204349270611,SVR
0_Autocorrelation,16,1.7356142793433642,SVR
0_Mean,17,1.3248759884814922,SVR
0_MFCC_5,18,1.0940244472405825,SVR
0_Wavelet entropy,19,1.0825860389947868,SVR
0_Wavelet energy_125000000.0Hz,20,0.6845302837856758,SVR
0_MFCC_9,21,0.565740666593657,SVR
0_Maximum frequency,22,0.3719063399648102,SVR
0_ECDF Percentile_1,23,0.1759755144080676,SVR
0_MFCC_0,24,0.1743662944792595,SVR
0_MFCC_4,25,0.049019113727865,SVR
0_LPCC_1,26,0.0396595853105275,SVR
0_LPCC_5,27,0.0373395110821652,SVR
0_Zero crossing rate,28,0.0296585782723572,SVR
0_MFCC_10,29,0.0198945475440092,SVR
0_Entropy,30,0.0,SVR
0_Histogram mode,31,0.0,SVR
0_Fundamental frequency,32,0.0,SVR
0_LPCC_6,33,0.0,SVR
0_MFCC_8,34,0.0,SVR
0_Median diff,35,0.0,SVR
0_Median absolute diff,36,0.0,SVR
0_Negative turning points,37,0.0,SVR
0_Neighbourhood peaks,38,0.0,SVR
0_Power bandwidth,39,0.0,SVR
0_Median frequency,40,0.0,SVR
0_Spectral positive turning points,41,0.0,SVR
0_Spectral roll-on,42,0.0,SVR
0_Peak to peak distance,1,15.953284167515116,Random Forest
0_Absolute energy,2,8.143355643427645,Random Forest
0_Spectral entropy,3,8.053557848320725,Random Forest
0_Entropy,4,5.4037776621907225,Random Forest
0_Spectral variation,5,5.292093844187005,Random Forest
0_Interquartile range,6,4.980051785652638,Random Forest
0_Autocorrelation,7,4.414842517506316,Random Forest
0_Wavelet energy_125000000.0Hz,8,2.749956458023896,Random Forest
0_Histogram mode,9,2.6959609543551624,Random Forest
0_ECDF Percentile_0,10,2.2688756902710225,Random Forest
0_MFCC_11,11,2.0989546135370265,Random Forest
0_Wavelet absolute mean_125000000.0Hz,12,1.9511242379150784,Random Forest
0_LPCC_0,13,1.4282185347349072,Random Forest
0_Wavelet absolute mean_27777777.78Hz,14,1.2548249397265456,Random Forest
0_Slope,15,1.1053674756159224,Random Forest
0_Fundamental frequency,16,1.0763099336257052,Random Forest
0_Mean diff,17,0.9783760628535956,Random Forest
0_Wavelet entropy,18,0.9236750133953912,Random Forest
0_MFCC_9,19,0.770559990752783,Random Forest
0_ECDF Percentile_1,20,0.6898343578796409,Random Forest
0_MFCC_0,21,0.6351368876547864,Random Forest
0_MFCC_10,22,0.5140766861174955,Random Forest
0_MFCC_8,23,0.4738814401091775,Random Forest
0_Spectral decrease,24,0.4375877181444084,Random Forest
0_Median frequency,25,0.4312490643330695,Random Forest
0_Median,26,0.3648486675034549,Random Forest
0_MFCC_5,27,0.3583134327758608,Random Forest
0_LPCC_5,28,0.3373655516316881,Random Forest
0_Maximum frequency,29,0.3168118696471794,Random Forest
0_Zero crossing rate,30,0.2998120230775326,Random Forest
0_Mean,31,0.2927861151395948,Random Forest
0_Max,32,0.2840548653758673,Random Forest
0_LPCC_1,33,0.2687331058643973,Random Forest
0_LPCC_6,34,0.2206410466102069,Random Forest
0_MFCC_4,35,0.1815394427055765,Random Forest
0_Spectral positive turning points,36,0.1109972662525716,Random Forest
0_Median absolute diff,37,0.0899724882887676,Random Forest
0_Power bandwidth,38,0.0530206019279857,Random Forest
0_Negative turning points,39,0.0358295116137092,Random Forest
0_Neighbourhood peaks,40,0.014441163327995,Random Forest
0_Spectral roll-on,41,0.0138207023866474,Random Forest
0_Median diff,42,0.0,Random Forest
0_Maximum frequency,1,108409871.44750813,Bayesian Ridge
0_Median frequency,2,2467794.2319631176,Bayesian Ridge
0_Fundamental frequency,3,1760999.921722825,Bayesian Ridge
0_Power bandwidth,4,1445893.1766126414,Bayesian Ridge
0_Spectral roll-on,5,1062091.1786509524,Bayesian Ridge
0_MFCC_11,6,1883.7052410438728,Bayesian Ridge
0_MFCC_4,7,1425.856461214292,Bayesian Ridge
0_MFCC_9,8,1043.9569281637198,Bayesian Ridge
0_MFCC_5,9,1013.2187023444718,Bayesian Ridge
0_MFCC_8,10,378.973245014442,Bayesian Ridge
0_MFCC_0,11,249.82903558656787,Bayesian Ridge
0_MFCC_10,12,42.8119341563079,Bayesian Ridge
0_Absolute energy,13,10.801470827094647,Bayesian Ridge
0_Peak to peak distance,14,7.329332308323621,Bayesian Ridge
0_Autocorrelation,15,6.549778497659609,Bayesian Ridge
0_Spectral decrease,16,3.679081267021017,Bayesian Ridge
0_ECDF Percentile_0,17,3.392379056083151,Bayesian Ridge
0_Spectral positive turning points,18,3.318481460934205,Bayesian Ridge
0_ECDF Percentile_1,19,2.647049663009411,Bayesian Ridge
0_Max,20,2.10124439071185,Bayesian Ridge
0_Mean,21,1.7505834591082476,Bayesian Ridge
0_Zero crossing rate,22,1.6303892664276205,Bayesian Ridge
0_Median,23,0.8958276154292103,Bayesian Ridge
0_Interquartile range,24,0.8122030559328904,Bayesian Ridge
0_Spectral variation,25,0.3504693702418459,Bayesian Ridge
0_Negative turning points,26,0.2785117488663754,Bayesian Ridge
0_Histogram mode,27,0.2622981308256587,Bayesian Ridge
0_Neighbourhood peaks,28,0.2242650770392101,Bayesian Ridge
0_Spectral entropy,29,0.1251519442616677,Bayesian Ridge
0_LPCC_1,30,0.1237818194448362,Bayesian Ridge
0_Entropy,31,0.1216119449710289,Bayesian Ridge
0_Wavelet absolute mean_27777777.78Hz,32,0.1177865744842361,Bayesian Ridge
0_Wavelet energy_125000000.0Hz,33,0.0716214704935717,Bayesian Ridge
0_LPCC_0,34,0.0398597839779354,Bayesian Ridge
0_Wavelet entropy,35,0.0294940561497721,Bayesian Ridge
0_LPCC_5,36,0.0193038019462272,Bayesian Ridge
0_Wavelet absolute mean_125000000.0Hz,37,0.0181390886965226,Bayesian Ridge
0_Slope,38,0.0093255278689622,Bayesian Ridge
0_LPCC_6,39,0.004813958062668,Bayesian Ridge
0_Mean diff,40,0.0011584839908809,Bayesian Ridge
0_Median absolute diff,41,0.0005368014463174,Bayesian Ridge
0_Median diff,42,0.0003570187900712,Bayesian Ridge
0_Peak to peak distance,1,34.11525617440012,XGBoost
0_Spectral entropy,2,15.292745449561563,XGBoost
0_Autocorrelation,3,8.947431551042946,XGBoost
0_Entropy,4,5.085562179853333,XGBoost
0_Absolute energy,5,3.708725623266646,XGBoost
0_Interquartile range,6,3.636176819799904,XGBoost
0_Spectral variation,7,3.2675665030247227,XGBoost
0_Mean diff,8,2.2453931385795287,XGBoost
0_Max,9,1.673250297631572,XGBoost
0_Histogram mode,10,0.943021056669019,XGBoost
0_MFCC_5,11,0.919899398562188,XGBoost
0_Fundamental frequency,12,0.9045216212481262,XGBoost
0_Slope,13,0.7721122339469072,XGBoost
0_MFCC_11,14,0.7564238328275585,XGBoost
0_ECDF Percentile_1,15,0.7562443316535404,XGBoost
0_LPCC_0,16,0.7098521121595832,XGBoost
0_Wavelet absolute mean_27777777.78Hz,17,0.7061660120981433,XGBoost
0_MFCC_9,18,0.6915238167958335,XGBoost
0_Wavelet absolute mean_125000000.0Hz,19,0.6196952456210738,XGBoost
0_Wavelet entropy,20,0.552900486451015,XGBoost
0_LPCC_6,21,0.5239370867481454,XGBoost
0_Median,22,0.4824465158415959,XGBoost
0_MFCC_8,23,0.479246949275909,XGBoost
0_MFCC_10,24,0.4271820917885128,XGBoost
0_ECDF Percentile_0,25,0.4119466279804706,XGBoost
0_Maximum frequency,26,0.3942891362886876,XGBoost
0_MFCC_4,27,0.3862942301719139,XGBoost
0_LPCC_1,28,0.3818556053224951,XGBoost
0_Spectral positive turning points,29,0.3691174404530474,XGBoost
0_Wavelet energy_125000000.0Hz,30,0.367869852401223,XGBoost
0_Spectral decrease,31,0.3616852251492439,XGBoost
0_MFCC_0,32,0.318167109447283,XGBoost
0_LPCC_5,33,0.2924867045997332,XGBoost
0_Neighbourhood peaks,34,0.21173015133515,XGBoost
0_Negative turning points,35,0.2057774153078596,XGBoost
0_Zero crossing rate,36,0.1793247329734266,XGBoost
0_Median diff,37,0.1248052261153856,XGBoost
0_Median frequency,38,0.1193939818720023,XGBoost
0_Mean,39,0.1163708344152818,XGBoost
0_Median absolute diff,40,0.0120334514395644,XGBoost
0_Power bandwidth,41,0.0,XGBoost
0_Spectral roll-on,42,0.0,XGBoost
0_Peak to peak distance,1,11.376204866629177,SVR
0_Interquartile range,2,10.631127342597855,SVR
0_Spectral decrease,3,10.500632203004924,SVR
0_Spectral entropy,4,9.29202860050114,SVR
0_Spectral variation,5,9.131463082938303,SVR
0_LPCC_0,6,8.943615830421813,SVR
0_Mean diff,7,8.003919082826624,SVR
0_Absolute energy,8,6.802042421079077,SVR
0_ECDF Percentile_0,9,6.509826999811123,SVR
0_Max,10,6.169991118934124,SVR
0_Median,11,5.836999770437251,SVR
0_Wavelet absolute mean_27777777.78Hz,12,5.61043915519386,SVR
0_MFCC_11,13,4.015148487187317,SVR
0_Wavelet absolute mean_125000000.0Hz,14,3.251622162951424,SVR
0_Slope,15,2.1726837748187893,SVR
0_Autocorrelation,16,1.7781429024194373,SVR
0_MFCC_9,17,1.4549533493577516,SVR
0_Mean,18,0.8277939867660434,SVR
0_MFCC_5,19,0.7711039478534665,SVR
0_Wavelet energy_125000000.0Hz,20,0.574950748103138,SVR
0_Wavelet entropy,21,0.5248500263341345,SVR
0_MFCC_10,22,0.3690152478084739,SVR
0_Median diff,23,0.3185989747278874,SVR
0_Maximum frequency,24,0.1872946633541597,SVR
0_MFCC_4,25,0.116458599820024,SVR
0_LPCC_5,26,0.0718924365343663,SVR
0_Spectral roll-on,27,0.0648718687451721,SVR
0_Spectral positive turning points,28,0.0120378689009131,SVR
0_ECDF Percentile_1,29,0.0116847080006431,SVR
0_Fundamental frequency,30,0.0,SVR
0_LPCC_1,31,0.0,SVR
0_Histogram mode,32,0.0,SVR
0_Entropy,33,0.0,SVR
0_MFCC_8,34,0.0,SVR
0_Median absolute diff,35,0.0,SVR
0_LPCC_6,36,0.0,SVR
0_MFCC_0,37,0.0,SVR
0_Neighbourhood peaks,38,0.0,SVR
0_Power bandwidth,39,0.0,SVR
0_Median frequency,40,0.0,SVR
0_Negative turning points,41,0.0,SVR
0_Zero crossing rate,42,0.0,SVR
0_Peak to peak distance,1,17.968808232933114,Random Forest
0_Spectral entropy,2,7.32710311649801,Random Forest
0_Absolute energy,3,6.0751305917996135,Random Forest
0_Spectral variation,4,5.275600284934502,Random Forest
0_Autocorrelation,5,5.132629510833417,Random Forest
0_Interquartile range,6,4.61341658010787,Random Forest
0_Entropy,7,3.772153686751889,Random Forest
0_Wavelet energy_125000000.0Hz,8,2.821246951817241,Random Forest
0_ECDF Percentile_0,9,2.537918069710149,Random Forest
0_Histogram mode,10,2.5377335357485804,Random Forest
0_Wavelet absolute mean_125000000.0Hz,11,2.2934503403771207,Random Forest
0_MFCC_11,12,2.064264413792826,Random Forest
0_Wavelet absolute mean_27777777.78Hz,13,1.3200894898777829,Random Forest
0_LPCC_0,14,1.1770402811101486,Random Forest
0_Fundamental frequency,15,1.0213716993536488,Random Forest
0_ECDF Percentile_1,16,0.9592250919991174,Random Forest
0_Slope,17,0.9435721838455338,Random Forest
0_Mean diff,18,0.830145109165266,Random Forest
0_Wavelet entropy,19,0.7277242117092478,Random Forest
0_MFCC_8,20,0.6086678415202069,Random Forest
0_Spectral decrease,21,0.575379754067616,Random Forest
0_Median frequency,22,0.5637446516633808,Random Forest
0_MFCC_9,23,0.5508506376122124,Random Forest
0_MFCC_10,24,0.5151349088565914,Random Forest
0_Maximum frequency,25,0.4382550984212974,Random Forest
0_MFCC_0,26,0.4100715191797198,Random Forest
0_MFCC_5,27,0.3811090797579691,Random Forest
0_Median,28,0.3503466061761447,Random Forest
0_LPCC_5,29,0.3496611166749305,Random Forest
0_LPCC_6,30,0.2566840617994157,Random Forest
0_Max,31,0.2420292268722628,Random Forest
0_Zero crossing rate,32,0.2201723991959976,Random Forest
0_LPCC_1,33,0.2123230832905973,Random Forest
0_Mean,34,0.2078333191988135,Random Forest
0_MFCC_4,35,0.156523373818056,Random Forest
0_Negative turning points,36,0.1269433605123311,Random Forest
0_Spectral positive turning points,37,0.1084977699967567,Random Forest
0_Median absolute diff,38,0.0656899213974053,Random Forest
0_Spectral roll-on,39,0.0557520335763692,Random Forest
0_Power bandwidth,40,0.0307667670726776,Random Forest
0_Neighbourhood peaks,41,0.0082276559062224,Random Forest
0_Median diff,42,0.0,Random Forest
0_Maximum frequency,1,143713619.18902194,Bayesian Ridge
0_Median frequency,2,3098417.328524968,Bayesian Ridge
0_Spectral roll-on,3,1468324.8326970956,Bayesian Ridge
0_Power bandwidth,4,1110546.6260370547,Bayesian Ridge
0_Fundamental frequency,5,512228.50178899965,Bayesian Ridge
0_MFCC_4,6,1349.7565167227965,Bayesian Ridge
0_MFCC_11,7,1290.9319451256697,Bayesian Ridge
0_MFCC_5,8,1099.7843551669266,Bayesian Ridge
0_MFCC_9,9,998.1060017571972,Bayesian Ridge
0_MFCC_0,10,235.0623268383711,Bayesian Ridge
0_MFCC_10,11,231.27579158334504,Bayesian Ridge
0_MFCC_8,12,113.30487660237505,Bayesian Ridge
0_Absolute energy,13,74.25969310158375,Bayesian Ridge
0_Spectral decrease,14,8.193498511808198,Bayesian Ridge
0_Peak to peak distance,15,7.113115327412247,Bayesian Ridge
0_Spectral positive turning points,16,6.886040567734302,Bayesian Ridge
0_Autocorrelation,17,5.961539464336073,Bayesian Ridge
0_ECDF Percentile_1,18,4.121136573485537,Bayesian Ridge
0_ECDF Percentile_0,19,3.292692888733677,Bayesian Ridge
0_Interquartile range,20,2.3888905691979003,Bayesian Ridge
0_Max,21,2.2879681670553125,Bayesian Ridge
0_Mean,22,2.1562556003930715,Bayesian Ridge
0_Median,23,0.8349971623401395,Bayesian Ridge
0_Zero crossing rate,24,0.689679764001242,Bayesian Ridge
0_Negative turning points,25,0.5513549500713079,Bayesian Ridge
0_Histogram mode,26,0.4291412772766766,Bayesian Ridge
0_Spectral variation,27,0.4132486048927911,Bayesian Ridge
0_LPCC_0,28,0.1623649689241911,Bayesian Ridge
0_Wavelet absolute mean_27777777.78Hz,29,0.1332129686035553,Bayesian Ridge
0_Entropy,30,0.0847075320628307,Bayesian Ridge
0_Spectral entropy,31,0.0706684370305694,Bayesian Ridge
0_Wavelet energy_125000000.0Hz,32,0.0584330104858093,Bayesian Ridge
0_LPCC_1,33,0.042278283412024,Bayesian Ridge
0_Neighbourhood peaks,34,0.0289742297153373,Bayesian Ridge
0_Wavelet entropy,35,0.028580517360352,Bayesian Ridge
0_Wavelet absolute mean_125000000.0Hz,36,0.0164252506366406,Bayesian Ridge
0_LPCC_5,37,0.0106762747076764,Bayesian Ridge
0_Slope,38,0.0084607067732407,Bayesian Ridge
0_LPCC_6,39,0.0078360179080395,Bayesian Ridge
0_Mean diff,40,0.0055875193596404,Bayesian Ridge
0_Median absolute diff,41,0.0003096285169377,Bayesian Ridge
0_Median diff,42,0.0002014640170653,Bayesian Ridge
0_Peak to peak distance,1,33.270350960917284,XGBoost
0_Spectral entropy,2,17.10274727307183,XGBoost
0_Autocorrelation,3,10.559934899199687,XGBoost
0_Interquartile range,4,4.391612001942689,XGBoost
0_Spectral variation,5,3.871911943000309,XGBoost
0_Absolute energy,6,2.7842749672618696,XGBoost
0_Entropy,7,2.489321491564501,XGBoost
0_Mean diff,8,2.029248605882749,XGBoost
0_Max,9,1.3829374234407517,XGBoost
0_Wavelet energy_125000000.0Hz,10,1.1984445456308626,XGBoost
0_MFCC_11,11,1.1552377626472463,XGBoost
0_Fundamental frequency,12,1.1276591445413726,XGBoost
0_Histogram mode,13,0.982747177348534,XGBoost
0_MFCC_9,14,0.8270687124014522,XGBoost
0_Slope,15,0.8261651357659449,XGBoost
0_Wavelet entropy,16,0.7299313579468678,XGBoost
0_MFCC_10,17,0.7109589604256052,XGBoost
0_Wavelet absolute mean_125000000.0Hz,18,0.6380487065549941,XGBoost
0_ECDF Percentile_1,19,0.63580518919602,XGBoost
0_MFCC_5,20,0.5661428030567864,XGBoost
0_LPCC_6,21,0.5033403308630613,XGBoost
0_Median,22,0.4774724016935254,XGBoost
0_MFCC_0,23,0.449204708183743,XGBoost
0_MFCC_4,24,0.4338910120248793,XGBoost
0_LPCC_0,25,0.4267553547084332,XGBoost
0_Spectral positive turning points,26,0.3487942522441348,XGBoost
0_Wavelet absolute mean_27777777.78Hz,27,0.339265157382066,XGBoost
0_Maximum frequency,28,0.2733638229487464,XGBoost
0_MFCC_8,29,0.2674489658895259,XGBoost
0_LPCC_5,30,0.2667668912646672,XGBoost
0_ECDF Percentile_0,31,0.2590834265084937,XGBoost
0_LPCC_1,32,0.2542116624528542,XGBoost
0_Mean,33,0.2497834581064681,XGBoost
0_Zero crossing rate,34,0.201656910457462,XGBoost
0_Spectral decrease,35,0.1355376492480436,XGBoost
0_Negative turning points,36,0.1153410903215408,XGBoost
0_Median absolute diff,37,0.0722587932878484,XGBoost
0_Median frequency,38,0.046934786816438,XGBoost
0_Neighbourhood peaks,39,0.0237753458854742,XGBoost
0_Median diff,40,0.0046174461344877,XGBoost
0_Power bandwidth,41,0.0,XGBoost
0_Spectral roll-on,42,0.0,XGBoost
0_ECDF Percentile_0,1,10.306197455142025,SVR
0_Peak to peak distance,2,9.226486402755992,SVR
0_Interquartile range,3,8.762522468409278,SVR
0_Spectral entropy,4,8.162817542741028,SVR
0_Spectral decrease,5,8.095967809329528,SVR
0_Spectral variation,6,7.859191959968446,SVR
0_LPCC_0,7,7.803111777204898,SVR
0_Absolute energy,8,7.419760680682196,SVR
0_Median,9,7.338113263255787,SVR
0_Mean diff,10,6.606160749649294,SVR
0_Wavelet absolute mean_27777777.78Hz,11,6.05669782406787,SVR
0_Wavelet absolute mean_125000000.0Hz,12,4.672873853437086,SVR
0_Max,13,3.481003446946661,SVR
0_Autocorrelation,14,3.367173724634699,SVR
0_MFCC_11,15,3.1320931292193284,SVR
0_Slope,16,2.5236731419667726,SVR
0_Mean,17,2.0367441932592083,SVR
0_MFCC_5,18,0.9864451059044268,SVR
0_MFCC_9,19,0.7639968422029043,SVR
0_Wavelet entropy,20,0.4003610382079876,SVR
0_MFCC_8,21,0.2849957189182765,SVR
0_MFCC_4,22,0.2439935402942548,SVR
0_Wavelet energy_125000000.0Hz,23,0.2390084170964112,SVR
0_LPCC_1,24,0.1639779451955795,SVR
0_MFCC_10,25,0.1618149372922276,SVR
0_Maximum frequency,26,0.133364254914228,SVR
0_Spectral roll-on,27,0.03074508676793,SVR
0_MFCC_0,28,0.0129752709608258,SVR
0_ECDF Percentile_1,29,0.0107788102257448,SVR
0_Entropy,30,0.0,SVR
0_Histogram mode,31,0.0,SVR
0_Fundamental frequency,32,0.0,SVR
0_LPCC_5,33,0.0,SVR
0_LPCC_6,34,0.0,SVR
0_Median diff,35,0.0,SVR
0_Median absolute diff,36,0.0,SVR
0_Negative turning points,37,0.0,SVR
0_Neighbourhood peaks,38,0.0,SVR
0_Power bandwidth,39,0.0,SVR
0_Median frequency,40,0.0,SVR
0_Spectral positive turning points,41,0.0,SVR
0_Zero crossing rate,42,0.0,SVR
0_Peak to peak distance,1,15.822814528117393,Random Forest
0_Spectral entropy,2,8.4207831714848,Random Forest
0_Absolute energy,3,7.972805180167295,Random Forest
0_Autocorrelation,4,6.69486462053877,Random Forest
0_Spectral variation,5,5.314591717662679,Random Forest
0_Entropy,6,4.805785065150936,Random Forest
0_Interquartile range,7,4.070208672948903,Random Forest
0_Wavelet energy_125000000.0Hz,8,3.4354350417532493,Random Forest
0_Histogram mode,9,2.437467278857016,Random Forest
0_ECDF Percentile_0,10,2.353227142662765,Random Forest
0_MFCC_11,11,1.7081284574969555,Random Forest
0_Wavelet absolute mean_125000000.0Hz,12,1.7030780281404116,Random Forest
0_ECDF Percentile_1,13,1.2495066022086343,Random Forest
0_LPCC_0,14,1.2255044977176193,Random Forest
0_Fundamental frequency,15,1.2174770436707336,Random Forest
0_Slope,16,1.173717269454167,Random Forest
0_Wavelet entropy,17,0.9104198614608304,Random Forest
0_Mean diff,18,0.8988408727454953,Random Forest
0_MFCC_0,19,0.8891800998006789,Random Forest
0_Wavelet absolute mean_27777777.78Hz,20,0.8764644745473366,Random Forest
0_MFCC_8,21,0.837376262334517,Random Forest
0_MFCC_9,22,0.8038626999883639,Random Forest
0_Median frequency,23,0.5946631870474356,Random Forest
0_Max,24,0.5554577769559343,Random Forest
0_Spectral decrease,25,0.5132518204146531,Random Forest
0_MFCC_10,26,0.4437226513396249,Random Forest
0_MFCC_5,27,0.4063992568921085,Random Forest
0_LPCC_5,28,0.392557870088797,Random Forest
0_Median,29,0.3230488459828465,Random Forest
0_Maximum frequency,30,0.259705919083425,Random Forest
0_Zero crossing rate,31,0.2473868451349049,Random Forest
0_LPCC_6,32,0.2143284612256102,Random Forest
0_LPCC_1,33,0.2029603916360531,Random Forest
0_Mean,34,0.1789942826305128,Random Forest
0_MFCC_4,35,0.1452925060194063,Random Forest
0_Median absolute diff,36,0.079493813125308,Random Forest
0_Negative turning points,37,0.0648630671388004,Random Forest
0_Spectral positive turning points,38,0.0587304395111355,Random Forest
0_Power bandwidth,39,0.0169410715298106,Random Forest
0_Spectral roll-on,40,0.0138063088404014,Random Forest
0_Neighbourhood peaks,41,0.0094965852158609,Random Forest
0_Median diff,42,0.0,Random Forest
0_Maximum frequency,1,218014470.7933333,Bayesian Ridge
0_Median frequency,2,4197555.211497015,Bayesian Ridge
0_Fundamental frequency,3,2163399.0836599777,Bayesian Ridge
0_Power bandwidth,4,2021389.033979444,Bayesian Ridge
0_Spectral roll-on,5,1157997.0414368438,Bayesian Ridge
0_MFCC_11,6,1560.5619718706232,Bayesian Ridge
0_MFCC_4,7,1436.895815654089,Bayesian Ridge
0_MFCC_9,8,1301.8204427846467,Bayesian Ridge
0_MFCC_5,9,1138.2895225152718,Bayesian Ridge
0_MFCC_8,10,559.1771287941098,Bayesian Ridge
0_MFCC_0,11,197.9722420640543,Bayesian Ridge
0_MFCC_10,12,190.3638682621617,Bayesian Ridge
0_Absolute energy,13,57.198537379346256,Bayesian Ridge
0_Autocorrelation,14,7.449709909757686,Bayesian Ridge
0_Peak to peak distance,15,7.257235693158865,Bayesian Ridge
0_ECDF Percentile_0,16,3.701509570921466,Bayesian Ridge
0_Spectral decrease,17,3.198554233396496,Bayesian Ridge
0_Spectral positive turning points,18,3.0255211940779425,Bayesian Ridge
0_ECDF Percentile_1,19,2.980708200558358,Bayesian Ridge
0_Max,20,2.4034672449987613,Bayesian Ridge
0_Mean,21,1.9190057957289008,Bayesian Ridge
0_Zero crossing rate,22,1.6007829886549303,Bayesian Ridge
0_Median,23,1.044315320996,Bayesian Ridge
0_Interquartile range,24,0.4810203140553154,Bayesian Ridge
0_Negative turning points,25,0.4079070691590963,Bayesian Ridge
0_Spectral variation,26,0.2407131989414029,Bayesian Ridge
0_Histogram mode,27,0.2306144941376041,Bayesian Ridge
0_Wavelet absolute mean_27777777.78Hz,28,0.1713734495523209,Bayesian Ridge
0_Spectral entropy,29,0.1571488882388065,Bayesian Ridge
0_LPCC_1,30,0.1430565988783775,Bayesian Ridge
0_Entropy,31,0.0939589194898917,Bayesian Ridge
0_Neighbourhood peaks,32,0.0889891018377875,Bayesian Ridge
0_Wavelet energy_125000000.0Hz,33,0.0555300305416883,Bayesian Ridge
0_LPCC_5,34,0.0518968764981393,Bayesian Ridge
0_LPCC_0,35,0.0449542741404495,Bayesian Ridge
0_LPCC_6,36,0.035673853061959,Bayesian Ridge
0_Wavelet entropy,37,0.0225144368417005,Bayesian Ridge
0_Wavelet absolute mean_125000000.0Hz,38,0.0105629307835739,Bayesian Ridge
0_Slope,39,0.0088412067211543,Bayesian Ridge
0_Mean diff,40,0.005628707486607,Bayesian Ridge
0_Median absolute diff,41,0.0004040418883071,Bayesian Ridge
0_Median diff,42,0.0001897233163751,Bayesian Ridge
0_Peak to peak distance,1,32.87107206149125,XGBoost
0_Spectral entropy,2,18.36629275829891,XGBoost
0_Autocorrelation,3,13.140916173662498,XGBoost
0_Absolute energy,4,4.173055670394655,XGBoost
0_Entropy,5,3.813574896368136,XGBoost
0_Spectral variation,6,3.226053994502064,XGBoost
0_Interquartile range,7,2.371283282211504,XGBoost
0_Mean diff,8,1.689392861717966,XGBoost
0_Fundamental frequency,9,1.3413021746076643,XGBoost
0_Wavelet energy_125000000.0Hz,10,1.142448644744667,XGBoost
0_Slope,11,0.9495179114764556,XGBoost
0_Histogram mode,12,0.940996767965704,XGBoost
0_MFCC_5,13,0.8650562619529044,XGBoost
0_MFCC_11,14,0.7652213405250262,XGBoost
0_Max,15,0.6853428843887213,XGBoost
0_LPCC_0,16,0.6568575446235019,XGBoost
0_Wavelet absolute mean_125000000.0Hz,17,0.6394373970870857,XGBoost
0_MFCC_8,18,0.5281239934404691,XGBoost
0_Wavelet entropy,19,0.4700686048489686,XGBoost
0_LPCC_5,20,0.4163168919686228,XGBoost
0_LPCC_1,21,0.4115519682532487,XGBoost
0_LPCC_6,22,0.3087779863726036,XGBoost
0_Negative turning points,23,0.3046211320442457,XGBoost
0_MFCC_0,24,0.290922777970011,XGBoost
0_Maximum frequency,25,0.2876250810698916,XGBoost
0_MFCC_9,26,0.282661227496403,XGBoost
0_MFCC_4,27,0.2454645549370596,XGBoost
0_ECDF Percentile_0,28,0.2165671576879919,XGBoost
0_Spectral decrease,29,0.2002846752463529,XGBoost
0_Zero crossing rate,30,0.1771055625466008,XGBoost
0_ECDF Percentile_1,31,0.1758326520346105,XGBoost
0_MFCC_10,32,0.1698380275852357,XGBoost
0_Mean,33,0.1560336417467644,XGBoost
0_Wavelet absolute mean_27777777.78Hz,34,0.1340507530398046,XGBoost
0_Neighbourhood peaks,35,0.1300890427976847,XGBoost
0_Spectral positive turning points,36,0.1121460363620271,XGBoost
0_Median diff,37,0.0745087353388468,XGBoost
0_Median,38,0.0712493297525992,XGBoost
0_Median frequency,39,0.0417584186034897,XGBoost
0_Median absolute diff,40,0.0236342774033546,XGBoost
0_Power bandwidth,41,0.0,XGBoost
0_Spectral roll-on,42,0.0,XGBoost
0_Peak to peak distance,1,12.210547364828912,SVR
0_ECDF Percentile_0,2,9.962282474069347,SVR
0_Spectral entropy,3,9.619920782993704,SVR
0_Spectral decrease,4,9.11457340111583,SVR
0_Spectral variation,5,8.878568575242928,SVR
0_Interquartile range,6,8.302197678821006,SVR
0_Mean diff,7,7.210277285431791,SVR
0_Absolute energy,8,6.929930531867218,SVR
0_LPCC_0,9,6.712072824993368,SVR
0_Wavelet absolute mean_27777777.78Hz,10,6.405460730091007,SVR
0_Median,11,5.610696901274244,SVR
0_Max,12,4.575983888377863,SVR
0_MFCC_11,13,3.5209298554934843,SVR
0_Slope,14,2.4097005241232767,SVR
0_Wavelet absolute mean_125000000.0Hz,15,2.132475482667613,SVR
0_Autocorrelation,16,1.7878837963751324,SVR
0_MFCC_9,17,1.5880364817772337,SVR
0_Mean,18,1.1165098752710714,SVR
0_Wavelet entropy,19,0.7516872967516838,SVR
0_MFCC_5,20,0.6821061016699504,SVR
0_Maximum frequency,21,0.5496125603218491,SVR
0_MFCC_10,22,0.4459869124320375,SVR
0_Median diff,23,0.3332252285928864,SVR
0_Wavelet energy_125000000.0Hz,24,0.2711914431140123,SVR
0_Power bandwidth,25,0.1598759140394171,SVR
0_Negative turning points,26,0.030714111739854,SVR
0_MFCC_0,27,0.0189524167908871,SVR
0_ECDF Percentile_1,28,0.0188259536630764,SVR
0_MFCC_4,29,0.0173346433989256,SVR
0_MFCC_8,30,0.0098764417091369,SVR
0_LPCC_1,31,0.0,SVR
0_Histogram mode,32,0.0,SVR
0_Entropy,33,0.0,SVR
0_Fundamental frequency,34,0.0,SVR
0_Median absolute diff,35,0.0,SVR
0_LPCC_6,36,0.0,SVR
0_LPCC_5,37,0.0,SVR
0_Neighbourhood peaks,38,0.0,SVR
0_Median frequency,39,0.0,SVR
0_Spectral roll-on,40,0.0,SVR
0_Spectral positive turning points,41,0.0,SVR
0_Zero crossing rate,42,0.0,SVR
0_Peak to peak distance,1,14.850597840596054,Random Forest
0_Spectral entropy,2,8.778864330452201,Random Forest
0_Absolute energy,3,6.996647865097657,Random Forest
0_Spectral variation,4,5.489476548425964,Random Forest
0_Autocorrelation,5,5.385554234410279,Random Forest
0_Entropy,6,4.630836059662667,Random Forest
0_Interquartile range,7,4.337269334988383,Random Forest
0_Wavelet energy_125000000.0Hz,8,3.2052934656763137,Random Forest
0_ECDF Percentile_0,9,3.1570127376480484,Random Forest
0_Wavelet absolute mean_125000000.0Hz,10,2.5204768856305004,Random Forest
0_Histogram mode,11,2.2833236231593186,Random Forest
0_MFCC_11,12,2.2549252661964085,Random Forest
0_Wavelet absolute mean_27777777.78Hz,13,1.283276105853077,Random Forest
0_LPCC_0,14,1.186797791885577,Random Forest
0_Mean diff,15,1.0969300360603875,Random Forest
0_Slope,16,0.944565445029875,Random Forest
0_ECDF Percentile_1,17,0.9054598667370892,Random Forest
0_MFCC_9,18,0.9053273386784128,Random Forest
0_MFCC_8,19,0.897301665090723,Random Forest
0_Fundamental frequency,20,0.842153701608007,Random Forest
0_Wavelet entropy,21,0.784487633010939,Random Forest
0_MFCC_0,22,0.7034161124157406,Random Forest
0_Median frequency,23,0.6689451714269663,Random Forest
0_Spectral decrease,24,0.5816979911978436,Random Forest
0_MFCC_5,25,0.4944079611700805,Random Forest
0_MFCC_10,26,0.4420687363032251,Random Forest
0_Median,27,0.417932581233955,Random Forest
0_Max,28,0.3528288490689591,Random Forest
0_Maximum frequency,29,0.3352399834652819,Random Forest
0_LPCC_6,30,0.3160985043123947,Random Forest
0_LPCC_5,31,0.2454353648331326,Random Forest
0_Zero crossing rate,32,0.2291939393729282,Random Forest
0_MFCC_4,33,0.2237688706369295,Random Forest
0_Mean,34,0.2161352778465953,Random Forest
0_LPCC_1,35,0.1688248023907188,Random Forest
0_Power bandwidth,36,0.1055166168704008,Random Forest
0_Spectral positive turning points,37,0.080037270060818,Random Forest
0_Negative turning points,38,0.0584601808192053,Random Forest
0_Median absolute diff,39,0.0300738874377061,Random Forest
0_Spectral roll-on,40,0.0127216900923599,Random Forest
0_Neighbourhood peaks,41,0.0069498890092596,Random Forest
0_Median diff,42,0.0,Random Forest
0_Maximum frequency,1,306411521.6652584,Bayesian Ridge
0_Median frequency,2,3471881.7403824185,Bayesian Ridge
0_Power bandwidth,3,3158339.7555055185,Bayesian Ridge
0_Spectral roll-on,4,1457984.9207156205,Bayesian Ridge
0_Fundamental frequency,5,239634.09483140748,Bayesian Ridge
0_MFCC_11,6,1602.8413768309638,Bayesian Ridge
0_MFCC_4,7,1480.8303041938666,Bayesian Ridge
0_MFCC_5,8,1169.5349310216093,Bayesian Ridge
0_MFCC_9,9,1128.7943941623816,Bayesian Ridge
0_MFCC_8,10,439.1188081841381,Bayesian Ridge
0_MFCC_0,11,217.45918544670505,Bayesian Ridge
0_MFCC_10,12,120.90248239602778,Bayesian Ridge
0_Absolute energy,13,43.915837269524,Bayesian Ridge
0_Peak to peak distance,14,7.027515124267224,Bayesian Ridge
0_Autocorrelation,15,6.51796525057985,Bayesian Ridge
0_Spectral decrease,16,5.892884703174708,Bayesian Ridge
0_ECDF Percentile_1,17,4.494511898215973,Bayesian Ridge
0_Spectral positive turning points,18,4.039654911091726,Bayesian Ridge
0_ECDF Percentile_0,19,3.5229693229491734,Bayesian Ridge
0_Max,20,2.1566895636146124,Bayesian Ridge
0_Interquartile range,21,2.1059593150233966,Bayesian Ridge
0_Mean,22,1.5837133640250582,Bayesian Ridge
0_Zero crossing rate,23,1.103222767933806,Bayesian Ridge
0_Median,24,0.9595856561909772,Bayesian Ridge
0_Histogram mode,25,0.5959572736154197,Bayesian Ridge
0_Spectral variation,26,0.4828710399800346,Bayesian Ridge
0_Negative turning points,27,0.3335098269725523,Bayesian Ridge
0_Wavelet absolute mean_27777777.78Hz,28,0.2367082421018078,Bayesian Ridge
0_LPCC_0,29,0.1041992642859496,Bayesian Ridge
0_Entropy,30,0.1007425395605697,Bayesian Ridge
0_LPCC_1,31,0.0909799100860443,Bayesian Ridge
0_Spectral entropy,32,0.0674063008122203,Bayesian Ridge
0_Neighbourhood peaks,33,0.0577201401678878,Bayesian Ridge
0_LPCC_5,34,0.0463773632608966,Bayesian Ridge
0_Wavelet energy_125000000.0Hz,35,0.0429081455241225,Bayesian Ridge
0_Wavelet entropy,36,0.0289607614465237,Bayesian Ridge
0_Mean diff,37,0.0121708988320646,Bayesian Ridge
0_Slope,38,0.0090308281709789,Bayesian Ridge
0_LPCC_6,39,0.0047366625319078,Bayesian Ridge
0_Wavelet absolute mean_125000000.0Hz,40,0.0015626102750476,Bayesian Ridge
0_Median absolute diff,41,0.0008901249593808,Bayesian Ridge
0_Median diff,42,0.0002091883868327,Bayesian Ridge
0_Peak to peak distance,1,38.61151423299326,XGBoost
0_Spectral entropy,2,20.25917532083954,XGBoost
0_Autocorrelation,3,12.845783578297372,XGBoost
0_Interquartile range,4,3.735163014407145,XGBoost
0_Spectral variation,5,2.442935457069024,XGBoost
0_Entropy,6,1.8346176672352483,XGBoost
0_Mean diff,7,1.5065571058052278,XGBoost
0_Histogram mode,8,1.4150614813929423,XGBoost
0_Wavelet energy_125000000.0Hz,9,1.177150103179676,XGBoost
0_Max,10,1.0117384410588692,XGBoost
0_Wavelet entropy,11,0.8772239502325189,XGBoost
0_LPCC_0,12,0.7950851508490739,XGBoost
0_LPCC_1,13,0.7475096057651563,XGBoost
0_Wavelet absolute mean_125000000.0Hz,14,0.7325805915376791,XGBoost
0_Absolute energy,15,0.6633436995288359,XGBoost
0_Median absolute diff,16,0.632007203815474,XGBoost
0_MFCC_11,17,0.6103755941786805,XGBoost
0_Spectral decrease,18,0.5973061854418366,XGBoost
0_MFCC_9,19,0.5049578305210919,XGBoost
0_MFCC_5,20,0.4979329886782037,XGBoost
0_ECDF Percentile_1,21,0.479113295978556,XGBoost
0_Fundamental frequency,22,0.4778381566236417,XGBoost
0_LPCC_5,23,0.4197290880347757,XGBoost
0_MFCC_0,24,0.377244926053534,XGBoost
0_ECDF Percentile_0,25,0.3650602520940204,XGBoost
0_MFCC_4,26,0.3591582145103562,XGBoost
0_Slope,27,0.3552579506594067,XGBoost
0_MFCC_10,28,0.3445379140049839,XGBoost
0_MFCC_8,29,0.3275889964991406,XGBoost
0_LPCC_6,30,0.3266182531332597,XGBoost
0_Maximum frequency,31,0.279359420365002,XGBoost
0_Median,32,0.2751413151231284,XGBoost
0_Neighbourhood peaks,33,0.2623690058837333,XGBoost
0_Spectral positive turning points,34,0.2212753636689236,XGBoost
0_Mean,35,0.1264035964564109,XGBoost
0_Median frequency,36,0.0984076377948125,XGBoost
0_Wavelet absolute mean_27777777.78Hz,37,0.0863917191542685,XGBoost
0_Negative turning points,38,0.0510427708179069,XGBoost
0_Zero crossing rate,39,0.0355005943700671,XGBoost
0_Median diff,40,0.0151401246269543,XGBoost
0_Power bandwidth,41,0.0,XGBoost
0_Spectral roll-on,42,0.0,XGBoost
0_Peak to peak distance,1,12.311677301039982,SVR
0_Interquartile range,2,9.536292106432,SVR
0_Spectral entropy,3,8.907011433563992,SVR
0_ECDF Percentile_0,4,8.903476466029396,SVR
0_Spectral variation,5,8.381783896037845,SVR
0_Wavelet absolute mean_27777777.78Hz,6,7.42358518035156,SVR
0_Mean diff,7,7.324752519108288,SVR
0_Spectral decrease,8,6.35708264661886,SVR
0_Max,9,6.1780804025009886,SVR
0_LPCC_0,10,6.146574189064958,SVR
0_Absolute energy,11,6.137886046244492,SVR
0_Median,12,5.80367001290561,SVR
0_MFCC_11,13,5.032134982328668,SVR
0_Slope,14,4.697733221171024,SVR
0_Wavelet energy_125000000.0Hz,15,3.073936485854163,SVR
0_Wavelet absolute mean_125000000.0Hz,16,2.4313031806105245,SVR
0_Autocorrelation,17,1.9843828683049,SVR
0_Mean,18,1.837516329148988,SVR
0_MFCC_9,19,1.6861064821218446,SVR
0_MFCC_5,20,1.1624272608948478,SVR
0_MFCC_4,21,1.1140125616930407,SVR
0_MFCC_10,22,0.5595037201714622,SVR
0_Maximum frequency,23,0.3535659073241666,SVR
0_Wavelet entropy,24,0.2749205228944407,SVR
0_LPCC_5,25,0.1416852363842946,SVR
0_MFCC_8,26,0.1000923927646559,SVR
0_Median absolute diff,27,0.0850539418982436,SVR
0_LPCC_1,28,0.0,SVR
0_Entropy,29,0.0,SVR
0_Fundamental frequency,30,0.0,SVR
0_ECDF Percentile_1,31,0.0,SVR
0_Histogram mode,32,0.0,SVR
0_MFCC_0,33,0.0,SVR
0_LPCC_6,34,0.0,SVR
0_Median diff,35,0.0,SVR
0_Median frequency,36,0.0,SVR
0_Negative turning points,37,0.0,SVR
0_Neighbourhood peaks,38,0.0,SVR
0_Power bandwidth,39,0.0,SVR
0_Spectral roll-on,40,0.0,SVR
0_Spectral positive turning points,41,0.0,SVR
0_Zero crossing rate,42,0.0,SVR
0_Peak to peak distance,1,16.089868442934787,Random Forest
0_Spectral entropy,2,7.624086993358346,Random Forest
0_Absolute energy,3,5.926090717439167,Random Forest
0_Spectral variation,4,5.469162398904747,Random Forest
0_Autocorrelation,5,5.24657802811563,Random Forest
0_Interquartile range,6,4.691339007755555,Random Forest
0_Entropy,7,3.853089361536472,Random Forest
0_Wavelet energy_125000000.0Hz,8,3.4149871599921022,Random Forest
0_Histogram mode,9,2.820337940828937,Random Forest
0_ECDF Percentile_0,10,2.376284975706662,Random Forest
0_Wavelet absolute mean_125000000.0Hz,11,2.159299577695412,Random Forest
0_MFCC_11,12,1.8588084388520256,Random Forest
0_Slope,13,1.4925651171853458,Random Forest
0_ECDF Percentile_1,14,1.3883728708357237,Random Forest
0_LPCC_0,15,1.168909690232078,Random Forest
0_Wavelet absolute mean_27777777.78Hz,16,1.1023892419695855,Random Forest
0_MFCC_8,17,1.0470047789171335,Random Forest
0_Fundamental frequency,18,0.9793121292578676,Random Forest
0_Median frequency,19,0.9407610412836076,Random Forest
0_Mean diff,20,0.8654364595714648,Random Forest
0_Wavelet entropy,21,0.8256849186436586,Random Forest
0_MFCC_9,22,0.7216278514810216,Random Forest
0_MFCC_0,23,0.6917262863179356,Random Forest
0_Max,24,0.5211586911007764,Random Forest
0_Maximum frequency,25,0.4940478062150999,Random Forest
0_Spectral decrease,26,0.3953757003073271,Random Forest
0_MFCC_10,27,0.3716548875063657,Random Forest
0_MFCC_5,28,0.3128275585220505,Random Forest
0_Median,29,0.3047713267341255,Random Forest
0_LPCC_1,30,0.2877282435563704,Random Forest
0_Mean,31,0.2778015694702975,Random Forest
0_Zero crossing rate,32,0.2199631616331637,Random Forest
0_MFCC_4,33,0.2191197085601898,Random Forest
0_LPCC_6,34,0.2132683963190143,Random Forest
0_Power bandwidth,35,0.1608180709312359,Random Forest
0_Spectral positive turning points,36,0.1301407217202708,Random Forest
0_LPCC_5,37,0.1289906830082337,Random Forest
0_Median absolute diff,38,0.1060819982046882,Random Forest
0_Neighbourhood peaks,39,0.0251352343452473,Random Forest
0_Negative turning points,40,0.0142250792528192,Random Forest
0_Spectral roll-on,41,0.0096393699884414,Random Forest
0_Median diff,42,0.0,Random Forest
0_Maximum frequency,1,99581846.84395792,Bayesian Ridge
0_Median frequency,2,3009167.284033005,Bayesian Ridge
0_Fundamental frequency,3,2251451.3538575843,Bayesian Ridge
0_Power bandwidth,4,1599486.6820644196,Bayesian Ridge
0_Spectral roll-on,5,1559735.7063911546,Bayesian Ridge
0_MFCC_11,6,1432.677941944562,Bayesian Ridge
0_MFCC_4,7,1217.4451006193117,Bayesian Ridge
0_MFCC_5,8,983.435215858046,Bayesian Ridge
0_MFCC_9,9,830.7923679377789,Bayesian Ridge
0_MFCC_8,10,234.906713458157,Bayesian Ridge
0_MFCC_10,11,149.70801028745444,Bayesian Ridge
0_MFCC_0,12,149.46562712148005,Bayesian Ridge
0_Absolute energy,13,75.16112166039287,Bayesian Ridge
0_Peak to peak distance,14,7.1465387719236695,Bayesian Ridge
0_Autocorrelation,15,6.101906789013792,Bayesian Ridge
0_Spectral positive turning points,16,4.072446625780288,Bayesian Ridge
0_Spectral decrease,17,3.634126408629432,Bayesian Ridge
0_ECDF Percentile_0,18,3.282805900112032,Bayesian Ridge
0_ECDF Percentile_1,19,2.9009925133337444,Bayesian Ridge
0_Mean,20,2.298716746371194,Bayesian Ridge
0_Max,21,2.2083274811155142,Bayesian Ridge
0_Median,22,0.7014102079910001,Bayesian Ridge
0_Spectral variation,23,0.6722417360065582,Bayesian Ridge
0_Zero crossing rate,24,0.6564848024569148,Bayesian Ridge
0_Interquartile range,25,0.6311193645972514,Bayesian Ridge
0_Negative turning points,26,0.4796391992135066,Bayesian Ridge
0_Wavelet absolute mean_27777777.78Hz,27,0.2741904242994022,Bayesian Ridge
0_Neighbourhood peaks,28,0.1588848534214524,Bayesian Ridge
0_LPCC_1,29,0.1222558856621812,Bayesian Ridge
0_LPCC_0,30,0.1169680002506249,Bayesian Ridge
0_Entropy,31,0.0923743926659032,Bayesian Ridge
0_Spectral entropy,32,0.0642993345554163,Bayesian Ridge
0_Histogram mode,33,0.0551197071444899,Bayesian Ridge
0_Wavelet energy_125000000.0Hz,34,0.0384693573964624,Bayesian Ridge
0_LPCC_5,35,0.0158346045262057,Bayesian Ridge
0_LPCC_6,36,0.013151934781848,Bayesian Ridge
0_Slope,37,0.0118030214359644,Bayesian Ridge
0_Mean diff,38,0.0034391825743184,Bayesian Ridge
0_Median absolute diff,39,0.0013305666835585,Bayesian Ridge
0_Wavelet absolute mean_125000000.0Hz,40,0.0011481220040268,Bayesian Ridge
0_Wavelet entropy,41,0.0003856061666145,Bayesian Ridge
0_Median diff,42,0.0001999549929395,Bayesian Ridge
0_Peak to peak distance,1,34.2035536085428,XGBoost
0_Spectral entropy,2,16.131182907313548,XGBoost
0_Autocorrelation,3,7.183917856139689,XGBoost
0_Spectral variation,4,5.345974486420644,XGBoost
0_Interquartile range,5,5.123223581065128,XGBoost
0_Absolute energy,6,3.8062351931173337,XGBoost
0_Mean diff,7,3.4623789700070167,XGBoost
0_Entropy,8,1.6506724799708778,XGBoost
0_MFCC_8,9,0.9553880559737484,XGBoost
0_Wavelet absolute mean_125000000.0Hz,10,0.921756927965271,XGBoost
0_Slope,11,0.9141740421433312,XGBoost
0_MFCC_11,12,0.8575659239140649,XGBoost
0_Wavelet entropy,13,0.7613183480886121,XGBoost
0_Histogram mode,14,0.7178323073464755,XGBoost
0_Max,15,0.7112275664633761,XGBoost
0_MFCC_4,16,0.602231313886804,XGBoost
0_MFCC_9,17,0.5851114297884826,XGBoost
0_ECDF Percentile_1,18,0.5710635453959305,XGBoost
0_MFCC_10,19,0.5708654998494933,XGBoost
0_Wavelet absolute mean_27777777.78Hz,20,0.5451412136335857,XGBoost
0_Maximum frequency,21,0.4476652803285356,XGBoost
0_LPCC_6,22,0.4205888350937514,XGBoost
0_Wavelet energy_125000000.0Hz,23,0.4152743169811864,XGBoost
0_Zero crossing rate,24,0.4059234241905312,XGBoost
0_Fundamental frequency,25,0.3994715949003893,XGBoost
0_LPCC_0,26,0.3471347430313626,XGBoost
0_LPCC_5,27,0.3369445348378271,XGBoost
0_MFCC_5,28,0.3254159723852916,XGBoost
0_ECDF Percentile_0,29,0.2771268986655399,XGBoost
0_Median frequency,30,0.2740988964885474,XGBoost
0_Spectral decrease,31,0.2717847939401244,XGBoost
0_Median absolute diff,32,0.2622463353355727,XGBoost
0_MFCC_0,33,0.2420882439549391,XGBoost
0_Neighbourhood peaks,34,0.2402461080415795,XGBoost
0_Spectral positive turning points,35,0.2204812212140298,XGBoost
0_LPCC_1,36,0.2112645366488645,XGBoost
0_Negative turning points,37,0.1846322427070389,XGBoost
0_Mean,38,0.1571677012383316,XGBoost
0_Median,39,0.1327858862346658,XGBoost
0_Median diff,40,0.0750423935571064,XGBoost
0_Power bandwidth,41,0.0,XGBoost
0_Spectral roll-on,42,0.0,XGBoost
0_Peak to peak distance,1,12.499521277838648,SVR
0_Spectral entropy,2,11.749198395226628,SVR
0_LPCC_0,3,10.539638630771597,SVR
0_ECDF Percentile_0,4,10.215345893243663,SVR
0_Spectral decrease,5,9.639225634194249,SVR
0_Spectral variation,6,7.842334902366383,SVR
0_Interquartile range,7,7.105595104444813,SVR
0_Wavelet absolute mean_27777777.78Hz,8,7.01906086228858,SVR
0_Mean diff,9,6.385588300567724,SVR
0_Median,10,5.789741629476083,SVR
0_Absolute energy,11,5.617472656909706,SVR
0_Wavelet absolute mean_125000000.0Hz,12,4.989435600070245,SVR
0_MFCC_11,13,3.730899676533612,SVR
0_Max,14,3.2959501282967123,SVR
0_Mean,15,2.56091337219734,SVR
0_Slope,16,2.433659849482082,SVR
0_MFCC_5,17,2.319056563250982,SVR
0_Autocorrelation,18,1.8244220911106528,SVR
0_Wavelet energy_125000000.0Hz,19,1.2629301935194277,SVR
0_MFCC_9,20,0.7741480577924416,SVR
0_Wavelet entropy,21,0.7665898331326685,SVR
0_ECDF Percentile_1,22,0.3941514436397247,SVR
0_Maximum frequency,23,0.34808980272288,SVR
0_LPCC_5,24,0.2921831477936613,SVR
0_MFCC_10,25,0.2860125660533543,SVR
0_MFCC_4,26,0.2661782083499655,SVR
0_MFCC_0,27,0.1924087128140691,SVR
0_Median frequency,28,0.0596617736646989,SVR
0_Entropy,29,0.0,SVR
0_Fundamental frequency,30,0.0,SVR
0_LPCC_1,31,0.0,SVR
0_Histogram mode,32,0.0,SVR
0_LPCC_6,33,0.0,SVR
0_MFCC_8,34,0.0,SVR
0_Median diff,35,0.0,SVR
0_Median absolute diff,36,0.0,SVR
0_Negative turning points,37,0.0,SVR
0_Neighbourhood peaks,38,0.0,SVR
0_Power bandwidth,39,0.0,SVR
0_Spectral roll-on,40,0.0,SVR
0_Spectral positive turning points,41,0.0,SVR
0_Zero crossing rate,42,0.0,SVR
0_Peak to peak distance,1,16.4195437075941,Random Forest
0_Spectral entropy,2,8.147453175788577,Random Forest
0_Absolute energy,3,7.318452525583829,Random Forest
0_Entropy,4,5.576568200389914,Random Forest
0_Autocorrelation,5,5.528116927277604,Random Forest
0_Spectral variation,6,4.850428466957729,Random Forest
0_Interquartile range,7,4.303580193065601,Random Forest
0_Wavelet energy_125000000.0Hz,8,3.8297685939083954,Random Forest
0_ECDF Percentile_0,9,2.8537792603749312,Random Forest
0_Histogram mode,10,2.7403522807217544,Random Forest
0_Wavelet absolute mean_125000000.0Hz,11,2.24735724956422,Random Forest
0_MFCC_11,12,1.8030126658922991,Random Forest
0_Wavelet absolute mean_27777777.78Hz,13,1.230369253981408,Random Forest
0_ECDF Percentile_1,14,1.1832867390226027,Random Forest
0_LPCC_0,15,1.0849322788129947,Random Forest
0_Fundamental frequency,16,0.9659779895747704,Random Forest
0_Mean diff,17,0.964929870704119,Random Forest
0_MFCC_0,18,0.9300395302221413,Random Forest
0_Slope,19,0.8707218494741168,Random Forest
0_MFCC_8,20,0.7669323861405876,Random Forest
0_Wavelet entropy,21,0.7175391241458322,Random Forest
0_MFCC_9,22,0.6751929759367834,Random Forest
0_Max,23,0.5934960549409964,Random Forest
0_Median frequency,24,0.5425785486773588,Random Forest
0_MFCC_10,25,0.4701170194556158,Random Forest
0_Maximum frequency,26,0.3670104242185751,Random Forest
0_MFCC_5,27,0.3442859876296522,Random Forest
0_Zero crossing rate,28,0.3374187373775368,Random Forest
0_Median,29,0.3369947253724637,Random Forest
0_Spectral decrease,30,0.2383393813531845,Random Forest
0_LPCC_1,31,0.2152240280250242,Random Forest
0_LPCC_6,32,0.206100534467729,Random Forest
0_Mean,33,0.2011426277016134,Random Forest
0_Median absolute diff,34,0.1563531866066158,Random Forest
0_LPCC_5,35,0.150756904215061,Random Forest
0_MFCC_4,36,0.145728742103069,Random Forest
0_Spectral positive turning points,37,0.0883914517674595,Random Forest
0_Negative turning points,38,0.0420690378266386,Random Forest
0_Power bandwidth,39,0.0145892387780981,Random Forest
0_Neighbourhood peaks,40,0.0122321369315187,Random Forest
0_Spectral roll-on,41,0.0017009029927353,Random Forest
0_Median diff,42,0.0,Random Forest
0_Maximum frequency,1,162381864.35088795,Bayesian Ridge
0_Median frequency,2,3237006.434426569,Bayesian Ridge
0_Power bandwidth,3,2198085.847521525,Bayesian Ridge
0_Spectral roll-on,4,1061191.1102777673,Bayesian Ridge
0_Fundamental frequency,5,792105.8608528986,Bayesian Ridge
0_MFCC_11,6,1435.335945227407,Bayesian Ridge
0_MFCC_4,7,1072.277247133411,Bayesian Ridge
0_MFCC_9,8,983.3148581520028,Bayesian Ridge
0_MFCC_5,9,957.2539005996103,Bayesian Ridge
0_MFCC_8,10,360.8072758807128,Bayesian Ridge
0_MFCC_0,11,198.77824146770928,Bayesian Ridge
0_MFCC_10,12,60.94100882696314,Bayesian Ridge
0_Absolute energy,13,42.68659096001906,Bayesian Ridge
0_Peak to peak distance,14,7.189944822633327,Bayesian Ridge
0_Autocorrelation,15,7.155096686502099,Bayesian Ridge
0_Spectral decrease,16,4.911101366804001,Bayesian Ridge
0_ECDF Percentile_0,17,2.903883166859526,Bayesian Ridge
0_Spectral positive turning points,18,2.31146061319462,Bayesian Ridge
0_Max,19,2.2833624594516686,Bayesian Ridge
0_Mean,20,2.0456416201867933,Bayesian Ridge
0_ECDF Percentile_1,21,1.1947710004659615,Bayesian Ridge
0_Zero crossing rate,22,1.1433830544887753,Bayesian Ridge
0_Median,23,0.6300025548396533,Bayesian Ridge
0_Negative turning points,24,0.548324676532647,Bayesian Ridge
0_Spectral variation,25,0.4166634692860388,Bayesian Ridge
0_Histogram mode,26,0.3738697716375065,Bayesian Ridge
0_Wavelet absolute mean_27777777.78Hz,27,0.2157443466548012,Bayesian Ridge
0_Spectral entropy,28,0.1942202252756536,Bayesian Ridge
0_Interquartile range,29,0.152338202295347,Bayesian Ridge
0_LPCC_0,30,0.0942519057663566,Bayesian Ridge
0_LPCC_1,31,0.0658814263626667,Bayesian Ridge
0_Entropy,32,0.0499969737248179,Bayesian Ridge
0_Wavelet energy_125000000.0Hz,33,0.0386589635728223,Bayesian Ridge
0_LPCC_5,34,0.0276620810907637,Bayesian Ridge
0_Neighbourhood peaks,35,0.0211584357285661,Bayesian Ridge
0_LPCC_6,36,0.0205606882571077,Bayesian Ridge
0_Slope,37,0.0103968358532572,Bayesian Ridge
0_Wavelet entropy,38,0.0056337627755238,Bayesian Ridge
0_Wavelet absolute mean_125000000.0Hz,39,0.0020900122861511,Bayesian Ridge
0_Mean diff,40,0.0008001193201578,Bayesian Ridge
0_Median absolute diff,41,0.0007210053521669,Bayesian Ridge
0_Median diff,42,0.0,Bayesian Ridge
0_Peak to peak distance,1,41.549745943591454,XGBoost
0_Spectral entropy,2,18.709953445010385,XGBoost
0_Autocorrelation,3,13.02525145104416,XGBoost
0_Mean diff,4,2.361812979709481,XGBoost
0_Spectral variation,5,2.235867298034828,XGBoost
0_Interquartile range,6,1.5957876563797404,XGBoost
0_Histogram mode,7,0.9247134590915096,XGBoost
0_Entropy,8,0.8755991658916698,XGBoost
0_Fundamental frequency,9,0.7635119699972371,XGBoost
0_MFCC_8,10,0.7568258046999575,XGBoost
0_LPCC_0,11,0.749410807348415,XGBoost
0_ECDF Percentile_0,12,0.6149905579080184,XGBoost
0_Absolute energy,13,0.6120026513554154,XGBoost
0_MFCC_4,14,0.5864442069131262,XGBoost
0_Wavelet absolute mean_125000000.0Hz,15,0.5571282049406321,XGBoost
0_MFCC_9,16,0.5426774325349677,XGBoost
0_Wavelet energy_125000000.0Hz,17,0.5280665120306115,XGBoost
0_MFCC_10,18,0.4927052669884637,XGBoost
0_Max,19,0.4683489598362397,XGBoost
0_LPCC_1,20,0.4243822972119476,XGBoost
0_Spectral positive turning points,21,0.4018722214008992,XGBoost
0_Slope,22,0.3854640823813154,XGBoost
0_Negative turning points,23,0.3735908570473393,XGBoost
0_Wavelet entropy,24,0.3377802562137134,XGBoost
0_Wavelet absolute mean_27777777.78Hz,25,0.3261180142823607,XGBoost
0_MFCC_5,26,0.2905163413722688,XGBoost
0_LPCC_5,27,0.2510248493937776,XGBoost
0_LPCC_6,28,0.2095329677688579,XGBoost
0_Maximum frequency,29,0.1692418488019456,XGBoost
0_Median,30,0.167388290798602,XGBoost
0_Mean,31,0.1561136229174832,XGBoost
0_MFCC_11,32,0.152600590181599,XGBoost
0_MFCC_0,33,0.1403174803971623,XGBoost
0_Spectral decrease,34,0.1393815381060043,XGBoost
0_ECDF Percentile_1,35,0.0992569252061347,XGBoost
0_Zero crossing rate,36,0.0202963670535634,XGBoost
0_Neighbourhood peaks,37,0.0116602641142904,XGBoost
0_Median absolute diff,38,0.0,XGBoost
0_Median diff,39,0.0,XGBoost
0_Median frequency,40,0.0,XGBoost
0_Power bandwidth,41,0.0,XGBoost
0_Spectral roll-on,42,0.0,XGBoost
0_Spectral entropy,1,11.526134493137786,SVR
0_Peak to peak distance,2,10.702439105801218,SVR
0_Interquartile range,3,9.799946574023656,SVR
0_Mean diff,4,8.984102098917024,SVR
0_Spectral decrease,5,8.98305089488777,SVR
0_Median,6,8.365997813605183,SVR
0_ECDF Percentile_0,7,8.108827225647472,SVR
0_Absolute energy,8,7.455837172269988,SVR
0_Spectral variation,9,7.421254938247604,SVR
0_LPCC_0,10,7.409241384588337,SVR
0_Wavelet absolute mean_27777777.78Hz,11,7.245512286631928,SVR
0_Max,12,3.8061596237555433,SVR
0_MFCC_11,13,3.4087973444445288,SVR
0_Wavelet absolute mean_125000000.0Hz,14,3.268642712551934,SVR
0_MFCC_5,15,2.5123923119367406,SVR
0_Slope,16,2.189396841629863,SVR
0_Autocorrelation,17,1.398132204876703,SVR
0_Mean,18,0.892646843109109,SVR
0_MFCC_9,19,0.7038789685724179,SVR
0_Wavelet energy_125000000.0Hz,20,0.6186872940043358,SVR
0_Maximum frequency,21,0.4984260470851446,SVR
0_Wavelet entropy,22,0.4764449491562176,SVR
0_Median diff,23,0.4249756510715022,SVR
0_MFCC_4,24,0.4118233056040312,SVR
0_LPCC_5,25,0.1865999765081709,SVR
0_MFCC_8,26,0.1036443115911956,SVR
0_MFCC_0,27,0.0735963430706433,SVR
0_Entropy,28,0.0535583869406041,SVR
0_MFCC_10,29,0.0059621171119914,SVR
0_ECDF Percentile_1,30,0.0056389740207706,SVR
0_LPCC_1,31,0.0,SVR
0_Histogram mode,32,0.0,SVR
0_Fundamental frequency,33,0.0,SVR
0_LPCC_6,34,0.0,SVR
0_Median absolute diff,35,0.0,SVR
0_Median frequency,36,0.0,SVR
0_Negative turning points,37,0.0,SVR
0_Neighbourhood peaks,38,0.0,SVR
0_Power bandwidth,39,0.0,SVR
0_Spectral roll-on,40,0.0,SVR
0_Spectral positive turning points,41,0.0,SVR
0_Zero crossing rate,42,0.0,SVR
0_Peak to peak distance,1,14.992705912683736,Random Forest
0_Spectral entropy,2,8.630971541848304,Random Forest
0_Absolute energy,3,6.816283243783943,Random Forest
0_Autocorrelation,4,5.543817532681922,Random Forest
0_Spectral variation,5,4.874713687184874,Random Forest
0_Entropy,6,4.322981220907807,Random Forest
0_Wavelet energy_125000000.0Hz,7,3.764062359960973,Random Forest
0_Interquartile range,8,3.636590213030473,Random Forest
0_Histogram mode,9,2.7338923568932074,Random Forest
0_ECDF Percentile_0,10,2.010248804974164,Random Forest
0_Wavelet absolute mean_125000000.0Hz,11,1.8100732364200216,Random Forest
0_MFCC_11,12,1.7504792725360407,Random Forest
0_Wavelet absolute mean_27777777.78Hz,13,1.336082255016395,Random Forest
0_LPCC_0,14,1.323904523109792,Random Forest
0_Mean diff,15,1.1735523734365123,Random Forest
0_Slope,16,0.9482339174429302,Random Forest
0_Median frequency,17,0.94040218294935,Random Forest
0_MFCC_9,18,0.8300183441390402,Random Forest
0_Fundamental frequency,19,0.8194600391288056,Random Forest
0_MFCC_0,20,0.8051640316097998,Random Forest
0_ECDF Percentile_1,21,0.7590551200394209,Random Forest
0_MFCC_8,22,0.7242230787269479,Random Forest
0_Wavelet entropy,23,0.7046769244692679,Random Forest
0_MFCC_10,24,0.5807241762452137,Random Forest
0_Median,25,0.499617760069158,Random Forest
0_Spectral decrease,26,0.4417522925155469,Random Forest
0_MFCC_5,27,0.4370869159757703,Random Forest
0_Maximum frequency,28,0.323317082391493,Random Forest
0_Max,29,0.3056606802884489,Random Forest
0_LPCC_1,30,0.2893472682197268,Random Forest
0_LPCC_5,31,0.2807280739241163,Random Forest
0_MFCC_4,32,0.2028981420847005,Random Forest
0_LPCC_6,33,0.1768865758608716,Random Forest
0_Mean,34,0.143037457623065,Random Forest
0_Zero crossing rate,35,0.1329360753714262,Random Forest
0_Spectral positive turning points,36,0.1131330535345866,Random Forest
0_Negative turning points,37,0.058266235849075,Random Forest
0_Power bandwidth,38,0.0280246017299592,Random Forest
0_Median absolute diff,39,0.0194571635732427,Random Forest
0_Spectral roll-on,40,0.0107448534769316,Random Forest
0_Neighbourhood peaks,41,0.0024466774957254,Random Forest
0_Median diff,42,0.0,Random Forest
0_Maximum frequency,1,82002519.28360367,Bayesian Ridge
0_Median frequency,2,4923923.797768002,Bayesian Ridge
0_Fundamental frequency,3,3114308.025838643,Bayesian Ridge
0_Spectral roll-on,4,1521024.3067602864,Bayesian Ridge
0_Power bandwidth,5,1070541.0040232504,Bayesian Ridge
0_MFCC_4,6,1581.6771480673262,Bayesian Ridge
0_MFCC_11,7,1488.674981953688,Bayesian Ridge
0_MFCC_9,8,1132.1997371952375,Bayesian Ridge
0_MFCC_5,9,1077.958650695516,Bayesian Ridge
0_MFCC_8,10,398.10832544791214,Bayesian Ridge
0_MFCC_0,11,272.70721537495695,Bayesian Ridge
0_MFCC_10,12,141.82533615647492,Bayesian Ridge
0_Absolute energy,13,33.70276158757648,Bayesian Ridge
0_Peak to peak distance,14,6.550982415868061,Bayesian Ridge
0_Spectral decrease,15,5.7995111597244815,Bayesian Ridge
0_Autocorrelation,16,5.263441828145597,Bayesian Ridge
0_ECDF Percentile_0,17,3.4568979013172103,Bayesian Ridge
0_Spectral positive turning points,18,3.162858411281745,Bayesian Ridge
0_Max,19,2.3056823030402622,Bayesian Ridge
0_ECDF Percentile_1,20,2.245167551228364,Bayesian Ridge
0_Mean,21,1.954180339499011,Bayesian Ridge
0_Interquartile range,22,1.2569398375694207,Bayesian Ridge
0_Median,23,0.8628809130098101,Bayesian Ridge
0_Zero crossing rate,24,0.680608772871247,Bayesian Ridge
0_Negative turning points,25,0.2760916596123517,Bayesian Ridge
0_Histogram mode,26,0.2695930621210382,Bayesian Ridge
0_Spectral variation,27,0.2654078593376747,Bayesian Ridge
0_Wavelet absolute mean_27777777.78Hz,28,0.1922081556706126,Bayesian Ridge
0_Neighbourhood peaks,29,0.1660255331825838,Bayesian Ridge
0_Spectral entropy,30,0.1452990978118379,Bayesian Ridge
0_Entropy,31,0.1301122821777728,Bayesian Ridge
0_LPCC_0,32,0.0617074966902185,Bayesian Ridge
0_Wavelet energy_125000000.0Hz,33,0.0414062731897572,Bayesian Ridge
0_Wavelet entropy,34,0.0311201754818868,Bayesian Ridge
0_LPCC_1,35,0.0223082521924584,Bayesian Ridge
0_Mean diff,36,0.0140946933068744,Bayesian Ridge
0_Slope,37,0.0086791709812746,Bayesian Ridge
0_LPCC_5,38,0.0077046277908505,Bayesian Ridge
0_Wavelet absolute mean_125000000.0Hz,39,0.006406349880466,Bayesian Ridge
0_LPCC_6,40,0.0055997824836074,Bayesian Ridge
0_Median absolute diff,41,0.0001832013844066,Bayesian Ridge
0_Median diff,42,3.862498888412904e-05,Bayesian Ridge
0_Peak to peak distance,1,37.5337353109806,XGBoost
0_Spectral entropy,2,18.60060524433162,XGBoost
0_Autocorrelation,3,10.570667300838045,XGBoost
0_Interquartile range,4,3.91512983065564,XGBoost
0_Spectral variation,5,1.550070750822313,XGBoost
0_Entropy,6,1.503466714979708,XGBoost
0_Max,7,1.3719716485107314,XGBoost
0_Histogram mode,8,1.251092900795055,XGBoost
0_Mean diff,9,1.2492808702122415,XGBoost
0_Fundamental frequency,10,0.9648623973224312,XGBoost
0_Wavelet entropy,11,0.7550659993387758,XGBoost
0_Wavelet energy_125000000.0Hz,12,0.6858918041832742,XGBoost
0_MFCC_9,13,0.6801036969381073,XGBoost
0_LPCC_0,14,0.5196223643662409,XGBoost
0_MFCC_10,15,0.4603995839080463,XGBoost
0_Slope,16,0.4581918866750161,XGBoost
0_MFCC_11,17,0.4558589825548232,XGBoost
0_Maximum frequency,18,0.4368877925209078,XGBoost
0_LPCC_6,19,0.4291298819184925,XGBoost
0_MFCC_0,20,0.426627709466219,XGBoost
0_MFCC_8,21,0.4150402986966074,XGBoost
0_Spectral positive turning points,22,0.4132946762621403,XGBoost
0_Absolute energy,23,0.3534142571181058,XGBoost
0_LPCC_1,24,0.311100182329615,XGBoost
0_Wavelet absolute mean_27777777.78Hz,25,0.2975761295090585,XGBoost
0_MFCC_4,26,0.2354388230262944,XGBoost
0_Wavelet absolute mean_125000000.0Hz,27,0.2266138542067259,XGBoost
0_Median absolute diff,28,0.224014565073947,XGBoost
0_ECDF Percentile_0,29,0.2161447300183897,XGBoost
0_Negative turning points,30,0.202510221969957,XGBoost
0_MFCC_5,31,0.1857667056917523,XGBoost
0_LPCC_5,32,0.1507325607614591,XGBoost
0_Mean,33,0.141555455136299,XGBoost
0_Spectral decrease,34,0.1400548652504881,XGBoost
0_ECDF Percentile_1,35,0.1303216449894631,XGBoost
0_Median,36,0.1167414341159164,XGBoost
0_Median frequency,37,0.0814849616289138,XGBoost
0_Neighbourhood peaks,38,0.0249303115454812,XGBoost
0_Zero crossing rate,39,0.0096945951635638,XGBoost
0_Median diff,40,0.0,XGBoost
0_Power bandwidth,41,0.0,XGBoost
0_Spectral roll-on,42,0.0,XGBoost
0_Peak to peak distance,1,12.146454843808966,SVR
0_ECDF Percentile_0,2,11.785145357612455,SVR
0_Mean diff,3,9.640466110982304,SVR
0_Spectral entropy,4,9.01761603622216,SVR
0_Spectral decrease,5,8.301343457347658,SVR
0_LPCC_0,6,8.187405791756056,SVR
0_Wavelet absolute mean_27777777.78Hz,7,7.947290556425032,SVR
0_Absolute energy,8,7.804267215552568,SVR
0_Median,9,7.676529578474215,SVR
0_Interquartile range,10,6.425667869300543,SVR
0_MFCC_11,11,5.956432086886164,SVR
0_Max,12,5.141104749348272,SVR
0_Spectral variation,13,4.877377322165647,SVR
0_Wavelet absolute mean_125000000.0Hz,14,4.2174355410210005,SVR
0_Slope,15,2.636954129589463,SVR
0_Autocorrelation,16,2.0641487561507605,SVR
0_Mean,17,1.5790661265148629,SVR
0_Wavelet energy_125000000.0Hz,18,1.332761379667844,SVR
0_MFCC_5,19,1.0189545549996064,SVR
0_MFCC_0,20,0.3539959878786936,SVR
0_MFCC_9,21,0.3384300305114682,SVR
0_MFCC_4,22,0.3116711415529747,SVR
0_MFCC_10,23,0.1619766742652577,SVR
0_LPCC_1,24,0.1451014262622089,SVR
0_Wavelet entropy,25,0.0975173887408785,SVR
0_MFCC_8,26,0.0712859671754163,SVR
0_LPCC_5,27,0.0643979503893454,SVR
0_Fundamental frequency,28,0.0460331167220191,SVR
0_Zero crossing rate,29,0.0349356754341685,SVR
0_Maximum frequency,30,0.0180265146384607,SVR
0_Histogram mode,31,0.0,SVR
0_Entropy,32,0.0,SVR
0_ECDF Percentile_1,33,0.0,SVR
0_LPCC_6,34,0.0,SVR
0_Median diff,35,0.0,SVR
0_Median absolute diff,36,0.0,SVR
0_Negative turning points,37,0.0,SVR
0_Neighbourhood peaks,38,0.0,SVR
0_Power bandwidth,39,0.0,SVR
0_Median frequency,40,0.0,SVR
0_Spectral positive turning points,41,0.0,SVR
0_Spectral roll-on,42,0.0,SVR
0_Peak to peak distance,1,14.977655832390989,Random Forest
0_Spectral entropy,2,9.876409920162086,Random Forest
0_Absolute energy,3,9.121969823413314,Random Forest
0_Interquartile range,4,4.76457768540159,Random Forest
0_Spectral variation,5,4.274850566060718,Random Forest
0_Autocorrelation,6,4.041078855419903,Random Forest
0_Entropy,7,3.932477370398741,Random Forest
0_ECDF Percentile_0,8,3.492671369737016,Random Forest
0_Histogram mode,9,2.856888153628633,Random Forest
0_Wavelet energy_125000000.0Hz,10,2.503932258615518,Random Forest
0_MFCC_11,11,1.8802997023587429,Random Forest
0_Fundamental frequency,12,1.5722241687787075,Random Forest
0_Wavelet absolute mean_27777777.78Hz,13,1.5708021352637556,Random Forest
0_Wavelet absolute mean_125000000.0Hz,14,1.3710684680893712,Random Forest
0_LPCC_0,15,1.3335994053972269,Random Forest
0_Mean diff,16,1.2501616995403542,Random Forest
0_MFCC_0,17,1.1803736373249445,Random Forest
0_MFCC_9,18,0.9296390892365328,Random Forest
0_Wavelet entropy,19,0.9080453618381792,Random Forest
0_MFCC_8,20,0.8776821240636832,Random Forest
0_Median,21,0.6975636768405016,Random Forest
0_Max,22,0.6864370660574485,Random Forest
0_Slope,23,0.6706559000963964,Random Forest
0_ECDF Percentile_1,24,0.6672704477497685,Random Forest
0_Median frequency,25,0.56387290837119,Random Forest
0_MFCC_5,26,0.5169830593982713,Random Forest
0_MFCC_10,27,0.4838300115738685,Random Forest
0_Spectral decrease,28,0.4035607825269611,Random Forest
0_Maximum frequency,29,0.3410326342424998,Random Forest
0_Mean,30,0.2821811852705355,Random Forest
0_MFCC_4,31,0.2410952710243562,Random Forest
0_LPCC_1,32,0.2296906775567681,Random Forest
0_Spectral positive turning points,33,0.1953020457749564,Random Forest
0_LPCC_5,34,0.1803364596145849,Random Forest
0_LPCC_6,35,0.1725597989089786,Random Forest
0_Zero crossing rate,36,0.1256332973018288,Random Forest
0_Negative turning points,37,0.1241856957872708,Random Forest
0_Power bandwidth,38,0.0938875223616758,Random Forest
0_Median absolute diff,39,0.0209688897068301,Random Forest
0_Neighbourhood peaks,40,0.0137200188231964,Random Forest
0_Spectral roll-on,41,0.005270084242026,Random Forest
0_Median diff,42,0.0,Random Forest
0_Maximum frequency,1,124683129.26024117,Bayesian Ridge
0_Fundamental frequency,2,1978863.953740164,Bayesian Ridge
0_Power bandwidth,3,1861278.880536064,Bayesian Ridge
0_Median frequency,4,1444811.4071519014,Bayesian Ridge
0_Spectral roll-on,5,935868.4140683612,Bayesian Ridge
0_MFCC_11,6,2159.563214761301,Bayesian Ridge
0_MFCC_4,7,1456.181725142226,Bayesian Ridge
0_MFCC_9,8,1072.3209761427245,Bayesian Ridge
0_MFCC_5,9,935.4203766818324,Bayesian Ridge
0_MFCC_8,10,463.9540248912834,Bayesian Ridge
0_MFCC_0,11,287.1984576811914,Bayesian Ridge
0_MFCC_10,12,99.77630330761431,Bayesian Ridge
0_Absolute energy,13,91.55212927959062,Bayesian Ridge
0_Autocorrelation,14,6.771925579377482,Bayesian Ridge
0_Peak to peak distance,15,6.353506650833324,Bayesian Ridge
0_Spectral decrease,16,5.946455000275457,Bayesian Ridge
0_Spectral positive turning points,17,5.286937013951396,Bayesian Ridge
0_ECDF Percentile_1,18,3.883741167244983,Bayesian Ridge
0_ECDF Percentile_0,19,3.442962917937153,Bayesian Ridge
0_Max,20,1.4902750318595537,Bayesian Ridge
0_Median,21,1.3318997041879717,Bayesian Ridge
0_Zero crossing rate,22,1.2955163801729337,Bayesian Ridge
0_Interquartile range,23,0.6285308768094228,Bayesian Ridge
0_Mean,24,0.5514699551037745,Bayesian Ridge
0_Histogram mode,25,0.4485516070337487,Bayesian Ridge
0_Spectral entropy,26,0.2133073265315671,Bayesian Ridge
0_Wavelet absolute mean_27777777.78Hz,27,0.1545926384608085,Bayesian Ridge
0_Negative turning points,28,0.1521921499514255,Bayesian Ridge
0_Neighbourhood peaks,29,0.1178893682991185,Bayesian Ridge
0_LPCC_1,30,0.1120278576457387,Bayesian Ridge
0_Entropy,31,0.0974951136331697,Bayesian Ridge
0_Spectral variation,32,0.0811353675016133,Bayesian Ridge
0_LPCC_0,33,0.0450974342512707,Bayesian Ridge
0_Wavelet entropy,34,0.0387534454210736,Bayesian Ridge
0_Wavelet energy_125000000.0Hz,35,0.0332500429522236,Bayesian Ridge
0_LPCC_5,36,0.0206864946457263,Bayesian Ridge
0_Mean diff,37,0.018194447331897,Bayesian Ridge
0_LPCC_6,38,0.0142751205565575,Bayesian Ridge
0_Wavelet absolute mean_125000000.0Hz,39,0.0116510998701918,Bayesian Ridge
0_Slope,40,0.0079084911303788,Bayesian Ridge
0_Median absolute diff,41,0.0006385735917529,Bayesian Ridge
0_Median diff,42,0.0003164930349173,Bayesian Ridge
0_Peak to peak distance,1,32.89110165925163,XGBoost
0_Spectral entropy,2,17.533018337148828,XGBoost
0_Autocorrelation,3,12.628589315654088,XGBoost
0_Absolute energy,4,4.582315301031619,XGBoost
0_Entropy,5,3.5347917585123656,XGBoost
0_Interquartile range,6,3.230612524584929,XGBoost
0_Spectral variation,7,2.6400055398024613,XGBoost
0_Mean diff,8,2.2003294741190653,XGBoost
0_LPCC_0,9,1.1147980959736274,XGBoost
0_Wavelet absolute mean_125000000.0Hz,10,0.8821537586612004,XGBoost
0_Fundamental frequency,11,0.8070580928143114,XGBoost
0_Slope,12,0.7979291429115459,XGBoost
0_Histogram mode,13,0.7947256333795685,XGBoost
0_MFCC_11,14,0.7886864632250122,XGBoost
0_Max,15,0.6524129144504045,XGBoost
0_MFCC_5,16,0.5822454723519276,XGBoost
0_MFCC_8,17,0.4560499430408083,XGBoost
0_MFCC_9,18,0.4155285002588913,XGBoost
0_MFCC_10,19,0.4062743116202764,XGBoost
0_LPCC_1,20,0.400641298918038,XGBoost
0_Wavelet entropy,21,0.3964304184038191,XGBoost
0_Negative turning points,22,0.3494573669069136,XGBoost
0_ECDF Percentile_0,23,0.2956146741797527,XGBoost
0_Median,24,0.2186599885427702,XGBoost
0_LPCC_6,25,0.2173659610674405,XGBoost
0_MFCC_0,26,0.2014609708403547,XGBoost
0_Spectral positive turning points,27,0.1893137823774169,XGBoost
0_MFCC_4,28,0.1636478235386777,XGBoost
0_Spectral decrease,29,0.1582158887536265,XGBoost
0_Wavelet absolute mean_27777777.78Hz,30,0.1558110735393751,XGBoost
0_Maximum frequency,31,0.1256317162013923,XGBoost
0_LPCC_5,32,0.1231678960266833,XGBoost
0_Wavelet energy_125000000.0Hz,33,0.1116797019548714,XGBoost
0_Mean,34,0.0960114814549684,XGBoost
0_Median diff,35,0.0887485764225324,XGBoost
0_ECDF Percentile_1,36,0.052194845418632,XGBoost
0_Neighbourhood peaks,37,0.023911776248614,XGBoost
0_Median absolute diff,38,0.0129895767187078,XGBoost
0_Zero crossing rate,39,0.0082489241386453,XGBoost
0_Median frequency,40,0.0,XGBoost
0_Power bandwidth,41,0.0,XGBoost
0_Spectral roll-on,42,0.0,XGBoost
0_ECDF Percentile_0,1,10.738334853961453,SVR
0_Peak to peak distance,2,10.64709696932092,SVR
0_Interquartile range,3,9.65180740164458,SVR
0_Median,4,8.664473424290069,SVR
0_Spectral decrease,5,8.277977728005785,SVR
0_Spectral entropy,6,8.179060751786345,SVR
0_Spectral variation,7,7.818654865777745,SVR
0_Wavelet absolute mean_27777777.78Hz,8,7.54321288236632,SVR
0_LPCC_0,9,7.357033073770552,SVR
0_MFCC_11,10,7.296005990948125,SVR
0_Mean diff,11,7.245664946563341,SVR
0_Absolute energy,12,6.889736201102765,SVR
0_Max,13,5.115278505264209,SVR
0_Wavelet absolute mean_125000000.0Hz,14,3.193442914267693,SVR
0_Slope,15,2.8268140722443804,SVR
0_MFCC_5,16,1.749884438858771,SVR
0_Autocorrelation,17,1.5845595960435368,SVR
0_MFCC_9,18,1.5155196600145224,SVR
0_Mean,19,1.3600897779910863,SVR
0_Wavelet energy_125000000.0Hz,20,0.9479052890661928,SVR
0_Spectral roll-on,21,0.8075138894699226,SVR
0_MFCC_4,22,0.3077276293591398,SVR
0_Wavelet entropy,23,0.1979979051243915,SVR
0_MFCC_10,24,0.0925543412728568,SVR
0_LPCC_1,25,0.0733041084036732,SVR
0_MFCC_0,26,0.0718441679376331,SVR
0_Spectral positive turning points,27,0.0268908227021239,SVR
0_ECDF Percentile_1,28,0.0090732146173665,SVR
0_Entropy,29,0.0,SVR
0_Fundamental frequency,30,0.0,SVR
0_Histogram mode,31,0.0,SVR
0_LPCC_6,32,0.0,SVR
0_LPCC_5,33,0.0,SVR
0_MFCC_8,34,0.0,SVR
0_Median diff,35,0.0,SVR
0_Median absolute diff,36,0.0,SVR
0_Maximum frequency,37,0.0,SVR
0_Neighbourhood peaks,38,0.0,SVR
0_Power bandwidth,39,0.0,SVR
0_Median frequency,40,0.0,SVR
0_Negative turning points,41,0.0,SVR
0_Zero crossing rate,42,0.0,SVR
0_Peak to peak distance,1,15.364799235391816,Random Forest
0_Spectral entropy,2,8.580403517482239,Random Forest
0_Absolute energy,3,8.005601288470226,Random Forest
0_Interquartile range,4,5.63571383880644,Random Forest
0_Spectral variation,5,5.365784844829297,Random Forest
0_Autocorrelation,6,4.591148690072025,Random Forest
0_Entropy,7,4.431480170362132,Random Forest
0_Wavelet energy_125000000.0Hz,8,3.119151759764335,Random Forest
0_MFCC_11,9,2.3546206165486594,Random Forest
0_Histogram mode,10,2.298248606720901,Random Forest
0_ECDF Percentile_0,11,2.0960719096240887,Random Forest
0_Wavelet absolute mean_125000000.0Hz,12,1.6956675442402116,Random Forest
0_LPCC_0,13,1.2368297328007178,Random Forest
0_Mean diff,14,1.1286018211284028,Random Forest
0_Wavelet absolute mean_27777777.78Hz,15,1.0922309993372068,Random Forest
0_Slope,16,1.0818456531485696,Random Forest
0_Fundamental frequency,17,0.9629526636720478,Random Forest
0_ECDF Percentile_1,18,0.7795626249573349,Random Forest
0_Median frequency,19,0.7271909573115872,Random Forest
0_Wavelet entropy,20,0.7093517735403416,Random Forest
0_MFCC_0,21,0.6077225407659078,Random Forest
0_MFCC_9,22,0.5455853426340229,Random Forest
0_MFCC_10,23,0.4729284708314613,Random Forest
0_Median,24,0.4643503223310692,Random Forest
0_MFCC_8,25,0.4588195163222514,Random Forest
0_Max,26,0.426353320719839,Random Forest
0_Maximum frequency,27,0.4006779520330484,Random Forest
0_Spectral decrease,28,0.3699651931356483,Random Forest
0_MFCC_5,29,0.3665854346146729,Random Forest
0_LPCC_6,30,0.3636142569821016,Random Forest
0_LPCC_1,31,0.2937988525121162,Random Forest
0_Zero crossing rate,32,0.2877456137001825,Random Forest
0_LPCC_5,33,0.2697613636947314,Random Forest
0_Mean,34,0.2560005814994025,Random Forest
0_MFCC_4,35,0.1589342997384451,Random Forest
0_Spectral positive turning points,36,0.0938768118995804,Random Forest
0_Median absolute diff,37,0.0756216410833411,Random Forest
0_Power bandwidth,38,0.0572044391213605,Random Forest
0_Negative turning points,39,0.0366863879166543,Random Forest
0_Spectral roll-on,40,0.0108330418392705,Random Forest
0_Neighbourhood peaks,41,0.0016138069459159,Random Forest
0_Median diff,42,0.0,Random Forest
0_Maximum frequency,1,127326619.00468254,Bayesian Ridge
0_Fundamental frequency,2,3166656.111498837,Bayesian Ridge
0_Median frequency,3,2403809.100708814,Bayesian Ridge
0_Spectral roll-on,4,1421773.0185450038,Bayesian Ridge
0_Power bandwidth,5,1122360.0361926304,Bayesian Ridge
0_MFCC_11,6,2936.6879346707565,Bayesian Ridge
0_MFCC_4,7,1727.4476116560968,Bayesian Ridge
0_MFCC_5,8,1214.3984449102818,Bayesian Ridge
0_MFCC_9,9,1019.514721250894,Bayesian Ridge
0_MFCC_0,10,410.9126545593512,Bayesian Ridge
0_MFCC_8,11,385.1664046766123,Bayesian Ridge
0_MFCC_10,12,229.68551144553624,Bayesian Ridge
0_Absolute energy,13,157.6508356255951,Bayesian Ridge
0_Spectral decrease,14,7.622514388841293,Bayesian Ridge
0_Peak to peak distance,15,6.544104090028338,Bayesian Ridge
0_Autocorrelation,16,5.956890970873441,Bayesian Ridge
0_Spectral positive turning points,17,4.573247588909385,Bayesian Ridge
0_ECDF Percentile_0,18,4.021199934913503,Bayesian Ridge
0_ECDF Percentile_1,19,3.9266851457759904,Bayesian Ridge
0_Max,20,1.8324154544857287,Bayesian Ridge
0_Median,21,1.322023049047436,Bayesian Ridge
0_Mean,22,1.2589336760844767,Bayesian Ridge
0_Zero crossing rate,23,0.983821378743259,Bayesian Ridge
0_Interquartile range,24,0.9508901105812868,Bayesian Ridge
0_Histogram mode,25,0.2246496288823853,Bayesian Ridge
0_Spectral entropy,26,0.1853229222582375,Bayesian Ridge
0_Wavelet absolute mean_27777777.78Hz,27,0.1543365041908237,Bayesian Ridge
0_Spectral variation,28,0.1477290571795522,Bayesian Ridge
0_Neighbourhood peaks,29,0.12281058209225,Bayesian Ridge
0_LPCC_1,30,0.1010855142021311,Bayesian Ridge
0_Entropy,31,0.0742314086273269,Bayesian Ridge
0_LPCC_0,32,0.0671213669627443,Bayesian Ridge
0_Negative turning points,33,0.0652930391192724,Bayesian Ridge
0_Wavelet entropy,34,0.0495766245017607,Bayesian Ridge
0_Wavelet energy_125000000.0Hz,35,0.0352812328431932,Bayesian Ridge
0_LPCC_5,36,0.0302382889479598,Bayesian Ridge
0_Mean diff,37,0.0116668096215215,Bayesian Ridge
0_Wavelet absolute mean_125000000.0Hz,38,0.01146881651259,Bayesian Ridge
0_LPCC_6,39,0.0113794965171667,Bayesian Ridge
0_Slope,40,0.0095317601937099,Bayesian Ridge
0_Median absolute diff,41,0.0008776234564647,Bayesian Ridge
0_Median diff,42,0.0001070848717191,Bayesian Ridge
0_Peak to peak distance,1,33.51892984765188,XGBoost
0_Spectral entropy,2,19.301583101789525,XGBoost
0_Autocorrelation,3,7.818881776520607,XGBoost
0_Interquartile range,4,7.390558953217854,XGBoost
0_Spectral variation,5,4.879038510668276,XGBoost
0_Mean diff,6,3.168661439827185,XGBoost
0_Entropy,7,2.1415413243259613,XGBoost
0_Absolute energy,8,1.9416480911128229,XGBoost
0_Fundamental frequency,9,1.0558055116762717,XGBoost
0_Slope,10,1.0551091116964193,XGBoost
0_MFCC_11,11,0.9022193661332132,XGBoost
0_MFCC_9,12,0.8969189416818318,XGBoost
0_Wavelet absolute mean_125000000.0Hz,13,0.8117250682133251,XGBoost
0_Max,14,0.7342944812093397,XGBoost
0_MFCC_0,15,0.6494138209176562,XGBoost
0_LPCC_0,16,0.5902888692937173,XGBoost
0_Histogram mode,17,0.5848995265524521,XGBoost
0_MFCC_10,18,0.5776651482892534,XGBoost
0_Wavelet energy_125000000.0Hz,19,0.5734757895231869,XGBoost
0_MFCC_8,20,0.537366255460959,XGBoost
0_ECDF Percentile_0,21,0.516815079042626,XGBoost
0_LPCC_6,22,0.46879105614312,XGBoost
0_Spectral positive turning points,23,0.4208093045205809,XGBoost
0_Wavelet entropy,24,0.398662122095128,XGBoost
0_LPCC_1,25,0.3680542386327559,XGBoost
0_MFCC_4,26,0.3476672551803291,XGBoost
0_MFCC_5,27,0.3403570565032773,XGBoost
0_ECDF Percentile_1,28,0.2841794163834304,XGBoost
0_Median,29,0.2618778011878331,XGBoost
0_LPCC_5,30,0.2578983313892037,XGBoost
0_Wavelet absolute mean_27777777.78Hz,31,0.2306822227166345,XGBoost
0_Spectral decrease,32,0.2253324127279997,XGBoost
0_Maximum frequency,33,0.1356500789292156,XGBoost
0_Mean,34,0.1261009114534904,XGBoost
0_Median frequency,35,0.0692366988380749,XGBoost
0_Negative turning points,36,0.055344984939446,XGBoost
0_Neighbourhood peaks,37,0.0318848621172209,XGBoost
0_Median diff,38,0.0118593134979406,XGBoost
0_Median absolute diff,39,0.0001801696419715,XGBoost
0_Power bandwidth,40,0.0,XGBoost
0_Spectral roll-on,41,0.0,XGBoost
0_Zero crossing rate,42,0.0,XGBoost
0_Spectral entropy,1,11.162514719618938,SVR
0_Peak to peak distance,2,9.864954403033906,SVR
0_Spectral variation,3,8.663250864511499,SVR
0_LPCC_0,4,8.271526896812675,SVR
0_Mean diff,5,7.787004614139893,SVR
0_Spectral decrease,6,7.305470440501488,SVR
0_Interquartile range,7,7.257830035595965,SVR
0_ECDF Percentile_0,8,6.145609739723365,SVR
0_Absolute energy,9,5.398815956311139,SVR
0_Wavelet absolute mean_27777777.78Hz,10,4.699122737935853,SVR
0_Median,11,4.184734273341536,SVR
0_Max,12,3.927505891277518,SVR
0_Slope,13,3.626660046782287,SVR
0_Wavelet absolute mean_125000000.0Hz,14,3.0396938914737945,SVR
0_MFCC_11,15,2.721673671714787,SVR
0_Autocorrelation,16,2.124856967465181,SVR
0_MFCC_10,17,1.6072589424752133,SVR
0_Mean,18,0.8000342566748073,SVR
0_Wavelet entropy,19,0.6987969299362379,SVR
0_MFCC_9,20,0.5989120912237297,SVR
0_Maximum frequency,21,0.5191620147968695,SVR
0_MFCC_5,22,0.5176419615914467,SVR
0_ECDF Percentile_1,23,0.2883291478502582,SVR
0_Spectral roll-on,24,0.259057511383053,SVR
0_MFCC_0,25,0.1799920808046775,SVR
0_LPCC_5,26,0.1575281884355045,SVR
0_Wavelet energy_125000000.0Hz,27,0.0915184001643935,SVR
0_LPCC_1,28,0.076812639618485,SVR
0_Entropy,29,0.0,SVR
0_Fundamental frequency,30,0.0,SVR
0_Histogram mode,31,0.0,SVR
0_LPCC_6,32,0.0,SVR
0_MFCC_4,33,0.0,SVR
0_MFCC_8,34,0.0,SVR
0_Median diff,35,0.0,SVR
0_Median absolute diff,36,0.0,SVR
0_Negative turning points,37,0.0,SVR
0_Neighbourhood peaks,38,0.0,SVR
0_Power bandwidth,39,0.0,SVR
0_Median frequency,40,0.0,SVR
0_Spectral positive turning points,41,0.0,SVR
0_Zero crossing rate,42,0.0,SVR
0_Peak to peak distance,1,16.37910952334737,Random Forest
0_Spectral entropy,2,7.971563755955743,Random Forest
0_Absolute energy,3,7.104445482677815,Random Forest
0_Autocorrelation,4,4.877732434733089,Random Forest
0_Spectral variation,5,4.599850885230831,Random Forest
0_Interquartile range,6,4.407425995670312,Random Forest
0_Entropy,7,3.917748482017023,Random Forest
0_Wavelet energy_125000000.0Hz,8,3.2159858412168227,Random Forest
0_ECDF Percentile_0,9,2.805986023815379,Random Forest
0_Histogram mode,10,2.634804829044928,Random Forest
0_Wavelet absolute mean_125000000.0Hz,11,2.3529569562603103,Random Forest
0_MFCC_11,12,1.958488183987428,Random Forest
0_LPCC_0,13,1.334522820558465,Random Forest
0_Wavelet absolute mean_27777777.78Hz,14,0.906085766121551,Random Forest
0_Slope,15,0.8584302202867923,Random Forest
0_Fundamental frequency,16,0.8509808422548155,Random Forest
0_MFCC_0,17,0.7963313211276855,Random Forest
0_Mean diff,18,0.784958544632614,Random Forest
0_MFCC_8,19,0.7697047439545082,Random Forest
0_Wavelet entropy,20,0.7202326597313901,Random Forest
0_MFCC_9,21,0.6924504770516575,Random Forest
0_ECDF Percentile_1,22,0.6731430097104671,Random Forest
0_Median frequency,23,0.601147535078002,Random Forest
0_MFCC_5,24,0.5276710926587885,Random Forest
0_MFCC_10,25,0.480701465010864,Random Forest
0_Spectral decrease,26,0.4715394261057333,Random Forest
0_LPCC_5,27,0.3925825154311577,Random Forest
0_Median,28,0.3698001055190805,Random Forest
0_Max,29,0.3284074907111859,Random Forest
0_Maximum frequency,30,0.3102578014390464,Random Forest
0_LPCC_6,31,0.2711468983954245,Random Forest
0_MFCC_4,32,0.2196482686260055,Random Forest
0_LPCC_1,33,0.2024479131647851,Random Forest
0_Zero crossing rate,34,0.1697254267691169,Random Forest
0_Mean,35,0.1635636574095115,Random Forest
0_Spectral positive turning points,36,0.1105069409197099,Random Forest
0_Negative turning points,37,0.064943154214633,Random Forest
0_Median absolute diff,38,0.0396332758635903,Random Forest
0_Power bandwidth,39,0.0293501444218059,Random Forest
0_Neighbourhood peaks,40,0.0049523263558745,Random Forest
0_Spectral roll-on,41,0.0033660436347126,Random Forest
0_Median diff,42,0.0,Random Forest
0_Maximum frequency,1,152808182.6568604,Bayesian Ridge
0_Median frequency,2,3066014.922276239,Bayesian Ridge
0_Power bandwidth,3,1285100.4625876674,Bayesian Ridge
0_Fundamental frequency,4,1188361.201900426,Bayesian Ridge
0_Spectral roll-on,5,737121.0567952364,Bayesian Ridge
0_MFCC_4,6,1162.5055537395613,Bayesian Ridge
0_MFCC_11,7,1068.8258258911142,Bayesian Ridge
0_MFCC_5,8,951.167656285587,Bayesian Ridge
0_MFCC_9,9,934.3540739428794,Bayesian Ridge
0_MFCC_10,10,280.2341291418151,Bayesian Ridge
0_MFCC_8,11,211.99879223902008,Bayesian Ridge
0_MFCC_0,12,204.164395801824,Bayesian Ridge
0_Absolute energy,13,103.43795588866988,Bayesian Ridge
0_Autocorrelation,14,7.3747403754393694,Bayesian Ridge
0_Peak to peak distance,15,7.080990259877102,Bayesian Ridge
0_Spectral decrease,16,7.073055623797419,Bayesian Ridge
0_ECDF Percentile_1,17,4.597345668106363,Bayesian Ridge
0_Spectral positive turning points,18,3.257238532005489,Bayesian Ridge
0_ECDF Percentile_0,19,3.2478599177935417,Bayesian Ridge
0_Interquartile range,20,2.390960954800806,Bayesian Ridge
0_Max,21,2.2620444900157786,Bayesian Ridge
0_Mean,22,1.4584423948617842,Bayesian Ridge
0_Median,23,0.9375362219542804,Bayesian Ridge
0_Spectral variation,24,0.631212475329452,Bayesian Ridge
0_Histogram mode,25,0.5258330235040733,Bayesian Ridge
0_Negative turning points,26,0.2425801380031519,Bayesian Ridge
0_Zero crossing rate,27,0.2258823883356878,Bayesian Ridge
0_Wavelet absolute mean_27777777.78Hz,28,0.1630597739216902,Bayesian Ridge
0_LPCC_0,29,0.1589829346142934,Bayesian Ridge
0_LPCC_1,30,0.0973609461442865,Bayesian Ridge
0_Entropy,31,0.072884041727148,Bayesian Ridge
0_Neighbourhood peaks,32,0.0510775680950535,Bayesian Ridge
0_Wavelet energy_125000000.0Hz,33,0.0446288983733238,Bayesian Ridge
0_Wavelet entropy,34,0.0358774754949568,Bayesian Ridge
0_Spectral entropy,35,0.0306420195713222,Bayesian Ridge
0_LPCC_5,36,0.0158021615184688,Bayesian Ridge
0_Slope,37,0.0111044560770135,Bayesian Ridge
0_LPCC_6,38,0.0087226432594822,Bayesian Ridge
0_Wavelet absolute mean_125000000.0Hz,39,0.0081689791609715,Bayesian Ridge
0_Mean diff,40,0.0025352125168094,Bayesian Ridge
0_Median absolute diff,41,0.0004285708892165,Bayesian Ridge
0_Median diff,42,0.0001886734943743,Bayesian Ridge
0_Peak to peak distance,1,31.897162573928448,XGBoost
0_Spectral entropy,2,17.126045836011006,XGBoost
0_Autocorrelation,3,11.30143161065604,XGBoost
0_Entropy,4,3.1286076215869447,XGBoost
0_Absolute energy,5,2.971592749187474,XGBoost
0_Interquartile range,6,2.572943853994086,XGBoost
0_Spectral variation,7,2.162131715584609,XGBoost
0_Mean diff,8,2.03678724751935,XGBoost
0_Histogram mode,9,1.9627578885942705,XGBoost
0_MFCC_5,10,1.545609453034711,XGBoost
0_Max,11,1.3003479184473556,XGBoost
0_Slope,12,1.2681974453675875,XGBoost
0_LPCC_0,13,1.1409045237822146,XGBoost
0_Wavelet entropy,14,1.0206015602106848,XGBoost
0_MFCC_0,15,0.9393457271579656,XGBoost
0_MFCC_11,16,0.8619804407760502,XGBoost
0_Wavelet absolute mean_125000000.0Hz,17,0.8380759170802934,XGBoost
0_Fundamental frequency,18,0.718182806785901,XGBoost
0_MFCC_8,19,0.714284080287007,XGBoost
0_MFCC_10,20,0.6089957794053789,XGBoost
0_Spectral decrease,21,0.5680196688168994,XGBoost
0_ECDF Percentile_0,22,0.5273138914217552,XGBoost
0_MFCC_9,23,0.4979836289322625,XGBoost
0_LPCC_1,24,0.4785258759168906,XGBoost
0_LPCC_6,25,0.4262544578408822,XGBoost
0_MFCC_4,26,0.3659484702724963,XGBoost
0_Wavelet energy_125000000.0Hz,27,0.3519507260305187,XGBoost
0_LPCC_5,28,0.3316464540244079,XGBoost
0_Wavelet absolute mean_27777777.78Hz,29,0.3165486569894477,XGBoost
0_Spectral positive turning points,30,0.3044190750179192,XGBoost
0_Maximum frequency,31,0.3006743364185094,XGBoost
0_Mean,32,0.2619424913373465,XGBoost
0_Median,33,0.1709944435313343,XGBoost
0_ECDF Percentile_1,34,0.1220128735369071,XGBoost
0_Neighbourhood peaks,35,0.1087432553008199,XGBoost
0_Negative turning points,36,0.0979788690627862,XGBoost
0_Median diff,37,0.0346036840399106,XGBoost
0_Median frequency,38,0.0166843577936291,XGBoost
0_Zero crossing rate,39,0.0163298874224225,XGBoost
0_Median absolute diff,40,0.0,XGBoost
0_Power bandwidth,41,0.0,XGBoost
0_Spectral roll-on,42,0.0,XGBoost
0_Interquartile range,1,10.668371972447137,SVR
0_Peak to peak distance,2,10.031084088680045,SVR
0_Spectral entropy,3,9.532922411533384,SVR
0_ECDF Percentile_0,4,9.130870905188983,SVR
0_Wavelet absolute mean_27777777.78Hz,5,7.884380052792809,SVR
0_Mean diff,6,7.776887696019579,SVR
0_Absolute energy,7,7.304515200928439,SVR
0_Spectral variation,8,6.9731753116430175,SVR
0_Spectral decrease,9,6.430422703198709,SVR
0_Median,10,6.012045379637574,SVR
0_LPCC_0,11,5.178931840347987,SVR
0_Slope,12,4.806746568194205,SVR
0_Wavelet absolute mean_125000000.0Hz,13,3.279147929867209,SVR
0_MFCC_11,14,2.5166780884041446,SVR
0_Max,15,2.388496715375976,SVR
0_Autocorrelation,16,1.8935105985368,SVR
0_MFCC_5,17,1.6215471378255313,SVR
0_Mean,18,0.8890827607452157,SVR
0_MFCC_9,19,0.6966624549959806,SVR
0_Maximum frequency,20,0.6104160559302452,SVR
0_Wavelet entropy,21,0.2371675425066927,SVR
0_Wavelet energy_125000000.0Hz,22,0.1625021088319029,SVR
0_Fundamental frequency,23,0.119272164884035,SVR
0_MFCC_0,24,0.0929220235663751,SVR
0_MFCC_10,25,0.0798514207625625,SVR
0_Negative turning points,26,0.0500746751681344,SVR
0_MFCC_4,27,0.0490430869487778,SVR
0_Entropy,28,0.0396491047153634,SVR
0_Power bandwidth,29,0.035478560568578,SVR
0_ECDF Percentile_1,30,0.0274874745801006,SVR
0_LPCC_1,31,0.0,SVR
0_Histogram mode,32,0.0,SVR
0_LPCC_6,33,0.0,SVR
0_MFCC_8,34,0.0,SVR
0_Median diff,35,0.0,SVR
0_Median absolute diff,36,0.0,SVR
0_LPCC_5,37,0.0,SVR
0_Neighbourhood peaks,38,0.0,SVR
0_Median frequency,39,0.0,SVR
0_Spectral roll-on,40,0.0,SVR
0_Spectral positive turning points,41,0.0,SVR
0_Zero crossing rate,42,0.0,SVR
0_Peak to peak distance,1,16.058806846552724,Random Forest
0_Spectral entropy,2,8.593867270369644,Random Forest
0_Autocorrelation,3,6.420484091376713,Random Forest
0_Absolute energy,4,5.782407690152996,Random Forest
0_Spectral variation,5,4.663960584796206,Random Forest
0_Interquartile range,6,4.284769600312288,Random Forest
0_Entropy,7,3.77020880360003,Random Forest
0_Wavelet energy_125000000.0Hz,8,3.485687838660342,Random Forest
0_Histogram mode,9,2.7659055391667167,Random Forest
0_ECDF Percentile_0,10,2.590474109902931,Random Forest
0_Wavelet absolute mean_125000000.0Hz,11,2.294510107680193,Random Forest
0_MFCC_11,12,2.140588756352318,Random Forest
0_Slope,13,1.3239578962684146,Random Forest
0_LPCC_0,14,1.2777286071234426,Random Forest
0_Mean diff,15,1.0397619629591623,Random Forest
0_Wavelet absolute mean_27777777.78Hz,16,0.8942725945210473,Random Forest
0_MFCC_0,17,0.8171735077446286,Random Forest
0_MFCC_8,18,0.766797295288439,Random Forest
0_Fundamental frequency,19,0.7293296852006652,Random Forest
0_Wavelet entropy,20,0.627927279826929,Random Forest
0_ECDF Percentile_1,21,0.6163710312186216,Random Forest
0_MFCC_9,22,0.5909542637198542,Random Forest
0_MFCC_10,23,0.5677304238777919,Random Forest
0_Median frequency,24,0.4582460269402248,Random Forest
0_MFCC_5,25,0.4479466626424382,Random Forest
0_Zero crossing rate,26,0.3415790121886414,Random Forest
0_Maximum frequency,27,0.3300585421215044,Random Forest
0_LPCC_1,28,0.3261755430760097,Random Forest
0_Median,29,0.3244545959131326,Random Forest
0_Max,30,0.2896730422002923,Random Forest
0_LPCC_5,31,0.2318188703616227,Random Forest
0_MFCC_4,32,0.2264501335254442,Random Forest
0_Mean,33,0.2206841843907799,Random Forest
0_LPCC_6,34,0.2134628200312377,Random Forest
0_Spectral decrease,35,0.2047235504013874,Random Forest
0_Spectral positive turning points,36,0.0778511916344461,Random Forest
0_Power bandwidth,37,0.0736124700857947,Random Forest
0_Negative turning points,38,0.0357387161142192,Random Forest
0_Median absolute diff,39,0.0225023072853684,Random Forest
0_Spectral roll-on,40,0.014713567760835,Random Forest
0_Neighbourhood peaks,41,0.0022376436665809,Random Forest
0_Median diff,42,0.0,Random Forest
0_Maximum frequency,1,192487833.8443104,Bayesian Ridge
0_Median frequency,2,2819058.155859253,Bayesian Ridge
0_Fundamental frequency,3,2297783.6516955267,Bayesian Ridge
0_Power bandwidth,4,1653468.6317706604,Bayesian Ridge
0_Spectral roll-on,5,1367319.0851962306,Bayesian Ridge
0_MFCC_11,6,1687.0101013195178,Bayesian Ridge
0_MFCC_4,7,1365.2107385038742,Bayesian Ridge
0_MFCC_5,8,914.4193120461284,Bayesian Ridge
0_MFCC_9,9,832.909889277109,Bayesian Ridge
0_MFCC_0,10,308.88473853530206,Bayesian Ridge
0_MFCC_8,11,245.33377445054705,Bayesian Ridge
0_Absolute energy,12,100.26708426685718,Bayesian Ridge
0_MFCC_10,13,45.07081178147614,Bayesian Ridge
0_Autocorrelation,14,7.464367863140077,Bayesian Ridge
0_Spectral decrease,15,7.016208845082611,Bayesian Ridge
0_Peak to peak distance,16,5.830295703256842,Bayesian Ridge
0_Spectral positive turning points,17,3.8568966408509375,Bayesian Ridge
0_ECDF Percentile_0,18,3.580885405194988,Bayesian Ridge
0_ECDF Percentile_1,19,2.464126051477133,Bayesian Ridge
0_Max,20,1.513404648179027,Bayesian Ridge
0_Median,21,1.1095110900230254,Bayesian Ridge
0_Mean,22,0.9590595028681776,Bayesian Ridge
0_Zero crossing rate,23,0.7503977708976273,Bayesian Ridge
0_Interquartile range,24,0.5567606175998874,Bayesian Ridge
0_Wavelet absolute mean_27777777.78Hz,25,0.2237748720437397,Bayesian Ridge
0_Spectral variation,26,0.1874732345397899,Bayesian Ridge
0_Histogram mode,27,0.1623322049669528,Bayesian Ridge
0_Spectral entropy,28,0.1517484625555937,Bayesian Ridge
0_Negative turning points,29,0.13394096327426,Bayesian Ridge
0_Entropy,30,0.086666023268373,Bayesian Ridge
0_LPCC_0,31,0.0636048654648478,Bayesian Ridge
0_Wavelet entropy,32,0.0452804638004262,Bayesian Ridge
0_LPCC_1,33,0.0403421754621222,Bayesian Ridge
0_Neighbourhood peaks,34,0.0250577019458293,Bayesian Ridge
0_Wavelet energy_125000000.0Hz,35,0.0165301846945544,Bayesian Ridge
0_Mean diff,36,0.0146125948386741,Bayesian Ridge
0_Slope,37,0.0100153614074369,Bayesian Ridge
0_LPCC_6,38,0.0053060033997842,Bayesian Ridge
0_LPCC_5,39,0.003801203080679,Bayesian Ridge
0_Wavelet absolute mean_125000000.0Hz,40,0.0022067932127056,Bayesian Ridge
0_Median absolute diff,41,0.0002952116527247,Bayesian Ridge
0_Median diff,42,0.0002307805812801,Bayesian Ridge
0_Peak to peak distance,1,29.754075189325697,XGBoost
0_Spectral entropy,2,20.00391379164488,XGBoost
0_Autocorrelation,3,12.938916530826813,XGBoost
0_Interquartile range,4,4.975081158685856,XGBoost
0_Spectral variation,5,3.173668784785178,XGBoost
0_Absolute energy,6,2.5836216786087345,XGBoost
0_Entropy,7,2.092226241260984,XGBoost
0_Mean diff,8,1.79990845082188,XGBoost
0_Histogram mode,9,1.2484481568344246,XGBoost
0_Wavelet absolute mean_125000000.0Hz,10,1.1700163426871102,XGBoost
0_Max,11,1.1205606252732998,XGBoost
0_Slope,12,0.9078082375813896,XGBoost
0_Fundamental frequency,13,0.8995685846363503,XGBoost
0_Wavelet energy_125000000.0Hz,14,0.8762408420146753,XGBoost
0_MFCC_9,15,0.8575691080394201,XGBoost
0_MFCC_11,16,0.70629392606616,XGBoost
0_LPCC_1,17,0.6982517696579922,XGBoost
0_LPCC_0,18,0.4770546691906016,XGBoost
0_MFCC_5,19,0.4581065293369192,XGBoost
0_MFCC_0,20,0.4455864103572752,XGBoost
0_Wavelet entropy,21,0.4312194638391493,XGBoost
0_MFCC_10,22,0.4010716627653689,XGBoost
0_ECDF Percentile_0,23,0.3437835818421095,XGBoost
0_Spectral decrease,24,0.3388348287242153,XGBoost
0_Negative turning points,25,0.31465197988227,XGBoost
0_LPCC_6,26,0.2979403069506708,XGBoost
0_ECDF Percentile_1,27,0.292941911819453,XGBoost
0_Spectral positive turning points,28,0.2907211987884096,XGBoost
0_Wavelet absolute mean_27777777.78Hz,29,0.2697171860698301,XGBoost
0_Median frequency,30,0.2458572358409563,XGBoost
0_LPCC_5,31,0.2184792789919923,XGBoost
0_Median absolute diff,32,0.1799864076780775,XGBoost
0_Mean,33,0.177007844777157,XGBoost
0_MFCC_8,34,0.1752906447417414,XGBoost
0_MFCC_4,35,0.1685991630714386,XGBoost
0_Maximum frequency,36,0.099617530243347,XGBoost
0_Median diff,37,0.0980867318245271,XGBoost
0_Median,38,0.0697876252283031,XGBoost
0_Neighbourhood peaks,39,0.0482339075694481,XGBoost
0_Zero crossing rate,40,0.0021028863082329,XGBoost
0_Power bandwidth,41,0.0,XGBoost
0_Spectral roll-on,42,0.0,XGBoost
0_Interquartile range,1,11.35799877665194,SVR
0_Spectral entropy,2,10.432033427966491,SVR
0_Peak to peak distance,3,10.025890289485606,SVR
0_Wavelet absolute mean_27777777.78Hz,4,9.278035037152785,SVR
0_LPCC_0,5,8.402761537633586,SVR
0_Spectral variation,6,7.937901393897882,SVR
0_ECDF Percentile_0,7,7.845610774169613,SVR
0_Spectral decrease,8,7.74718986076264,SVR
0_Median,9,7.425723439755021,SVR
0_Mean diff,10,7.327781240057589,SVR
0_Absolute energy,11,5.308446124952943,SVR
0_Slope,12,4.68745191924341,SVR
0_Wavelet absolute mean_125000000.0Hz,13,4.360925251563151,SVR
0_Max,14,4.142215781229601,SVR
0_MFCC_11,15,3.424517126297542,SVR
0_MFCC_5,16,3.3708286569784267,SVR
0_Autocorrelation,17,1.6642922581414623,SVR
0_Wavelet energy_125000000.0Hz,18,0.9189389033775652,SVR
0_Wavelet entropy,19,0.6034953912950379,SVR
0_Mean,20,0.531064572835035,SVR
0_MFCC_9,21,0.4215544354966251,SVR
0_MFCC_4,22,0.3303727694175547,SVR
0_Median diff,23,0.190466416976456,SVR
0_Maximum frequency,24,0.1213098449824843,SVR
0_MFCC_0,25,0.0997896920694393,SVR
0_Fundamental frequency,26,0.0933549286318714,SVR
0_LPCC_5,27,0.067994290360228,SVR
0_MFCC_8,28,0.047470199765979,SVR
0_ECDF Percentile_1,29,0.0,SVR
0_Entropy,30,0.0,SVR
0_LPCC_1,31,0.0,SVR
0_Histogram mode,32,0.0,SVR
0_MFCC_10,33,0.0,SVR
0_LPCC_6,34,0.0,SVR
0_Median absolute diff,35,0.0,SVR
0_Median frequency,36,0.0,SVR
0_Negative turning points,37,0.0,SVR
0_Neighbourhood peaks,38,0.0,SVR
0_Power bandwidth,39,0.0,SVR
0_Spectral roll-on,40,0.0,SVR
0_Spectral positive turning points,41,0.0,SVR
0_Zero crossing rate,42,0.0,SVR
0_Peak to peak distance,1,15.87063351536581,Random Forest
0_Spectral entropy,2,8.434214229595126,Random Forest
0_Absolute energy,3,7.066799485682712,Random Forest
0_Autocorrelation,4,6.418832461106046,Random Forest
0_Spectral variation,5,5.671850728831667,Random Forest
0_Entropy,6,5.086677437372793,Random Forest
0_Interquartile range,7,4.799156745625615,Random Forest
0_Wavelet energy_125000000.0Hz,8,2.832069225026978,Random Forest
0_ECDF Percentile_0,9,2.593885640159746,Random Forest
0_Histogram mode,10,2.124441941131846,Random Forest
0_Wavelet absolute mean_125000000.0Hz,11,1.8606464517141224,Random Forest
0_MFCC_11,12,1.6298503783971074,Random Forest
0_Wavelet absolute mean_27777777.78Hz,13,1.3171900990446253,Random Forest
0_LPCC_0,14,1.224178236632662,Random Forest
0_Slope,15,1.2105682947978382,Random Forest
0_Fundamental frequency,16,1.1140350229712206,Random Forest
0_Mean diff,17,1.0463815569900217,Random Forest
0_Wavelet entropy,18,0.8028937522067028,Random Forest
0_MFCC_0,19,0.7776127846240223,Random Forest
0_ECDF Percentile_1,20,0.7649690425863219,Random Forest
0_MFCC_8,21,0.7046037744093766,Random Forest
0_MFCC_9,22,0.6671973674394968,Random Forest
0_MFCC_5,23,0.6576786619629514,Random Forest
0_Median frequency,24,0.6048669551811492,Random Forest
0_MFCC_10,25,0.449712341274709,Random Forest
0_Maximum frequency,26,0.4401694036800259,Random Forest
0_Max,27,0.3372011051733354,Random Forest
0_Mean,28,0.2993521021974584,Random Forest
0_LPCC_5,29,0.2754782508096618,Random Forest
0_Spectral decrease,30,0.271287727043444,Random Forest
0_LPCC_1,31,0.2658718312058753,Random Forest
0_Median,32,0.2464454819833317,Random Forest
0_Zero crossing rate,33,0.2235796222258746,Random Forest
0_LPCC_6,34,0.2032953539406765,Random Forest
0_MFCC_4,35,0.1786599600867368,Random Forest
0_Median absolute diff,36,0.0766376530691981,Random Forest
0_Spectral positive turning points,37,0.0758279688905769,Random Forest
0_Power bandwidth,38,0.047783767544416,Random Forest
0_Negative turning points,39,0.0316272344031681,Random Forest
0_Spectral roll-on,40,0.0247806289508317,Random Forest
0_Neighbourhood peaks,41,0.002363455489433,Random Forest
0_Median diff,42,0.0,Random Forest
0_Maximum frequency,1,19040721.57161521,Bayesian Ridge
0_Median frequency,2,4512022.170908398,Bayesian Ridge
0_Fundamental frequency,3,3290406.935153806,Bayesian Ridge
0_Power bandwidth,4,1463471.7093549855,Bayesian Ridge
0_Spectral roll-on,5,1067715.6662466663,Bayesian Ridge
0_MFCC_4,6,1364.6219508414797,Bayesian Ridge
0_MFCC_9,7,1333.7656764400936,Bayesian Ridge
0_MFCC_5,8,1222.107552492459,Bayesian Ridge
0_MFCC_11,9,1162.0984166437934,Bayesian Ridge
0_MFCC_8,10,475.9169113229535,Bayesian Ridge
0_MFCC_10,11,458.18066817530587,Bayesian Ridge
0_MFCC_0,12,179.16908555898624,Bayesian Ridge
0_Absolute energy,13,40.56657831313762,Bayesian Ridge
0_Peak to peak distance,14,7.730405559421336,Bayesian Ridge
0_Autocorrelation,15,6.525468380056698,Bayesian Ridge
0_Spectral decrease,16,4.924293108037427,Bayesian Ridge
0_Spectral positive turning points,17,3.703272335463105,Bayesian Ridge
0_ECDF Percentile_0,18,2.7994921761314897,Bayesian Ridge
0_ECDF Percentile_1,19,2.6950719110684207,Bayesian Ridge
0_Max,20,2.3552805270483064,Bayesian Ridge
0_Mean,21,1.4182937842313683,Bayesian Ridge
0_Zero crossing rate,22,1.2158387755177391,Bayesian Ridge
0_Median,23,0.7836079513794467,Bayesian Ridge
0_Interquartile range,24,0.362233164159874,Bayesian Ridge
0_Negative turning points,25,0.2348650940490369,Bayesian Ridge
0_Spectral variation,26,0.1942834292547337,Bayesian Ridge
0_Spectral entropy,27,0.1893118140793543,Bayesian Ridge
0_Wavelet absolute mean_27777777.78Hz,28,0.1727471262219064,Bayesian Ridge
0_LPCC_1,29,0.1344487403344879,Bayesian Ridge
0_Histogram mode,30,0.1267975223019271,Bayesian Ridge
0_Entropy,31,0.0988671734733798,Bayesian Ridge
0_Neighbourhood peaks,32,0.0624078424373929,Bayesian Ridge
0_Wavelet energy_125000000.0Hz,33,0.0534022637019407,Bayesian Ridge
0_LPCC_5,34,0.0364868475681384,Bayesian Ridge
0_Wavelet entropy,35,0.0337671983115122,Bayesian Ridge
0_LPCC_6,36,0.032995789471153,Bayesian Ridge
0_LPCC_0,37,0.022916771546959,Bayesian Ridge
0_Wavelet absolute mean_125000000.0Hz,38,0.0121120021427651,Bayesian Ridge
0_Slope,39,0.0094061797671081,Bayesian Ridge
0_Mean diff,40,0.0093398539446654,Bayesian Ridge
0_Median absolute diff,41,0.0018040615509231,Bayesian Ridge
0_Median diff,42,0.0003805187233098,Bayesian Ridge
0_Peak to peak distance,1,36.860539141383725,XGBoost
0_Spectral entropy,2,20.3512957109078,XGBoost
0_Autocorrelation,3,13.6073077522038,XGBoost
0_Interquartile range,4,4.646954991649995,XGBoost
0_Histogram mode,5,2.2966361344191397,XGBoost
0_Spectral variation,6,1.721736586152646,XGBoost
0_ECDF Percentile_0,7,0.8869740580505204,XGBoost
0_Fundamental frequency,8,0.7854959266323265,XGBoost
0_Absolute energy,9,0.675308798872269,XGBoost
0_Entropy,10,0.6371334389928551,XGBoost
0_Slope,11,0.6323157809063354,XGBoost
0_Mean diff,12,0.6244534148212421,XGBoost
0_MFCC_0,13,0.5916235812347567,XGBoost
0_LPCC_0,14,0.4337982135008419,XGBoost
0_MFCC_10,15,0.4208704676078724,XGBoost
0_MFCC_8,16,0.3933956057024551,XGBoost
0_MFCC_5,17,0.3283970524309619,XGBoost
0_Maximum frequency,18,0.3221619779685163,XGBoost
0_Wavelet entropy,19,0.3043061462259229,XGBoost
0_Median,20,0.3037285944665657,XGBoost
0_MFCC_11,21,0.2777747632167632,XGBoost
0_Wavelet energy_125000000.0Hz,22,0.2730259291252645,XGBoost
0_Max,23,0.2604490672643577,XGBoost
0_LPCC_6,24,0.2463997687697489,XGBoost
0_Wavelet absolute mean_27777777.78Hz,25,0.2399889951389641,XGBoost
0_MFCC_9,26,0.2120589686890054,XGBoost
0_Spectral positive turning points,27,0.2112979657583421,XGBoost
0_Wavelet absolute mean_125000000.0Hz,28,0.1914738170545174,XGBoost
0_LPCC_1,29,0.1775265699829037,XGBoost
0_LPCC_5,30,0.1505847027675239,XGBoost
0_ECDF Percentile_1,31,0.1327535006636172,XGBoost
0_MFCC_4,32,0.1275710193788195,XGBoost
0_Neighbourhood peaks,33,0.0937816867045029,XGBoost
0_Mean,34,0.07808915067582,XGBoost
0_Negative turning points,35,0.0482929821428474,XGBoost
0_Median frequency,36,0.0365461891525269,XGBoost
0_Spectral decrease,37,0.0286803588090542,XGBoost
0_Zero crossing rate,38,0.0235113897261908,XGBoost
0_Median diff,39,0.01797583920847,XGBoost
0_Median absolute diff,40,0.0043168135689105,XGBoost
0_Power bandwidth,41,5.3796032257378095e-05,XGBoost
0_Spectral roll-on,42,0.0,XGBoost
0_LPCC_0,1,12.151086948289372,SVR
0_Wavelet absolute mean_27777777.78Hz,2,10.325382316461829,SVR
0_Spectral decrease,3,9.825181710626962,SVR
0_ECDF Percentile_0,4,9.477676200022401,SVR
0_Median,5,9.306263893272252,SVR
0_Spectral variation,6,8.333552411951896,SVR
0_Peak to peak distance,7,8.150837750574539,SVR
0_Spectral entropy,8,7.821297223224403,SVR
0_Absolute energy,9,7.683320607221214,SVR
0_Interquartile range,10,7.423995594291485,SVR
0_Mean diff,11,7.097153997266393,SVR
0_Max,12,3.7189101234184787,SVR
0_Wavelet absolute mean_125000000.0Hz,13,3.5642734806146783,SVR
0_MFCC_11,14,3.4825511339587147,SVR
0_Autocorrelation,15,2.948292687796643,SVR
0_Slope,16,2.2760451718654946,SVR
0_Mean,17,1.6495618783791672,SVR
0_MFCC_5,18,1.588031491772603,SVR
0_MFCC_4,19,0.5493529817542288,SVR
0_MFCC_9,20,0.4921506874538009,SVR
0_Wavelet entropy,21,0.46626678065671684,SVR
0_Maximum frequency,22,0.20694243712921784,SVR
0_MFCC_10,23,0.11087309082488232,SVR
0_MFCC_0,24,0.07334942190817584,SVR
0_ECDF Percentile_1,25,0.02187856159198434,SVR
0_MFCC_8,26,0.01973357685533756,SVR
0_LPCC_1,27,0.0,SVR
0_Histogram mode,28,0.0,SVR
0_Entropy,29,0.0,SVR
0_Fundamental frequency,30,0.0,SVR
0_Median diff,31,0.0,SVR
0_Median absolute diff,32,0.0,SVR
0_LPCC_5,33,0.0,SVR
0_LPCC_6,34,0.0,SVR
0_Power bandwidth,35,0.0,SVR
0_Median frequency,36,0.0,SVR
0_Negative turning points,37,0.0,SVR
0_Neighbourhood peaks,38,0.0,SVR
0_Spectral positive turning points,39,0.0,SVR
0_Spectral roll-on,40,0.0,SVR
0_Wavelet energy_125000000.0Hz,41,0.0,SVR
0_Zero crossing rate,42,0.0,SVR
0_Peak to peak distance,1,13.992614926926878,Random Forest
0_Spectral entropy,2,7.593526817025251,Random Forest
0_Autocorrelation,3,7.230303802215694,Random Forest
0_Absolute energy,4,6.900877072841175,Random Forest
0_Spectral variation,5,5.3079677338028715,Random Forest
0_Entropy,6,4.146985150493077,Random Forest
0_Interquartile range,7,4.020470942139463,Random Forest
0_Wavelet energy_125000000.0Hz,8,3.517489730017054,Random Forest
0_ECDF Percentile_0,9,2.8774364925283953,Random Forest
0_Histogram mode,10,2.332631232499727,Random Forest
0_MFCC_11,11,2.2884868200715736,Random Forest
0_Wavelet absolute mean_125000000.0Hz,12,2.1888894609663323,Random Forest
0_Wavelet absolute mean_27777777.78Hz,13,1.1784002382354735,Random Forest
0_LPCC_0,14,1.1607854299616962,Random Forest
0_Slope,15,0.9632721013215834,Random Forest
0_Fundamental frequency,16,0.934402752055057,Random Forest
0_Wavelet entropy,17,0.8657442702508064,Random Forest
0_MFCC_9,18,0.8646915752952881,Random Forest
0_ECDF Percentile_1,19,0.7907717624325538,Random Forest
0_Mean diff,20,0.7544623687124111,Random Forest
0_MFCC_0,21,0.653272343524662,Random Forest
0_MFCC_8,22,0.5787776889952677,Random Forest
0_Median frequency,23,0.5389907576661869,Random Forest
0_MFCC_10,24,0.46394449953656497,Random Forest
0_Median,25,0.4366788006231733,Random Forest
0_MFCC_5,26,0.3839205936650978,Random Forest
0_Maximum frequency,27,0.3528297060819266,Random Forest
0_Spectral decrease,28,0.34141571463864134,Random Forest
0_LPCC_5,29,0.30564185547578776,Random Forest
0_Mean,30,0.2372059012180756,Random Forest
0_LPCC_1,31,0.22069211393778682,Random Forest
0_Max,32,0.20348768626281147,Random Forest
0_Zero crossing rate,33,0.1912177948978264,Random Forest
0_LPCC_6,34,0.17096152131224518,Random Forest
0_MFCC_4,35,0.1384530307001279,Random Forest
0_Spectral positive turning points,36,0.10588634579368714,Random Forest
0_Power bandwidth,37,0.0857086185692499,Random Forest
0_Negative turning points,38,0.051241517553649224,Random Forest
0_Median absolute diff,39,0.021967331155762083,Random Forest
0_Spectral roll-on,40,0.01734219406278183,Random Forest
0_Neighbourhood peaks,41,0.0010193739307733873,Random Forest
0_Median diff,42,0.0,Random Forest
0_Maximum frequency,1,95139786.16469547,Bayesian Ridge
0_Median frequency,2,3161716.478500706,Bayesian Ridge
0_Fundamental frequency,3,2595509.9129250115,Bayesian Ridge
0_Power bandwidth,4,2035542.60907485,Bayesian Ridge
0_Spectral roll-on,5,942041.8392643102,Bayesian Ridge
0_MFCC_4,6,1533.3240000078176,Bayesian Ridge
0_MFCC_11,7,1382.274126972999,Bayesian Ridge
0_MFCC_9,8,1334.5870075928744,Bayesian Ridge
0_MFCC_5,9,880.9116440537312,Bayesian Ridge
0_MFCC_8,10,353.4660380220741,Bayesian Ridge
0_MFCC_0,11,231.8378378745478,Bayesian Ridge
0_MFCC_10,12,226.4056715664201,Bayesian Ridge
0_Absolute energy,13,76.61953258707676,Bayesian Ridge
0_Autocorrelation,14,7.157346351524464,Bayesian Ridge
0_Spectral positive turning points,15,6.365611052106103,Bayesian Ridge
0_Peak to peak distance,16,5.896105594057821,Bayesian Ridge
0_Spectral decrease,17,4.828714051607648,Bayesian Ridge
0_ECDF Percentile_0,18,3.3432464188374253,Bayesian Ridge
0_Mean,19,2.057040536676682,Bayesian Ridge
0_Max,20,1.933005498424771,Bayesian Ridge
0_ECDF Percentile_1,21,1.8392212194499682,Bayesian Ridge
0_Zero crossing rate,22,1.6262137387184037,Bayesian Ridge
0_Median,23,1.034410038581402,Bayesian Ridge
0_Interquartile range,24,0.45935797238370657,Bayesian Ridge
0_Negative turning points,25,0.37462084561585246,Bayesian Ridge
0_Spectral variation,26,0.34194340531272865,Bayesian Ridge
0_Wavelet absolute mean_27777777.78Hz,27,0.23541159612883983,Bayesian Ridge
0_Histogram mode,28,0.15504339864950262,Bayesian Ridge
0_Spectral entropy,29,0.12662352169563815,Bayesian Ridge
0_Entropy,30,0.10269365220369782,Bayesian Ridge
0_LPCC_1,31,0.08352469354951414,Bayesian Ridge
0_Wavelet energy_125000000.0Hz,32,0.05196070926841278,Bayesian Ridge
0_Wavelet entropy,33,0.044073148447529006,Bayesian Ridge
0_LPCC_0,34,0.027308984789780364,Bayesian Ridge
0_Mean diff,35,0.016225285615370365,Bayesian Ridge
0_LPCC_6,36,0.009750758932015094,Bayesian Ridge
0_Slope,37,0.009223921694246911,Bayesian Ridge
0_Wavelet absolute mean_125000000.0Hz,38,0.0075887045356221585,Bayesian Ridge
0_LPCC_5,39,0.006058540472781212,Bayesian Ridge
0_Neighbourhood peaks,40,0.004244656533762489,Bayesian Ridge
0_Median absolute diff,41,0.0006690084359410791,Bayesian Ridge
0_Median diff,42,0.0,Bayesian Ridge
0_Peak to peak distance,1,29.960486633258,XGBoost
0_Spectral entropy,2,15.257057581178778,XGBoost
0_Autocorrelation,3,12.521715332142513,XGBoost
0_Spectral variation,4,4.050967379238952,XGBoost
0_Interquartile range,5,3.755603714354025,XGBoost
0_Absolute energy,6,3.597217067836721,XGBoost
0_Entropy,7,2.420760671199642,XGBoost
0_Histogram mode,8,1.304190903619584,XGBoost
0_Mean diff,9,1.2628618797792748,XGBoost
0_Fundamental frequency,10,1.096975896468262,XGBoost
0_Max,11,1.0300288154190402,XGBoost
0_Wavelet absolute mean_125000000.0Hz,12,0.9292690849938736,XGBoost
0_MFCC_5,13,0.8257235511253277,XGBoost
0_Wavelet energy_125000000.0Hz,14,0.7813179906819016,XGBoost
0_Slope,15,0.7523414251367561,XGBoost
0_MFCC_9,16,0.6606220396492006,XGBoost
0_ECDF Percentile_1,17,0.6420471715899804,XGBoost
0_Wavelet entropy,18,0.5848121303544689,XGBoost
0_MFCC_0,19,0.549330511849746,XGBoost
0_LPCC_0,20,0.5371955132545904,XGBoost
0_MFCC_10,21,0.47662585630404425,XGBoost
0_Spectral positive turning points,22,0.43344055551964167,XGBoost
0_ECDF Percentile_0,23,0.3711643410889742,XGBoost
0_MFCC_8,24,0.3395320472138624,XGBoost
0_MFCC_11,25,0.31619994229463216,XGBoost
0_Maximum frequency,26,0.3100852170419567,XGBoost
0_Median,27,0.3047697157345557,XGBoost
0_Wavelet absolute mean_27777777.78Hz,28,0.29051263812966643,XGBoost
0_LPCC_6,29,0.2859287956633916,XGBoost
0_LPCC_1,30,0.28032543898609785,XGBoost
0_Spectral decrease,31,0.250113897305727,XGBoost
0_MFCC_4,32,0.24491237221943835,XGBoost
0_LPCC_5,33,0.20687758786572769,XGBoost
0_Negative turning points,34,0.20357698629709578,XGBoost
0_Mean,35,0.1041027573224157,XGBoost
0_Median absolute diff,36,0.10332867943147823,XGBoost
0_Neighbourhood peaks,37,0.056080806416894,XGBoost
0_Median frequency,38,0.003001857101420559,XGBoost
0_Zero crossing rate,39,0.0018143536691864344,XGBoost
0_Median diff,40,0.0,XGBoost
0_Power bandwidth,41,0.0,XGBoost
0_Spectral roll-on,42,0.0,XGBoost
